path,label
/kaggle/input/brats20-data/BraTS20/data/volume_256_slice_96.npz,0
/kaggle/input/brats20-data/BraTS20/data/volume_80_slice_103.npz,0
/kaggle/input/brats20-data/BraTS20/data/volume_346_slice_112.npz,0
/kaggle/input/brats20-data/BraTS20/data/volume_354_slice_81.npz,0
/kaggle/input/brats20-data/BraTS20/data/volume_71_slice_112.npz,0
/kaggle/input/brats20-data/BraTS20/data/volume_225_slice_107.npz,0
/kaggle/input/brats20-data/BraTS20/data/volume_101_slice_105.npz,0
/kaggle/input/brats20-data/BraTS20/data/volume_324_slice_97.npz,0
/kaggle/input/brats20-data/BraTS20/data/volume_210_slice_124.npz,0
/kaggle/input/brats20-data/BraTS20/data/volume_235_slice_91.npz,0
/kaggle/input/brats20-data/BraTS20/data/volume_31_slice_128.npz,0
/kaggle/input/brats20-data/BraTS20/data/volume_74_slice_97.npz,0
/kaggle/input/brats20-data/BraTS20/data/volume_265_slice_95.npz,0
/kaggle/input/brats20-data/BraTS20/data/volume_201_slice_110.npz,0
/kaggle/input/brats20-data/BraTS20/data/volume_92_slice_98.npz,0
/kaggle/input/brats20-data/BraTS20/data/volume_102_slice_91.npz,0
/kaggle/input/brats20-data/BraTS20/data/volume_58_slice_92.npz,0
/kaggle/input/brats20-data/BraTS20/data/volume_241_slice_86.npz,0
/kaggle/input/brats20-data/BraTS20/data/volume_58_slice_83.npz,0
/kaggle/input/brats20-data/BraTS20/data/volume_110_slice_93.npz,0
/kaggle/input/brats20-data/BraTS20/data/volume_214_slice_115.npz,0
/kaggle/input/brats20-data/BraTS20/data/volume_352_slice_117.npz,0
/kaggle/input/brats20-data/BraTS20/data/volume_71_slice_101.npz,0
/kaggle/input/brats20-data/BraTS20/data/volume_182_slice_118.npz,0
/kaggle/input/brats20-data/BraTS20/data/volume_268_slice_88.npz,0
/kaggle/input/brats20-data/BraTS20/data/volume_111_slice_94.npz,0
/kaggle/input/brats20-data/BraTS20/data/volume_44_slice_124.npz,0
/kaggle/input/brats20-data/BraTS20/data/volume_3_slice_85.npz,0
/kaggle/input/brats20-data/BraTS20/data/volume_261_slice_94.npz,0
/kaggle/input/brats20-data/BraTS20/data/volume_69_slice_108.npz,0
/kaggle/input/brats20-data/BraTS20/data/volume_264_slice_96.npz,0
/kaggle/input/brats20-data/BraTS20/data/volume_311_slice_111.npz,0
/kaggle/input/brats20-data/BraTS20/data/volume_360_slice_103.npz,0
/kaggle/input/brats20-data/BraTS20/data/volume_268_slice_124.npz,0
/kaggle/input/brats20-data/BraTS20/data/volume_3_slice_102.npz,0
/kaggle/input/brats20-data/BraTS20/data/volume_152_slice_120.npz,0
/kaggle/input/brats20-data/BraTS20/data/volume_293_slice_120.npz,0
/kaggle/input/brats20-data/BraTS20/data/volume_294_slice_121.npz,0
/kaggle/input/brats20-data/BraTS20/data/volume_208_slice_101.npz,0
/kaggle/input/brats20-data/BraTS20/data/volume_228_slice_111.npz,0
/kaggle/input/brats20-data/BraTS20/data/volume_281_slice_88.npz,0
/kaggle/input/brats20-data/BraTS20/data/volume_322_slice_89.npz,0
/kaggle/input/brats20-data/BraTS20/data/volume_29_slice_98.npz,0
/kaggle/input/brats20-data/BraTS20/data/volume_301_slice_96.npz,0
/kaggle/input/brats20-data/BraTS20/data/volume_209_slice_84.npz,0
/kaggle/input/brats20-data/BraTS20/data/volume_305_slice_105.npz,0
/kaggle/input/brats20-data/BraTS20/data/volume_238_slice_120.npz,0
/kaggle/input/brats20-data/BraTS20/data/volume_123_slice_101.npz,0
/kaggle/input/brats20-data/BraTS20/data/volume_110_slice_124.npz,0
/kaggle/input/brats20-data/BraTS20/data/volume_348_slice_97.npz,0
/kaggle/input/brats20-data/BraTS20/data/volume_110_slice_127.npz,0
/kaggle/input/brats20-data/BraTS20/data/volume_248_slice_107.npz,0
/kaggle/input/brats20-data/BraTS20/data/volume_5_slice_89.npz,0
/kaggle/input/brats20-data/BraTS20/data/volume_177_slice_90.npz,0
/kaggle/input/brats20-data/BraTS20/data/volume_147_slice_93.npz,0
/kaggle/input/brats20-data/BraTS20/data/volume_73_slice_87.npz,0
/kaggle/input/brats20-data/BraTS20/data/volume_215_slice_124.npz,0
/kaggle/input/brats20-data/BraTS20/data/volume_118_slice_85.npz,0
/kaggle/input/brats20-data/BraTS20/data/volume_59_slice_126.npz,0
/kaggle/input/brats20-data/BraTS20/data/volume_349_slice_117.npz,0
/kaggle/input/brats20-data/BraTS20/data/volume_32_slice_102.npz,0
/kaggle/input/brats20-data/BraTS20/data/volume_249_slice_103.npz,0
/kaggle/input/brats20-data/BraTS20/data/volume_152_slice_117.npz,0
/kaggle/input/brats20-data/BraTS20/data/volume_260_slice_128.npz,0
/kaggle/input/brats20-data/BraTS20/data/volume_238_slice_94.npz,0
/kaggle/input/brats20-data/BraTS20/data/volume_217_slice_87.npz,0
/kaggle/input/brats20-data/BraTS20/data/volume_359_slice_100.npz,0
/kaggle/input/brats20-data/BraTS20/data/volume_198_slice_125.npz,0
/kaggle/input/brats20-data/BraTS20/data/volume_303_slice_127.npz,0
/kaggle/input/brats20-data/BraTS20/data/volume_283_slice_91.npz,0
/kaggle/input/brats20-data/BraTS20/data/volume_153_slice_113.npz,0
/kaggle/input/brats20-data/BraTS20/data/volume_15_slice_104.npz,0
/kaggle/input/brats20-data/BraTS20/data/volume_175_slice_103.npz,0
/kaggle/input/brats20-data/BraTS20/data/volume_220_slice_88.npz,0
/kaggle/input/brats20-data/BraTS20/data/volume_230_slice_88.npz,0
/kaggle/input/brats20-data/BraTS20/data/volume_104_slice_105.npz,0
/kaggle/input/brats20-data/BraTS20/data/volume_55_slice_96.npz,0
/kaggle/input/brats20-data/BraTS20/data/volume_62_slice_104.npz,0
/kaggle/input/brats20-data/BraTS20/data/volume_294_slice_123.npz,0
/kaggle/input/brats20-data/BraTS20/data/volume_15_slice_94.npz,0
/kaggle/input/brats20-data/BraTS20/data/volume_184_slice_128.npz,0
/kaggle/input/brats20-data/BraTS20/data/volume_298_slice_119.npz,0
/kaggle/input/brats20-data/BraTS20/data/volume_290_slice_104.npz,0
/kaggle/input/brats20-data/BraTS20/data/volume_217_slice_102.npz,0
/kaggle/input/brats20-data/BraTS20/data/volume_104_slice_103.npz,0
/kaggle/input/brats20-data/BraTS20/data/volume_17_slice_92.npz,0
/kaggle/input/brats20-data/BraTS20/data/volume_241_slice_127.npz,0
/kaggle/input/brats20-data/BraTS20/data/volume_330_slice_85.npz,0
/kaggle/input/brats20-data/BraTS20/data/volume_335_slice_85.npz,0
/kaggle/input/brats20-data/BraTS20/data/volume_210_slice_110.npz,0
/kaggle/input/brats20-data/BraTS20/data/volume_227_slice_104.npz,0
/kaggle/input/brats20-data/BraTS20/data/volume_218_slice_93.npz,0
/kaggle/input/brats20-data/BraTS20/data/volume_171_slice_90.npz,0
/kaggle/input/brats20-data/BraTS20/data/volume_366_slice_91.npz,0
/kaggle/input/brats20-data/BraTS20/data/volume_367_slice_115.npz,0
/kaggle/input/brats20-data/BraTS20/data/volume_139_slice_88.npz,0
/kaggle/input/brats20-data/BraTS20/data/volume_77_slice_120.npz,0
/kaggle/input/brats20-data/BraTS20/data/volume_294_slice_122.npz,0
/kaggle/input/brats20-data/BraTS20/data/volume_147_slice_112.npz,0
/kaggle/input/brats20-data/BraTS20/data/volume_165_slice_82.npz,0
/kaggle/input/brats20-data/BraTS20/data/volume_271_slice_89.npz,0
/kaggle/input/brats20-data/BraTS20/data/volume_252_slice_103.npz,0
/kaggle/input/brats20-data/BraTS20/data/volume_175_slice_123.npz,0
/kaggle/input/brats20-data/BraTS20/data/volume_128_slice_90.npz,0
/kaggle/input/brats20-data/BraTS20/data/volume_59_slice_127.npz,0
/kaggle/input/brats20-data/BraTS20/data/volume_302_slice_110.npz,0
/kaggle/input/brats20-data/BraTS20/data/volume_141_slice_92.npz,0
/kaggle/input/brats20-data/BraTS20/data/volume_9_slice_107.npz,0
/kaggle/input/brats20-data/BraTS20/data/volume_180_slice_112.npz,0
/kaggle/input/brats20-data/BraTS20/data/volume_239_slice_124.npz,0
/kaggle/input/brats20-data/BraTS20/data/volume_143_slice_95.npz,0
/kaggle/input/brats20-data/BraTS20/data/volume_232_slice_113.npz,0
/kaggle/input/brats20-data/BraTS20/data/volume_30_slice_86.npz,0
/kaggle/input/brats20-data/BraTS20/data/volume_92_slice_92.npz,0
/kaggle/input/brats20-data/BraTS20/data/volume_39_slice_95.npz,0
/kaggle/input/brats20-data/BraTS20/data/volume_126_slice_120.npz,0
/kaggle/input/brats20-data/BraTS20/data/volume_46_slice_103.npz,0
/kaggle/input/brats20-data/BraTS20/data/volume_225_slice_85.npz,0
/kaggle/input/brats20-data/BraTS20/data/volume_123_slice_80.npz,0
/kaggle/input/brats20-data/BraTS20/data/volume_322_slice_93.npz,0
/kaggle/input/brats20-data/BraTS20/data/volume_96_slice_108.npz,0
/kaggle/input/brats20-data/BraTS20/data/volume_227_slice_106.npz,0
/kaggle/input/brats20-data/BraTS20/data/volume_266_slice_81.npz,0
/kaggle/input/brats20-data/BraTS20/data/volume_349_slice_88.npz,0
/kaggle/input/brats20-data/BraTS20/data/volume_291_slice_107.npz,0
/kaggle/input/brats20-data/BraTS20/data/volume_280_slice_117.npz,0
/kaggle/input/brats20-data/BraTS20/data/volume_339_slice_122.npz,0
/kaggle/input/brats20-data/BraTS20/data/volume_225_slice_128.npz,0
/kaggle/input/brats20-data/BraTS20/data/volume_24_slice_127.npz,0
/kaggle/input/brats20-data/BraTS20/data/volume_206_slice_125.npz,0
/kaggle/input/brats20-data/BraTS20/data/volume_105_slice_87.npz,0
/kaggle/input/brats20-data/BraTS20/data/volume_233_slice_105.npz,0
/kaggle/input/brats20-data/BraTS20/data/volume_50_slice_98.npz,0
/kaggle/input/brats20-data/BraTS20/data/volume_269_slice_88.npz,0
/kaggle/input/brats20-data/BraTS20/data/volume_220_slice_103.npz,0
/kaggle/input/brats20-data/BraTS20/data/volume_280_slice_91.npz,0
/kaggle/input/brats20-data/BraTS20/data/volume_292_slice_126.npz,0
/kaggle/input/brats20-data/BraTS20/data/volume_213_slice_119.npz,0
/kaggle/input/brats20-data/BraTS20/data/volume_283_slice_88.npz,0
/kaggle/input/brats20-data/BraTS20/data/volume_123_slice_109.npz,0
/kaggle/input/brats20-data/BraTS20/data/volume_118_slice_107.npz,0
/kaggle/input/brats20-data/BraTS20/data/volume_98_slice_122.npz,0
/kaggle/input/brats20-data/BraTS20/data/volume_259_slice_104.npz,0
/kaggle/input/brats20-data/BraTS20/data/volume_353_slice_93.npz,0
/kaggle/input/brats20-data/BraTS20/data/volume_198_slice_117.npz,0
/kaggle/input/brats20-data/BraTS20/data/volume_57_slice_127.npz,0
/kaggle/input/brats20-data/BraTS20/data/volume_348_slice_92.npz,0
/kaggle/input/brats20-data/BraTS20/data/volume_362_slice_101.npz,0
/kaggle/input/brats20-data/BraTS20/data/volume_150_slice_117.npz,0
/kaggle/input/brats20-data/BraTS20/data/volume_308_slice_87.npz,0
/kaggle/input/brats20-data/BraTS20/data/volume_332_slice_106.npz,0
/kaggle/input/brats20-data/BraTS20/data/volume_79_slice_80.npz,0
/kaggle/input/brats20-data/BraTS20/data/volume_259_slice_87.npz,0
/kaggle/input/brats20-data/BraTS20/data/volume_260_slice_102.npz,0
/kaggle/input/brats20-data/BraTS20/data/volume_206_slice_107.npz,0
/kaggle/input/brats20-data/BraTS20/data/volume_345_slice_92.npz,0
/kaggle/input/brats20-data/BraTS20/data/volume_220_slice_123.npz,0
/kaggle/input/brats20-data/BraTS20/data/volume_26_slice_97.npz,0
/kaggle/input/brats20-data/BraTS20/data/volume_245_slice_90.npz,0
/kaggle/input/brats20-data/BraTS20/data/volume_93_slice_81.npz,0
/kaggle/input/brats20-data/BraTS20/data/volume_159_slice_86.npz,0
/kaggle/input/brats20-data/BraTS20/data/volume_205_slice_103.npz,0
/kaggle/input/brats20-data/BraTS20/data/volume_356_slice_98.npz,0
/kaggle/input/brats20-data/BraTS20/data/volume_8_slice_114.npz,0
/kaggle/input/brats20-data/BraTS20/data/volume_326_slice_110.npz,0
/kaggle/input/brats20-data/BraTS20/data/volume_335_slice_126.npz,0
/kaggle/input/brats20-data/BraTS20/data/volume_8_slice_94.npz,0
/kaggle/input/brats20-data/BraTS20/data/volume_164_slice_80.npz,0
/kaggle/input/brats20-data/BraTS20/data/volume_105_slice_97.npz,0
/kaggle/input/brats20-data/BraTS20/data/volume_209_slice_123.npz,0
/kaggle/input/brats20-data/BraTS20/data/volume_137_slice_120.npz,0
/kaggle/input/brats20-data/BraTS20/data/volume_259_slice_112.npz,0
/kaggle/input/brats20-data/BraTS20/data/volume_110_slice_94.npz,0
/kaggle/input/brats20-data/BraTS20/data/volume_162_slice_121.npz,0
/kaggle/input/brats20-data/BraTS20/data/volume_303_slice_121.npz,0
/kaggle/input/brats20-data/BraTS20/data/volume_117_slice_80.npz,0
/kaggle/input/brats20-data/BraTS20/data/volume_350_slice_90.npz,0
/kaggle/input/brats20-data/BraTS20/data/volume_162_slice_105.npz,0
/kaggle/input/brats20-data/BraTS20/data/volume_227_slice_127.npz,0
/kaggle/input/brats20-data/BraTS20/data/volume_327_slice_89.npz,0
/kaggle/input/brats20-data/BraTS20/data/volume_260_slice_89.npz,0
/kaggle/input/brats20-data/BraTS20/data/volume_281_slice_97.npz,0
/kaggle/input/brats20-data/BraTS20/data/volume_121_slice_90.npz,0
/kaggle/input/brats20-data/BraTS20/data/volume_171_slice_87.npz,0
/kaggle/input/brats20-data/BraTS20/data/volume_31_slice_92.npz,0
/kaggle/input/brats20-data/BraTS20/data/volume_103_slice_116.npz,0
/kaggle/input/brats20-data/BraTS20/data/volume_6_slice_82.npz,0
/kaggle/input/brats20-data/BraTS20/data/volume_96_slice_100.npz,0
/kaggle/input/brats20-data/BraTS20/data/volume_285_slice_108.npz,0
/kaggle/input/brats20-data/BraTS20/data/volume_22_slice_128.npz,0
/kaggle/input/brats20-data/BraTS20/data/volume_1_slice_118.npz,0
/kaggle/input/brats20-data/BraTS20/data/volume_310_slice_125.npz,0
/kaggle/input/brats20-data/BraTS20/data/volume_174_slice_98.npz,0
/kaggle/input/brats20-data/BraTS20/data/volume_309_slice_102.npz,0
/kaggle/input/brats20-data/BraTS20/data/volume_235_slice_104.npz,0
/kaggle/input/brats20-data/BraTS20/data/volume_251_slice_80.npz,0
/kaggle/input/brats20-data/BraTS20/data/volume_287_slice_89.npz,0
/kaggle/input/brats20-data/BraTS20/data/volume_60_slice_92.npz,0
/kaggle/input/brats20-data/BraTS20/data/volume_237_slice_127.npz,0
/kaggle/input/brats20-data/BraTS20/data/volume_320_slice_92.npz,0
/kaggle/input/brats20-data/BraTS20/data/volume_232_slice_88.npz,0
/kaggle/input/brats20-data/BraTS20/data/volume_261_slice_116.npz,0
/kaggle/input/brats20-data/BraTS20/data/volume_19_slice_103.npz,0
/kaggle/input/brats20-data/BraTS20/data/volume_211_slice_105.npz,0
/kaggle/input/brats20-data/BraTS20/data/volume_79_slice_102.npz,0
/kaggle/input/brats20-data/BraTS20/data/volume_135_slice_119.npz,0
/kaggle/input/brats20-data/BraTS20/data/volume_231_slice_113.npz,0
/kaggle/input/brats20-data/BraTS20/data/volume_251_slice_92.npz,0
/kaggle/input/brats20-data/BraTS20/data/volume_326_slice_112.npz,0
/kaggle/input/brats20-data/BraTS20/data/volume_9_slice_95.npz,0
/kaggle/input/brats20-data/BraTS20/data/volume_60_slice_124.npz,0
/kaggle/input/brats20-data/BraTS20/data/volume_304_slice_96.npz,0
/kaggle/input/brats20-data/BraTS20/data/volume_355_slice_98.npz,0
/kaggle/input/brats20-data/BraTS20/data/volume_322_slice_126.npz,0
/kaggle/input/brats20-data/BraTS20/data/volume_55_slice_123.npz,0
/kaggle/input/brats20-data/BraTS20/data/volume_17_slice_112.npz,0
/kaggle/input/brats20-data/BraTS20/data/volume_108_slice_86.npz,0
/kaggle/input/brats20-data/BraTS20/data/volume_243_slice_111.npz,0
/kaggle/input/brats20-data/BraTS20/data/volume_280_slice_105.npz,0
/kaggle/input/brats20-data/BraTS20/data/volume_289_slice_114.npz,0
/kaggle/input/brats20-data/BraTS20/data/volume_248_slice_94.npz,0
/kaggle/input/brats20-data/BraTS20/data/volume_24_slice_96.npz,0
/kaggle/input/brats20-data/BraTS20/data/volume_136_slice_95.npz,0
/kaggle/input/brats20-data/BraTS20/data/volume_156_slice_89.npz,0
/kaggle/input/brats20-data/BraTS20/data/volume_316_slice_95.npz,0
/kaggle/input/brats20-data/BraTS20/data/volume_9_slice_100.npz,0
/kaggle/input/brats20-data/BraTS20/data/volume_28_slice_103.npz,0
/kaggle/input/brats20-data/BraTS20/data/volume_211_slice_113.npz,0
/kaggle/input/brats20-data/BraTS20/data/volume_17_slice_122.npz,0
/kaggle/input/brats20-data/BraTS20/data/volume_73_slice_127.npz,0
/kaggle/input/brats20-data/BraTS20/data/volume_68_slice_101.npz,0
/kaggle/input/brats20-data/BraTS20/data/volume_3_slice_92.npz,0
/kaggle/input/brats20-data/BraTS20/data/volume_31_slice_118.npz,0
/kaggle/input/brats20-data/BraTS20/data/volume_112_slice_114.npz,0
/kaggle/input/brats20-data/BraTS20/data/volume_177_slice_106.npz,0
/kaggle/input/brats20-data/BraTS20/data/volume_72_slice_116.npz,0
/kaggle/input/brats20-data/BraTS20/data/volume_109_slice_123.npz,0
/kaggle/input/brats20-data/BraTS20/data/volume_59_slice_104.npz,0
/kaggle/input/brats20-data/BraTS20/data/volume_211_slice_94.npz,0
/kaggle/input/brats20-data/BraTS20/data/volume_158_slice_119.npz,0
/kaggle/input/brats20-data/BraTS20/data/volume_147_slice_91.npz,0
/kaggle/input/brats20-data/BraTS20/data/volume_56_slice_100.npz,0
/kaggle/input/brats20-data/BraTS20/data/volume_33_slice_125.npz,0
/kaggle/input/brats20-data/BraTS20/data/volume_121_slice_93.npz,0
/kaggle/input/brats20-data/BraTS20/data/volume_266_slice_88.npz,0
/kaggle/input/brats20-data/BraTS20/data/volume_132_slice_97.npz,0
/kaggle/input/brats20-data/BraTS20/data/volume_214_slice_81.npz,0
/kaggle/input/brats20-data/BraTS20/data/volume_53_slice_119.npz,0
/kaggle/input/brats20-data/BraTS20/data/volume_362_slice_120.npz,0
/kaggle/input/brats20-data/BraTS20/data/volume_292_slice_105.npz,0
/kaggle/input/brats20-data/BraTS20/data/volume_89_slice_93.npz,0
/kaggle/input/brats20-data/BraTS20/data/volume_218_slice_89.npz,0
/kaggle/input/brats20-data/BraTS20/data/volume_336_slice_103.npz,0
/kaggle/input/brats20-data/BraTS20/data/volume_301_slice_98.npz,0
/kaggle/input/brats20-data/BraTS20/data/volume_276_slice_101.npz,0
/kaggle/input/brats20-data/BraTS20/data/volume_310_slice_124.npz,0
/kaggle/input/brats20-data/BraTS20/data/volume_242_slice_121.npz,0
/kaggle/input/brats20-data/BraTS20/data/volume_323_slice_107.npz,0
/kaggle/input/brats20-data/BraTS20/data/volume_242_slice_101.npz,0
/kaggle/input/brats20-data/BraTS20/data/volume_198_slice_92.npz,0
/kaggle/input/brats20-data/BraTS20/data/volume_22_slice_106.npz,0
/kaggle/input/brats20-data/BraTS20/data/volume_357_slice_116.npz,0
/kaggle/input/brats20-data/BraTS20/data/volume_90_slice_118.npz,0
/kaggle/input/brats20-data/BraTS20/data/volume_136_slice_106.npz,0
/kaggle/input/brats20-data/BraTS20/data/volume_232_slice_92.npz,0
/kaggle/input/brats20-data/BraTS20/data/volume_171_slice_86.npz,0
/kaggle/input/brats20-data/BraTS20/data/volume_23_slice_84.npz,0
/kaggle/input/brats20-data/BraTS20/data/volume_252_slice_84.npz,0
/kaggle/input/brats20-data/BraTS20/data/volume_117_slice_91.npz,0
/kaggle/input/brats20-data/BraTS20/data/volume_88_slice_107.npz,0
/kaggle/input/brats20-data/BraTS20/data/volume_251_slice_103.npz,0
/kaggle/input/brats20-data/BraTS20/data/volume_121_slice_91.npz,0
/kaggle/input/brats20-data/BraTS20/data/volume_181_slice_82.npz,0
/kaggle/input/brats20-data/BraTS20/data/volume_368_slice_126.npz,0
/kaggle/input/brats20-data/BraTS20/data/volume_162_slice_115.npz,0
/kaggle/input/brats20-data/BraTS20/data/volume_336_slice_102.npz,0
/kaggle/input/brats20-data/BraTS20/data/volume_30_slice_90.npz,0
/kaggle/input/brats20-data/BraTS20/data/volume_59_slice_99.npz,0
/kaggle/input/brats20-data/BraTS20/data/volume_14_slice_111.npz,0
/kaggle/input/brats20-data/BraTS20/data/volume_127_slice_111.npz,0
/kaggle/input/brats20-data/BraTS20/data/volume_56_slice_118.npz,0
/kaggle/input/brats20-data/BraTS20/data/volume_65_slice_115.npz,0
/kaggle/input/brats20-data/BraTS20/data/volume_206_slice_114.npz,0
/kaggle/input/brats20-data/BraTS20/data/volume_348_slice_101.npz,0
/kaggle/input/brats20-data/BraTS20/data/volume_55_slice_112.npz,0
/kaggle/input/brats20-data/BraTS20/data/volume_200_slice_127.npz,0
/kaggle/input/brats20-data/BraTS20/data/volume_271_slice_111.npz,0
/kaggle/input/brats20-data/BraTS20/data/volume_69_slice_106.npz,0
/kaggle/input/brats20-data/BraTS20/data/volume_8_slice_84.npz,0
/kaggle/input/brats20-data/BraTS20/data/volume_41_slice_93.npz,0
/kaggle/input/brats20-data/BraTS20/data/volume_144_slice_120.npz,0
/kaggle/input/brats20-data/BraTS20/data/volume_147_slice_90.npz,0
/kaggle/input/brats20-data/BraTS20/data/volume_306_slice_96.npz,0
/kaggle/input/brats20-data/BraTS20/data/volume_205_slice_126.npz,0
/kaggle/input/brats20-data/BraTS20/data/volume_304_slice_89.npz,0
/kaggle/input/brats20-data/BraTS20/data/volume_87_slice_108.npz,0
/kaggle/input/brats20-data/BraTS20/data/volume_252_slice_117.npz,0
/kaggle/input/brats20-data/BraTS20/data/volume_241_slice_100.npz,0
/kaggle/input/brats20-data/BraTS20/data/volume_213_slice_110.npz,0
/kaggle/input/brats20-data/BraTS20/data/volume_268_slice_118.npz,0
/kaggle/input/brats20-data/BraTS20/data/volume_352_slice_125.npz,0
/kaggle/input/brats20-data/BraTS20/data/volume_56_slice_85.npz,0
/kaggle/input/brats20-data/BraTS20/data/volume_321_slice_109.npz,0
/kaggle/input/brats20-data/BraTS20/data/volume_114_slice_116.npz,0
/kaggle/input/brats20-data/BraTS20/data/volume_141_slice_106.npz,0
/kaggle/input/brats20-data/BraTS20/data/volume_122_slice_95.npz,0
/kaggle/input/brats20-data/BraTS20/data/volume_154_slice_121.npz,0
/kaggle/input/brats20-data/BraTS20/data/volume_87_slice_119.npz,0
/kaggle/input/brats20-data/BraTS20/data/volume_287_slice_101.npz,0
/kaggle/input/brats20-data/BraTS20/data/volume_130_slice_120.npz,0
/kaggle/input/brats20-data/BraTS20/data/volume_147_slice_127.npz,0
/kaggle/input/brats20-data/BraTS20/data/volume_3_slice_105.npz,0
/kaggle/input/brats20-data/BraTS20/data/volume_114_slice_101.npz,0
/kaggle/input/brats20-data/BraTS20/data/volume_233_slice_99.npz,0
/kaggle/input/brats20-data/BraTS20/data/volume_50_slice_125.npz,0
/kaggle/input/brats20-data/BraTS20/data/volume_181_slice_100.npz,0
/kaggle/input/brats20-data/BraTS20/data/volume_31_slice_117.npz,0
/kaggle/input/brats20-data/BraTS20/data/volume_267_slice_113.npz,0
/kaggle/input/brats20-data/BraTS20/data/volume_283_slice_123.npz,0
/kaggle/input/brats20-data/BraTS20/data/volume_147_slice_114.npz,0
/kaggle/input/brats20-data/BraTS20/data/volume_72_slice_105.npz,0
/kaggle/input/brats20-data/BraTS20/data/volume_146_slice_121.npz,0
/kaggle/input/brats20-data/BraTS20/data/volume_156_slice_100.npz,0
/kaggle/input/brats20-data/BraTS20/data/volume_323_slice_92.npz,0
/kaggle/input/brats20-data/BraTS20/data/volume_333_slice_127.npz,0
/kaggle/input/brats20-data/BraTS20/data/volume_197_slice_104.npz,0
/kaggle/input/brats20-data/BraTS20/data/volume_17_slice_93.npz,0
/kaggle/input/brats20-data/BraTS20/data/volume_132_slice_88.npz,0
/kaggle/input/brats20-data/BraTS20/data/volume_307_slice_111.npz,0
/kaggle/input/brats20-data/BraTS20/data/volume_327_slice_83.npz,0
/kaggle/input/brats20-data/BraTS20/data/volume_110_slice_95.npz,0
/kaggle/input/brats20-data/BraTS20/data/volume_20_slice_111.npz,0
/kaggle/input/brats20-data/BraTS20/data/volume_320_slice_94.npz,0
/kaggle/input/brats20-data/BraTS20/data/volume_205_slice_119.npz,0
/kaggle/input/brats20-data/BraTS20/data/volume_318_slice_124.npz,0
/kaggle/input/brats20-data/BraTS20/data/volume_92_slice_125.npz,0
/kaggle/input/brats20-data/BraTS20/data/volume_350_slice_114.npz,0
/kaggle/input/brats20-data/BraTS20/data/volume_77_slice_112.npz,0
/kaggle/input/brats20-data/BraTS20/data/volume_142_slice_89.npz,0
/kaggle/input/brats20-data/BraTS20/data/volume_72_slice_94.npz,0
/kaggle/input/brats20-data/BraTS20/data/volume_94_slice_97.npz,0
/kaggle/input/brats20-data/BraTS20/data/volume_164_slice_98.npz,0
/kaggle/input/brats20-data/BraTS20/data/volume_244_slice_111.npz,0
/kaggle/input/brats20-data/BraTS20/data/volume_152_slice_97.npz,0
/kaggle/input/brats20-data/BraTS20/data/volume_70_slice_82.npz,0
/kaggle/input/brats20-data/BraTS20/data/volume_271_slice_84.npz,0
/kaggle/input/brats20-data/BraTS20/data/volume_155_slice_126.npz,0
/kaggle/input/brats20-data/BraTS20/data/volume_228_slice_81.npz,0
/kaggle/input/brats20-data/BraTS20/data/volume_316_slice_125.npz,0
/kaggle/input/brats20-data/BraTS20/data/volume_169_slice_119.npz,0
/kaggle/input/brats20-data/BraTS20/data/volume_314_slice_118.npz,0
/kaggle/input/brats20-data/BraTS20/data/volume_139_slice_101.npz,0
/kaggle/input/brats20-data/BraTS20/data/volume_283_slice_89.npz,0
/kaggle/input/brats20-data/BraTS20/data/volume_89_slice_110.npz,0
/kaggle/input/brats20-data/BraTS20/data/volume_42_slice_124.npz,0
/kaggle/input/brats20-data/BraTS20/data/volume_49_slice_83.npz,0
/kaggle/input/brats20-data/BraTS20/data/volume_45_slice_96.npz,0
/kaggle/input/brats20-data/BraTS20/data/volume_85_slice_89.npz,0
/kaggle/input/brats20-data/BraTS20/data/volume_349_slice_95.npz,0
/kaggle/input/brats20-data/BraTS20/data/volume_298_slice_106.npz,0
/kaggle/input/brats20-data/BraTS20/data/volume_260_slice_104.npz,0
/kaggle/input/brats20-data/BraTS20/data/volume_329_slice_101.npz,0
/kaggle/input/brats20-data/BraTS20/data/volume_141_slice_98.npz,0
/kaggle/input/brats20-data/BraTS20/data/volume_367_slice_120.npz,0
/kaggle/input/brats20-data/BraTS20/data/volume_292_slice_98.npz,0
/kaggle/input/brats20-data/BraTS20/data/volume_153_slice_82.npz,0
/kaggle/input/brats20-data/BraTS20/data/volume_198_slice_101.npz,0
/kaggle/input/brats20-data/BraTS20/data/volume_228_slice_116.npz,0
/kaggle/input/brats20-data/BraTS20/data/volume_262_slice_125.npz,0
/kaggle/input/brats20-data/BraTS20/data/volume_214_slice_89.npz,0
/kaggle/input/brats20-data/BraTS20/data/volume_310_slice_89.npz,0
/kaggle/input/brats20-data/BraTS20/data/volume_52_slice_120.npz,0
/kaggle/input/brats20-data/BraTS20/data/volume_206_slice_97.npz,0
/kaggle/input/brats20-data/BraTS20/data/volume_108_slice_82.npz,0
/kaggle/input/brats20-data/BraTS20/data/volume_309_slice_123.npz,0
/kaggle/input/brats20-data/BraTS20/data/volume_171_slice_111.npz,0
/kaggle/input/brats20-data/BraTS20/data/volume_212_slice_122.npz,0
/kaggle/input/brats20-data/BraTS20/data/volume_152_slice_106.npz,0
/kaggle/input/brats20-data/BraTS20/data/volume_153_slice_115.npz,0
/kaggle/input/brats20-data/BraTS20/data/volume_205_slice_110.npz,0
/kaggle/input/brats20-data/BraTS20/data/volume_84_slice_105.npz,0
/kaggle/input/brats20-data/BraTS20/data/volume_362_slice_109.npz,0
/kaggle/input/brats20-data/BraTS20/data/volume_175_slice_110.npz,0
/kaggle/input/brats20-data/BraTS20/data/volume_164_slice_100.npz,0
/kaggle/input/brats20-data/BraTS20/data/volume_290_slice_123.npz,0
/kaggle/input/brats20-data/BraTS20/data/volume_111_slice_108.npz,0
/kaggle/input/brats20-data/BraTS20/data/volume_87_slice_81.npz,0
/kaggle/input/brats20-data/BraTS20/data/volume_325_slice_127.npz,0
/kaggle/input/brats20-data/BraTS20/data/volume_147_slice_98.npz,0
/kaggle/input/brats20-data/BraTS20/data/volume_143_slice_123.npz,0
/kaggle/input/brats20-data/BraTS20/data/volume_194_slice_81.npz,0
/kaggle/input/brats20-data/BraTS20/data/volume_174_slice_92.npz,0
/kaggle/input/brats20-data/BraTS20/data/volume_310_slice_122.npz,0
/kaggle/input/brats20-data/BraTS20/data/volume_65_slice_123.npz,0
/kaggle/input/brats20-data/BraTS20/data/volume_209_slice_121.npz,0
/kaggle/input/brats20-data/BraTS20/data/volume_324_slice_82.npz,0
/kaggle/input/brats20-data/BraTS20/data/volume_295_slice_111.npz,0
/kaggle/input/brats20-data/BraTS20/data/volume_282_slice_110.npz,0
/kaggle/input/brats20-data/BraTS20/data/volume_303_slice_85.npz,0
/kaggle/input/brats20-data/BraTS20/data/volume_341_slice_112.npz,0
/kaggle/input/brats20-data/BraTS20/data/volume_126_slice_117.npz,0
/kaggle/input/brats20-data/BraTS20/data/volume_179_slice_128.npz,0
/kaggle/input/brats20-data/BraTS20/data/volume_182_slice_125.npz,0
/kaggle/input/brats20-data/BraTS20/data/volume_282_slice_80.npz,0
/kaggle/input/brats20-data/BraTS20/data/volume_85_slice_127.npz,0
/kaggle/input/brats20-data/BraTS20/data/volume_77_slice_122.npz,0
/kaggle/input/brats20-data/BraTS20/data/volume_154_slice_100.npz,0
/kaggle/input/brats20-data/BraTS20/data/volume_127_slice_82.npz,0
/kaggle/input/brats20-data/BraTS20/data/volume_280_slice_87.npz,0
/kaggle/input/brats20-data/BraTS20/data/volume_320_slice_86.npz,0
/kaggle/input/brats20-data/BraTS20/data/volume_301_slice_80.npz,0
/kaggle/input/brats20-data/BraTS20/data/volume_49_slice_100.npz,0
/kaggle/input/brats20-data/BraTS20/data/volume_81_slice_93.npz,0
/kaggle/input/brats20-data/BraTS20/data/volume_42_slice_98.npz,0
/kaggle/input/brats20-data/BraTS20/data/volume_89_slice_121.npz,0
/kaggle/input/brats20-data/BraTS20/data/volume_173_slice_98.npz,0
/kaggle/input/brats20-data/BraTS20/data/volume_329_slice_85.npz,0
/kaggle/input/brats20-data/BraTS20/data/volume_198_slice_80.npz,0
/kaggle/input/brats20-data/BraTS20/data/volume_40_slice_92.npz,0
/kaggle/input/brats20-data/BraTS20/data/volume_262_slice_116.npz,0
/kaggle/input/brats20-data/BraTS20/data/volume_249_slice_107.npz,0
/kaggle/input/brats20-data/BraTS20/data/volume_368_slice_110.npz,0
/kaggle/input/brats20-data/BraTS20/data/volume_63_slice_116.npz,0
/kaggle/input/brats20-data/BraTS20/data/volume_163_slice_101.npz,0
/kaggle/input/brats20-data/BraTS20/data/volume_242_slice_117.npz,0
/kaggle/input/brats20-data/BraTS20/data/volume_357_slice_107.npz,0
/kaggle/input/brats20-data/BraTS20/data/volume_301_slice_103.npz,0
/kaggle/input/brats20-data/BraTS20/data/volume_17_slice_101.npz,0
/kaggle/input/brats20-data/BraTS20/data/volume_196_slice_110.npz,0
/kaggle/input/brats20-data/BraTS20/data/volume_248_slice_93.npz,0
/kaggle/input/brats20-data/BraTS20/data/volume_235_slice_125.npz,0
/kaggle/input/brats20-data/BraTS20/data/volume_95_slice_87.npz,0
/kaggle/input/brats20-data/BraTS20/data/volume_312_slice_111.npz,0
/kaggle/input/brats20-data/BraTS20/data/volume_291_slice_108.npz,0
/kaggle/input/brats20-data/BraTS20/data/volume_349_slice_126.npz,0
/kaggle/input/brats20-data/BraTS20/data/volume_194_slice_128.npz,0
/kaggle/input/brats20-data/BraTS20/data/volume_146_slice_126.npz,0
/kaggle/input/brats20-data/BraTS20/data/volume_79_slice_113.npz,0
/kaggle/input/brats20-data/BraTS20/data/volume_300_slice_118.npz,0
/kaggle/input/brats20-data/BraTS20/data/volume_264_slice_123.npz,0
/kaggle/input/brats20-data/BraTS20/data/volume_146_slice_119.npz,0
/kaggle/input/brats20-data/BraTS20/data/volume_160_slice_114.npz,0
/kaggle/input/brats20-data/BraTS20/data/volume_301_slice_87.npz,0
/kaggle/input/brats20-data/BraTS20/data/volume_294_slice_111.npz,0
/kaggle/input/brats20-data/BraTS20/data/volume_2_slice_121.npz,0
/kaggle/input/brats20-data/BraTS20/data/volume_200_slice_82.npz,0
/kaggle/input/brats20-data/BraTS20/data/volume_251_slice_114.npz,0
/kaggle/input/brats20-data/BraTS20/data/volume_240_slice_109.npz,0
/kaggle/input/brats20-data/BraTS20/data/volume_292_slice_80.npz,0
/kaggle/input/brats20-data/BraTS20/data/volume_350_slice_111.npz,0
/kaggle/input/brats20-data/BraTS20/data/volume_326_slice_122.npz,0
/kaggle/input/brats20-data/BraTS20/data/volume_111_slice_97.npz,0
/kaggle/input/brats20-data/BraTS20/data/volume_1_slice_100.npz,0
/kaggle/input/brats20-data/BraTS20/data/volume_57_slice_80.npz,0
/kaggle/input/brats20-data/BraTS20/data/volume_264_slice_90.npz,0
/kaggle/input/brats20-data/BraTS20/data/volume_225_slice_92.npz,0
/kaggle/input/brats20-data/BraTS20/data/volume_20_slice_96.npz,0
/kaggle/input/brats20-data/BraTS20/data/volume_29_slice_82.npz,0
/kaggle/input/brats20-data/BraTS20/data/volume_174_slice_100.npz,0
/kaggle/input/brats20-data/BraTS20/data/volume_259_slice_81.npz,0
/kaggle/input/brats20-data/BraTS20/data/volume_300_slice_88.npz,0
/kaggle/input/brats20-data/BraTS20/data/volume_212_slice_123.npz,0
/kaggle/input/brats20-data/BraTS20/data/volume_243_slice_103.npz,0
/kaggle/input/brats20-data/BraTS20/data/volume_197_slice_114.npz,0
/kaggle/input/brats20-data/BraTS20/data/volume_314_slice_109.npz,0
/kaggle/input/brats20-data/BraTS20/data/volume_51_slice_84.npz,0
/kaggle/input/brats20-data/BraTS20/data/volume_201_slice_91.npz,0
/kaggle/input/brats20-data/BraTS20/data/volume_339_slice_123.npz,0
/kaggle/input/brats20-data/BraTS20/data/volume_302_slice_104.npz,0
/kaggle/input/brats20-data/BraTS20/data/volume_119_slice_90.npz,0
/kaggle/input/brats20-data/BraTS20/data/volume_31_slice_108.npz,0
/kaggle/input/brats20-data/BraTS20/data/volume_49_slice_111.npz,0
/kaggle/input/brats20-data/BraTS20/data/volume_108_slice_107.npz,0
/kaggle/input/brats20-data/BraTS20/data/volume_38_slice_82.npz,0
/kaggle/input/brats20-data/BraTS20/data/volume_281_slice_107.npz,0
/kaggle/input/brats20-data/BraTS20/data/volume_58_slice_97.npz,0
/kaggle/input/brats20-data/BraTS20/data/volume_352_slice_113.npz,0
/kaggle/input/brats20-data/BraTS20/data/volume_173_slice_106.npz,0
/kaggle/input/brats20-data/BraTS20/data/volume_105_slice_86.npz,0
/kaggle/input/brats20-data/BraTS20/data/volume_36_slice_104.npz,0
/kaggle/input/brats20-data/BraTS20/data/volume_22_slice_114.npz,0
/kaggle/input/brats20-data/BraTS20/data/volume_289_slice_80.npz,0
/kaggle/input/brats20-data/BraTS20/data/volume_283_slice_102.npz,0
/kaggle/input/brats20-data/BraTS20/data/volume_184_slice_123.npz,0
/kaggle/input/brats20-data/BraTS20/data/volume_189_slice_125.npz,0
/kaggle/input/brats20-data/BraTS20/data/volume_293_slice_84.npz,0
/kaggle/input/brats20-data/BraTS20/data/volume_299_slice_90.npz,0
/kaggle/input/brats20-data/BraTS20/data/volume_38_slice_96.npz,0
/kaggle/input/brats20-data/BraTS20/data/volume_130_slice_126.npz,0
/kaggle/input/brats20-data/BraTS20/data/volume_365_slice_121.npz,0
/kaggle/input/brats20-data/BraTS20/data/volume_291_slice_92.npz,0
/kaggle/input/brats20-data/BraTS20/data/volume_36_slice_118.npz,0
/kaggle/input/brats20-data/BraTS20/data/volume_63_slice_120.npz,0
/kaggle/input/brats20-data/BraTS20/data/volume_162_slice_98.npz,0
/kaggle/input/brats20-data/BraTS20/data/volume_346_slice_98.npz,0
/kaggle/input/brats20-data/BraTS20/data/volume_181_slice_119.npz,0
/kaggle/input/brats20-data/BraTS20/data/volume_171_slice_104.npz,0
/kaggle/input/brats20-data/BraTS20/data/volume_359_slice_98.npz,0
/kaggle/input/brats20-data/BraTS20/data/volume_219_slice_117.npz,0
/kaggle/input/brats20-data/BraTS20/data/volume_324_slice_98.npz,0
/kaggle/input/brats20-data/BraTS20/data/volume_194_slice_102.npz,0
/kaggle/input/brats20-data/BraTS20/data/volume_136_slice_122.npz,0
/kaggle/input/brats20-data/BraTS20/data/volume_142_slice_107.npz,0
/kaggle/input/brats20-data/BraTS20/data/volume_150_slice_106.npz,0
/kaggle/input/brats20-data/BraTS20/data/volume_189_slice_101.npz,0
/kaggle/input/brats20-data/BraTS20/data/volume_180_slice_88.npz,0
/kaggle/input/brats20-data/BraTS20/data/volume_177_slice_101.npz,0
/kaggle/input/brats20-data/BraTS20/data/volume_267_slice_126.npz,0
/kaggle/input/brats20-data/BraTS20/data/volume_200_slice_88.npz,0
/kaggle/input/brats20-data/BraTS20/data/volume_175_slice_85.npz,0
/kaggle/input/brats20-data/BraTS20/data/volume_353_slice_83.npz,0
/kaggle/input/brats20-data/BraTS20/data/volume_305_slice_106.npz,0
/kaggle/input/brats20-data/BraTS20/data/volume_2_slice_93.npz,0
/kaggle/input/brats20-data/BraTS20/data/volume_294_slice_80.npz,0
/kaggle/input/brats20-data/BraTS20/data/volume_132_slice_128.npz,0
/kaggle/input/brats20-data/BraTS20/data/volume_125_slice_122.npz,0
/kaggle/input/brats20-data/BraTS20/data/volume_231_slice_110.npz,0
/kaggle/input/brats20-data/BraTS20/data/volume_55_slice_92.npz,0
/kaggle/input/brats20-data/BraTS20/data/volume_302_slice_106.npz,0
/kaggle/input/brats20-data/BraTS20/data/volume_293_slice_124.npz,0
/kaggle/input/brats20-data/BraTS20/data/volume_310_slice_110.npz,0
/kaggle/input/brats20-data/BraTS20/data/volume_281_slice_93.npz,0
/kaggle/input/brats20-data/BraTS20/data/volume_31_slice_93.npz,0
/kaggle/input/brats20-data/BraTS20/data/volume_332_slice_92.npz,0
/kaggle/input/brats20-data/BraTS20/data/volume_143_slice_125.npz,0
/kaggle/input/brats20-data/BraTS20/data/volume_205_slice_83.npz,0
/kaggle/input/brats20-data/BraTS20/data/volume_249_slice_88.npz,0
/kaggle/input/brats20-data/BraTS20/data/volume_85_slice_101.npz,0
/kaggle/input/brats20-data/BraTS20/data/volume_336_slice_110.npz,0
/kaggle/input/brats20-data/BraTS20/data/volume_335_slice_90.npz,0
/kaggle/input/brats20-data/BraTS20/data/volume_288_slice_85.npz,0
/kaggle/input/brats20-data/BraTS20/data/volume_245_slice_124.npz,0
/kaggle/input/brats20-data/BraTS20/data/volume_345_slice_109.npz,0
/kaggle/input/brats20-data/BraTS20/data/volume_334_slice_96.npz,0
/kaggle/input/brats20-data/BraTS20/data/volume_303_slice_90.npz,0
/kaggle/input/brats20-data/BraTS20/data/volume_90_slice_86.npz,0
/kaggle/input/brats20-data/BraTS20/data/volume_107_slice_127.npz,0
/kaggle/input/brats20-data/BraTS20/data/volume_300_slice_83.npz,0
/kaggle/input/brats20-data/BraTS20/data/volume_306_slice_117.npz,0
/kaggle/input/brats20-data/BraTS20/data/volume_27_slice_84.npz,0
/kaggle/input/brats20-data/BraTS20/data/volume_244_slice_90.npz,0
/kaggle/input/brats20-data/BraTS20/data/volume_18_slice_128.npz,0
/kaggle/input/brats20-data/BraTS20/data/volume_147_slice_108.npz,0
/kaggle/input/brats20-data/BraTS20/data/volume_300_slice_109.npz,0
/kaggle/input/brats20-data/BraTS20/data/volume_308_slice_83.npz,0
/kaggle/input/brats20-data/BraTS20/data/volume_118_slice_121.npz,0
/kaggle/input/brats20-data/BraTS20/data/volume_141_slice_122.npz,0
/kaggle/input/brats20-data/BraTS20/data/volume_18_slice_118.npz,0
/kaggle/input/brats20-data/BraTS20/data/volume_241_slice_124.npz,0
/kaggle/input/brats20-data/BraTS20/data/volume_144_slice_82.npz,0
/kaggle/input/brats20-data/BraTS20/data/volume_265_slice_128.npz,0
/kaggle/input/brats20-data/BraTS20/data/volume_152_slice_83.npz,0
/kaggle/input/brats20-data/BraTS20/data/volume_109_slice_116.npz,0
/kaggle/input/brats20-data/BraTS20/data/volume_43_slice_120.npz,0
/kaggle/input/brats20-data/BraTS20/data/volume_98_slice_103.npz,0
/kaggle/input/brats20-data/BraTS20/data/volume_265_slice_99.npz,0
/kaggle/input/brats20-data/BraTS20/data/volume_102_slice_107.npz,0
/kaggle/input/brats20-data/BraTS20/data/volume_219_slice_125.npz,0
/kaggle/input/brats20-data/BraTS20/data/volume_22_slice_102.npz,0
/kaggle/input/brats20-data/BraTS20/data/volume_32_slice_96.npz,0
/kaggle/input/brats20-data/BraTS20/data/volume_298_slice_128.npz,0
/kaggle/input/brats20-data/BraTS20/data/volume_197_slice_101.npz,0
/kaggle/input/brats20-data/BraTS20/data/volume_49_slice_86.npz,0
/kaggle/input/brats20-data/BraTS20/data/volume_36_slice_92.npz,0
/kaggle/input/brats20-data/BraTS20/data/volume_211_slice_112.npz,0
/kaggle/input/brats20-data/BraTS20/data/volume_206_slice_127.npz,0
/kaggle/input/brats20-data/BraTS20/data/volume_105_slice_95.npz,0
/kaggle/input/brats20-data/BraTS20/data/volume_329_slice_87.npz,0
/kaggle/input/brats20-data/BraTS20/data/volume_253_slice_83.npz,0
/kaggle/input/brats20-data/BraTS20/data/volume_249_slice_116.npz,0
/kaggle/input/brats20-data/BraTS20/data/volume_192_slice_114.npz,0
/kaggle/input/brats20-data/BraTS20/data/volume_256_slice_112.npz,0
/kaggle/input/brats20-data/BraTS20/data/volume_100_slice_80.npz,0
/kaggle/input/brats20-data/BraTS20/data/volume_211_slice_84.npz,0
/kaggle/input/brats20-data/BraTS20/data/volume_26_slice_104.npz,0
/kaggle/input/brats20-data/BraTS20/data/volume_277_slice_108.npz,0
/kaggle/input/brats20-data/BraTS20/data/volume_67_slice_101.npz,0
/kaggle/input/brats20-data/BraTS20/data/volume_296_slice_111.npz,0
/kaggle/input/brats20-data/BraTS20/data/volume_310_slice_120.npz,0
/kaggle/input/brats20-data/BraTS20/data/volume_313_slice_88.npz,0
/kaggle/input/brats20-data/BraTS20/data/volume_20_slice_98.npz,0
/kaggle/input/brats20-data/BraTS20/data/volume_231_slice_99.npz,0
/kaggle/input/brats20-data/BraTS20/data/volume_58_slice_82.npz,0
/kaggle/input/brats20-data/BraTS20/data/volume_233_slice_95.npz,0
/kaggle/input/brats20-data/BraTS20/data/volume_352_slice_118.npz,0
/kaggle/input/brats20-data/BraTS20/data/volume_217_slice_89.npz,0
/kaggle/input/brats20-data/BraTS20/data/volume_167_slice_122.npz,0
/kaggle/input/brats20-data/BraTS20/data/volume_326_slice_93.npz,0
/kaggle/input/brats20-data/BraTS20/data/volume_355_slice_100.npz,0
/kaggle/input/brats20-data/BraTS20/data/volume_55_slice_91.npz,0
/kaggle/input/brats20-data/BraTS20/data/volume_57_slice_128.npz,0
/kaggle/input/brats20-data/BraTS20/data/volume_188_slice_114.npz,0
/kaggle/input/brats20-data/BraTS20/data/volume_26_slice_103.npz,0
/kaggle/input/brats20-data/BraTS20/data/volume_282_slice_123.npz,0
/kaggle/input/brats20-data/BraTS20/data/volume_174_slice_128.npz,0
/kaggle/input/brats20-data/BraTS20/data/volume_334_slice_88.npz,0
/kaggle/input/brats20-data/BraTS20/data/volume_1_slice_85.npz,0
/kaggle/input/brats20-data/BraTS20/data/volume_302_slice_92.npz,0
/kaggle/input/brats20-data/BraTS20/data/volume_68_slice_128.npz,0
/kaggle/input/brats20-data/BraTS20/data/volume_42_slice_88.npz,0
/kaggle/input/brats20-data/BraTS20/data/volume_215_slice_100.npz,0
/kaggle/input/brats20-data/BraTS20/data/volume_98_slice_107.npz,0
/kaggle/input/brats20-data/BraTS20/data/volume_48_slice_94.npz,0
/kaggle/input/brats20-data/BraTS20/data/volume_127_slice_123.npz,0
/kaggle/input/brats20-data/BraTS20/data/volume_51_slice_82.npz,0
/kaggle/input/brats20-data/BraTS20/data/volume_112_slice_125.npz,0
/kaggle/input/brats20-data/BraTS20/data/volume_181_slice_108.npz,0
/kaggle/input/brats20-data/BraTS20/data/volume_362_slice_89.npz,0
/kaggle/input/brats20-data/BraTS20/data/volume_334_slice_85.npz,0
/kaggle/input/brats20-data/BraTS20/data/volume_306_slice_81.npz,0
/kaggle/input/brats20-data/BraTS20/data/volume_244_slice_108.npz,0
/kaggle/input/brats20-data/BraTS20/data/volume_96_slice_93.npz,0
/kaggle/input/brats20-data/BraTS20/data/volume_326_slice_100.npz,0
/kaggle/input/brats20-data/BraTS20/data/volume_84_slice_111.npz,0
/kaggle/input/brats20-data/BraTS20/data/volume_158_slice_120.npz,0
/kaggle/input/brats20-data/BraTS20/data/volume_43_slice_122.npz,0
/kaggle/input/brats20-data/BraTS20/data/volume_147_slice_103.npz,0
/kaggle/input/brats20-data/BraTS20/data/volume_189_slice_100.npz,0
/kaggle/input/brats20-data/BraTS20/data/volume_314_slice_100.npz,0
/kaggle/input/brats20-data/BraTS20/data/volume_313_slice_118.npz,0
/kaggle/input/brats20-data/BraTS20/data/volume_36_slice_101.npz,0
/kaggle/input/brats20-data/BraTS20/data/volume_271_slice_81.npz,0
/kaggle/input/brats20-data/BraTS20/data/volume_17_slice_105.npz,0
/kaggle/input/brats20-data/BraTS20/data/volume_237_slice_96.npz,0
/kaggle/input/brats20-data/BraTS20/data/volume_60_slice_126.npz,0
/kaggle/input/brats20-data/BraTS20/data/volume_327_slice_117.npz,0
/kaggle/input/brats20-data/BraTS20/data/volume_177_slice_117.npz,0
/kaggle/input/brats20-data/BraTS20/data/volume_160_slice_105.npz,0
/kaggle/input/brats20-data/BraTS20/data/volume_244_slice_99.npz,0
/kaggle/input/brats20-data/BraTS20/data/volume_1_slice_101.npz,0
/kaggle/input/brats20-data/BraTS20/data/volume_350_slice_124.npz,0
/kaggle/input/brats20-data/BraTS20/data/volume_177_slice_91.npz,0
/kaggle/input/brats20-data/BraTS20/data/volume_9_slice_86.npz,0
/kaggle/input/brats20-data/BraTS20/data/volume_312_slice_113.npz,0
/kaggle/input/brats20-data/BraTS20/data/volume_90_slice_107.npz,0
/kaggle/input/brats20-data/BraTS20/data/volume_144_slice_112.npz,0
/kaggle/input/brats20-data/BraTS20/data/volume_45_slice_80.npz,0
/kaggle/input/brats20-data/BraTS20/data/volume_108_slice_95.npz,0
/kaggle/input/brats20-data/BraTS20/data/volume_51_slice_121.npz,0
/kaggle/input/brats20-data/BraTS20/data/volume_335_slice_88.npz,0
/kaggle/input/brats20-data/BraTS20/data/volume_127_slice_104.npz,0
/kaggle/input/brats20-data/BraTS20/data/volume_197_slice_111.npz,0
/kaggle/input/brats20-data/BraTS20/data/volume_24_slice_126.npz,0
/kaggle/input/brats20-data/BraTS20/data/volume_296_slice_86.npz,0
/kaggle/input/brats20-data/BraTS20/data/volume_283_slice_105.npz,0
/kaggle/input/brats20-data/BraTS20/data/volume_213_slice_89.npz,0
/kaggle/input/brats20-data/BraTS20/data/volume_81_slice_96.npz,0
/kaggle/input/brats20-data/BraTS20/data/volume_350_slice_125.npz,0
/kaggle/input/brats20-data/BraTS20/data/volume_295_slice_93.npz,0
/kaggle/input/brats20-data/BraTS20/data/volume_93_slice_83.npz,0
/kaggle/input/brats20-data/BraTS20/data/volume_248_slice_103.npz,0
/kaggle/input/brats20-data/BraTS20/data/volume_293_slice_105.npz,0
/kaggle/input/brats20-data/BraTS20/data/volume_181_slice_114.npz,0
/kaggle/input/brats20-data/BraTS20/data/volume_355_slice_103.npz,0
/kaggle/input/brats20-data/BraTS20/data/volume_345_slice_106.npz,0
/kaggle/input/brats20-data/BraTS20/data/volume_345_slice_104.npz,0
/kaggle/input/brats20-data/BraTS20/data/volume_141_slice_104.npz,0
/kaggle/input/brats20-data/BraTS20/data/volume_235_slice_126.npz,0
/kaggle/input/brats20-data/BraTS20/data/volume_38_slice_92.npz,0
/kaggle/input/brats20-data/BraTS20/data/volume_163_slice_124.npz,0
/kaggle/input/brats20-data/BraTS20/data/volume_298_slice_102.npz,0
/kaggle/input/brats20-data/BraTS20/data/volume_133_slice_111.npz,0
/kaggle/input/brats20-data/BraTS20/data/volume_283_slice_107.npz,0
/kaggle/input/brats20-data/BraTS20/data/volume_294_slice_91.npz,0
/kaggle/input/brats20-data/BraTS20/data/volume_357_slice_95.npz,0
/kaggle/input/brats20-data/BraTS20/data/volume_23_slice_113.npz,0
/kaggle/input/brats20-data/BraTS20/data/volume_127_slice_80.npz,0
/kaggle/input/brats20-data/BraTS20/data/volume_92_slice_83.npz,0
/kaggle/input/brats20-data/BraTS20/data/volume_73_slice_80.npz,0
/kaggle/input/brats20-data/BraTS20/data/volume_314_slice_103.npz,0
/kaggle/input/brats20-data/BraTS20/data/volume_133_slice_123.npz,0
/kaggle/input/brats20-data/BraTS20/data/volume_326_slice_127.npz,0
/kaggle/input/brats20-data/BraTS20/data/volume_67_slice_83.npz,0
/kaggle/input/brats20-data/BraTS20/data/volume_278_slice_101.npz,0
/kaggle/input/brats20-data/BraTS20/data/volume_323_slice_98.npz,0
/kaggle/input/brats20-data/BraTS20/data/volume_312_slice_123.npz,0
/kaggle/input/brats20-data/BraTS20/data/volume_64_slice_93.npz,0
/kaggle/input/brats20-data/BraTS20/data/volume_359_slice_109.npz,0
/kaggle/input/brats20-data/BraTS20/data/volume_132_slice_116.npz,0
/kaggle/input/brats20-data/BraTS20/data/volume_185_slice_126.npz,0
/kaggle/input/brats20-data/BraTS20/data/volume_93_slice_122.npz,0
/kaggle/input/brats20-data/BraTS20/data/volume_143_slice_104.npz,0
/kaggle/input/brats20-data/BraTS20/data/volume_349_slice_123.npz,0
/kaggle/input/brats20-data/BraTS20/data/volume_260_slice_98.npz,0
/kaggle/input/brats20-data/BraTS20/data/volume_94_slice_106.npz,0
/kaggle/input/brats20-data/BraTS20/data/volume_75_slice_88.npz,0
/kaggle/input/brats20-data/BraTS20/data/volume_63_slice_110.npz,0
/kaggle/input/brats20-data/BraTS20/data/volume_158_slice_104.npz,0
/kaggle/input/brats20-data/BraTS20/data/volume_341_slice_121.npz,0
/kaggle/input/brats20-data/BraTS20/data/volume_19_slice_124.npz,0
/kaggle/input/brats20-data/BraTS20/data/volume_169_slice_109.npz,0
/kaggle/input/brats20-data/BraTS20/data/volume_282_slice_128.npz,0
/kaggle/input/brats20-data/BraTS20/data/volume_294_slice_105.npz,0
/kaggle/input/brats20-data/BraTS20/data/volume_177_slice_114.npz,0
/kaggle/input/brats20-data/BraTS20/data/volume_282_slice_126.npz,0
/kaggle/input/brats20-data/BraTS20/data/volume_231_slice_108.npz,0
/kaggle/input/brats20-data/BraTS20/data/volume_18_slice_82.npz,0
/kaggle/input/brats20-data/BraTS20/data/volume_365_slice_103.npz,0
/kaggle/input/brats20-data/BraTS20/data/volume_219_slice_118.npz,0
/kaggle/input/brats20-data/BraTS20/data/volume_89_slice_120.npz,0
/kaggle/input/brats20-data/BraTS20/data/volume_252_slice_89.npz,0
/kaggle/input/brats20-data/BraTS20/data/volume_243_slice_86.npz,0
/kaggle/input/brats20-data/BraTS20/data/volume_104_slice_109.npz,0
/kaggle/input/brats20-data/BraTS20/data/volume_356_slice_117.npz,0
/kaggle/input/brats20-data/BraTS20/data/volume_285_slice_87.npz,0
/kaggle/input/brats20-data/BraTS20/data/volume_20_slice_86.npz,0
/kaggle/input/brats20-data/BraTS20/data/volume_175_slice_89.npz,0
/kaggle/input/brats20-data/BraTS20/data/volume_1_slice_96.npz,0
/kaggle/input/brats20-data/BraTS20/data/volume_126_slice_91.npz,0
/kaggle/input/brats20-data/BraTS20/data/volume_248_slice_121.npz,0
/kaggle/input/brats20-data/BraTS20/data/volume_121_slice_97.npz,0
/kaggle/input/brats20-data/BraTS20/data/volume_239_slice_117.npz,0
/kaggle/input/brats20-data/BraTS20/data/volume_205_slice_118.npz,0
/kaggle/input/brats20-data/BraTS20/data/volume_110_slice_126.npz,0
/kaggle/input/brats20-data/BraTS20/data/volume_85_slice_95.npz,0
/kaggle/input/brats20-data/BraTS20/data/volume_155_slice_113.npz,0
/kaggle/input/brats20-data/BraTS20/data/volume_250_slice_101.npz,0
/kaggle/input/brats20-data/BraTS20/data/volume_288_slice_125.npz,0
/kaggle/input/brats20-data/BraTS20/data/volume_346_slice_127.npz,0
/kaggle/input/brats20-data/BraTS20/data/volume_198_slice_81.npz,0
/kaggle/input/brats20-data/BraTS20/data/volume_92_slice_114.npz,0
/kaggle/input/brats20-data/BraTS20/data/volume_241_slice_98.npz,0
/kaggle/input/brats20-data/BraTS20/data/volume_14_slice_104.npz,0
/kaggle/input/brats20-data/BraTS20/data/volume_135_slice_92.npz,0
/kaggle/input/brats20-data/BraTS20/data/volume_84_slice_82.npz,0
/kaggle/input/brats20-data/BraTS20/data/volume_93_slice_127.npz,0
/kaggle/input/brats20-data/BraTS20/data/volume_115_slice_114.npz,0
/kaggle/input/brats20-data/BraTS20/data/volume_309_slice_113.npz,0
/kaggle/input/brats20-data/BraTS20/data/volume_167_slice_104.npz,0
/kaggle/input/brats20-data/BraTS20/data/volume_73_slice_102.npz,0
/kaggle/input/brats20-data/BraTS20/data/volume_10_slice_110.npz,0
/kaggle/input/brats20-data/BraTS20/data/volume_288_slice_123.npz,0
/kaggle/input/brats20-data/BraTS20/data/volume_69_slice_110.npz,0
/kaggle/input/brats20-data/BraTS20/data/volume_363_slice_82.npz,0
/kaggle/input/brats20-data/BraTS20/data/volume_251_slice_96.npz,0
/kaggle/input/brats20-data/BraTS20/data/volume_117_slice_88.npz,0
/kaggle/input/brats20-data/BraTS20/data/volume_209_slice_112.npz,0
/kaggle/input/brats20-data/BraTS20/data/volume_152_slice_103.npz,0
/kaggle/input/brats20-data/BraTS20/data/volume_320_slice_97.npz,0
/kaggle/input/brats20-data/BraTS20/data/volume_331_slice_100.npz,0
/kaggle/input/brats20-data/BraTS20/data/volume_65_slice_95.npz,0
/kaggle/input/brats20-data/BraTS20/data/volume_17_slice_81.npz,0
/kaggle/input/brats20-data/BraTS20/data/volume_6_slice_104.npz,0
/kaggle/input/brats20-data/BraTS20/data/volume_197_slice_100.npz,0
/kaggle/input/brats20-data/BraTS20/data/volume_146_slice_102.npz,0
/kaggle/input/brats20-data/BraTS20/data/volume_153_slice_126.npz,0
/kaggle/input/brats20-data/BraTS20/data/volume_280_slice_93.npz,0
/kaggle/input/brats20-data/BraTS20/data/volume_293_slice_117.npz,0
/kaggle/input/brats20-data/BraTS20/data/volume_265_slice_80.npz,0
/kaggle/input/brats20-data/BraTS20/data/volume_38_slice_122.npz,0
/kaggle/input/brats20-data/BraTS20/data/volume_96_slice_83.npz,0
/kaggle/input/brats20-data/BraTS20/data/volume_155_slice_96.npz,0
/kaggle/input/brats20-data/BraTS20/data/volume_141_slice_94.npz,0
/kaggle/input/brats20-data/BraTS20/data/volume_35_slice_125.npz,0
/kaggle/input/brats20-data/BraTS20/data/volume_312_slice_103.npz,0
/kaggle/input/brats20-data/BraTS20/data/volume_93_slice_126.npz,0
/kaggle/input/brats20-data/BraTS20/data/volume_220_slice_126.npz,0
/kaggle/input/brats20-data/BraTS20/data/volume_159_slice_88.npz,0
/kaggle/input/brats20-data/BraTS20/data/volume_62_slice_127.npz,0
/kaggle/input/brats20-data/BraTS20/data/volume_132_slice_123.npz,0
/kaggle/input/brats20-data/BraTS20/data/volume_185_slice_81.npz,0
/kaggle/input/brats20-data/BraTS20/data/volume_53_slice_84.npz,0
/kaggle/input/brats20-data/BraTS20/data/volume_88_slice_125.npz,0
/kaggle/input/brats20-data/BraTS20/data/volume_367_slice_88.npz,0
/kaggle/input/brats20-data/BraTS20/data/volume_71_slice_116.npz,0
/kaggle/input/brats20-data/BraTS20/data/volume_56_slice_108.npz,0
/kaggle/input/brats20-data/BraTS20/data/volume_217_slice_108.npz,0
/kaggle/input/brats20-data/BraTS20/data/volume_118_slice_113.npz,0
/kaggle/input/brats20-data/BraTS20/data/volume_213_slice_113.npz,0
/kaggle/input/brats20-data/BraTS20/data/volume_45_slice_119.npz,0
/kaggle/input/brats20-data/BraTS20/data/volume_80_slice_127.npz,0
/kaggle/input/brats20-data/BraTS20/data/volume_59_slice_112.npz,0
/kaggle/input/brats20-data/BraTS20/data/volume_333_slice_123.npz,0
/kaggle/input/brats20-data/BraTS20/data/volume_217_slice_86.npz,0
/kaggle/input/brats20-data/BraTS20/data/volume_233_slice_84.npz,0
/kaggle/input/brats20-data/BraTS20/data/volume_310_slice_113.npz,0
/kaggle/input/brats20-data/BraTS20/data/volume_89_slice_125.npz,0
/kaggle/input/brats20-data/BraTS20/data/volume_128_slice_91.npz,0
/kaggle/input/brats20-data/BraTS20/data/volume_132_slice_92.npz,0
/kaggle/input/brats20-data/BraTS20/data/volume_295_slice_116.npz,0
/kaggle/input/brats20-data/BraTS20/data/volume_228_slice_125.npz,0
/kaggle/input/brats20-data/BraTS20/data/volume_50_slice_84.npz,0
/kaggle/input/brats20-data/BraTS20/data/volume_46_slice_115.npz,0
/kaggle/input/brats20-data/BraTS20/data/volume_68_slice_117.npz,0
/kaggle/input/brats20-data/BraTS20/data/volume_63_slice_109.npz,0
/kaggle/input/brats20-data/BraTS20/data/volume_208_slice_96.npz,0
/kaggle/input/brats20-data/BraTS20/data/volume_52_slice_90.npz,0
/kaggle/input/brats20-data/BraTS20/data/volume_137_slice_96.npz,0
/kaggle/input/brats20-data/BraTS20/data/volume_59_slice_88.npz,0
/kaggle/input/brats20-data/BraTS20/data/volume_80_slice_107.npz,0
/kaggle/input/brats20-data/BraTS20/data/volume_185_slice_106.npz,0
/kaggle/input/brats20-data/BraTS20/data/volume_32_slice_113.npz,0
/kaggle/input/brats20-data/BraTS20/data/volume_307_slice_122.npz,0
/kaggle/input/brats20-data/BraTS20/data/volume_268_slice_82.npz,0
/kaggle/input/brats20-data/BraTS20/data/volume_159_slice_125.npz,0
/kaggle/input/brats20-data/BraTS20/data/volume_143_slice_119.npz,0
/kaggle/input/brats20-data/BraTS20/data/volume_52_slice_100.npz,0
/kaggle/input/brats20-data/BraTS20/data/volume_231_slice_87.npz,0
/kaggle/input/brats20-data/BraTS20/data/volume_153_slice_101.npz,0
/kaggle/input/brats20-data/BraTS20/data/volume_313_slice_103.npz,0
/kaggle/input/brats20-data/BraTS20/data/volume_335_slice_118.npz,0
/kaggle/input/brats20-data/BraTS20/data/volume_172_slice_87.npz,0
/kaggle/input/brats20-data/BraTS20/data/volume_325_slice_100.npz,0
/kaggle/input/brats20-data/BraTS20/data/volume_26_slice_114.npz,0
/kaggle/input/brats20-data/BraTS20/data/volume_250_slice_92.npz,0
/kaggle/input/brats20-data/BraTS20/data/volume_265_slice_106.npz,0
/kaggle/input/brats20-data/BraTS20/data/volume_333_slice_107.npz,0
/kaggle/input/brats20-data/BraTS20/data/volume_182_slice_106.npz,0
/kaggle/input/brats20-data/BraTS20/data/volume_84_slice_97.npz,0
/kaggle/input/brats20-data/BraTS20/data/volume_252_slice_127.npz,0
/kaggle/input/brats20-data/BraTS20/data/volume_132_slice_101.npz,0
/kaggle/input/brats20-data/BraTS20/data/volume_46_slice_81.npz,0
/kaggle/input/brats20-data/BraTS20/data/volume_359_slice_124.npz,0
/kaggle/input/brats20-data/BraTS20/data/volume_51_slice_105.npz,0
/kaggle/input/brats20-data/BraTS20/data/volume_98_slice_85.npz,0
/kaggle/input/brats20-data/BraTS20/data/volume_363_slice_89.npz,0
/kaggle/input/brats20-data/BraTS20/data/volume_325_slice_84.npz,0
/kaggle/input/brats20-data/BraTS20/data/volume_245_slice_104.npz,0
/kaggle/input/brats20-data/BraTS20/data/volume_210_slice_113.npz,0
/kaggle/input/brats20-data/BraTS20/data/volume_115_slice_82.npz,0
/kaggle/input/brats20-data/BraTS20/data/volume_253_slice_102.npz,0
/kaggle/input/brats20-data/BraTS20/data/volume_271_slice_113.npz,0
/kaggle/input/brats20-data/BraTS20/data/volume_123_slice_111.npz,0
/kaggle/input/brats20-data/BraTS20/data/volume_238_slice_122.npz,0
/kaggle/input/brats20-data/BraTS20/data/volume_276_slice_103.npz,0
/kaggle/input/brats20-data/BraTS20/data/volume_53_slice_88.npz,0
/kaggle/input/brats20-data/BraTS20/data/volume_357_slice_108.npz,0
/kaggle/input/brats20-data/BraTS20/data/volume_232_slice_80.npz,0
/kaggle/input/brats20-data/BraTS20/data/volume_306_slice_93.npz,0
/kaggle/input/brats20-data/BraTS20/data/volume_331_slice_104.npz,0
/kaggle/input/brats20-data/BraTS20/data/volume_23_slice_92.npz,0
/kaggle/input/brats20-data/BraTS20/data/volume_217_slice_82.npz,0
/kaggle/input/brats20-data/BraTS20/data/volume_80_slice_92.npz,0
/kaggle/input/brats20-data/BraTS20/data/volume_291_slice_117.npz,0
/kaggle/input/brats20-data/BraTS20/data/volume_122_slice_109.npz,0
/kaggle/input/brats20-data/BraTS20/data/volume_75_slice_96.npz,0
/kaggle/input/brats20-data/BraTS20/data/volume_136_slice_107.npz,0
/kaggle/input/brats20-data/BraTS20/data/volume_35_slice_113.npz,0
/kaggle/input/brats20-data/BraTS20/data/volume_19_slice_123.npz,0
/kaggle/input/brats20-data/BraTS20/data/volume_68_slice_81.npz,0
/kaggle/input/brats20-data/BraTS20/data/volume_162_slice_83.npz,0
/kaggle/input/brats20-data/BraTS20/data/volume_196_slice_113.npz,0
/kaggle/input/brats20-data/BraTS20/data/volume_271_slice_86.npz,0
/kaggle/input/brats20-data/BraTS20/data/volume_289_slice_86.npz,0
/kaggle/input/brats20-data/BraTS20/data/volume_6_slice_89.npz,0
/kaggle/input/brats20-data/BraTS20/data/volume_44_slice_88.npz,0
/kaggle/input/brats20-data/BraTS20/data/volume_24_slice_128.npz,0
/kaggle/input/brats20-data/BraTS20/data/volume_354_slice_86.npz,0
/kaggle/input/brats20-data/BraTS20/data/volume_80_slice_96.npz,0
/kaggle/input/brats20-data/BraTS20/data/volume_85_slice_126.npz,0
/kaggle/input/brats20-data/BraTS20/data/volume_237_slice_118.npz,0
/kaggle/input/brats20-data/BraTS20/data/volume_125_slice_80.npz,0
/kaggle/input/brats20-data/BraTS20/data/volume_192_slice_92.npz,0
/kaggle/input/brats20-data/BraTS20/data/volume_238_slice_89.npz,0
/kaggle/input/brats20-data/BraTS20/data/volume_249_slice_99.npz,0
/kaggle/input/brats20-data/BraTS20/data/volume_345_slice_125.npz,0
/kaggle/input/brats20-data/BraTS20/data/volume_281_slice_125.npz,0
/kaggle/input/brats20-data/BraTS20/data/volume_74_slice_90.npz,0
/kaggle/input/brats20-data/BraTS20/data/volume_301_slice_100.npz,0
/kaggle/input/brats20-data/BraTS20/data/volume_36_slice_106.npz,0
/kaggle/input/brats20-data/BraTS20/data/volume_111_slice_122.npz,0
/kaggle/input/brats20-data/BraTS20/data/volume_167_slice_112.npz,0
/kaggle/input/brats20-data/BraTS20/data/volume_188_slice_128.npz,0
/kaggle/input/brats20-data/BraTS20/data/volume_93_slice_99.npz,0
/kaggle/input/brats20-data/BraTS20/data/volume_14_slice_92.npz,0
/kaggle/input/brats20-data/BraTS20/data/volume_157_slice_104.npz,0
/kaggle/input/brats20-data/BraTS20/data/volume_282_slice_117.npz,0
/kaggle/input/brats20-data/BraTS20/data/volume_324_slice_101.npz,0
/kaggle/input/brats20-data/BraTS20/data/volume_52_slice_97.npz,0
/kaggle/input/brats20-data/BraTS20/data/volume_277_slice_111.npz,0
/kaggle/input/brats20-data/BraTS20/data/volume_266_slice_106.npz,0
/kaggle/input/brats20-data/BraTS20/data/volume_336_slice_107.npz,0
/kaggle/input/brats20-data/BraTS20/data/volume_306_slice_82.npz,0
/kaggle/input/brats20-data/BraTS20/data/volume_206_slice_100.npz,0
/kaggle/input/brats20-data/BraTS20/data/volume_217_slice_95.npz,0
/kaggle/input/brats20-data/BraTS20/data/volume_231_slice_93.npz,0
/kaggle/input/brats20-data/BraTS20/data/volume_318_slice_113.npz,0
/kaggle/input/brats20-data/BraTS20/data/volume_79_slice_94.npz,0
/kaggle/input/brats20-data/BraTS20/data/volume_233_slice_108.npz,0
/kaggle/input/brats20-data/BraTS20/data/volume_171_slice_109.npz,0
/kaggle/input/brats20-data/BraTS20/data/volume_244_slice_110.npz,0
/kaggle/input/brats20-data/BraTS20/data/volume_126_slice_85.npz,0
/kaggle/input/brats20-data/BraTS20/data/volume_368_slice_127.npz,0
/kaggle/input/brats20-data/BraTS20/data/volume_282_slice_120.npz,0
/kaggle/input/brats20-data/BraTS20/data/volume_192_slice_117.npz,0
/kaggle/input/brats20-data/BraTS20/data/volume_321_slice_83.npz,0
/kaggle/input/brats20-data/BraTS20/data/volume_162_slice_111.npz,0
/kaggle/input/brats20-data/BraTS20/data/volume_241_slice_125.npz,0
/kaggle/input/brats20-data/BraTS20/data/volume_358_slice_123.npz,0
/kaggle/input/brats20-data/BraTS20/data/volume_163_slice_82.npz,0
/kaggle/input/brats20-data/BraTS20/data/volume_15_slice_102.npz,0
/kaggle/input/brats20-data/BraTS20/data/volume_44_slice_117.npz,0
/kaggle/input/brats20-data/BraTS20/data/volume_37_slice_120.npz,0
/kaggle/input/brats20-data/BraTS20/data/volume_323_slice_86.npz,0
/kaggle/input/brats20-data/BraTS20/data/volume_46_slice_112.npz,0
/kaggle/input/brats20-data/BraTS20/data/volume_182_slice_124.npz,0
/kaggle/input/brats20-data/BraTS20/data/volume_117_slice_124.npz,0
/kaggle/input/brats20-data/BraTS20/data/volume_18_slice_96.npz,0
/kaggle/input/brats20-data/BraTS20/data/volume_123_slice_113.npz,0
/kaggle/input/brats20-data/BraTS20/data/volume_296_slice_91.npz,0
/kaggle/input/brats20-data/BraTS20/data/volume_5_slice_96.npz,0
/kaggle/input/brats20-data/BraTS20/data/volume_45_slice_112.npz,0
/kaggle/input/brats20-data/BraTS20/data/volume_192_slice_127.npz,0
/kaggle/input/brats20-data/BraTS20/data/volume_245_slice_101.npz,0
/kaggle/input/brats20-data/BraTS20/data/volume_55_slice_109.npz,0
/kaggle/input/brats20-data/BraTS20/data/volume_347_slice_82.npz,0
/kaggle/input/brats20-data/BraTS20/data/volume_365_slice_97.npz,0
/kaggle/input/brats20-data/BraTS20/data/volume_27_slice_106.npz,0
/kaggle/input/brats20-data/BraTS20/data/volume_197_slice_87.npz,0
/kaggle/input/brats20-data/BraTS20/data/volume_233_slice_89.npz,0
/kaggle/input/brats20-data/BraTS20/data/volume_8_slice_127.npz,0
/kaggle/input/brats20-data/BraTS20/data/volume_238_slice_80.npz,0
/kaggle/input/brats20-data/BraTS20/data/volume_291_slice_105.npz,0
/kaggle/input/brats20-data/BraTS20/data/volume_153_slice_85.npz,0
/kaggle/input/brats20-data/BraTS20/data/volume_39_slice_92.npz,0
/kaggle/input/brats20-data/BraTS20/data/volume_164_slice_83.npz,0
/kaggle/input/brats20-data/BraTS20/data/volume_165_slice_99.npz,0
/kaggle/input/brats20-data/BraTS20/data/volume_159_slice_112.npz,0
/kaggle/input/brats20-data/BraTS20/data/volume_96_slice_124.npz,0
/kaggle/input/brats20-data/BraTS20/data/volume_36_slice_125.npz,0
/kaggle/input/brats20-data/BraTS20/data/volume_354_slice_98.npz,0
/kaggle/input/brats20-data/BraTS20/data/volume_365_slice_107.npz,0
/kaggle/input/brats20-data/BraTS20/data/volume_83_slice_81.npz,0
/kaggle/input/brats20-data/BraTS20/data/volume_290_slice_100.npz,0
/kaggle/input/brats20-data/BraTS20/data/volume_173_slice_113.npz,0
/kaggle/input/brats20-data/BraTS20/data/volume_324_slice_89.npz,0
/kaggle/input/brats20-data/BraTS20/data/volume_49_slice_122.npz,0
/kaggle/input/brats20-data/BraTS20/data/volume_299_slice_95.npz,0
/kaggle/input/brats20-data/BraTS20/data/volume_234_slice_92.npz,0
/kaggle/input/brats20-data/BraTS20/data/volume_217_slice_103.npz,0
/kaggle/input/brats20-data/BraTS20/data/volume_23_slice_85.npz,0
/kaggle/input/brats20-data/BraTS20/data/volume_345_slice_113.npz,0
/kaggle/input/brats20-data/BraTS20/data/volume_132_slice_98.npz,0
/kaggle/input/brats20-data/BraTS20/data/volume_96_slice_121.npz,0
/kaggle/input/brats20-data/BraTS20/data/volume_367_slice_97.npz,0
/kaggle/input/brats20-data/BraTS20/data/volume_239_slice_91.npz,0
/kaggle/input/brats20-data/BraTS20/data/volume_5_slice_85.npz,0
/kaggle/input/brats20-data/BraTS20/data/volume_333_slice_82.npz,0
/kaggle/input/brats20-data/BraTS20/data/volume_179_slice_84.npz,0
/kaggle/input/brats20-data/BraTS20/data/volume_114_slice_122.npz,0
/kaggle/input/brats20-data/BraTS20/data/volume_49_slice_94.npz,0
/kaggle/input/brats20-data/BraTS20/data/volume_311_slice_82.npz,0
/kaggle/input/brats20-data/BraTS20/data/volume_304_slice_109.npz,0
/kaggle/input/brats20-data/BraTS20/data/volume_27_slice_126.npz,0
/kaggle/input/brats20-data/BraTS20/data/volume_208_slice_104.npz,0
/kaggle/input/brats20-data/BraTS20/data/volume_150_slice_125.npz,0
/kaggle/input/brats20-data/BraTS20/data/volume_103_slice_112.npz,0
/kaggle/input/brats20-data/BraTS20/data/volume_213_slice_115.npz,0
/kaggle/input/brats20-data/BraTS20/data/volume_244_slice_103.npz,0
/kaggle/input/brats20-data/BraTS20/data/volume_110_slice_109.npz,0
/kaggle/input/brats20-data/BraTS20/data/volume_314_slice_111.npz,0
/kaggle/input/brats20-data/BraTS20/data/volume_260_slice_96.npz,0
/kaggle/input/brats20-data/BraTS20/data/volume_313_slice_85.npz,0
/kaggle/input/brats20-data/BraTS20/data/volume_46_slice_97.npz,0
/kaggle/input/brats20-data/BraTS20/data/volume_339_slice_114.npz,0
/kaggle/input/brats20-data/BraTS20/data/volume_44_slice_118.npz,0
/kaggle/input/brats20-data/BraTS20/data/volume_62_slice_126.npz,0
/kaggle/input/brats20-data/BraTS20/data/volume_89_slice_82.npz,0
/kaggle/input/brats20-data/BraTS20/data/volume_89_slice_85.npz,0
/kaggle/input/brats20-data/BraTS20/data/volume_264_slice_106.npz,0
/kaggle/input/brats20-data/BraTS20/data/volume_279_slice_94.npz,0
/kaggle/input/brats20-data/BraTS20/data/volume_115_slice_107.npz,0
/kaggle/input/brats20-data/BraTS20/data/volume_180_slice_97.npz,0
/kaggle/input/brats20-data/BraTS20/data/volume_279_slice_114.npz,0
/kaggle/input/brats20-data/BraTS20/data/volume_359_slice_83.npz,0
/kaggle/input/brats20-data/BraTS20/data/volume_293_slice_128.npz,0
/kaggle/input/brats20-data/BraTS20/data/volume_302_slice_128.npz,0
/kaggle/input/brats20-data/BraTS20/data/volume_323_slice_100.npz,0
/kaggle/input/brats20-data/BraTS20/data/volume_123_slice_121.npz,0
/kaggle/input/brats20-data/BraTS20/data/volume_89_slice_100.npz,0
/kaggle/input/brats20-data/BraTS20/data/volume_301_slice_113.npz,0
/kaggle/input/brats20-data/BraTS20/data/volume_48_slice_92.npz,0
/kaggle/input/brats20-data/BraTS20/data/volume_68_slice_85.npz,0
/kaggle/input/brats20-data/BraTS20/data/volume_218_slice_94.npz,0
/kaggle/input/brats20-data/BraTS20/data/volume_358_slice_92.npz,0
/kaggle/input/brats20-data/BraTS20/data/volume_38_slice_107.npz,0
/kaggle/input/brats20-data/BraTS20/data/volume_181_slice_85.npz,0
/kaggle/input/brats20-data/BraTS20/data/volume_288_slice_114.npz,0
/kaggle/input/brats20-data/BraTS20/data/volume_181_slice_111.npz,0
/kaggle/input/brats20-data/BraTS20/data/volume_336_slice_89.npz,0
/kaggle/input/brats20-data/BraTS20/data/volume_151_slice_83.npz,0
/kaggle/input/brats20-data/BraTS20/data/volume_237_slice_124.npz,0
/kaggle/input/brats20-data/BraTS20/data/volume_17_slice_114.npz,0
/kaggle/input/brats20-data/BraTS20/data/volume_147_slice_86.npz,0
/kaggle/input/brats20-data/BraTS20/data/volume_301_slice_97.npz,0
/kaggle/input/brats20-data/BraTS20/data/volume_188_slice_92.npz,0
/kaggle/input/brats20-data/BraTS20/data/volume_40_slice_126.npz,0
/kaggle/input/brats20-data/BraTS20/data/volume_214_slice_87.npz,0
/kaggle/input/brats20-data/BraTS20/data/volume_85_slice_111.npz,0
/kaggle/input/brats20-data/BraTS20/data/volume_95_slice_122.npz,0
/kaggle/input/brats20-data/BraTS20/data/volume_339_slice_98.npz,0
/kaggle/input/brats20-data/BraTS20/data/volume_305_slice_117.npz,0
/kaggle/input/brats20-data/BraTS20/data/volume_135_slice_104.npz,0
/kaggle/input/brats20-data/BraTS20/data/volume_238_slice_107.npz,0
/kaggle/input/brats20-data/BraTS20/data/volume_179_slice_116.npz,0
/kaggle/input/brats20-data/BraTS20/data/volume_100_slice_98.npz,0
/kaggle/input/brats20-data/BraTS20/data/volume_185_slice_84.npz,0
/kaggle/input/brats20-data/BraTS20/data/volume_164_slice_92.npz,0
/kaggle/input/brats20-data/BraTS20/data/volume_165_slice_105.npz,0
/kaggle/input/brats20-data/BraTS20/data/volume_56_slice_117.npz,0
/kaggle/input/brats20-data/BraTS20/data/volume_347_slice_115.npz,0
/kaggle/input/brats20-data/BraTS20/data/volume_30_slice_100.npz,0
/kaggle/input/brats20-data/BraTS20/data/volume_114_slice_112.npz,0
/kaggle/input/brats20-data/BraTS20/data/volume_16_slice_107.npz,0
/kaggle/input/brats20-data/BraTS20/data/volume_74_slice_86.npz,0
/kaggle/input/brats20-data/BraTS20/data/volume_143_slice_85.npz,0
/kaggle/input/brats20-data/BraTS20/data/volume_314_slice_87.npz,0
/kaggle/input/brats20-data/BraTS20/data/volume_248_slice_86.npz,0
/kaggle/input/brats20-data/BraTS20/data/volume_305_slice_120.npz,0
/kaggle/input/brats20-data/BraTS20/data/volume_333_slice_81.npz,0
/kaggle/input/brats20-data/BraTS20/data/volume_327_slice_122.npz,0
/kaggle/input/brats20-data/BraTS20/data/volume_337_slice_83.npz,0
/kaggle/input/brats20-data/BraTS20/data/volume_74_slice_87.npz,0
/kaggle/input/brats20-data/BraTS20/data/volume_50_slice_110.npz,0
/kaggle/input/brats20-data/BraTS20/data/volume_292_slice_113.npz,0
/kaggle/input/brats20-data/BraTS20/data/volume_85_slice_114.npz,0
/kaggle/input/brats20-data/BraTS20/data/volume_266_slice_113.npz,0
/kaggle/input/brats20-data/BraTS20/data/volume_298_slice_105.npz,0
/kaggle/input/brats20-data/BraTS20/data/volume_276_slice_91.npz,0
/kaggle/input/brats20-data/BraTS20/data/volume_68_slice_121.npz,0
/kaggle/input/brats20-data/BraTS20/data/volume_269_slice_122.npz,0
/kaggle/input/brats20-data/BraTS20/data/volume_318_slice_94.npz,0
/kaggle/input/brats20-data/BraTS20/data/volume_93_slice_96.npz,0
/kaggle/input/brats20-data/BraTS20/data/volume_184_slice_90.npz,0
/kaggle/input/brats20-data/BraTS20/data/volume_346_slice_94.npz,0
/kaggle/input/brats20-data/BraTS20/data/volume_30_slice_108.npz,0
/kaggle/input/brats20-data/BraTS20/data/volume_270_slice_105.npz,0
/kaggle/input/brats20-data/BraTS20/data/volume_10_slice_101.npz,0
/kaggle/input/brats20-data/BraTS20/data/volume_20_slice_128.npz,0
/kaggle/input/brats20-data/BraTS20/data/volume_300_slice_107.npz,0
/kaggle/input/brats20-data/BraTS20/data/volume_20_slice_89.npz,0
/kaggle/input/brats20-data/BraTS20/data/volume_213_slice_105.npz,0
/kaggle/input/brats20-data/BraTS20/data/volume_172_slice_113.npz,0
/kaggle/input/brats20-data/BraTS20/data/volume_330_slice_125.npz,0
/kaggle/input/brats20-data/BraTS20/data/volume_152_slice_95.npz,0
/kaggle/input/brats20-data/BraTS20/data/volume_3_slice_96.npz,0
/kaggle/input/brats20-data/BraTS20/data/volume_192_slice_104.npz,0
/kaggle/input/brats20-data/BraTS20/data/volume_292_slice_121.npz,0
/kaggle/input/brats20-data/BraTS20/data/volume_110_slice_87.npz,0
/kaggle/input/brats20-data/BraTS20/data/volume_282_slice_118.npz,0
/kaggle/input/brats20-data/BraTS20/data/volume_188_slice_84.npz,0
/kaggle/input/brats20-data/BraTS20/data/volume_366_slice_89.npz,0
/kaggle/input/brats20-data/BraTS20/data/volume_35_slice_81.npz,0
/kaggle/input/brats20-data/BraTS20/data/volume_93_slice_106.npz,0
/kaggle/input/brats20-data/BraTS20/data/volume_368_slice_113.npz,0
/kaggle/input/brats20-data/BraTS20/data/volume_251_slice_127.npz,0
/kaggle/input/brats20-data/BraTS20/data/volume_112_slice_103.npz,0
/kaggle/input/brats20-data/BraTS20/data/volume_83_slice_119.npz,0
/kaggle/input/brats20-data/BraTS20/data/volume_80_slice_109.npz,0
/kaggle/input/brats20-data/BraTS20/data/volume_264_slice_124.npz,0
/kaggle/input/brats20-data/BraTS20/data/volume_301_slice_112.npz,0
/kaggle/input/brats20-data/BraTS20/data/volume_220_slice_113.npz,0
/kaggle/input/brats20-data/BraTS20/data/volume_184_slice_93.npz,0
/kaggle/input/brats20-data/BraTS20/data/volume_287_slice_98.npz,0
/kaggle/input/brats20-data/BraTS20/data/volume_359_slice_97.npz,0
/kaggle/input/brats20-data/BraTS20/data/volume_33_slice_80.npz,0
/kaggle/input/brats20-data/BraTS20/data/volume_238_slice_101.npz,0
/kaggle/input/brats20-data/BraTS20/data/volume_189_slice_93.npz,0
/kaggle/input/brats20-data/BraTS20/data/volume_154_slice_110.npz,0
/kaggle/input/brats20-data/BraTS20/data/volume_354_slice_105.npz,0
/kaggle/input/brats20-data/BraTS20/data/volume_277_slice_104.npz,0
/kaggle/input/brats20-data/BraTS20/data/volume_347_slice_128.npz,0
/kaggle/input/brats20-data/BraTS20/data/volume_316_slice_113.npz,0
/kaggle/input/brats20-data/BraTS20/data/volume_162_slice_82.npz,0
/kaggle/input/brats20-data/BraTS20/data/volume_167_slice_96.npz,0
/kaggle/input/brats20-data/BraTS20/data/volume_26_slice_95.npz,0
/kaggle/input/brats20-data/BraTS20/data/volume_248_slice_115.npz,0
/kaggle/input/brats20-data/BraTS20/data/volume_248_slice_89.npz,0
/kaggle/input/brats20-data/BraTS20/data/volume_92_slice_119.npz,0
/kaggle/input/brats20-data/BraTS20/data/volume_59_slice_108.npz,0
/kaggle/input/brats20-data/BraTS20/data/volume_287_slice_115.npz,0
/kaggle/input/brats20-data/BraTS20/data/volume_194_slice_113.npz,0
/kaggle/input/brats20-data/BraTS20/data/volume_365_slice_80.npz,0
/kaggle/input/brats20-data/BraTS20/data/volume_256_slice_113.npz,0
/kaggle/input/brats20-data/BraTS20/data/volume_316_slice_124.npz,0
/kaggle/input/brats20-data/BraTS20/data/volume_48_slice_125.npz,0
/kaggle/input/brats20-data/BraTS20/data/volume_310_slice_103.npz,0
/kaggle/input/brats20-data/BraTS20/data/volume_362_slice_92.npz,0
/kaggle/input/brats20-data/BraTS20/data/volume_311_slice_119.npz,0
/kaggle/input/brats20-data/BraTS20/data/volume_49_slice_95.npz,0
/kaggle/input/brats20-data/BraTS20/data/volume_31_slice_105.npz,0
/kaggle/input/brats20-data/BraTS20/data/volume_174_slice_80.npz,0
/kaggle/input/brats20-data/BraTS20/data/volume_122_slice_111.npz,0
/kaggle/input/brats20-data/BraTS20/data/volume_168_slice_114.npz,0
/kaggle/input/brats20-data/BraTS20/data/volume_322_slice_107.npz,0
/kaggle/input/brats20-data/BraTS20/data/volume_69_slice_107.npz,0
/kaggle/input/brats20-data/BraTS20/data/volume_177_slice_98.npz,0
/kaggle/input/brats20-data/BraTS20/data/volume_52_slice_85.npz,0
/kaggle/input/brats20-data/BraTS20/data/volume_310_slice_97.npz,0
/kaggle/input/brats20-data/BraTS20/data/volume_288_slice_106.npz,0
/kaggle/input/brats20-data/BraTS20/data/volume_69_slice_120.npz,0
/kaggle/input/brats20-data/BraTS20/data/volume_80_slice_114.npz,0
/kaggle/input/brats20-data/BraTS20/data/volume_211_slice_97.npz,0
/kaggle/input/brats20-data/BraTS20/data/volume_68_slice_103.npz,0
/kaggle/input/brats20-data/BraTS20/data/volume_242_slice_81.npz,0
/kaggle/input/brats20-data/BraTS20/data/volume_83_slice_127.npz,0
/kaggle/input/brats20-data/BraTS20/data/volume_62_slice_96.npz,0
/kaggle/input/brats20-data/BraTS20/data/volume_92_slice_101.npz,0
/kaggle/input/brats20-data/BraTS20/data/volume_182_slice_95.npz,0
/kaggle/input/brats20-data/BraTS20/data/volume_8_slice_119.npz,0
/kaggle/input/brats20-data/BraTS20/data/volume_270_slice_124.npz,0
/kaggle/input/brats20-data/BraTS20/data/volume_2_slice_116.npz,0
/kaggle/input/brats20-data/BraTS20/data/volume_292_slice_100.npz,0
/kaggle/input/brats20-data/BraTS20/data/volume_144_slice_84.npz,0
/kaggle/input/brats20-data/BraTS20/data/volume_316_slice_92.npz,0
/kaggle/input/brats20-data/BraTS20/data/volume_316_slice_96.npz,0
/kaggle/input/brats20-data/BraTS20/data/volume_329_slice_123.npz,0
/kaggle/input/brats20-data/BraTS20/data/volume_260_slice_86.npz,0
/kaggle/input/brats20-data/BraTS20/data/volume_150_slice_88.npz,0
/kaggle/input/brats20-data/BraTS20/data/volume_112_slice_100.npz,0
/kaggle/input/brats20-data/BraTS20/data/volume_164_slice_110.npz,0
/kaggle/input/brats20-data/BraTS20/data/volume_25_slice_120.npz,0
/kaggle/input/brats20-data/BraTS20/data/volume_60_slice_115.npz,0
/kaggle/input/brats20-data/BraTS20/data/volume_311_slice_118.npz,0
/kaggle/input/brats20-data/BraTS20/data/volume_327_slice_114.npz,0
/kaggle/input/brats20-data/BraTS20/data/volume_49_slice_80.npz,0
/kaggle/input/brats20-data/BraTS20/data/volume_240_slice_116.npz,0
/kaggle/input/brats20-data/BraTS20/data/volume_331_slice_122.npz,0
/kaggle/input/brats20-data/BraTS20/data/volume_303_slice_82.npz,0
/kaggle/input/brats20-data/BraTS20/data/volume_121_slice_109.npz,0
/kaggle/input/brats20-data/BraTS20/data/volume_27_slice_116.npz,0
/kaggle/input/brats20-data/BraTS20/data/volume_360_slice_111.npz,0
/kaggle/input/brats20-data/BraTS20/data/volume_162_slice_118.npz,0
/kaggle/input/brats20-data/BraTS20/data/volume_117_slice_122.npz,0
/kaggle/input/brats20-data/BraTS20/data/volume_28_slice_123.npz,0
/kaggle/input/brats20-data/BraTS20/data/volume_209_slice_94.npz,0
/kaggle/input/brats20-data/BraTS20/data/volume_20_slice_93.npz,0
/kaggle/input/brats20-data/BraTS20/data/volume_63_slice_103.npz,0
/kaggle/input/brats20-data/BraTS20/data/volume_357_slice_112.npz,0
/kaggle/input/brats20-data/BraTS20/data/volume_177_slice_127.npz,0
/kaggle/input/brats20-data/BraTS20/data/volume_64_slice_125.npz,0
/kaggle/input/brats20-data/BraTS20/data/volume_194_slice_98.npz,0
/kaggle/input/brats20-data/BraTS20/data/volume_253_slice_123.npz,0
/kaggle/input/brats20-data/BraTS20/data/volume_269_slice_86.npz,0
/kaggle/input/brats20-data/BraTS20/data/volume_333_slice_93.npz,0
/kaggle/input/brats20-data/BraTS20/data/volume_305_slice_127.npz,0
/kaggle/input/brats20-data/BraTS20/data/volume_109_slice_109.npz,0
/kaggle/input/brats20-data/BraTS20/data/volume_252_slice_106.npz,0
/kaggle/input/brats20-data/BraTS20/data/volume_70_slice_122.npz,0
/kaggle/input/brats20-data/BraTS20/data/volume_79_slice_109.npz,0
/kaggle/input/brats20-data/BraTS20/data/volume_1_slice_98.npz,0
/kaggle/input/brats20-data/BraTS20/data/volume_54_slice_98.npz,0
/kaggle/input/brats20-data/BraTS20/data/volume_240_slice_108.npz,0
/kaggle/input/brats20-data/BraTS20/data/volume_139_slice_93.npz,0
/kaggle/input/brats20-data/BraTS20/data/volume_40_slice_84.npz,0
/kaggle/input/brats20-data/BraTS20/data/volume_26_slice_94.npz,0
/kaggle/input/brats20-data/BraTS20/data/volume_7_slice_121.npz,0
/kaggle/input/brats20-data/BraTS20/data/volume_238_slice_86.npz,0
/kaggle/input/brats20-data/BraTS20/data/volume_3_slice_126.npz,0
/kaggle/input/brats20-data/BraTS20/data/volume_143_slice_108.npz,0
/kaggle/input/brats20-data/BraTS20/data/volume_182_slice_81.npz,0
/kaggle/input/brats20-data/BraTS20/data/volume_267_slice_91.npz,0
/kaggle/input/brats20-data/BraTS20/data/volume_262_slice_99.npz,0
/kaggle/input/brats20-data/BraTS20/data/volume_334_slice_114.npz,0
/kaggle/input/brats20-data/BraTS20/data/volume_256_slice_87.npz,0
/kaggle/input/brats20-data/BraTS20/data/volume_291_slice_100.npz,0
/kaggle/input/brats20-data/BraTS20/data/volume_348_slice_93.npz,0
/kaggle/input/brats20-data/BraTS20/data/volume_115_slice_108.npz,0
/kaggle/input/brats20-data/BraTS20/data/volume_200_slice_119.npz,0
/kaggle/input/brats20-data/BraTS20/data/volume_26_slice_101.npz,0
/kaggle/input/brats20-data/BraTS20/data/volume_77_slice_117.npz,0
/kaggle/input/brats20-data/BraTS20/data/volume_169_slice_88.npz,0
/kaggle/input/brats20-data/BraTS20/data/volume_260_slice_122.npz,0
/kaggle/input/brats20-data/BraTS20/data/volume_217_slice_99.npz,0
/kaggle/input/brats20-data/BraTS20/data/volume_87_slice_112.npz,0
/kaggle/input/brats20-data/BraTS20/data/volume_220_slice_120.npz,0
/kaggle/input/brats20-data/BraTS20/data/volume_201_slice_103.npz,0
/kaggle/input/brats20-data/BraTS20/data/volume_290_slice_80.npz,0
/kaggle/input/brats20-data/BraTS20/data/volume_207_slice_94.npz,0
/kaggle/input/brats20-data/BraTS20/data/volume_202_slice_101.npz,0
/kaggle/input/brats20-data/BraTS20/data/volume_321_slice_97.npz,0
/kaggle/input/brats20-data/BraTS20/data/volume_110_slice_119.npz,0
/kaggle/input/brats20-data/BraTS20/data/volume_341_slice_109.npz,0
/kaggle/input/brats20-data/BraTS20/data/volume_19_slice_83.npz,0
/kaggle/input/brats20-data/BraTS20/data/volume_363_slice_112.npz,0
/kaggle/input/brats20-data/BraTS20/data/volume_243_slice_114.npz,0
/kaggle/input/brats20-data/BraTS20/data/volume_322_slice_121.npz,0
/kaggle/input/brats20-data/BraTS20/data/volume_301_slice_90.npz,0
/kaggle/input/brats20-data/BraTS20/data/volume_296_slice_96.npz,0
/kaggle/input/brats20-data/BraTS20/data/volume_117_slice_105.npz,0
/kaggle/input/brats20-data/BraTS20/data/volume_24_slice_102.npz,0
/kaggle/input/brats20-data/BraTS20/data/volume_70_slice_96.npz,0
/kaggle/input/brats20-data/BraTS20/data/volume_316_slice_118.npz,0
/kaggle/input/brats20-data/BraTS20/data/volume_147_slice_89.npz,0
/kaggle/input/brats20-data/BraTS20/data/volume_256_slice_80.npz,0
/kaggle/input/brats20-data/BraTS20/data/volume_240_slice_87.npz,0
/kaggle/input/brats20-data/BraTS20/data/volume_59_slice_92.npz,0
/kaggle/input/brats20-data/BraTS20/data/volume_350_slice_116.npz,0
/kaggle/input/brats20-data/BraTS20/data/volume_339_slice_84.npz,0
/kaggle/input/brats20-data/BraTS20/data/volume_363_slice_103.npz,0
/kaggle/input/brats20-data/BraTS20/data/volume_16_slice_127.npz,0
/kaggle/input/brats20-data/BraTS20/data/volume_51_slice_96.npz,0
/kaggle/input/brats20-data/BraTS20/data/volume_25_slice_123.npz,0
/kaggle/input/brats20-data/BraTS20/data/volume_198_slice_106.npz,0
/kaggle/input/brats20-data/BraTS20/data/volume_206_slice_126.npz,0
/kaggle/input/brats20-data/BraTS20/data/volume_248_slice_91.npz,0
/kaggle/input/brats20-data/BraTS20/data/volume_306_slice_113.npz,0
/kaggle/input/brats20-data/BraTS20/data/volume_44_slice_120.npz,0
/kaggle/input/brats20-data/BraTS20/data/volume_233_slice_116.npz,0
/kaggle/input/brats20-data/BraTS20/data/volume_276_slice_82.npz,0
/kaggle/input/brats20-data/BraTS20/data/volume_235_slice_100.npz,0
/kaggle/input/brats20-data/BraTS20/data/volume_180_slice_80.npz,0
/kaggle/input/brats20-data/BraTS20/data/volume_90_slice_117.npz,0
/kaggle/input/brats20-data/BraTS20/data/volume_15_slice_98.npz,0
/kaggle/input/brats20-data/BraTS20/data/volume_202_slice_96.npz,0
/kaggle/input/brats20-data/BraTS20/data/volume_154_slice_111.npz,0
/kaggle/input/brats20-data/BraTS20/data/volume_205_slice_89.npz,0
/kaggle/input/brats20-data/BraTS20/data/volume_220_slice_96.npz,0
/kaggle/input/brats20-data/BraTS20/data/volume_305_slice_125.npz,0
/kaggle/input/brats20-data/BraTS20/data/volume_234_slice_100.npz,0
/kaggle/input/brats20-data/BraTS20/data/volume_240_slice_103.npz,0
/kaggle/input/brats20-data/BraTS20/data/volume_41_slice_126.npz,0
/kaggle/input/brats20-data/BraTS20/data/volume_303_slice_106.npz,0
/kaggle/input/brats20-data/BraTS20/data/volume_294_slice_117.npz,0
/kaggle/input/brats20-data/BraTS20/data/volume_136_slice_121.npz,0
/kaggle/input/brats20-data/BraTS20/data/volume_306_slice_106.npz,0
/kaggle/input/brats20-data/BraTS20/data/volume_324_slice_93.npz,0
/kaggle/input/brats20-data/BraTS20/data/volume_29_slice_111.npz,0
/kaggle/input/brats20-data/BraTS20/data/volume_323_slice_88.npz,0
/kaggle/input/brats20-data/BraTS20/data/volume_67_slice_96.npz,0
/kaggle/input/brats20-data/BraTS20/data/volume_346_slice_108.npz,0
/kaggle/input/brats20-data/BraTS20/data/volume_339_slice_107.npz,0
/kaggle/input/brats20-data/BraTS20/data/volume_59_slice_98.npz,0
/kaggle/input/brats20-data/BraTS20/data/volume_38_slice_126.npz,0
/kaggle/input/brats20-data/BraTS20/data/volume_167_slice_109.npz,0
/kaggle/input/brats20-data/BraTS20/data/volume_7_slice_93.npz,0
/kaggle/input/brats20-data/BraTS20/data/volume_70_slice_126.npz,0
/kaggle/input/brats20-data/BraTS20/data/volume_150_slice_83.npz,0
/kaggle/input/brats20-data/BraTS20/data/volume_196_slice_90.npz,0
/kaggle/input/brats20-data/BraTS20/data/volume_70_slice_117.npz,0
/kaggle/input/brats20-data/BraTS20/data/volume_289_slice_113.npz,0
/kaggle/input/brats20-data/BraTS20/data/volume_185_slice_99.npz,0
/kaggle/input/brats20-data/BraTS20/data/volume_271_slice_124.npz,0
/kaggle/input/brats20-data/BraTS20/data/volume_56_slice_87.npz,0
/kaggle/input/brats20-data/BraTS20/data/volume_71_slice_107.npz,0
/kaggle/input/brats20-data/BraTS20/data/volume_96_slice_82.npz,0
/kaggle/input/brats20-data/BraTS20/data/volume_281_slice_117.npz,0
/kaggle/input/brats20-data/BraTS20/data/volume_217_slice_112.npz,0
/kaggle/input/brats20-data/BraTS20/data/volume_194_slice_88.npz,0
/kaggle/input/brats20-data/BraTS20/data/volume_67_slice_119.npz,0
/kaggle/input/brats20-data/BraTS20/data/volume_194_slice_109.npz,0
/kaggle/input/brats20-data/BraTS20/data/volume_60_slice_84.npz,0
/kaggle/input/brats20-data/BraTS20/data/volume_24_slice_125.npz,0
/kaggle/input/brats20-data/BraTS20/data/volume_196_slice_116.npz,0
/kaggle/input/brats20-data/BraTS20/data/volume_40_slice_123.npz,0
/kaggle/input/brats20-data/BraTS20/data/volume_27_slice_87.npz,0
/kaggle/input/brats20-data/BraTS20/data/volume_19_slice_99.npz,0
/kaggle/input/brats20-data/BraTS20/data/volume_225_slice_88.npz,0
/kaggle/input/brats20-data/BraTS20/data/volume_318_slice_81.npz,0
/kaggle/input/brats20-data/BraTS20/data/volume_108_slice_105.npz,0
/kaggle/input/brats20-data/BraTS20/data/volume_346_slice_123.npz,0
/kaggle/input/brats20-data/BraTS20/data/volume_308_slice_114.npz,0
/kaggle/input/brats20-data/BraTS20/data/volume_9_slice_108.npz,0
/kaggle/input/brats20-data/BraTS20/data/volume_296_slice_120.npz,0
/kaggle/input/brats20-data/BraTS20/data/volume_118_slice_83.npz,0
/kaggle/input/brats20-data/BraTS20/data/volume_27_slice_127.npz,0
/kaggle/input/brats20-data/BraTS20/data/volume_185_slice_116.npz,0
/kaggle/input/brats20-data/BraTS20/data/volume_48_slice_108.npz,0
/kaggle/input/brats20-data/BraTS20/data/volume_36_slice_86.npz,0
/kaggle/input/brats20-data/BraTS20/data/volume_80_slice_123.npz,0
/kaggle/input/brats20-data/BraTS20/data/volume_39_slice_122.npz,0
/kaggle/input/brats20-data/BraTS20/data/volume_153_slice_127.npz,0
/kaggle/input/brats20-data/BraTS20/data/volume_292_slice_116.npz,0
/kaggle/input/brats20-data/BraTS20/data/volume_211_slice_80.npz,0
/kaggle/input/brats20-data/BraTS20/data/volume_212_slice_80.npz,0
/kaggle/input/brats20-data/BraTS20/data/volume_181_slice_80.npz,0
/kaggle/input/brats20-data/BraTS20/data/volume_23_slice_93.npz,0
/kaggle/input/brats20-data/BraTS20/data/volume_316_slice_88.npz,0
/kaggle/input/brats20-data/BraTS20/data/volume_26_slice_98.npz,0
/kaggle/input/brats20-data/BraTS20/data/volume_92_slice_82.npz,0
/kaggle/input/brats20-data/BraTS20/data/volume_347_slice_104.npz,0
/kaggle/input/brats20-data/BraTS20/data/volume_77_slice_94.npz,0
/kaggle/input/brats20-data/BraTS20/data/volume_301_slice_85.npz,0
/kaggle/input/brats20-data/BraTS20/data/volume_132_slice_85.npz,0
/kaggle/input/brats20-data/BraTS20/data/volume_368_slice_128.npz,0
/kaggle/input/brats20-data/BraTS20/data/volume_249_slice_81.npz,0
/kaggle/input/brats20-data/BraTS20/data/volume_291_slice_82.npz,0
/kaggle/input/brats20-data/BraTS20/data/volume_266_slice_101.npz,0
/kaggle/input/brats20-data/BraTS20/data/volume_288_slice_94.npz,0
/kaggle/input/brats20-data/BraTS20/data/volume_64_slice_110.npz,0
/kaggle/input/brats20-data/BraTS20/data/volume_205_slice_94.npz,0
/kaggle/input/brats20-data/BraTS20/data/volume_163_slice_105.npz,0
/kaggle/input/brats20-data/BraTS20/data/volume_278_slice_89.npz,0
/kaggle/input/brats20-data/BraTS20/data/volume_241_slice_106.npz,0
/kaggle/input/brats20-data/BraTS20/data/volume_198_slice_102.npz,0
/kaggle/input/brats20-data/BraTS20/data/volume_249_slice_114.npz,0
/kaggle/input/brats20-data/BraTS20/data/volume_129_slice_111.npz,0
/kaggle/input/brats20-data/BraTS20/data/volume_8_slice_101.npz,0
/kaggle/input/brats20-data/BraTS20/data/volume_250_slice_82.npz,0
/kaggle/input/brats20-data/BraTS20/data/volume_262_slice_90.npz,0
/kaggle/input/brats20-data/BraTS20/data/volume_108_slice_110.npz,0
/kaggle/input/brats20-data/BraTS20/data/volume_227_slice_121.npz,0
/kaggle/input/brats20-data/BraTS20/data/volume_136_slice_88.npz,0
/kaggle/input/brats20-data/BraTS20/data/volume_244_slice_120.npz,0
/kaggle/input/brats20-data/BraTS20/data/volume_16_slice_126.npz,0
/kaggle/input/brats20-data/BraTS20/data/volume_249_slice_87.npz,0
/kaggle/input/brats20-data/BraTS20/data/volume_132_slice_106.npz,0
/kaggle/input/brats20-data/BraTS20/data/volume_104_slice_96.npz,0
/kaggle/input/brats20-data/BraTS20/data/volume_73_slice_100.npz,0
/kaggle/input/brats20-data/BraTS20/data/volume_329_slice_107.npz,0
/kaggle/input/brats20-data/BraTS20/data/volume_240_slice_111.npz,0
/kaggle/input/brats20-data/BraTS20/data/volume_62_slice_113.npz,0
/kaggle/input/brats20-data/BraTS20/data/volume_249_slice_86.npz,0
/kaggle/input/brats20-data/BraTS20/data/volume_181_slice_93.npz,0
/kaggle/input/brats20-data/BraTS20/data/volume_208_slice_113.npz,0
/kaggle/input/brats20-data/BraTS20/data/volume_64_slice_102.npz,0
/kaggle/input/brats20-data/BraTS20/data/volume_180_slice_87.npz,0
/kaggle/input/brats20-data/BraTS20/data/volume_289_slice_89.npz,0
/kaggle/input/brats20-data/BraTS20/data/volume_173_slice_94.npz,0
/kaggle/input/brats20-data/BraTS20/data/volume_114_slice_126.npz,0
/kaggle/input/brats20-data/BraTS20/data/volume_339_slice_82.npz,0
/kaggle/input/brats20-data/BraTS20/data/volume_142_slice_83.npz,0
/kaggle/input/brats20-data/BraTS20/data/volume_5_slice_93.npz,0
/kaggle/input/brats20-data/BraTS20/data/volume_283_slice_120.npz,0
/kaggle/input/brats20-data/BraTS20/data/volume_117_slice_114.npz,0
/kaggle/input/brats20-data/BraTS20/data/volume_9_slice_112.npz,0
/kaggle/input/brats20-data/BraTS20/data/volume_232_slice_91.npz,0
/kaggle/input/brats20-data/BraTS20/data/volume_244_slice_116.npz,0
/kaggle/input/brats20-data/BraTS20/data/volume_238_slice_109.npz,0
/kaggle/input/brats20-data/BraTS20/data/volume_27_slice_112.npz,0
/kaggle/input/brats20-data/BraTS20/data/volume_64_slice_114.npz,0
/kaggle/input/brats20-data/BraTS20/data/volume_174_slice_127.npz,0
/kaggle/input/brats20-data/BraTS20/data/volume_277_slice_119.npz,0
/kaggle/input/brats20-data/BraTS20/data/volume_290_slice_102.npz,0
/kaggle/input/brats20-data/BraTS20/data/volume_363_slice_94.npz,0
/kaggle/input/brats20-data/BraTS20/data/volume_160_slice_100.npz,0
/kaggle/input/brats20-data/BraTS20/data/volume_73_slice_84.npz,0
/kaggle/input/brats20-data/BraTS20/data/volume_214_slice_85.npz,0
/kaggle/input/brats20-data/BraTS20/data/volume_27_slice_123.npz,0
/kaggle/input/brats20-data/BraTS20/data/volume_147_slice_92.npz,0
/kaggle/input/brats20-data/BraTS20/data/volume_248_slice_102.npz,0
/kaggle/input/brats20-data/BraTS20/data/volume_314_slice_110.npz,0
/kaggle/input/brats20-data/BraTS20/data/volume_237_slice_108.npz,0
/kaggle/input/brats20-data/BraTS20/data/volume_85_slice_118.npz,0
/kaggle/input/brats20-data/BraTS20/data/volume_129_slice_119.npz,0
/kaggle/input/brats20-data/BraTS20/data/volume_287_slice_88.npz,0
/kaggle/input/brats20-data/BraTS20/data/volume_28_slice_112.npz,0
/kaggle/input/brats20-data/BraTS20/data/volume_311_slice_93.npz,0
/kaggle/input/brats20-data/BraTS20/data/volume_209_slice_106.npz,0
/kaggle/input/brats20-data/BraTS20/data/volume_243_slice_106.npz,0
/kaggle/input/brats20-data/BraTS20/data/volume_89_slice_113.npz,0
/kaggle/input/brats20-data/BraTS20/data/volume_287_slice_86.npz,0
/kaggle/input/brats20-data/BraTS20/data/volume_341_slice_118.npz,0
/kaggle/input/brats20-data/BraTS20/data/volume_1_slice_86.npz,0
/kaggle/input/brats20-data/BraTS20/data/volume_365_slice_98.npz,0
/kaggle/input/brats20-data/BraTS20/data/volume_32_slice_92.npz,0
/kaggle/input/brats20-data/BraTS20/data/volume_62_slice_91.npz,0
/kaggle/input/brats20-data/BraTS20/data/volume_125_slice_99.npz,0
/kaggle/input/brats20-data/BraTS20/data/volume_9_slice_118.npz,0
/kaggle/input/brats20-data/BraTS20/data/volume_32_slice_83.npz,0
/kaggle/input/brats20-data/BraTS20/data/volume_48_slice_101.npz,0
/kaggle/input/brats20-data/BraTS20/data/volume_266_slice_117.npz,0
/kaggle/input/brats20-data/BraTS20/data/volume_104_slice_107.npz,0
/kaggle/input/brats20-data/BraTS20/data/volume_287_slice_102.npz,0
/kaggle/input/brats20-data/BraTS20/data/volume_160_slice_116.npz,0
/kaggle/input/brats20-data/BraTS20/data/volume_219_slice_87.npz,0
/kaggle/input/brats20-data/BraTS20/data/volume_172_slice_97.npz,0
/kaggle/input/brats20-data/BraTS20/data/volume_267_slice_115.npz,0
/kaggle/input/brats20-data/BraTS20/data/volume_260_slice_121.npz,0
/kaggle/input/brats20-data/BraTS20/data/volume_147_slice_96.npz,0
/kaggle/input/brats20-data/BraTS20/data/volume_332_slice_108.npz,0
/kaggle/input/brats20-data/BraTS20/data/volume_310_slice_121.npz,0
/kaggle/input/brats20-data/BraTS20/data/volume_35_slice_121.npz,0
/kaggle/input/brats20-data/BraTS20/data/volume_184_slice_85.npz,0
/kaggle/input/brats20-data/BraTS20/data/volume_98_slice_97.npz,0
/kaggle/input/brats20-data/BraTS20/data/volume_3_slice_80.npz,0
/kaggle/input/brats20-data/BraTS20/data/volume_181_slice_118.npz,0
/kaggle/input/brats20-data/BraTS20/data/volume_185_slice_120.npz,0
/kaggle/input/brats20-data/BraTS20/data/volume_281_slice_109.npz,0
/kaggle/input/brats20-data/BraTS20/data/volume_121_slice_110.npz,0
/kaggle/input/brats20-data/BraTS20/data/volume_165_slice_106.npz,0
/kaggle/input/brats20-data/BraTS20/data/volume_5_slice_81.npz,0
/kaggle/input/brats20-data/BraTS20/data/volume_230_slice_115.npz,0
/kaggle/input/brats20-data/BraTS20/data/volume_182_slice_99.npz,0
/kaggle/input/brats20-data/BraTS20/data/volume_71_slice_102.npz,0
/kaggle/input/brats20-data/BraTS20/data/volume_292_slice_82.npz,0
/kaggle/input/brats20-data/BraTS20/data/volume_8_slice_97.npz,0
/kaggle/input/brats20-data/BraTS20/data/volume_206_slice_88.npz,0
/kaggle/input/brats20-data/BraTS20/data/volume_125_slice_106.npz,0
/kaggle/input/brats20-data/BraTS20/data/volume_352_slice_91.npz,0
/kaggle/input/brats20-data/BraTS20/data/volume_33_slice_86.npz,0
/kaggle/input/brats20-data/BraTS20/data/volume_301_slice_104.npz,0
/kaggle/input/brats20-data/BraTS20/data/volume_105_slice_89.npz,0
/kaggle/input/brats20-data/BraTS20/data/volume_341_slice_126.npz,0
/kaggle/input/brats20-data/BraTS20/data/volume_15_slice_122.npz,0
/kaggle/input/brats20-data/BraTS20/data/volume_256_slice_94.npz,0
/kaggle/input/brats20-data/BraTS20/data/volume_53_slice_109.npz,0
/kaggle/input/brats20-data/BraTS20/data/volume_10_slice_108.npz,0
/kaggle/input/brats20-data/BraTS20/data/volume_72_slice_86.npz,0
/kaggle/input/brats20-data/BraTS20/data/volume_105_slice_120.npz,0
/kaggle/input/brats20-data/BraTS20/data/volume_114_slice_85.npz,0
/kaggle/input/brats20-data/BraTS20/data/volume_110_slice_115.npz,0
/kaggle/input/brats20-data/BraTS20/data/volume_23_slice_90.npz,0
/kaggle/input/brats20-data/BraTS20/data/volume_115_slice_127.npz,0
/kaggle/input/brats20-data/BraTS20/data/volume_268_slice_83.npz,0
/kaggle/input/brats20-data/BraTS20/data/volume_101_slice_92.npz,0
/kaggle/input/brats20-data/BraTS20/data/volume_352_slice_111.npz,0
/kaggle/input/brats20-data/BraTS20/data/volume_51_slice_91.npz,0
/kaggle/input/brats20-data/BraTS20/data/volume_171_slice_89.npz,0
/kaggle/input/brats20-data/BraTS20/data/volume_209_slice_120.npz,0
/kaggle/input/brats20-data/BraTS20/data/volume_17_slice_100.npz,0
/kaggle/input/brats20-data/BraTS20/data/volume_31_slice_97.npz,0
/kaggle/input/brats20-data/BraTS20/data/volume_121_slice_95.npz,0
/kaggle/input/brats20-data/BraTS20/data/volume_46_slice_101.npz,0
/kaggle/input/brats20-data/BraTS20/data/volume_290_slice_106.npz,0
/kaggle/input/brats20-data/BraTS20/data/volume_231_slice_126.npz,0
/kaggle/input/brats20-data/BraTS20/data/volume_51_slice_124.npz,0
/kaggle/input/brats20-data/BraTS20/data/volume_212_slice_94.npz,0
/kaggle/input/brats20-data/BraTS20/data/volume_198_slice_88.npz,0
/kaggle/input/brats20-data/BraTS20/data/volume_277_slice_81.npz,0
/kaggle/input/brats20-data/BraTS20/data/volume_268_slice_126.npz,0
/kaggle/input/brats20-data/BraTS20/data/volume_198_slice_104.npz,0
/kaggle/input/brats20-data/BraTS20/data/volume_119_slice_95.npz,0
/kaggle/input/brats20-data/BraTS20/data/volume_358_slice_81.npz,0
/kaggle/input/brats20-data/BraTS20/data/volume_185_slice_92.npz,0
/kaggle/input/brats20-data/BraTS20/data/volume_295_slice_80.npz,0
/kaggle/input/brats20-data/BraTS20/data/volume_58_slice_128.npz,0
/kaggle/input/brats20-data/BraTS20/data/volume_108_slice_114.npz,0
/kaggle/input/brats20-data/BraTS20/data/volume_307_slice_97.npz,0
/kaggle/input/brats20-data/BraTS20/data/volume_108_slice_89.npz,0
/kaggle/input/brats20-data/BraTS20/data/volume_57_slice_110.npz,0
/kaggle/input/brats20-data/BraTS20/data/volume_167_slice_97.npz,0
/kaggle/input/brats20-data/BraTS20/data/volume_347_slice_114.npz,0
/kaggle/input/brats20-data/BraTS20/data/volume_73_slice_98.npz,0
/kaggle/input/brats20-data/BraTS20/data/volume_77_slice_85.npz,0
/kaggle/input/brats20-data/BraTS20/data/volume_298_slice_101.npz,0
/kaggle/input/brats20-data/BraTS20/data/volume_241_slice_88.npz,0
/kaggle/input/brats20-data/BraTS20/data/volume_83_slice_126.npz,0
/kaggle/input/brats20-data/BraTS20/data/volume_121_slice_114.npz,0
/kaggle/input/brats20-data/BraTS20/data/volume_80_slice_122.npz,0
/kaggle/input/brats20-data/BraTS20/data/volume_177_slice_87.npz,0
/kaggle/input/brats20-data/BraTS20/data/volume_181_slice_95.npz,0
/kaggle/input/brats20-data/BraTS20/data/volume_334_slice_99.npz,0
/kaggle/input/brats20-data/BraTS20/data/volume_316_slice_111.npz,0
/kaggle/input/brats20-data/BraTS20/data/volume_62_slice_90.npz,0
/kaggle/input/brats20-data/BraTS20/data/volume_33_slice_90.npz,0
/kaggle/input/brats20-data/BraTS20/data/volume_339_slice_110.npz,0
/kaggle/input/brats20-data/BraTS20/data/volume_192_slice_116.npz,0
/kaggle/input/brats20-data/BraTS20/data/volume_6_slice_112.npz,0
/kaggle/input/brats20-data/BraTS20/data/volume_58_slice_87.npz,0
/kaggle/input/brats20-data/BraTS20/data/volume_351_slice_89.npz,0
/kaggle/input/brats20-data/BraTS20/data/volume_312_slice_117.npz,0
/kaggle/input/brats20-data/BraTS20/data/volume_324_slice_112.npz,0
/kaggle/input/brats20-data/BraTS20/data/volume_200_slice_92.npz,0
/kaggle/input/brats20-data/BraTS20/data/volume_341_slice_98.npz,0
/kaggle/input/brats20-data/BraTS20/data/volume_180_slice_118.npz,0
/kaggle/input/brats20-data/BraTS20/data/volume_103_slice_118.npz,0
/kaggle/input/brats20-data/BraTS20/data/volume_18_slice_86.npz,0
/kaggle/input/brats20-data/BraTS20/data/volume_213_slice_90.npz,0
/kaggle/input/brats20-data/BraTS20/data/volume_32_slice_111.npz,0
/kaggle/input/brats20-data/BraTS20/data/volume_353_slice_106.npz,0
/kaggle/input/brats20-data/BraTS20/data/volume_151_slice_89.npz,0
/kaggle/input/brats20-data/BraTS20/data/volume_44_slice_110.npz,0
/kaggle/input/brats20-data/BraTS20/data/volume_35_slice_89.npz,0
/kaggle/input/brats20-data/BraTS20/data/volume_271_slice_110.npz,0
/kaggle/input/brats20-data/BraTS20/data/volume_215_slice_123.npz,0
/kaggle/input/brats20-data/BraTS20/data/volume_178_slice_110.npz,0
/kaggle/input/brats20-data/BraTS20/data/volume_215_slice_117.npz,0
/kaggle/input/brats20-data/BraTS20/data/volume_154_slice_122.npz,0
/kaggle/input/brats20-data/BraTS20/data/volume_130_slice_111.npz,0
/kaggle/input/brats20-data/BraTS20/data/volume_32_slice_84.npz,0
/kaggle/input/brats20-data/BraTS20/data/volume_98_slice_109.npz,0
/kaggle/input/brats20-data/BraTS20/data/volume_350_slice_87.npz,0
/kaggle/input/brats20-data/BraTS20/data/volume_18_slice_115.npz,0
/kaggle/input/brats20-data/BraTS20/data/volume_321_slice_80.npz,0
/kaggle/input/brats20-data/BraTS20/data/volume_180_slice_100.npz,0
/kaggle/input/brats20-data/BraTS20/data/volume_143_slice_84.npz,0
/kaggle/input/brats20-data/BraTS20/data/volume_362_slice_125.npz,0
/kaggle/input/brats20-data/BraTS20/data/volume_137_slice_98.npz,0
/kaggle/input/brats20-data/BraTS20/data/volume_366_slice_99.npz,0
/kaggle/input/brats20-data/BraTS20/data/volume_353_slice_104.npz,0
/kaggle/input/brats20-data/BraTS20/data/volume_111_slice_119.npz,0
/kaggle/input/brats20-data/BraTS20/data/volume_248_slice_100.npz,0
/kaggle/input/brats20-data/BraTS20/data/volume_175_slice_102.npz,0
/kaggle/input/brats20-data/BraTS20/data/volume_205_slice_91.npz,0
/kaggle/input/brats20-data/BraTS20/data/volume_6_slice_92.npz,0
/kaggle/input/brats20-data/BraTS20/data/volume_299_slice_85.npz,0
/kaggle/input/brats20-data/BraTS20/data/volume_153_slice_84.npz,0
/kaggle/input/brats20-data/BraTS20/data/volume_209_slice_100.npz,0
/kaggle/input/brats20-data/BraTS20/data/volume_237_slice_114.npz,0
/kaggle/input/brats20-data/BraTS20/data/volume_150_slice_82.npz,0
/kaggle/input/brats20-data/BraTS20/data/volume_15_slice_119.npz,0
/kaggle/input/brats20-data/BraTS20/data/volume_181_slice_103.npz,0
/kaggle/input/brats20-data/BraTS20/data/volume_362_slice_113.npz,0
/kaggle/input/brats20-data/BraTS20/data/volume_168_slice_126.npz,0
/kaggle/input/brats20-data/BraTS20/data/volume_201_slice_100.npz,0
/kaggle/input/brats20-data/BraTS20/data/volume_266_slice_118.npz,0
/kaggle/input/brats20-data/BraTS20/data/volume_2_slice_97.npz,0
/kaggle/input/brats20-data/BraTS20/data/volume_44_slice_95.npz,0
/kaggle/input/brats20-data/BraTS20/data/volume_179_slice_112.npz,0
/kaggle/input/brats20-data/BraTS20/data/volume_335_slice_105.npz,0
/kaggle/input/brats20-data/BraTS20/data/volume_290_slice_108.npz,0
/kaggle/input/brats20-data/BraTS20/data/volume_289_slice_104.npz,0
/kaggle/input/brats20-data/BraTS20/data/volume_71_slice_95.npz,0
/kaggle/input/brats20-data/BraTS20/data/volume_197_slice_88.npz,0
/kaggle/input/brats20-data/BraTS20/data/volume_201_slice_101.npz,0
/kaggle/input/brats20-data/BraTS20/data/volume_24_slice_80.npz,0
/kaggle/input/brats20-data/BraTS20/data/volume_219_slice_88.npz,0
/kaggle/input/brats20-data/BraTS20/data/volume_153_slice_89.npz,0
/kaggle/input/brats20-data/BraTS20/data/volume_41_slice_120.npz,0
/kaggle/input/brats20-data/BraTS20/data/volume_250_slice_91.npz,0
/kaggle/input/brats20-data/BraTS20/data/volume_270_slice_93.npz,0
/kaggle/input/brats20-data/BraTS20/data/volume_29_slice_86.npz,0
/kaggle/input/brats20-data/BraTS20/data/volume_72_slice_84.npz,0
/kaggle/input/brats20-data/BraTS20/data/volume_137_slice_110.npz,0
/kaggle/input/brats20-data/BraTS20/data/volume_324_slice_94.npz,0
/kaggle/input/brats20-data/BraTS20/data/volume_152_slice_107.npz,0
/kaggle/input/brats20-data/BraTS20/data/volume_9_slice_101.npz,0
/kaggle/input/brats20-data/BraTS20/data/volume_28_slice_90.npz,0
/kaggle/input/brats20-data/BraTS20/data/volume_311_slice_87.npz,0
/kaggle/input/brats20-data/BraTS20/data/volume_65_slice_122.npz,0
/kaggle/input/brats20-data/BraTS20/data/volume_88_slice_93.npz,0
/kaggle/input/brats20-data/BraTS20/data/volume_353_slice_84.npz,0
/kaggle/input/brats20-data/BraTS20/data/volume_5_slice_102.npz,0
/kaggle/input/brats20-data/BraTS20/data/volume_230_slice_94.npz,0
/kaggle/input/brats20-data/BraTS20/data/volume_235_slice_123.npz,0
/kaggle/input/brats20-data/BraTS20/data/volume_230_slice_118.npz,0
/kaggle/input/brats20-data/BraTS20/data/volume_252_slice_88.npz,0
/kaggle/input/brats20-data/BraTS20/data/volume_311_slice_101.npz,0
/kaggle/input/brats20-data/BraTS20/data/volume_312_slice_86.npz,0
/kaggle/input/brats20-data/BraTS20/data/volume_318_slice_118.npz,0
/kaggle/input/brats20-data/BraTS20/data/volume_180_slice_108.npz,0
/kaggle/input/brats20-data/BraTS20/data/volume_10_slice_82.npz,0
/kaggle/input/brats20-data/BraTS20/data/volume_51_slice_127.npz,0
/kaggle/input/brats20-data/BraTS20/data/volume_322_slice_122.npz,0
/kaggle/input/brats20-data/BraTS20/data/volume_237_slice_91.npz,0
/kaggle/input/brats20-data/BraTS20/data/volume_109_slice_92.npz,0
/kaggle/input/brats20-data/BraTS20/data/volume_104_slice_89.npz,0
/kaggle/input/brats20-data/BraTS20/data/volume_158_slice_95.npz,0
/kaggle/input/brats20-data/BraTS20/data/volume_132_slice_103.npz,0
/kaggle/input/brats20-data/BraTS20/data/volume_210_slice_106.npz,0
/kaggle/input/brats20-data/BraTS20/data/volume_7_slice_89.npz,0
/kaggle/input/brats20-data/BraTS20/data/volume_156_slice_98.npz,0
/kaggle/input/brats20-data/BraTS20/data/volume_32_slice_105.npz,0
/kaggle/input/brats20-data/BraTS20/data/volume_215_slice_84.npz,0
/kaggle/input/brats20-data/BraTS20/data/volume_38_slice_106.npz,0
/kaggle/input/brats20-data/BraTS20/data/volume_250_slice_126.npz,0
/kaggle/input/brats20-data/BraTS20/data/volume_98_slice_110.npz,0
/kaggle/input/brats20-data/BraTS20/data/volume_15_slice_86.npz,0
/kaggle/input/brats20-data/BraTS20/data/volume_121_slice_84.npz,0
/kaggle/input/brats20-data/BraTS20/data/volume_9_slice_99.npz,0
/kaggle/input/brats20-data/BraTS20/data/volume_17_slice_87.npz,0
/kaggle/input/brats20-data/BraTS20/data/volume_159_slice_99.npz,0
/kaggle/input/brats20-data/BraTS20/data/volume_292_slice_123.npz,0
/kaggle/input/brats20-data/BraTS20/data/volume_67_slice_107.npz,0
/kaggle/input/brats20-data/BraTS20/data/volume_177_slice_109.npz,0
/kaggle/input/brats20-data/BraTS20/data/volume_250_slice_115.npz,0
/kaggle/input/brats20-data/BraTS20/data/volume_18_slice_88.npz,0
/kaggle/input/brats20-data/BraTS20/data/volume_26_slice_112.npz,0
/kaggle/input/brats20-data/BraTS20/data/volume_269_slice_114.npz,0
/kaggle/input/brats20-data/BraTS20/data/volume_81_slice_91.npz,0
/kaggle/input/brats20-data/BraTS20/data/volume_251_slice_120.npz,0
/kaggle/input/brats20-data/BraTS20/data/volume_367_slice_125.npz,0
/kaggle/input/brats20-data/BraTS20/data/volume_365_slice_126.npz,0
/kaggle/input/brats20-data/BraTS20/data/volume_233_slice_88.npz,0
/kaggle/input/brats20-data/BraTS20/data/volume_313_slice_125.npz,0
/kaggle/input/brats20-data/BraTS20/data/volume_151_slice_104.npz,0
/kaggle/input/brats20-data/BraTS20/data/volume_269_slice_103.npz,0
/kaggle/input/brats20-data/BraTS20/data/volume_89_slice_96.npz,0
/kaggle/input/brats20-data/BraTS20/data/volume_115_slice_104.npz,0
/kaggle/input/brats20-data/BraTS20/data/volume_232_slice_86.npz,0
/kaggle/input/brats20-data/BraTS20/data/volume_98_slice_94.npz,0
/kaggle/input/brats20-data/BraTS20/data/volume_285_slice_107.npz,0
/kaggle/input/brats20-data/BraTS20/data/volume_144_slice_115.npz,0
/kaggle/input/brats20-data/BraTS20/data/volume_110_slice_121.npz,0
/kaggle/input/brats20-data/BraTS20/data/volume_346_slice_96.npz,0
/kaggle/input/brats20-data/BraTS20/data/volume_100_slice_114.npz,0
/kaggle/input/brats20-data/BraTS20/data/volume_174_slice_81.npz,0
/kaggle/input/brats20-data/BraTS20/data/volume_266_slice_120.npz,0
/kaggle/input/brats20-data/BraTS20/data/volume_345_slice_82.npz,0
/kaggle/input/brats20-data/BraTS20/data/volume_363_slice_84.npz,0
/kaggle/input/brats20-data/BraTS20/data/volume_230_slice_126.npz,0
/kaggle/input/brats20-data/BraTS20/data/volume_264_slice_89.npz,0
/kaggle/input/brats20-data/BraTS20/data/volume_322_slice_80.npz,0
/kaggle/input/brats20-data/BraTS20/data/volume_23_slice_128.npz,0
/kaggle/input/brats20-data/BraTS20/data/volume_354_slice_111.npz,0
/kaggle/input/brats20-data/BraTS20/data/volume_238_slice_105.npz,0
/kaggle/input/brats20-data/BraTS20/data/volume_123_slice_115.npz,0
/kaggle/input/brats20-data/BraTS20/data/volume_233_slice_113.npz,0
/kaggle/input/brats20-data/BraTS20/data/volume_137_slice_114.npz,0
/kaggle/input/brats20-data/BraTS20/data/volume_184_slice_125.npz,0
/kaggle/input/brats20-data/BraTS20/data/volume_2_slice_102.npz,0
/kaggle/input/brats20-data/BraTS20/data/volume_326_slice_82.npz,0
/kaggle/input/brats20-data/BraTS20/data/volume_251_slice_128.npz,0
/kaggle/input/brats20-data/BraTS20/data/volume_115_slice_93.npz,0
/kaggle/input/brats20-data/BraTS20/data/volume_159_slice_82.npz,0
/kaggle/input/brats20-data/BraTS20/data/volume_46_slice_126.npz,0
/kaggle/input/brats20-data/BraTS20/data/volume_74_slice_89.npz,0
/kaggle/input/brats20-data/BraTS20/data/volume_69_slice_104.npz,0
/kaggle/input/brats20-data/BraTS20/data/volume_309_slice_83.npz,0
/kaggle/input/brats20-data/BraTS20/data/volume_318_slice_114.npz,0
/kaggle/input/brats20-data/BraTS20/data/volume_144_slice_128.npz,0
/kaggle/input/brats20-data/BraTS20/data/volume_241_slice_117.npz,0
/kaggle/input/brats20-data/BraTS20/data/volume_253_slice_107.npz,0
/kaggle/input/brats20-data/BraTS20/data/volume_36_slice_115.npz,0
/kaggle/input/brats20-data/BraTS20/data/volume_10_slice_95.npz,0
/kaggle/input/brats20-data/BraTS20/data/volume_261_slice_87.npz,0
/kaggle/input/brats20-data/BraTS20/data/volume_289_slice_85.npz,0
/kaggle/input/brats20-data/BraTS20/data/volume_115_slice_113.npz,0
/kaggle/input/brats20-data/BraTS20/data/volume_287_slice_103.npz,0
/kaggle/input/brats20-data/BraTS20/data/volume_237_slice_89.npz,0
/kaggle/input/brats20-data/BraTS20/data/volume_41_slice_98.npz,0
/kaggle/input/brats20-data/BraTS20/data/volume_83_slice_121.npz,0
/kaggle/input/brats20-data/BraTS20/data/volume_179_slice_92.npz,0
/kaggle/input/brats20-data/BraTS20/data/volume_237_slice_107.npz,0
/kaggle/input/brats20-data/BraTS20/data/volume_215_slice_115.npz,0
/kaggle/input/brats20-data/BraTS20/data/volume_49_slice_85.npz,0
/kaggle/input/brats20-data/BraTS20/data/volume_74_slice_108.npz,0
/kaggle/input/brats20-data/BraTS20/data/volume_69_slice_114.npz,0
/kaggle/input/brats20-data/BraTS20/data/volume_123_slice_94.npz,0
/kaggle/input/brats20-data/BraTS20/data/volume_251_slice_125.npz,0
/kaggle/input/brats20-data/BraTS20/data/volume_81_slice_98.npz,0
/kaggle/input/brats20-data/BraTS20/data/volume_368_slice_100.npz,0
/kaggle/input/brats20-data/BraTS20/data/volume_102_slice_101.npz,0
/kaggle/input/brats20-data/BraTS20/data/volume_146_slice_128.npz,0
/kaggle/input/brats20-data/BraTS20/data/volume_7_slice_126.npz,0
/kaggle/input/brats20-data/BraTS20/data/volume_231_slice_116.npz,0
/kaggle/input/brats20-data/BraTS20/data/volume_150_slice_103.npz,0
/kaggle/input/brats20-data/BraTS20/data/volume_347_slice_84.npz,0
/kaggle/input/brats20-data/BraTS20/data/volume_5_slice_103.npz,0
/kaggle/input/brats20-data/BraTS20/data/volume_353_slice_100.npz,0
/kaggle/input/brats20-data/BraTS20/data/volume_205_slice_121.npz,0
/kaggle/input/brats20-data/BraTS20/data/volume_234_slice_128.npz,0
/kaggle/input/brats20-data/BraTS20/data/volume_253_slice_125.npz,0
/kaggle/input/brats20-data/BraTS20/data/volume_234_slice_86.npz,0
/kaggle/input/brats20-data/BraTS20/data/volume_35_slice_101.npz,0
/kaggle/input/brats20-data/BraTS20/data/volume_326_slice_95.npz,0
/kaggle/input/brats20-data/BraTS20/data/volume_67_slice_125.npz,0
/kaggle/input/brats20-data/BraTS20/data/volume_72_slice_87.npz,0
/kaggle/input/brats20-data/BraTS20/data/volume_256_slice_88.npz,0
/kaggle/input/brats20-data/BraTS20/data/volume_230_slice_105.npz,0
/kaggle/input/brats20-data/BraTS20/data/volume_37_slice_97.npz,0
/kaggle/input/brats20-data/BraTS20/data/volume_8_slice_81.npz,0
/kaggle/input/brats20-data/BraTS20/data/volume_84_slice_90.npz,0
/kaggle/input/brats20-data/BraTS20/data/volume_70_slice_103.npz,0
/kaggle/input/brats20-data/BraTS20/data/volume_128_slice_100.npz,0
/kaggle/input/brats20-data/BraTS20/data/volume_235_slice_108.npz,0
/kaggle/input/brats20-data/BraTS20/data/volume_334_slice_89.npz,0
/kaggle/input/brats20-data/BraTS20/data/volume_329_slice_106.npz,0
/kaggle/input/brats20-data/BraTS20/data/volume_70_slice_115.npz,0
/kaggle/input/brats20-data/BraTS20/data/volume_355_slice_115.npz,0
/kaggle/input/brats20-data/BraTS20/data/volume_133_slice_128.npz,0
/kaggle/input/brats20-data/BraTS20/data/volume_119_slice_114.npz,0
/kaggle/input/brats20-data/BraTS20/data/volume_151_slice_123.npz,0
/kaggle/input/brats20-data/BraTS20/data/volume_19_slice_91.npz,0
/kaggle/input/brats20-data/BraTS20/data/volume_212_slice_127.npz,0
/kaggle/input/brats20-data/BraTS20/data/volume_188_slice_93.npz,0
/kaggle/input/brats20-data/BraTS20/data/volume_215_slice_125.npz,0
/kaggle/input/brats20-data/BraTS20/data/volume_164_slice_93.npz,0
/kaggle/input/brats20-data/BraTS20/data/volume_252_slice_97.npz,0
/kaggle/input/brats20-data/BraTS20/data/volume_84_slice_124.npz,0
/kaggle/input/brats20-data/BraTS20/data/volume_164_slice_82.npz,0
/kaggle/input/brats20-data/BraTS20/data/volume_248_slice_118.npz,0
/kaggle/input/brats20-data/BraTS20/data/volume_200_slice_87.npz,0
/kaggle/input/brats20-data/BraTS20/data/volume_172_slice_90.npz,0
/kaggle/input/brats20-data/BraTS20/data/volume_52_slice_103.npz,0
/kaggle/input/brats20-data/BraTS20/data/volume_55_slice_103.npz,0
/kaggle/input/brats20-data/BraTS20/data/volume_306_slice_125.npz,0
/kaggle/input/brats20-data/BraTS20/data/volume_362_slice_99.npz,0
/kaggle/input/brats20-data/BraTS20/data/volume_308_slice_93.npz,0
/kaggle/input/brats20-data/BraTS20/data/volume_168_slice_80.npz,0
/kaggle/input/brats20-data/BraTS20/data/volume_52_slice_82.npz,0
/kaggle/input/brats20-data/BraTS20/data/volume_162_slice_91.npz,0
/kaggle/input/brats20-data/BraTS20/data/volume_44_slice_82.npz,0
/kaggle/input/brats20-data/BraTS20/data/volume_262_slice_122.npz,0
/kaggle/input/brats20-data/BraTS20/data/volume_294_slice_114.npz,0
/kaggle/input/brats20-data/BraTS20/data/volume_335_slice_97.npz,0
/kaggle/input/brats20-data/BraTS20/data/volume_302_slice_90.npz,0
/kaggle/input/brats20-data/BraTS20/data/volume_177_slice_105.npz,0
/kaggle/input/brats20-data/BraTS20/data/volume_44_slice_122.npz,0
/kaggle/input/brats20-data/BraTS20/data/volume_356_slice_90.npz,0
/kaggle/input/brats20-data/BraTS20/data/volume_6_slice_84.npz,0
/kaggle/input/brats20-data/BraTS20/data/volume_31_slice_98.npz,0
/kaggle/input/brats20-data/BraTS20/data/volume_346_slice_115.npz,0
/kaggle/input/brats20-data/BraTS20/data/volume_201_slice_107.npz,0
/kaggle/input/brats20-data/BraTS20/data/volume_330_slice_87.npz,0
/kaggle/input/brats20-data/BraTS20/data/volume_323_slice_118.npz,0
/kaggle/input/brats20-data/BraTS20/data/volume_15_slice_85.npz,0
/kaggle/input/brats20-data/BraTS20/data/volume_294_slice_106.npz,0
/kaggle/input/brats20-data/BraTS20/data/volume_151_slice_92.npz,0
/kaggle/input/brats20-data/BraTS20/data/volume_1_slice_99.npz,0
/kaggle/input/brats20-data/BraTS20/data/volume_362_slice_94.npz,0
/kaggle/input/brats20-data/BraTS20/data/volume_238_slice_97.npz,0
/kaggle/input/brats20-data/BraTS20/data/volume_92_slice_126.npz,0
/kaggle/input/brats20-data/BraTS20/data/volume_308_slice_120.npz,0
/kaggle/input/brats20-data/BraTS20/data/volume_235_slice_83.npz,0
/kaggle/input/brats20-data/BraTS20/data/volume_314_slice_83.npz,0
/kaggle/input/brats20-data/BraTS20/data/volume_107_slice_95.npz,0
/kaggle/input/brats20-data/BraTS20/data/volume_180_slice_120.npz,0
/kaggle/input/brats20-data/BraTS20/data/volume_357_slice_88.npz,0
/kaggle/input/brats20-data/BraTS20/data/volume_1_slice_87.npz,0
/kaggle/input/brats20-data/BraTS20/data/volume_189_slice_121.npz,0
/kaggle/input/brats20-data/BraTS20/data/volume_185_slice_123.npz,0
/kaggle/input/brats20-data/BraTS20/data/volume_121_slice_88.npz,0
/kaggle/input/brats20-data/BraTS20/data/volume_281_slice_124.npz,0
/kaggle/input/brats20-data/BraTS20/data/volume_217_slice_101.npz,0
/kaggle/input/brats20-data/BraTS20/data/volume_90_slice_113.npz,0
/kaggle/input/brats20-data/BraTS20/data/volume_366_slice_87.npz,0
/kaggle/input/brats20-data/BraTS20/data/volume_331_slice_107.npz,0
/kaggle/input/brats20-data/BraTS20/data/volume_96_slice_91.npz,0
/kaggle/input/brats20-data/BraTS20/data/volume_56_slice_123.npz,0
/kaggle/input/brats20-data/BraTS20/data/volume_277_slice_97.npz,0
/kaggle/input/brats20-data/BraTS20/data/volume_302_slice_105.npz,0
/kaggle/input/brats20-data/BraTS20/data/volume_139_slice_125.npz,0
/kaggle/input/brats20-data/BraTS20/data/volume_1_slice_128.npz,0
/kaggle/input/brats20-data/BraTS20/data/volume_262_slice_96.npz,0
/kaggle/input/brats20-data/BraTS20/data/volume_74_slice_126.npz,0
/kaggle/input/brats20-data/BraTS20/data/volume_156_slice_106.npz,0
/kaggle/input/brats20-data/BraTS20/data/volume_368_slice_95.npz,0
/kaggle/input/brats20-data/BraTS20/data/volume_6_slice_87.npz,0
/kaggle/input/brats20-data/BraTS20/data/volume_261_slice_117.npz,0
/kaggle/input/brats20-data/BraTS20/data/volume_262_slice_80.npz,0
/kaggle/input/brats20-data/BraTS20/data/volume_194_slice_105.npz,0
/kaggle/input/brats20-data/BraTS20/data/volume_289_slice_87.npz,0
/kaggle/input/brats20-data/BraTS20/data/volume_2_slice_90.npz,0
/kaggle/input/brats20-data/BraTS20/data/volume_283_slice_125.npz,0
/kaggle/input/brats20-data/BraTS20/data/volume_355_slice_80.npz,0
/kaggle/input/brats20-data/BraTS20/data/volume_208_slice_99.npz,0
/kaggle/input/brats20-data/BraTS20/data/volume_50_slice_111.npz,0
/kaggle/input/brats20-data/BraTS20/data/volume_151_slice_108.npz,0
/kaggle/input/brats20-data/BraTS20/data/volume_98_slice_98.npz,0
/kaggle/input/brats20-data/BraTS20/data/volume_163_slice_127.npz,0
/kaggle/input/brats20-data/BraTS20/data/volume_321_slice_95.npz,0
/kaggle/input/brats20-data/BraTS20/data/volume_107_slice_128.npz,0
/kaggle/input/brats20-data/BraTS20/data/volume_153_slice_110.npz,0
/kaggle/input/brats20-data/BraTS20/data/volume_50_slice_97.npz,0
/kaggle/input/brats20-data/BraTS20/data/volume_198_slice_91.npz,0
/kaggle/input/brats20-data/BraTS20/data/volume_215_slice_114.npz,0
/kaggle/input/brats20-data/BraTS20/data/volume_42_slice_108.npz,0
/kaggle/input/brats20-data/BraTS20/data/volume_164_slice_103.npz,0
/kaggle/input/brats20-data/BraTS20/data/volume_282_slice_112.npz,0
/kaggle/input/brats20-data/BraTS20/data/volume_311_slice_113.npz,0
/kaggle/input/brats20-data/BraTS20/data/volume_14_slice_108.npz,0
/kaggle/input/brats20-data/BraTS20/data/volume_279_slice_88.npz,0
/kaggle/input/brats20-data/BraTS20/data/volume_133_slice_83.npz,0
/kaggle/input/brats20-data/BraTS20/data/volume_141_slice_110.npz,0
/kaggle/input/brats20-data/BraTS20/data/volume_94_slice_123.npz,0
/kaggle/input/brats20-data/BraTS20/data/volume_174_slice_82.npz,0
/kaggle/input/brats20-data/BraTS20/data/volume_68_slice_86.npz,0
/kaggle/input/brats20-data/BraTS20/data/volume_178_slice_123.npz,0
/kaggle/input/brats20-data/BraTS20/data/volume_276_slice_95.npz,0
/kaggle/input/brats20-data/BraTS20/data/volume_296_slice_101.npz,0
/kaggle/input/brats20-data/BraTS20/data/volume_303_slice_119.npz,0
/kaggle/input/brats20-data/BraTS20/data/volume_103_slice_127.npz,0
/kaggle/input/brats20-data/BraTS20/data/volume_142_slice_114.npz,0
/kaggle/input/brats20-data/BraTS20/data/volume_357_slice_97.npz,0
/kaggle/input/brats20-data/BraTS20/data/volume_243_slice_128.npz,0
/kaggle/input/brats20-data/BraTS20/data/volume_365_slice_114.npz,0
/kaggle/input/brats20-data/BraTS20/data/volume_335_slice_124.npz,0
/kaggle/input/brats20-data/BraTS20/data/volume_96_slice_87.npz,0
/kaggle/input/brats20-data/BraTS20/data/volume_266_slice_111.npz,0
/kaggle/input/brats20-data/BraTS20/data/volume_321_slice_128.npz,0
/kaggle/input/brats20-data/BraTS20/data/volume_154_slice_89.npz,0
/kaggle/input/brats20-data/BraTS20/data/volume_245_slice_103.npz,0
/kaggle/input/brats20-data/BraTS20/data/volume_5_slice_109.npz,0
/kaggle/input/brats20-data/BraTS20/data/volume_79_slice_118.npz,0
/kaggle/input/brats20-data/BraTS20/data/volume_15_slice_128.npz,0
/kaggle/input/brats20-data/BraTS20/data/volume_56_slice_99.npz,0
/kaggle/input/brats20-data/BraTS20/data/volume_60_slice_112.npz,0
/kaggle/input/brats20-data/BraTS20/data/volume_88_slice_116.npz,0
/kaggle/input/brats20-data/BraTS20/data/volume_18_slice_102.npz,0
/kaggle/input/brats20-data/BraTS20/data/volume_59_slice_96.npz,0
/kaggle/input/brats20-data/BraTS20/data/volume_350_slice_112.npz,0
/kaggle/input/brats20-data/BraTS20/data/volume_39_slice_104.npz,0
/kaggle/input/brats20-data/BraTS20/data/volume_26_slice_120.npz,0
/kaggle/input/brats20-data/BraTS20/data/volume_239_slice_88.npz,0
/kaggle/input/brats20-data/BraTS20/data/volume_181_slice_109.npz,0
/kaggle/input/brats20-data/BraTS20/data/volume_261_slice_83.npz,0
/kaggle/input/brats20-data/BraTS20/data/volume_318_slice_119.npz,0
/kaggle/input/brats20-data/BraTS20/data/volume_152_slice_110.npz,0
/kaggle/input/brats20-data/BraTS20/data/volume_98_slice_111.npz,0
/kaggle/input/brats20-data/BraTS20/data/volume_351_slice_115.npz,0
/kaggle/input/brats20-data/BraTS20/data/volume_358_slice_86.npz,0
/kaggle/input/brats20-data/BraTS20/data/volume_238_slice_119.npz,0
/kaggle/input/brats20-data/BraTS20/data/volume_314_slice_99.npz,0
/kaggle/input/brats20-data/BraTS20/data/volume_288_slice_122.npz,0
/kaggle/input/brats20-data/BraTS20/data/volume_314_slice_88.npz,0
/kaggle/input/brats20-data/BraTS20/data/volume_129_slice_89.npz,0
/kaggle/input/brats20-data/BraTS20/data/volume_249_slice_126.npz,0
/kaggle/input/brats20-data/BraTS20/data/volume_59_slice_116.npz,0
/kaggle/input/brats20-data/BraTS20/data/volume_245_slice_97.npz,0
/kaggle/input/brats20-data/BraTS20/data/volume_251_slice_107.npz,0
/kaggle/input/brats20-data/BraTS20/data/volume_341_slice_113.npz,0
/kaggle/input/brats20-data/BraTS20/data/volume_234_slice_105.npz,0
/kaggle/input/brats20-data/BraTS20/data/volume_185_slice_103.npz,0
/kaggle/input/brats20-data/BraTS20/data/volume_219_slice_97.npz,0
/kaggle/input/brats20-data/BraTS20/data/volume_262_slice_85.npz,0
/kaggle/input/brats20-data/BraTS20/data/volume_350_slice_82.npz,0
/kaggle/input/brats20-data/BraTS20/data/volume_112_slice_127.npz,0
/kaggle/input/brats20-data/BraTS20/data/volume_181_slice_126.npz,0
/kaggle/input/brats20-data/BraTS20/data/volume_135_slice_114.npz,0
/kaggle/input/brats20-data/BraTS20/data/volume_173_slice_81.npz,0
/kaggle/input/brats20-data/BraTS20/data/volume_95_slice_104.npz,0
/kaggle/input/brats20-data/BraTS20/data/volume_63_slice_81.npz,0
/kaggle/input/brats20-data/BraTS20/data/volume_84_slice_88.npz,0
/kaggle/input/brats20-data/BraTS20/data/volume_1_slice_121.npz,0
/kaggle/input/brats20-data/BraTS20/data/volume_291_slice_83.npz,0
/kaggle/input/brats20-data/BraTS20/data/volume_261_slice_107.npz,0
/kaggle/input/brats20-data/BraTS20/data/volume_330_slice_114.npz,0
/kaggle/input/brats20-data/BraTS20/data/volume_213_slice_104.npz,0
/kaggle/input/brats20-data/BraTS20/data/volume_201_slice_112.npz,0
/kaggle/input/brats20-data/BraTS20/data/volume_141_slice_116.npz,0
/kaggle/input/brats20-data/BraTS20/data/volume_288_slice_113.npz,0
/kaggle/input/brats20-data/BraTS20/data/volume_189_slice_111.npz,0
/kaggle/input/brats20-data/BraTS20/data/volume_294_slice_125.npz,0
/kaggle/input/brats20-data/BraTS20/data/volume_352_slice_103.npz,0
/kaggle/input/brats20-data/BraTS20/data/volume_368_slice_86.npz,0
/kaggle/input/brats20-data/BraTS20/data/volume_302_slice_125.npz,0
/kaggle/input/brats20-data/BraTS20/data/volume_18_slice_106.npz,0
/kaggle/input/brats20-data/BraTS20/data/volume_44_slice_107.npz,0
/kaggle/input/brats20-data/BraTS20/data/volume_189_slice_115.npz,0
/kaggle/input/brats20-data/BraTS20/data/volume_159_slice_115.npz,0
/kaggle/input/brats20-data/BraTS20/data/volume_93_slice_118.npz,0
/kaggle/input/brats20-data/BraTS20/data/volume_243_slice_121.npz,0
/kaggle/input/brats20-data/BraTS20/data/volume_215_slice_120.npz,0
/kaggle/input/brats20-data/BraTS20/data/volume_213_slice_80.npz,0
/kaggle/input/brats20-data/BraTS20/data/volume_14_slice_121.npz,0
/kaggle/input/brats20-data/BraTS20/data/volume_5_slice_91.npz,0
/kaggle/input/brats20-data/BraTS20/data/volume_298_slice_108.npz,0
/kaggle/input/brats20-data/BraTS20/data/volume_58_slice_98.npz,0
/kaggle/input/brats20-data/BraTS20/data/volume_241_slice_91.npz,0
/kaggle/input/brats20-data/BraTS20/data/volume_22_slice_81.npz,0
/kaggle/input/brats20-data/BraTS20/data/volume_218_slice_95.npz,0
/kaggle/input/brats20-data/BraTS20/data/volume_356_slice_103.npz,0
/kaggle/input/brats20-data/BraTS20/data/volume_253_slice_118.npz,0
/kaggle/input/brats20-data/BraTS20/data/volume_90_slice_106.npz,0
/kaggle/input/brats20-data/BraTS20/data/volume_130_slice_125.npz,0
/kaggle/input/brats20-data/BraTS20/data/volume_304_slice_116.npz,0
/kaggle/input/brats20-data/BraTS20/data/volume_169_slice_112.npz,0
/kaggle/input/brats20-data/BraTS20/data/volume_119_slice_102.npz,0
/kaggle/input/brats20-data/BraTS20/data/volume_325_slice_116.npz,0
/kaggle/input/brats20-data/BraTS20/data/volume_136_slice_87.npz,0
/kaggle/input/brats20-data/BraTS20/data/volume_150_slice_96.npz,0
/kaggle/input/brats20-data/BraTS20/data/volume_125_slice_81.npz,0
/kaggle/input/brats20-data/BraTS20/data/volume_109_slice_87.npz,0
/kaggle/input/brats20-data/BraTS20/data/volume_213_slice_103.npz,0
/kaggle/input/brats20-data/BraTS20/data/volume_332_slice_124.npz,0
/kaggle/input/brats20-data/BraTS20/data/volume_350_slice_110.npz,0
/kaggle/input/brats20-data/BraTS20/data/volume_111_slice_126.npz,0
/kaggle/input/brats20-data/BraTS20/data/volume_311_slice_81.npz,0
/kaggle/input/brats20-data/BraTS20/data/volume_136_slice_91.npz,0
/kaggle/input/brats20-data/BraTS20/data/volume_349_slice_82.npz,0
/kaggle/input/brats20-data/BraTS20/data/volume_285_slice_122.npz,0
/kaggle/input/brats20-data/BraTS20/data/volume_87_slice_96.npz,0
/kaggle/input/brats20-data/BraTS20/data/volume_228_slice_103.npz,0
/kaggle/input/brats20-data/BraTS20/data/volume_307_slice_101.npz,0
/kaggle/input/brats20-data/BraTS20/data/volume_289_slice_92.npz,0
/kaggle/input/brats20-data/BraTS20/data/volume_125_slice_102.npz,0
/kaggle/input/brats20-data/BraTS20/data/volume_112_slice_120.npz,0
/kaggle/input/brats20-data/BraTS20/data/volume_79_slice_100.npz,0
/kaggle/input/brats20-data/BraTS20/data/volume_56_slice_96.npz,0
/kaggle/input/brats20-data/BraTS20/data/volume_281_slice_127.npz,0
/kaggle/input/brats20-data/BraTS20/data/volume_360_slice_81.npz,0
/kaggle/input/brats20-data/BraTS20/data/volume_126_slice_103.npz,0
/kaggle/input/brats20-data/BraTS20/data/volume_56_slice_128.npz,0
/kaggle/input/brats20-data/BraTS20/data/volume_194_slice_122.npz,0
/kaggle/input/brats20-data/BraTS20/data/volume_302_slice_127.npz,0
/kaggle/input/brats20-data/BraTS20/data/volume_98_slice_105.npz,0
/kaggle/input/brats20-data/BraTS20/data/volume_305_slice_88.npz,0
/kaggle/input/brats20-data/BraTS20/data/volume_294_slice_118.npz,0
/kaggle/input/brats20-data/BraTS20/data/volume_175_slice_93.npz,0
/kaggle/input/brats20-data/BraTS20/data/volume_347_slice_88.npz,0
/kaggle/input/brats20-data/BraTS20/data/volume_259_slice_123.npz,0
/kaggle/input/brats20-data/BraTS20/data/volume_324_slice_110.npz,0
/kaggle/input/brats20-data/BraTS20/data/volume_353_slice_105.npz,0
/kaggle/input/brats20-data/BraTS20/data/volume_182_slice_84.npz,0
/kaggle/input/brats20-data/BraTS20/data/volume_349_slice_91.npz,0
/kaggle/input/brats20-data/BraTS20/data/volume_45_slice_90.npz,0
/kaggle/input/brats20-data/BraTS20/data/volume_44_slice_101.npz,0
/kaggle/input/brats20-data/BraTS20/data/volume_234_slice_97.npz,0
/kaggle/input/brats20-data/BraTS20/data/volume_75_slice_108.npz,0
/kaggle/input/brats20-data/BraTS20/data/volume_281_slice_103.npz,0
/kaggle/input/brats20-data/BraTS20/data/volume_168_slice_84.npz,0
/kaggle/input/brats20-data/BraTS20/data/volume_132_slice_109.npz,0
/kaggle/input/brats20-data/BraTS20/data/volume_256_slice_125.npz,0
/kaggle/input/brats20-data/BraTS20/data/volume_354_slice_92.npz,0
/kaggle/input/brats20-data/BraTS20/data/volume_250_slice_111.npz,0
/kaggle/input/brats20-data/BraTS20/data/volume_260_slice_110.npz,0
/kaggle/input/brats20-data/BraTS20/data/volume_150_slice_87.npz,0
/kaggle/input/brats20-data/BraTS20/data/volume_42_slice_104.npz,0
/kaggle/input/brats20-data/BraTS20/data/volume_207_slice_87.npz,0
/kaggle/input/brats20-data/BraTS20/data/volume_30_slice_96.npz,0
/kaggle/input/brats20-data/BraTS20/data/volume_158_slice_84.npz,0
/kaggle/input/brats20-data/BraTS20/data/volume_35_slice_86.npz,0
/kaggle/input/brats20-data/BraTS20/data/volume_73_slice_106.npz,0
/kaggle/input/brats20-data/BraTS20/data/volume_73_slice_123.npz,0
/kaggle/input/brats20-data/BraTS20/data/volume_27_slice_96.npz,0
/kaggle/input/brats20-data/BraTS20/data/volume_213_slice_101.npz,0
/kaggle/input/brats20-data/BraTS20/data/volume_189_slice_123.npz,0
/kaggle/input/brats20-data/BraTS20/data/volume_339_slice_94.npz,0
/kaggle/input/brats20-data/BraTS20/data/volume_48_slice_82.npz,0
/kaggle/input/brats20-data/BraTS20/data/volume_298_slice_118.npz,0
/kaggle/input/brats20-data/BraTS20/data/volume_73_slice_115.npz,0
/kaggle/input/brats20-data/BraTS20/data/volume_143_slice_115.npz,0
/kaggle/input/brats20-data/BraTS20/data/volume_130_slice_101.npz,0
/kaggle/input/brats20-data/BraTS20/data/volume_49_slice_110.npz,0
/kaggle/input/brats20-data/BraTS20/data/volume_129_slice_128.npz,0
/kaggle/input/brats20-data/BraTS20/data/volume_87_slice_113.npz,0
/kaggle/input/brats20-data/BraTS20/data/volume_283_slice_86.npz,0
/kaggle/input/brats20-data/BraTS20/data/volume_167_slice_127.npz,0
/kaggle/input/brats20-data/BraTS20/data/volume_92_slice_85.npz,0
/kaggle/input/brats20-data/BraTS20/data/volume_282_slice_108.npz,0
/kaggle/input/brats20-data/BraTS20/data/volume_150_slice_100.npz,0
/kaggle/input/brats20-data/BraTS20/data/volume_31_slice_116.npz,0
/kaggle/input/brats20-data/BraTS20/data/volume_1_slice_120.npz,0
/kaggle/input/brats20-data/BraTS20/data/volume_332_slice_86.npz,0
/kaggle/input/brats20-data/BraTS20/data/volume_326_slice_80.npz,0
/kaggle/input/brats20-data/BraTS20/data/volume_320_slice_100.npz,0
/kaggle/input/brats20-data/BraTS20/data/volume_7_slice_125.npz,0
/kaggle/input/brats20-data/BraTS20/data/volume_271_slice_97.npz,0
/kaggle/input/brats20-data/BraTS20/data/volume_184_slice_100.npz,0
/kaggle/input/brats20-data/BraTS20/data/volume_365_slice_83.npz,0
/kaggle/input/brats20-data/BraTS20/data/volume_158_slice_83.npz,0
/kaggle/input/brats20-data/BraTS20/data/volume_127_slice_115.npz,0
/kaggle/input/brats20-data/BraTS20/data/volume_74_slice_107.npz,0
/kaggle/input/brats20-data/BraTS20/data/volume_147_slice_115.npz,0
/kaggle/input/brats20-data/BraTS20/data/volume_150_slice_104.npz,0
/kaggle/input/brats20-data/BraTS20/data/volume_173_slice_123.npz,0
/kaggle/input/brats20-data/BraTS20/data/volume_266_slice_116.npz,0
/kaggle/input/brats20-data/BraTS20/data/volume_367_slice_100.npz,0
/kaggle/input/brats20-data/BraTS20/data/volume_90_slice_89.npz,0
/kaggle/input/brats20-data/BraTS20/data/volume_178_slice_108.npz,0
/kaggle/input/brats20-data/BraTS20/data/volume_167_slice_128.npz,0
/kaggle/input/brats20-data/BraTS20/data/volume_96_slice_120.npz,0
/kaggle/input/brats20-data/BraTS20/data/volume_327_slice_93.npz,0
/kaggle/input/brats20-data/BraTS20/data/volume_346_slice_95.npz,0
/kaggle/input/brats20-data/BraTS20/data/volume_30_slice_111.npz,0
/kaggle/input/brats20-data/BraTS20/data/volume_1_slice_110.npz,0
/kaggle/input/brats20-data/BraTS20/data/volume_289_slice_90.npz,0
/kaggle/input/brats20-data/BraTS20/data/volume_306_slice_120.npz,0
/kaggle/input/brats20-data/BraTS20/data/volume_180_slice_83.npz,0
/kaggle/input/brats20-data/BraTS20/data/volume_60_slice_122.npz,0
/kaggle/input/brats20-data/BraTS20/data/volume_209_slice_82.npz,0
/kaggle/input/brats20-data/BraTS20/data/volume_250_slice_107.npz,0
/kaggle/input/brats20-data/BraTS20/data/volume_348_slice_94.npz,0
/kaggle/input/brats20-data/BraTS20/data/volume_240_slice_114.npz,0
/kaggle/input/brats20-data/BraTS20/data/volume_27_slice_109.npz,0
/kaggle/input/brats20-data/BraTS20/data/volume_268_slice_96.npz,0
/kaggle/input/brats20-data/BraTS20/data/volume_41_slice_99.npz,0
/kaggle/input/brats20-data/BraTS20/data/volume_114_slice_95.npz,0
/kaggle/input/brats20-data/BraTS20/data/volume_132_slice_119.npz,0
/kaggle/input/brats20-data/BraTS20/data/volume_312_slice_101.npz,0
/kaggle/input/brats20-data/BraTS20/data/volume_280_slice_116.npz,0
/kaggle/input/brats20-data/BraTS20/data/volume_235_slice_80.npz,0
/kaggle/input/brats20-data/BraTS20/data/volume_159_slice_97.npz,0
/kaggle/input/brats20-data/BraTS20/data/volume_248_slice_116.npz,0
/kaggle/input/brats20-data/BraTS20/data/volume_24_slice_117.npz,0
/kaggle/input/brats20-data/BraTS20/data/volume_197_slice_126.npz,0
/kaggle/input/brats20-data/BraTS20/data/volume_214_slice_121.npz,0
/kaggle/input/brats20-data/BraTS20/data/volume_27_slice_91.npz,0
/kaggle/input/brats20-data/BraTS20/data/volume_215_slice_112.npz,0
/kaggle/input/brats20-data/BraTS20/data/volume_368_slice_122.npz,0
/kaggle/input/brats20-data/BraTS20/data/volume_174_slice_89.npz,0
/kaggle/input/brats20-data/BraTS20/data/volume_155_slice_88.npz,0
/kaggle/input/brats20-data/BraTS20/data/volume_42_slice_95.npz,0
/kaggle/input/brats20-data/BraTS20/data/volume_188_slice_122.npz,0
/kaggle/input/brats20-data/BraTS20/data/volume_69_slice_95.npz,0
/kaggle/input/brats20-data/BraTS20/data/volume_194_slice_100.npz,0
/kaggle/input/brats20-data/BraTS20/data/volume_309_slice_93.npz,0
/kaggle/input/brats20-data/BraTS20/data/volume_332_slice_93.npz,0
/kaggle/input/brats20-data/BraTS20/data/volume_36_slice_117.npz,0
/kaggle/input/brats20-data/BraTS20/data/volume_185_slice_93.npz,0
/kaggle/input/brats20-data/BraTS20/data/volume_242_slice_102.npz,0
/kaggle/input/brats20-data/BraTS20/data/volume_337_slice_114.npz,0
/kaggle/input/brats20-data/BraTS20/data/volume_352_slice_80.npz,0
/kaggle/input/brats20-data/BraTS20/data/volume_130_slice_123.npz,0
/kaggle/input/brats20-data/BraTS20/data/volume_160_slice_93.npz,0
/kaggle/input/brats20-data/BraTS20/data/volume_79_slice_96.npz,0
/kaggle/input/brats20-data/BraTS20/data/volume_114_slice_125.npz,0
/kaggle/input/brats20-data/BraTS20/data/volume_349_slice_97.npz,0
/kaggle/input/brats20-data/BraTS20/data/volume_44_slice_90.npz,0
/kaggle/input/brats20-data/BraTS20/data/volume_4_slice_113.npz,0
/kaggle/input/brats20-data/BraTS20/data/volume_159_slice_94.npz,0
/kaggle/input/brats20-data/BraTS20/data/volume_48_slice_109.npz,0
/kaggle/input/brats20-data/BraTS20/data/volume_355_slice_128.npz,0
/kaggle/input/brats20-data/BraTS20/data/volume_306_slice_91.npz,0
/kaggle/input/brats20-data/BraTS20/data/volume_301_slice_115.npz,0
/kaggle/input/brats20-data/BraTS20/data/volume_144_slice_126.npz,0
/kaggle/input/brats20-data/BraTS20/data/volume_119_slice_110.npz,0
/kaggle/input/brats20-data/BraTS20/data/volume_178_slice_104.npz,0
/kaggle/input/brats20-data/BraTS20/data/volume_155_slice_97.npz,0
/kaggle/input/brats20-data/BraTS20/data/volume_87_slice_85.npz,0
/kaggle/input/brats20-data/BraTS20/data/volume_154_slice_99.npz,0
/kaggle/input/brats20-data/BraTS20/data/volume_122_slice_105.npz,0
/kaggle/input/brats20-data/BraTS20/data/volume_59_slice_105.npz,0
/kaggle/input/brats20-data/BraTS20/data/volume_311_slice_84.npz,0
/kaggle/input/brats20-data/BraTS20/data/volume_3_slice_83.npz,0
/kaggle/input/brats20-data/BraTS20/data/volume_151_slice_80.npz,0
/kaggle/input/brats20-data/BraTS20/data/volume_218_slice_92.npz,0
/kaggle/input/brats20-data/BraTS20/data/volume_355_slice_127.npz,0
/kaggle/input/brats20-data/BraTS20/data/volume_22_slice_107.npz,0
/kaggle/input/brats20-data/BraTS20/data/volume_227_slice_101.npz,0
/kaggle/input/brats20-data/BraTS20/data/volume_306_slice_80.npz,0
/kaggle/input/brats20-data/BraTS20/data/volume_139_slice_115.npz,0
/kaggle/input/brats20-data/BraTS20/data/volume_349_slice_128.npz,0
/kaggle/input/brats20-data/BraTS20/data/volume_164_slice_97.npz,0
/kaggle/input/brats20-data/BraTS20/data/volume_115_slice_96.npz,0
/kaggle/input/brats20-data/BraTS20/data/volume_55_slice_127.npz,0
/kaggle/input/brats20-data/BraTS20/data/volume_184_slice_82.npz,0
/kaggle/input/brats20-data/BraTS20/data/volume_81_slice_108.npz,0
/kaggle/input/brats20-data/BraTS20/data/volume_47_slice_95.npz,0
/kaggle/input/brats20-data/BraTS20/data/volume_292_slice_115.npz,0
/kaggle/input/brats20-data/BraTS20/data/volume_126_slice_83.npz,0
/kaggle/input/brats20-data/BraTS20/data/volume_312_slice_97.npz,0
/kaggle/input/brats20-data/BraTS20/data/volume_152_slice_114.npz,0
/kaggle/input/brats20-data/BraTS20/data/volume_267_slice_105.npz,0
/kaggle/input/brats20-data/BraTS20/data/volume_175_slice_92.npz,0
/kaggle/input/brats20-data/BraTS20/data/volume_234_slice_126.npz,0
/kaggle/input/brats20-data/BraTS20/data/volume_133_slice_82.npz,0
/kaggle/input/brats20-data/BraTS20/data/volume_314_slice_123.npz,0
/kaggle/input/brats20-data/BraTS20/data/volume_262_slice_81.npz,0
/kaggle/input/brats20-data/BraTS20/data/volume_95_slice_121.npz,0
/kaggle/input/brats20-data/BraTS20/data/volume_316_slice_128.npz,0
/kaggle/input/brats20-data/BraTS20/data/volume_360_slice_91.npz,0
/kaggle/input/brats20-data/BraTS20/data/volume_54_slice_124.npz,0
/kaggle/input/brats20-data/BraTS20/data/volume_360_slice_80.npz,0
/kaggle/input/brats20-data/BraTS20/data/volume_278_slice_80.npz,0
/kaggle/input/brats20-data/BraTS20/data/volume_182_slice_92.npz,0
/kaggle/input/brats20-data/BraTS20/data/volume_51_slice_118.npz,0
/kaggle/input/brats20-data/BraTS20/data/volume_135_slice_91.npz,0
/kaggle/input/brats20-data/BraTS20/data/volume_231_slice_117.npz,0
/kaggle/input/brats20-data/BraTS20/data/volume_117_slice_83.npz,0
/kaggle/input/brats20-data/BraTS20/data/volume_71_slice_109.npz,0
/kaggle/input/brats20-data/BraTS20/data/volume_172_slice_104.npz,0
/kaggle/input/brats20-data/BraTS20/data/volume_43_slice_96.npz,0
/kaggle/input/brats20-data/BraTS20/data/volume_353_slice_111.npz,0
/kaggle/input/brats20-data/BraTS20/data/volume_294_slice_90.npz,0
/kaggle/input/brats20-data/BraTS20/data/volume_155_slice_121.npz,0
/kaggle/input/brats20-data/BraTS20/data/volume_196_slice_107.npz,0
/kaggle/input/brats20-data/BraTS20/data/volume_367_slice_128.npz,0
/kaggle/input/brats20-data/BraTS20/data/volume_44_slice_112.npz,0
/kaggle/input/brats20-data/BraTS20/data/volume_201_slice_87.npz,0
/kaggle/input/brats20-data/BraTS20/data/volume_296_slice_102.npz,0
/kaggle/input/brats20-data/BraTS20/data/volume_1_slice_90.npz,0
/kaggle/input/brats20-data/BraTS20/data/volume_53_slice_123.npz,0
/kaggle/input/brats20-data/BraTS20/data/volume_15_slice_88.npz,0
/kaggle/input/brats20-data/BraTS20/data/volume_139_slice_120.npz,0
/kaggle/input/brats20-data/BraTS20/data/volume_59_slice_97.npz,0
/kaggle/input/brats20-data/BraTS20/data/volume_292_slice_93.npz,0
/kaggle/input/brats20-data/BraTS20/data/volume_28_slice_119.npz,0
/kaggle/input/brats20-data/BraTS20/data/volume_280_slice_99.npz,0
/kaggle/input/brats20-data/BraTS20/data/volume_33_slice_118.npz,0
/kaggle/input/brats20-data/BraTS20/data/volume_241_slice_82.npz,0
/kaggle/input/brats20-data/BraTS20/data/volume_366_slice_113.npz,0
/kaggle/input/brats20-data/BraTS20/data/volume_337_slice_128.npz,0
/kaggle/input/brats20-data/BraTS20/data/volume_51_slice_104.npz,0
/kaggle/input/brats20-data/BraTS20/data/volume_184_slice_107.npz,0
/kaggle/input/brats20-data/BraTS20/data/volume_31_slice_112.npz,0
/kaggle/input/brats20-data/BraTS20/data/volume_245_slice_98.npz,0
/kaggle/input/brats20-data/BraTS20/data/volume_321_slice_124.npz,0
/kaggle/input/brats20-data/BraTS20/data/volume_121_slice_113.npz,0
/kaggle/input/brats20-data/BraTS20/data/volume_259_slice_85.npz,0
/kaggle/input/brats20-data/BraTS20/data/volume_179_slice_111.npz,0
/kaggle/input/brats20-data/BraTS20/data/volume_160_slice_126.npz,0
/kaggle/input/brats20-data/BraTS20/data/volume_28_slice_118.npz,0
/kaggle/input/brats20-data/BraTS20/data/volume_80_slice_80.npz,0
/kaggle/input/brats20-data/BraTS20/data/volume_234_slice_89.npz,0
/kaggle/input/brats20-data/BraTS20/data/volume_262_slice_128.npz,0
/kaggle/input/brats20-data/BraTS20/data/volume_232_slice_105.npz,0
/kaggle/input/brats20-data/BraTS20/data/volume_111_slice_80.npz,0
/kaggle/input/brats20-data/BraTS20/data/volume_103_slice_120.npz,0
/kaggle/input/brats20-data/BraTS20/data/volume_51_slice_85.npz,0
/kaggle/input/brats20-data/BraTS20/data/volume_293_slice_102.npz,0
/kaggle/input/brats20-data/BraTS20/data/volume_47_slice_90.npz,0
/kaggle/input/brats20-data/BraTS20/data/volume_253_slice_93.npz,0
/kaggle/input/brats20-data/BraTS20/data/volume_72_slice_108.npz,0
/kaggle/input/brats20-data/BraTS20/data/volume_109_slice_119.npz,0
/kaggle/input/brats20-data/BraTS20/data/volume_365_slice_115.npz,0
/kaggle/input/brats20-data/BraTS20/data/volume_39_slice_123.npz,0
/kaggle/input/brats20-data/BraTS20/data/volume_289_slice_115.npz,0
/kaggle/input/brats20-data/BraTS20/data/volume_358_slice_87.npz,0
/kaggle/input/brats20-data/BraTS20/data/volume_137_slice_86.npz,0
/kaggle/input/brats20-data/BraTS20/data/volume_194_slice_86.npz,0
/kaggle/input/brats20-data/BraTS20/data/volume_239_slice_103.npz,0
/kaggle/input/brats20-data/BraTS20/data/volume_136_slice_98.npz,0
/kaggle/input/brats20-data/BraTS20/data/volume_320_slice_112.npz,0
/kaggle/input/brats20-data/BraTS20/data/volume_135_slice_107.npz,0
/kaggle/input/brats20-data/BraTS20/data/volume_178_slice_122.npz,0
/kaggle/input/brats20-data/BraTS20/data/volume_296_slice_88.npz,0
/kaggle/input/brats20-data/BraTS20/data/volume_192_slice_100.npz,0
/kaggle/input/brats20-data/BraTS20/data/volume_29_slice_114.npz,0
/kaggle/input/brats20-data/BraTS20/data/volume_202_slice_86.npz,0
/kaggle/input/brats20-data/BraTS20/data/volume_215_slice_126.npz,0
/kaggle/input/brats20-data/BraTS20/data/volume_173_slice_86.npz,0
/kaggle/input/brats20-data/BraTS20/data/volume_268_slice_85.npz,0
/kaggle/input/brats20-data/BraTS20/data/volume_339_slice_87.npz,0
/kaggle/input/brats20-data/BraTS20/data/volume_129_slice_92.npz,0
/kaggle/input/brats20-data/BraTS20/data/volume_71_slice_96.npz,0
/kaggle/input/brats20-data/BraTS20/data/volume_202_slice_111.npz,0
/kaggle/input/brats20-data/BraTS20/data/volume_8_slice_112.npz,0
/kaggle/input/brats20-data/BraTS20/data/volume_36_slice_89.npz,0
/kaggle/input/brats20-data/BraTS20/data/volume_137_slice_94.npz,0
/kaggle/input/brats20-data/BraTS20/data/volume_324_slice_88.npz,0
/kaggle/input/brats20-data/BraTS20/data/volume_259_slice_89.npz,0
/kaggle/input/brats20-data/BraTS20/data/volume_211_slice_111.npz,0
/kaggle/input/brats20-data/BraTS20/data/volume_117_slice_115.npz,0
/kaggle/input/brats20-data/BraTS20/data/volume_37_slice_117.npz,0
/kaggle/input/brats20-data/BraTS20/data/volume_231_slice_92.npz,0
/kaggle/input/brats20-data/BraTS20/data/volume_276_slice_80.npz,0
/kaggle/input/brats20-data/BraTS20/data/volume_295_slice_115.npz,0
/kaggle/input/brats20-data/BraTS20/data/volume_174_slice_105.npz,0
/kaggle/input/brats20-data/BraTS20/data/volume_89_slice_91.npz,0
/kaggle/input/brats20-data/BraTS20/data/volume_164_slice_101.npz,0
/kaggle/input/brats20-data/BraTS20/data/volume_311_slice_98.npz,0
/kaggle/input/brats20-data/BraTS20/data/volume_62_slice_122.npz,0
/kaggle/input/brats20-data/BraTS20/data/volume_56_slice_81.npz,0
/kaggle/input/brats20-data/BraTS20/data/volume_36_slice_85.npz,0
/kaggle/input/brats20-data/BraTS20/data/volume_100_slice_87.npz,0
/kaggle/input/brats20-data/BraTS20/data/volume_302_slice_96.npz,0
/kaggle/input/brats20-data/BraTS20/data/volume_110_slice_112.npz,0
/kaggle/input/brats20-data/BraTS20/data/volume_283_slice_100.npz,0
/kaggle/input/brats20-data/BraTS20/data/volume_366_slice_81.npz,0
/kaggle/input/brats20-data/BraTS20/data/volume_122_slice_87.npz,0
/kaggle/input/brats20-data/BraTS20/data/volume_268_slice_108.npz,0
/kaggle/input/brats20-data/BraTS20/data/volume_18_slice_95.npz,0
/kaggle/input/brats20-data/BraTS20/data/volume_285_slice_84.npz,0
/kaggle/input/brats20-data/BraTS20/data/volume_63_slice_82.npz,0
/kaggle/input/brats20-data/BraTS20/data/volume_298_slice_85.npz,0
/kaggle/input/brats20-data/BraTS20/data/volume_9_slice_111.npz,0
/kaggle/input/brats20-data/BraTS20/data/volume_132_slice_115.npz,0
/kaggle/input/brats20-data/BraTS20/data/volume_6_slice_97.npz,0
/kaggle/input/brats20-data/BraTS20/data/volume_71_slice_117.npz,0
/kaggle/input/brats20-data/BraTS20/data/volume_285_slice_88.npz,0
/kaggle/input/brats20-data/BraTS20/data/volume_366_slice_98.npz,0
/kaggle/input/brats20-data/BraTS20/data/volume_365_slice_110.npz,0
/kaggle/input/brats20-data/BraTS20/data/volume_156_slice_85.npz,0
/kaggle/input/brats20-data/BraTS20/data/volume_237_slice_101.npz,0
/kaggle/input/brats20-data/BraTS20/data/volume_79_slice_101.npz,0
/kaggle/input/brats20-data/BraTS20/data/volume_129_slice_127.npz,0
/kaggle/input/brats20-data/BraTS20/data/volume_248_slice_90.npz,0
/kaggle/input/brats20-data/BraTS20/data/volume_232_slice_110.npz,0
/kaggle/input/brats20-data/BraTS20/data/volume_218_slice_116.npz,0
/kaggle/input/brats20-data/BraTS20/data/volume_197_slice_106.npz,0
/kaggle/input/brats20-data/BraTS20/data/volume_14_slice_112.npz,0
/kaggle/input/brats20-data/BraTS20/data/volume_355_slice_120.npz,0
/kaggle/input/brats20-data/BraTS20/data/volume_289_slice_98.npz,0
/kaggle/input/brats20-data/BraTS20/data/volume_305_slice_109.npz,0
/kaggle/input/brats20-data/BraTS20/data/volume_2_slice_109.npz,0
/kaggle/input/brats20-data/BraTS20/data/volume_89_slice_83.npz,0
/kaggle/input/brats20-data/BraTS20/data/volume_24_slice_94.npz,0
/kaggle/input/brats20-data/BraTS20/data/volume_261_slice_97.npz,0
/kaggle/input/brats20-data/BraTS20/data/volume_154_slice_101.npz,0
/kaggle/input/brats20-data/BraTS20/data/volume_262_slice_103.npz,0
/kaggle/input/brats20-data/BraTS20/data/volume_122_slice_81.npz,0
/kaggle/input/brats20-data/BraTS20/data/volume_299_slice_89.npz,0
/kaggle/input/brats20-data/BraTS20/data/volume_366_slice_84.npz,0
/kaggle/input/brats20-data/BraTS20/data/volume_290_slice_111.npz,0
/kaggle/input/brats20-data/BraTS20/data/volume_206_slice_117.npz,0
/kaggle/input/brats20-data/BraTS20/data/volume_144_slice_93.npz,0
/kaggle/input/brats20-data/BraTS20/data/volume_243_slice_83.npz,0
/kaggle/input/brats20-data/BraTS20/data/volume_182_slice_85.npz,0
/kaggle/input/brats20-data/BraTS20/data/volume_45_slice_117.npz,0
/kaggle/input/brats20-data/BraTS20/data/volume_9_slice_97.npz,0
/kaggle/input/brats20-data/BraTS20/data/volume_293_slice_89.npz,0
/kaggle/input/brats20-data/BraTS20/data/volume_249_slice_125.npz,0
/kaggle/input/brats20-data/BraTS20/data/volume_178_slice_95.npz,0
/kaggle/input/brats20-data/BraTS20/data/volume_164_slice_86.npz,0
/kaggle/input/brats20-data/BraTS20/data/volume_210_slice_83.npz,0
/kaggle/input/brats20-data/BraTS20/data/volume_189_slice_90.npz,0
/kaggle/input/brats20-data/BraTS20/data/volume_329_slice_90.npz,0
/kaggle/input/brats20-data/BraTS20/data/volume_152_slice_101.npz,0
/kaggle/input/brats20-data/BraTS20/data/volume_209_slice_111.npz,0
/kaggle/input/brats20-data/BraTS20/data/volume_157_slice_89.npz,0
/kaggle/input/brats20-data/BraTS20/data/volume_260_slice_109.npz,0
/kaggle/input/brats20-data/BraTS20/data/volume_6_slice_95.npz,0
/kaggle/input/brats20-data/BraTS20/data/volume_198_slice_84.npz,0
/kaggle/input/brats20-data/BraTS20/data/volume_22_slice_109.npz,0
/kaggle/input/brats20-data/BraTS20/data/volume_54_slice_111.npz,0
/kaggle/input/brats20-data/BraTS20/data/volume_309_slice_128.npz,0
/kaggle/input/brats20-data/BraTS20/data/volume_112_slice_81.npz,0
/kaggle/input/brats20-data/BraTS20/data/volume_3_slice_100.npz,0
/kaggle/input/brats20-data/BraTS20/data/volume_89_slice_108.npz,0
/kaggle/input/brats20-data/BraTS20/data/volume_279_slice_102.npz,0
/kaggle/input/brats20-data/BraTS20/data/volume_178_slice_83.npz,0
/kaggle/input/brats20-data/BraTS20/data/volume_43_slice_84.npz,0
/kaggle/input/brats20-data/BraTS20/data/volume_90_slice_96.npz,0
/kaggle/input/brats20-data/BraTS20/data/volume_365_slice_109.npz,0
/kaggle/input/brats20-data/BraTS20/data/volume_16_slice_88.npz,0
/kaggle/input/brats20-data/BraTS20/data/volume_205_slice_120.npz,0
/kaggle/input/brats20-data/BraTS20/data/volume_250_slice_113.npz,0
/kaggle/input/brats20-data/BraTS20/data/volume_41_slice_111.npz,0
/kaggle/input/brats20-data/BraTS20/data/volume_242_slice_82.npz,0
/kaggle/input/brats20-data/BraTS20/data/volume_259_slice_125.npz,0
/kaggle/input/brats20-data/BraTS20/data/volume_37_slice_82.npz,0
/kaggle/input/brats20-data/BraTS20/data/volume_30_slice_124.npz,0
/kaggle/input/brats20-data/BraTS20/data/volume_135_slice_117.npz,0
/kaggle/input/brats20-data/BraTS20/data/volume_22_slice_104.npz,0
/kaggle/input/brats20-data/BraTS20/data/volume_141_slice_113.npz,0
/kaggle/input/brats20-data/BraTS20/data/volume_77_slice_81.npz,0
/kaggle/input/brats20-data/BraTS20/data/volume_313_slice_101.npz,0
/kaggle/input/brats20-data/BraTS20/data/volume_180_slice_110.npz,0
/kaggle/input/brats20-data/BraTS20/data/volume_189_slice_127.npz,0
/kaggle/input/brats20-data/BraTS20/data/volume_266_slice_97.npz,0
/kaggle/input/brats20-data/BraTS20/data/volume_44_slice_89.npz,0
/kaggle/input/brats20-data/BraTS20/data/volume_117_slice_90.npz,0
/kaggle/input/brats20-data/BraTS20/data/volume_289_slice_81.npz,0
/kaggle/input/brats20-data/BraTS20/data/volume_75_slice_84.npz,0
/kaggle/input/brats20-data/BraTS20/data/volume_307_slice_124.npz,0
/kaggle/input/brats20-data/BraTS20/data/volume_235_slice_98.npz,0
/kaggle/input/brats20-data/BraTS20/data/volume_169_slice_105.npz,0
/kaggle/input/brats20-data/BraTS20/data/volume_250_slice_99.npz,0
/kaggle/input/brats20-data/BraTS20/data/volume_152_slice_99.npz,0
/kaggle/input/brats20-data/BraTS20/data/volume_210_slice_100.npz,0
/kaggle/input/brats20-data/BraTS20/data/volume_252_slice_104.npz,0
/kaggle/input/brats20-data/BraTS20/data/volume_300_slice_123.npz,0
/kaggle/input/brats20-data/BraTS20/data/volume_7_slice_116.npz,0
/kaggle/input/brats20-data/BraTS20/data/volume_313_slice_117.npz,0
/kaggle/input/brats20-data/BraTS20/data/volume_59_slice_125.npz,0
/kaggle/input/brats20-data/BraTS20/data/volume_92_slice_112.npz,0
/kaggle/input/brats20-data/BraTS20/data/volume_218_slice_118.npz,0
/kaggle/input/brats20-data/BraTS20/data/volume_210_slice_121.npz,0
/kaggle/input/brats20-data/BraTS20/data/volume_355_slice_108.npz,0
/kaggle/input/brats20-data/BraTS20/data/volume_37_slice_93.npz,0
/kaggle/input/brats20-data/BraTS20/data/volume_205_slice_98.npz,0
/kaggle/input/brats20-data/BraTS20/data/volume_69_slice_117.npz,0
/kaggle/input/brats20-data/BraTS20/data/volume_227_slice_115.npz,0
/kaggle/input/brats20-data/BraTS20/data/volume_129_slice_85.npz,0
/kaggle/input/brats20-data/BraTS20/data/volume_214_slice_95.npz,0
/kaggle/input/brats20-data/BraTS20/data/volume_19_slice_110.npz,0
/kaggle/input/brats20-data/BraTS20/data/volume_51_slice_117.npz,0
/kaggle/input/brats20-data/BraTS20/data/volume_336_slice_112.npz,0
/kaggle/input/brats20-data/BraTS20/data/volume_267_slice_116.npz,0
/kaggle/input/brats20-data/BraTS20/data/volume_47_slice_107.npz,0
/kaggle/input/brats20-data/BraTS20/data/volume_25_slice_125.npz,0
/kaggle/input/brats20-data/BraTS20/data/volume_155_slice_112.npz,0
/kaggle/input/brats20-data/BraTS20/data/volume_35_slice_119.npz,0
/kaggle/input/brats20-data/BraTS20/data/volume_331_slice_89.npz,0
/kaggle/input/brats20-data/BraTS20/data/volume_85_slice_108.npz,0
/kaggle/input/brats20-data/BraTS20/data/volume_158_slice_121.npz,0
/kaggle/input/brats20-data/BraTS20/data/volume_17_slice_103.npz,0
/kaggle/input/brats20-data/BraTS20/data/volume_117_slice_104.npz,0
/kaggle/input/brats20-data/BraTS20/data/volume_265_slice_93.npz,0
/kaggle/input/brats20-data/BraTS20/data/volume_22_slice_116.npz,0
/kaggle/input/brats20-data/BraTS20/data/volume_46_slice_121.npz,0
/kaggle/input/brats20-data/BraTS20/data/volume_341_slice_105.npz,0
/kaggle/input/brats20-data/BraTS20/data/volume_309_slice_92.npz,0
/kaggle/input/brats20-data/BraTS20/data/volume_67_slice_111.npz,0
/kaggle/input/brats20-data/BraTS20/data/volume_234_slice_114.npz,0
/kaggle/input/brats20-data/BraTS20/data/volume_49_slice_88.npz,0
/kaggle/input/brats20-data/BraTS20/data/volume_100_slice_109.npz,0
/kaggle/input/brats20-data/BraTS20/data/volume_5_slice_110.npz,0
/kaggle/input/brats20-data/BraTS20/data/volume_303_slice_102.npz,0
/kaggle/input/brats20-data/BraTS20/data/volume_252_slice_102.npz,0
/kaggle/input/brats20-data/BraTS20/data/volume_269_slice_92.npz,0
/kaggle/input/brats20-data/BraTS20/data/volume_160_slice_92.npz,0
/kaggle/input/brats20-data/BraTS20/data/volume_177_slice_97.npz,0
/kaggle/input/brats20-data/BraTS20/data/volume_151_slice_125.npz,0
/kaggle/input/brats20-data/BraTS20/data/volume_126_slice_101.npz,0
/kaggle/input/brats20-data/BraTS20/data/volume_318_slice_123.npz,0
/kaggle/input/brats20-data/BraTS20/data/volume_150_slice_109.npz,0
/kaggle/input/brats20-data/BraTS20/data/volume_178_slice_105.npz,0
/kaggle/input/brats20-data/BraTS20/data/volume_51_slice_112.npz,0
/kaggle/input/brats20-data/BraTS20/data/volume_249_slice_95.npz,0
/kaggle/input/brats20-data/BraTS20/data/volume_139_slice_83.npz,0
/kaggle/input/brats20-data/BraTS20/data/volume_165_slice_93.npz,0
/kaggle/input/brats20-data/BraTS20/data/volume_318_slice_122.npz,0
/kaggle/input/brats20-data/BraTS20/data/volume_122_slice_100.npz,0
/kaggle/input/brats20-data/BraTS20/data/volume_337_slice_127.npz,0
/kaggle/input/brats20-data/BraTS20/data/volume_362_slice_87.npz,0
/kaggle/input/brats20-data/BraTS20/data/volume_67_slice_128.npz,0
/kaggle/input/brats20-data/BraTS20/data/volume_38_slice_89.npz,0
/kaggle/input/brats20-data/BraTS20/data/volume_174_slice_112.npz,0
/kaggle/input/brats20-data/BraTS20/data/volume_112_slice_84.npz,0
/kaggle/input/brats20-data/BraTS20/data/volume_23_slice_105.npz,0
/kaggle/input/brats20-data/BraTS20/data/volume_307_slice_113.npz,0
/kaggle/input/brats20-data/BraTS20/data/volume_232_slice_122.npz,0
/kaggle/input/brats20-data/BraTS20/data/volume_64_slice_122.npz,0
/kaggle/input/brats20-data/BraTS20/data/volume_261_slice_105.npz,0
/kaggle/input/brats20-data/BraTS20/data/volume_188_slice_100.npz,0
/kaggle/input/brats20-data/BraTS20/data/volume_276_slice_125.npz,0
/kaggle/input/brats20-data/BraTS20/data/volume_217_slice_107.npz,0
/kaggle/input/brats20-data/BraTS20/data/volume_118_slice_118.npz,0
/kaggle/input/brats20-data/BraTS20/data/volume_327_slice_96.npz,0
/kaggle/input/brats20-data/BraTS20/data/volume_366_slice_114.npz,0
/kaggle/input/brats20-data/BraTS20/data/volume_205_slice_82.npz,0
/kaggle/input/brats20-data/BraTS20/data/volume_14_slice_90.npz,0
/kaggle/input/brats20-data/BraTS20/data/volume_287_slice_122.npz,0
/kaggle/input/brats20-data/BraTS20/data/volume_4_slice_107.npz,0
/kaggle/input/brats20-data/BraTS20/data/volume_327_slice_80.npz,0
/kaggle/input/brats20-data/BraTS20/data/volume_117_slice_125.npz,0
/kaggle/input/brats20-data/BraTS20/data/volume_45_slice_93.npz,0
/kaggle/input/brats20-data/BraTS20/data/volume_71_slice_126.npz,0
/kaggle/input/brats20-data/BraTS20/data/volume_313_slice_80.npz,0
/kaggle/input/brats20-data/BraTS20/data/volume_294_slice_86.npz,0
/kaggle/input/brats20-data/BraTS20/data/volume_259_slice_122.npz,0
/kaggle/input/brats20-data/BraTS20/data/volume_50_slice_105.npz,0
/kaggle/input/brats20-data/BraTS20/data/volume_185_slice_128.npz,0
/kaggle/input/brats20-data/BraTS20/data/volume_42_slice_94.npz,0
/kaggle/input/brats20-data/BraTS20/data/volume_45_slice_114.npz,0
/kaggle/input/brats20-data/BraTS20/data/volume_296_slice_85.npz,0
/kaggle/input/brats20-data/BraTS20/data/volume_194_slice_118.npz,0
/kaggle/input/brats20-data/BraTS20/data/volume_93_slice_128.npz,0
/kaggle/input/brats20-data/BraTS20/data/volume_75_slice_85.npz,0
/kaggle/input/brats20-data/BraTS20/data/volume_353_slice_108.npz,0
/kaggle/input/brats20-data/BraTS20/data/volume_79_slice_82.npz,0
/kaggle/input/brats20-data/BraTS20/data/volume_335_slice_115.npz,0
/kaggle/input/brats20-data/BraTS20/data/volume_333_slice_111.npz,0
/kaggle/input/brats20-data/BraTS20/data/volume_184_slice_124.npz,0
/kaggle/input/brats20-data/BraTS20/data/volume_45_slice_94.npz,0
/kaggle/input/brats20-data/BraTS20/data/volume_115_slice_80.npz,0
/kaggle/input/brats20-data/BraTS20/data/volume_308_slice_100.npz,0
/kaggle/input/brats20-data/BraTS20/data/volume_14_slice_80.npz,0
/kaggle/input/brats20-data/BraTS20/data/volume_259_slice_88.npz,0
/kaggle/input/brats20-data/BraTS20/data/volume_279_slice_100.npz,0
/kaggle/input/brats20-data/BraTS20/data/volume_83_slice_88.npz,0
/kaggle/input/brats20-data/BraTS20/data/volume_215_slice_85.npz,0
/kaggle/input/brats20-data/BraTS20/data/volume_104_slice_100.npz,0
/kaggle/input/brats20-data/BraTS20/data/volume_102_slice_128.npz,0
/kaggle/input/brats20-data/BraTS20/data/volume_237_slice_95.npz,0
/kaggle/input/brats20-data/BraTS20/data/volume_293_slice_116.npz,0
/kaggle/input/brats20-data/BraTS20/data/volume_347_slice_92.npz,0
/kaggle/input/brats20-data/BraTS20/data/volume_114_slice_110.npz,0
/kaggle/input/brats20-data/BraTS20/data/volume_306_slice_112.npz,0
/kaggle/input/brats20-data/BraTS20/data/volume_324_slice_111.npz,0
/kaggle/input/brats20-data/BraTS20/data/volume_68_slice_82.npz,0
/kaggle/input/brats20-data/BraTS20/data/volume_127_slice_87.npz,0
/kaggle/input/brats20-data/BraTS20/data/volume_214_slice_92.npz,0
/kaggle/input/brats20-data/BraTS20/data/volume_253_slice_115.npz,0
/kaggle/input/brats20-data/BraTS20/data/volume_207_slice_99.npz,0
/kaggle/input/brats20-data/BraTS20/data/volume_20_slice_85.npz,0
/kaggle/input/brats20-data/BraTS20/data/volume_355_slice_124.npz,0
/kaggle/input/brats20-data/BraTS20/data/volume_192_slice_120.npz,0
/kaggle/input/brats20-data/BraTS20/data/volume_350_slice_92.npz,0
/kaggle/input/brats20-data/BraTS20/data/volume_119_slice_125.npz,0
/kaggle/input/brats20-data/BraTS20/data/volume_354_slice_120.npz,0
/kaggle/input/brats20-data/BraTS20/data/volume_17_slice_108.npz,0
/kaggle/input/brats20-data/BraTS20/data/volume_83_slice_110.npz,0
/kaggle/input/brats20-data/BraTS20/data/volume_14_slice_103.npz,0
/kaggle/input/brats20-data/BraTS20/data/volume_194_slice_124.npz,0
/kaggle/input/brats20-data/BraTS20/data/volume_180_slice_121.npz,0
/kaggle/input/brats20-data/BraTS20/data/volume_9_slice_109.npz,0
/kaggle/input/brats20-data/BraTS20/data/volume_349_slice_99.npz,0
/kaggle/input/brats20-data/BraTS20/data/volume_293_slice_97.npz,0
/kaggle/input/brats20-data/BraTS20/data/volume_100_slice_95.npz,0
/kaggle/input/brats20-data/BraTS20/data/volume_307_slice_112.npz,0
/kaggle/input/brats20-data/BraTS20/data/volume_184_slice_88.npz,0
/kaggle/input/brats20-data/BraTS20/data/volume_269_slice_126.npz,0
/kaggle/input/brats20-data/BraTS20/data/volume_109_slice_124.npz,0
/kaggle/input/brats20-data/BraTS20/data/volume_95_slice_85.npz,0
/kaggle/input/brats20-data/BraTS20/data/volume_278_slice_121.npz,0
/kaggle/input/brats20-data/BraTS20/data/volume_103_slice_82.npz,0
/kaggle/input/brats20-data/BraTS20/data/volume_362_slice_115.npz,0
/kaggle/input/brats20-data/BraTS20/data/volume_41_slice_81.npz,0
/kaggle/input/brats20-data/BraTS20/data/volume_98_slice_121.npz,0
/kaggle/input/brats20-data/BraTS20/data/volume_142_slice_104.npz,0
/kaggle/input/brats20-data/BraTS20/data/volume_56_slice_110.npz,0
/kaggle/input/brats20-data/BraTS20/data/volume_261_slice_120.npz,0
/kaggle/input/brats20-data/BraTS20/data/volume_122_slice_99.npz,0
/kaggle/input/brats20-data/BraTS20/data/volume_227_slice_123.npz,0
/kaggle/input/brats20-data/BraTS20/data/volume_316_slice_83.npz,0
/kaggle/input/brats20-data/BraTS20/data/volume_68_slice_109.npz,0
/kaggle/input/brats20-data/BraTS20/data/volume_167_slice_81.npz,0
/kaggle/input/brats20-data/BraTS20/data/volume_233_slice_91.npz,0
/kaggle/input/brats20-data/BraTS20/data/volume_260_slice_116.npz,0
/kaggle/input/brats20-data/BraTS20/data/volume_220_slice_106.npz,0
/kaggle/input/brats20-data/BraTS20/data/volume_336_slice_83.npz,0
/kaggle/input/brats20-data/BraTS20/data/volume_55_slice_113.npz,0
/kaggle/input/brats20-data/BraTS20/data/volume_201_slice_98.npz,0
/kaggle/input/brats20-data/BraTS20/data/volume_337_slice_85.npz,0
/kaggle/input/brats20-data/BraTS20/data/volume_7_slice_82.npz,0
/kaggle/input/brats20-data/BraTS20/data/volume_50_slice_123.npz,0
/kaggle/input/brats20-data/BraTS20/data/volume_276_slice_121.npz,0
/kaggle/input/brats20-data/BraTS20/data/volume_329_slice_110.npz,0
/kaggle/input/brats20-data/BraTS20/data/volume_235_slice_118.npz,0
/kaggle/input/brats20-data/BraTS20/data/volume_52_slice_112.npz,0
/kaggle/input/brats20-data/BraTS20/data/volume_90_slice_104.npz,0
/kaggle/input/brats20-data/BraTS20/data/volume_213_slice_91.npz,0
/kaggle/input/brats20-data/BraTS20/data/volume_212_slice_87.npz,0
/kaggle/input/brats20-data/BraTS20/data/volume_165_slice_124.npz,0
/kaggle/input/brats20-data/BraTS20/data/volume_50_slice_115.npz,0
/kaggle/input/brats20-data/BraTS20/data/volume_245_slice_123.npz,0
/kaggle/input/brats20-data/BraTS20/data/volume_122_slice_127.npz,0
/kaggle/input/brats20-data/BraTS20/data/volume_164_slice_84.npz,0
/kaggle/input/brats20-data/BraTS20/data/volume_206_slice_87.npz,0
/kaggle/input/brats20-data/BraTS20/data/volume_114_slice_98.npz,0
/kaggle/input/brats20-data/BraTS20/data/volume_75_slice_127.npz,0
/kaggle/input/brats20-data/BraTS20/data/volume_30_slice_81.npz,0
/kaggle/input/brats20-data/BraTS20/data/volume_363_slice_81.npz,0
/kaggle/input/brats20-data/BraTS20/data/volume_25_slice_102.npz,0
/kaggle/input/brats20-data/BraTS20/data/volume_150_slice_119.npz,0
/kaggle/input/brats20-data/BraTS20/data/volume_252_slice_115.npz,0
/kaggle/input/brats20-data/BraTS20/data/volume_25_slice_85.npz,0
/kaggle/input/brats20-data/BraTS20/data/volume_367_slice_92.npz,0
/kaggle/input/brats20-data/BraTS20/data/volume_359_slice_122.npz,0
/kaggle/input/brats20-data/BraTS20/data/volume_36_slice_88.npz,0
/kaggle/input/brats20-data/BraTS20/data/volume_72_slice_118.npz,0
/kaggle/input/brats20-data/BraTS20/data/volume_308_slice_108.npz,0
/kaggle/input/brats20-data/BraTS20/data/volume_95_slice_106.npz,0
/kaggle/input/brats20-data/BraTS20/data/volume_355_slice_85.npz,0
/kaggle/input/brats20-data/BraTS20/data/volume_303_slice_97.npz,0
/kaggle/input/brats20-data/BraTS20/data/volume_304_slice_112.npz,0
/kaggle/input/brats20-data/BraTS20/data/volume_326_slice_98.npz,0
/kaggle/input/brats20-data/BraTS20/data/volume_45_slice_125.npz,0
/kaggle/input/brats20-data/BraTS20/data/volume_152_slice_128.npz,0
/kaggle/input/brats20-data/BraTS20/data/volume_126_slice_104.npz,0
/kaggle/input/brats20-data/BraTS20/data/volume_240_slice_92.npz,0
/kaggle/input/brats20-data/BraTS20/data/volume_132_slice_104.npz,0
/kaggle/input/brats20-data/BraTS20/data/volume_303_slice_89.npz,0
/kaggle/input/brats20-data/BraTS20/data/volume_312_slice_128.npz,0
/kaggle/input/brats20-data/BraTS20/data/volume_365_slice_90.npz,0
/kaggle/input/brats20-data/BraTS20/data/volume_165_slice_104.npz,0
/kaggle/input/brats20-data/BraTS20/data/volume_14_slice_127.npz,0
/kaggle/input/brats20-data/BraTS20/data/volume_130_slice_87.npz,0
/kaggle/input/brats20-data/BraTS20/data/volume_144_slice_104.npz,0
/kaggle/input/brats20-data/BraTS20/data/volume_24_slice_112.npz,0
/kaggle/input/brats20-data/BraTS20/data/volume_271_slice_127.npz,0
/kaggle/input/brats20-data/BraTS20/data/volume_230_slice_128.npz,0
/kaggle/input/brats20-data/BraTS20/data/volume_52_slice_101.npz,0
/kaggle/input/brats20-data/BraTS20/data/volume_60_slice_85.npz,0
/kaggle/input/brats20-data/BraTS20/data/volume_207_slice_84.npz,0
/kaggle/input/brats20-data/BraTS20/data/volume_122_slice_103.npz,0
/kaggle/input/brats20-data/BraTS20/data/volume_112_slice_87.npz,0
/kaggle/input/brats20-data/BraTS20/data/volume_129_slice_114.npz,0
/kaggle/input/brats20-data/BraTS20/data/volume_212_slice_96.npz,0
/kaggle/input/brats20-data/BraTS20/data/volume_18_slice_91.npz,0
/kaggle/input/brats20-data/BraTS20/data/volume_135_slice_87.npz,0
/kaggle/input/brats20-data/BraTS20/data/volume_228_slice_115.npz,0
/kaggle/input/brats20-data/BraTS20/data/volume_323_slice_99.npz,0
/kaggle/input/brats20-data/BraTS20/data/volume_360_slice_84.npz,0
/kaggle/input/brats20-data/BraTS20/data/volume_241_slice_119.npz,0
/kaggle/input/brats20-data/BraTS20/data/volume_345_slice_81.npz,0
/kaggle/input/brats20-data/BraTS20/data/volume_6_slice_88.npz,0
/kaggle/input/brats20-data/BraTS20/data/volume_130_slice_128.npz,0
/kaggle/input/brats20-data/BraTS20/data/volume_53_slice_82.npz,0
/kaggle/input/brats20-data/BraTS20/data/volume_320_slice_109.npz,0
/kaggle/input/brats20-data/BraTS20/data/volume_157_slice_128.npz,0
/kaggle/input/brats20-data/BraTS20/data/volume_93_slice_107.npz,0
/kaggle/input/brats20-data/BraTS20/data/volume_44_slice_104.npz,0
/kaggle/input/brats20-data/BraTS20/data/volume_71_slice_121.npz,0
/kaggle/input/brats20-data/BraTS20/data/volume_233_slice_87.npz,0
/kaggle/input/brats20-data/BraTS20/data/volume_250_slice_103.npz,0
/kaggle/input/brats20-data/BraTS20/data/volume_296_slice_98.npz,0
/kaggle/input/brats20-data/BraTS20/data/volume_265_slice_85.npz,0
/kaggle/input/brats20-data/BraTS20/data/volume_322_slice_84.npz,0
/kaggle/input/brats20-data/BraTS20/data/volume_7_slice_120.npz,0
/kaggle/input/brats20-data/BraTS20/data/volume_160_slice_117.npz,0
/kaggle/input/brats20-data/BraTS20/data/volume_362_slice_80.npz,0
/kaggle/input/brats20-data/BraTS20/data/volume_219_slice_99.npz,0
/kaggle/input/brats20-data/BraTS20/data/volume_320_slice_90.npz,0
/kaggle/input/brats20-data/BraTS20/data/volume_252_slice_113.npz,0
/kaggle/input/brats20-data/BraTS20/data/volume_352_slice_119.npz,0
/kaggle/input/brats20-data/BraTS20/data/volume_265_slice_102.npz,0
/kaggle/input/brats20-data/BraTS20/data/volume_117_slice_111.npz,0
/kaggle/input/brats20-data/BraTS20/data/volume_358_slice_93.npz,0
/kaggle/input/brats20-data/BraTS20/data/volume_209_slice_127.npz,0
/kaggle/input/brats20-data/BraTS20/data/volume_16_slice_93.npz,0
/kaggle/input/brats20-data/BraTS20/data/volume_173_slice_108.npz,0
/kaggle/input/brats20-data/BraTS20/data/volume_309_slice_100.npz,0
/kaggle/input/brats20-data/BraTS20/data/volume_182_slice_88.npz,0
/kaggle/input/brats20-data/BraTS20/data/volume_152_slice_100.npz,0
/kaggle/input/brats20-data/BraTS20/data/volume_180_slice_114.npz,0
/kaggle/input/brats20-data/BraTS20/data/volume_96_slice_107.npz,0
/kaggle/input/brats20-data/BraTS20/data/volume_110_slice_116.npz,0
/kaggle/input/brats20-data/BraTS20/data/volume_130_slice_92.npz,0
/kaggle/input/brats20-data/BraTS20/data/volume_218_slice_124.npz,0
/kaggle/input/brats20-data/BraTS20/data/volume_105_slice_103.npz,0
/kaggle/input/brats20-data/BraTS20/data/volume_48_slice_103.npz,0
/kaggle/input/brats20-data/BraTS20/data/volume_283_slice_85.npz,0
/kaggle/input/brats20-data/BraTS20/data/volume_48_slice_86.npz,0
/kaggle/input/brats20-data/BraTS20/data/volume_46_slice_108.npz,0
/kaggle/input/brats20-data/BraTS20/data/volume_253_slice_87.npz,0
/kaggle/input/brats20-data/BraTS20/data/volume_133_slice_124.npz,0
/kaggle/input/brats20-data/BraTS20/data/volume_348_slice_89.npz,0
/kaggle/input/brats20-data/BraTS20/data/volume_119_slice_98.npz,0
/kaggle/input/brats20-data/BraTS20/data/volume_282_slice_86.npz,0
/kaggle/input/brats20-data/BraTS20/data/volume_267_slice_109.npz,0
/kaggle/input/brats20-data/BraTS20/data/volume_313_slice_107.npz,0
/kaggle/input/brats20-data/BraTS20/data/volume_198_slice_112.npz,0
/kaggle/input/brats20-data/BraTS20/data/volume_237_slice_80.npz,0
/kaggle/input/brats20-data/BraTS20/data/volume_117_slice_117.npz,0
/kaggle/input/brats20-data/BraTS20/data/volume_156_slice_123.npz,0
/kaggle/input/brats20-data/BraTS20/data/volume_281_slice_84.npz,0
/kaggle/input/brats20-data/BraTS20/data/volume_23_slice_99.npz,0
/kaggle/input/brats20-data/BraTS20/data/volume_220_slice_128.npz,0
/kaggle/input/brats20-data/BraTS20/data/volume_137_slice_87.npz,0
/kaggle/input/brats20-data/BraTS20/data/volume_334_slice_95.npz,0
/kaggle/input/brats20-data/BraTS20/data/volume_239_slice_80.npz,0
/kaggle/input/brats20-data/BraTS20/data/volume_196_slice_83.npz,0
/kaggle/input/brats20-data/BraTS20/data/volume_153_slice_100.npz,0
/kaggle/input/brats20-data/BraTS20/data/volume_88_slice_84.npz,0
/kaggle/input/brats20-data/BraTS20/data/volume_151_slice_101.npz,0
/kaggle/input/brats20-data/BraTS20/data/volume_231_slice_84.npz,0
/kaggle/input/brats20-data/BraTS20/data/volume_329_slice_127.npz,0
/kaggle/input/brats20-data/BraTS20/data/volume_280_slice_80.npz,0
/kaggle/input/brats20-data/BraTS20/data/volume_50_slice_121.npz,0
/kaggle/input/brats20-data/BraTS20/data/volume_238_slice_125.npz,0
/kaggle/input/brats20-data/BraTS20/data/volume_336_slice_115.npz,0
/kaggle/input/brats20-data/BraTS20/data/volume_210_slice_92.npz,0
/kaggle/input/brats20-data/BraTS20/data/volume_38_slice_109.npz,0
/kaggle/input/brats20-data/BraTS20/data/volume_36_slice_100.npz,0
/kaggle/input/brats20-data/BraTS20/data/volume_357_slice_110.npz,0
/kaggle/input/brats20-data/BraTS20/data/volume_155_slice_107.npz,0
/kaggle/input/brats20-data/BraTS20/data/volume_265_slice_115.npz,0
/kaggle/input/brats20-data/BraTS20/data/volume_233_slice_121.npz,0
/kaggle/input/brats20-data/BraTS20/data/volume_242_slice_84.npz,0
/kaggle/input/brats20-data/BraTS20/data/volume_182_slice_87.npz,0
/kaggle/input/brats20-data/BraTS20/data/volume_355_slice_81.npz,0
/kaggle/input/brats20-data/BraTS20/data/volume_160_slice_112.npz,0
/kaggle/input/brats20-data/BraTS20/data/volume_335_slice_101.npz,0
/kaggle/input/brats20-data/BraTS20/data/volume_150_slice_86.npz,0
/kaggle/input/brats20-data/BraTS20/data/volume_206_slice_106.npz,0
/kaggle/input/brats20-data/BraTS20/data/volume_150_slice_92.npz,0
/kaggle/input/brats20-data/BraTS20/data/volume_9_slice_83.npz,0
/kaggle/input/brats20-data/BraTS20/data/volume_112_slice_93.npz,0
/kaggle/input/brats20-data/BraTS20/data/volume_360_slice_89.npz,0
/kaggle/input/brats20-data/BraTS20/data/volume_47_slice_106.npz,0
/kaggle/input/brats20-data/BraTS20/data/volume_136_slice_108.npz,0
/kaggle/input/brats20-data/BraTS20/data/volume_242_slice_98.npz,0
/kaggle/input/brats20-data/BraTS20/data/volume_83_slice_107.npz,0
/kaggle/input/brats20-data/BraTS20/data/volume_7_slice_95.npz,0
/kaggle/input/brats20-data/BraTS20/data/volume_45_slice_97.npz,0
/kaggle/input/brats20-data/BraTS20/data/volume_169_slice_90.npz,0
/kaggle/input/brats20-data/BraTS20/data/volume_324_slice_118.npz,0
/kaggle/input/brats20-data/BraTS20/data/volume_312_slice_99.npz,0
/kaggle/input/brats20-data/BraTS20/data/volume_125_slice_85.npz,0
/kaggle/input/brats20-data/BraTS20/data/volume_5_slice_104.npz,0
/kaggle/input/brats20-data/BraTS20/data/volume_235_slice_109.npz,0
/kaggle/input/brats20-data/BraTS20/data/volume_270_slice_97.npz,0
/kaggle/input/brats20-data/BraTS20/data/volume_201_slice_116.npz,0
/kaggle/input/brats20-data/BraTS20/data/volume_30_slice_99.npz,0
/kaggle/input/brats20-data/BraTS20/data/volume_329_slice_115.npz,0
/kaggle/input/brats20-data/BraTS20/data/volume_110_slice_84.npz,0
/kaggle/input/brats20-data/BraTS20/data/volume_244_slice_82.npz,0
/kaggle/input/brats20-data/BraTS20/data/volume_6_slice_108.npz,0
/kaggle/input/brats20-data/BraTS20/data/volume_235_slice_95.npz,0
/kaggle/input/brats20-data/BraTS20/data/volume_23_slice_91.npz,0
/kaggle/input/brats20-data/BraTS20/data/volume_139_slice_107.npz,0
/kaggle/input/brats20-data/BraTS20/data/volume_77_slice_106.npz,0
/kaggle/input/brats20-data/BraTS20/data/volume_32_slice_103.npz,0
/kaggle/input/brats20-data/BraTS20/data/volume_350_slice_96.npz,0
/kaggle/input/brats20-data/BraTS20/data/volume_167_slice_85.npz,0
/kaggle/input/brats20-data/BraTS20/data/volume_205_slice_81.npz,0
/kaggle/input/brats20-data/BraTS20/data/volume_266_slice_91.npz,0
/kaggle/input/brats20-data/BraTS20/data/volume_281_slice_128.npz,0
/kaggle/input/brats20-data/BraTS20/data/volume_220_slice_97.npz,0
/kaggle/input/brats20-data/BraTS20/data/volume_132_slice_91.npz,0
/kaggle/input/brats20-data/BraTS20/data/volume_253_slice_111.npz,0
/kaggle/input/brats20-data/BraTS20/data/volume_290_slice_94.npz,0
/kaggle/input/brats20-data/BraTS20/data/volume_100_slice_83.npz,0
/kaggle/input/brats20-data/BraTS20/data/volume_137_slice_112.npz,0
/kaggle/input/brats20-data/BraTS20/data/volume_30_slice_120.npz,0
/kaggle/input/brats20-data/BraTS20/data/volume_282_slice_113.npz,0
/kaggle/input/brats20-data/BraTS20/data/volume_36_slice_81.npz,0
/kaggle/input/brats20-data/BraTS20/data/volume_29_slice_102.npz,0
/kaggle/input/brats20-data/BraTS20/data/volume_118_slice_100.npz,0
/kaggle/input/brats20-data/BraTS20/data/volume_68_slice_88.npz,0
/kaggle/input/brats20-data/BraTS20/data/volume_260_slice_106.npz,0
/kaggle/input/brats20-data/BraTS20/data/volume_357_slice_84.npz,0
/kaggle/input/brats20-data/BraTS20/data/volume_298_slice_115.npz,0
/kaggle/input/brats20-data/BraTS20/data/volume_177_slice_81.npz,0
/kaggle/input/brats20-data/BraTS20/data/volume_129_slice_124.npz,0
/kaggle/input/brats20-data/BraTS20/data/volume_261_slice_126.npz,0
/kaggle/input/brats20-data/BraTS20/data/volume_33_slice_98.npz,0
/kaggle/input/brats20-data/BraTS20/data/volume_220_slice_84.npz,0
/kaggle/input/brats20-data/BraTS20/data/volume_329_slice_120.npz,0
/kaggle/input/brats20-data/BraTS20/data/volume_268_slice_91.npz,0
/kaggle/input/brats20-data/BraTS20/data/volume_67_slice_118.npz,0
/kaggle/input/brats20-data/BraTS20/data/volume_334_slice_127.npz,0
/kaggle/input/brats20-data/BraTS20/data/volume_337_slice_126.npz,0
/kaggle/input/brats20-data/BraTS20/data/volume_56_slice_114.npz,0
/kaggle/input/brats20-data/BraTS20/data/volume_45_slice_118.npz,0
/kaggle/input/brats20-data/BraTS20/data/volume_207_slice_100.npz,0
/kaggle/input/brats20-data/BraTS20/data/volume_162_slice_125.npz,0
/kaggle/input/brats20-data/BraTS20/data/volume_242_slice_83.npz,0
/kaggle/input/brats20-data/BraTS20/data/volume_51_slice_102.npz,0
/kaggle/input/brats20-data/BraTS20/data/volume_271_slice_109.npz,0
/kaggle/input/brats20-data/BraTS20/data/volume_22_slice_86.npz,0
/kaggle/input/brats20-data/BraTS20/data/volume_4_slice_114.npz,0
/kaggle/input/brats20-data/BraTS20/data/volume_26_slice_92.npz,0
/kaggle/input/brats20-data/BraTS20/data/volume_290_slice_118.npz,0
/kaggle/input/brats20-data/BraTS20/data/volume_311_slice_112.npz,0
/kaggle/input/brats20-data/BraTS20/data/volume_103_slice_124.npz,0
/kaggle/input/brats20-data/BraTS20/data/volume_67_slice_103.npz,0
/kaggle/input/brats20-data/BraTS20/data/volume_118_slice_88.npz,0
/kaggle/input/brats20-data/BraTS20/data/volume_368_slice_121.npz,0
/kaggle/input/brats20-data/BraTS20/data/volume_79_slice_103.npz,0
/kaggle/input/brats20-data/BraTS20/data/volume_289_slice_96.npz,0
/kaggle/input/brats20-data/BraTS20/data/volume_194_slice_82.npz,0
/kaggle/input/brats20-data/BraTS20/data/volume_251_slice_100.npz,0
/kaggle/input/brats20-data/BraTS20/data/volume_314_slice_115.npz,0
/kaggle/input/brats20-data/BraTS20/data/volume_95_slice_81.npz,0
/kaggle/input/brats20-data/BraTS20/data/volume_14_slice_82.npz,0
/kaggle/input/brats20-data/BraTS20/data/volume_2_slice_107.npz,0
/kaggle/input/brats20-data/BraTS20/data/volume_156_slice_110.npz,0
/kaggle/input/brats20-data/BraTS20/data/volume_6_slice_113.npz,0
/kaggle/input/brats20-data/BraTS20/data/volume_331_slice_124.npz,0
/kaggle/input/brats20-data/BraTS20/data/volume_290_slice_121.npz,0
/kaggle/input/brats20-data/BraTS20/data/volume_332_slice_105.npz,0
/kaggle/input/brats20-data/BraTS20/data/volume_321_slice_92.npz,0
/kaggle/input/brats20-data/BraTS20/data/volume_260_slice_103.npz,0
/kaggle/input/brats20-data/BraTS20/data/volume_133_slice_90.npz,0
/kaggle/input/brats20-data/BraTS20/data/volume_348_slice_110.npz,0
/kaggle/input/brats20-data/BraTS20/data/volume_253_slice_95.npz,0
/kaggle/input/brats20-data/BraTS20/data/volume_244_slice_98.npz,0
/kaggle/input/brats20-data/BraTS20/data/volume_318_slice_109.npz,0
/kaggle/input/brats20-data/BraTS20/data/volume_40_slice_109.npz,0
/kaggle/input/brats20-data/BraTS20/data/volume_240_slice_90.npz,0
/kaggle/input/brats20-data/BraTS20/data/volume_89_slice_90.npz,0
/kaggle/input/brats20-data/BraTS20/data/volume_194_slice_90.npz,0
/kaggle/input/brats20-data/BraTS20/data/volume_26_slice_127.npz,0
/kaggle/input/brats20-data/BraTS20/data/volume_51_slice_110.npz,0
/kaggle/input/brats20-data/BraTS20/data/volume_26_slice_84.npz,0
/kaggle/input/brats20-data/BraTS20/data/volume_152_slice_102.npz,0
/kaggle/input/brats20-data/BraTS20/data/volume_60_slice_108.npz,0
/kaggle/input/brats20-data/BraTS20/data/volume_167_slice_111.npz,0
/kaggle/input/brats20-data/BraTS20/data/volume_58_slice_91.npz,0
/kaggle/input/brats20-data/BraTS20/data/volume_141_slice_119.npz,0
/kaggle/input/brats20-data/BraTS20/data/volume_261_slice_114.npz,0
/kaggle/input/brats20-data/BraTS20/data/volume_346_slice_107.npz,0
/kaggle/input/brats20-data/BraTS20/data/volume_334_slice_110.npz,0
/kaggle/input/brats20-data/BraTS20/data/volume_269_slice_124.npz,0
/kaggle/input/brats20-data/BraTS20/data/volume_290_slice_116.npz,0
/kaggle/input/brats20-data/BraTS20/data/volume_346_slice_92.npz,0
/kaggle/input/brats20-data/BraTS20/data/volume_269_slice_104.npz,0
/kaggle/input/brats20-data/BraTS20/data/volume_311_slice_115.npz,0
/kaggle/input/brats20-data/BraTS20/data/volume_45_slice_100.npz,0
/kaggle/input/brats20-data/BraTS20/data/volume_162_slice_122.npz,0
/kaggle/input/brats20-data/BraTS20/data/volume_152_slice_115.npz,0
/kaggle/input/brats20-data/BraTS20/data/volume_117_slice_100.npz,0
/kaggle/input/brats20-data/BraTS20/data/volume_339_slice_99.npz,0
/kaggle/input/brats20-data/BraTS20/data/volume_49_slice_87.npz,0
/kaggle/input/brats20-data/BraTS20/data/volume_37_slice_86.npz,0
/kaggle/input/brats20-data/BraTS20/data/volume_62_slice_92.npz,0
/kaggle/input/brats20-data/BraTS20/data/volume_108_slice_88.npz,0
/kaggle/input/brats20-data/BraTS20/data/volume_169_slice_83.npz,0
/kaggle/input/brats20-data/BraTS20/data/volume_178_slice_85.npz,0
/kaggle/input/brats20-data/BraTS20/data/volume_326_slice_81.npz,0
/kaggle/input/brats20-data/BraTS20/data/volume_52_slice_117.npz,0
/kaggle/input/brats20-data/BraTS20/data/volume_318_slice_92.npz,0
/kaggle/input/brats20-data/BraTS20/data/volume_239_slice_86.npz,0
/kaggle/input/brats20-data/BraTS20/data/volume_355_slice_110.npz,0
/kaggle/input/brats20-data/BraTS20/data/volume_51_slice_119.npz,0
/kaggle/input/brats20-data/BraTS20/data/volume_68_slice_112.npz,0
/kaggle/input/brats20-data/BraTS20/data/volume_331_slice_119.npz,0
/kaggle/input/brats20-data/BraTS20/data/volume_83_slice_106.npz,0
/kaggle/input/brats20-data/BraTS20/data/volume_23_slice_83.npz,0
/kaggle/input/brats20-data/BraTS20/data/volume_357_slice_91.npz,0
/kaggle/input/brats20-data/BraTS20/data/volume_262_slice_93.npz,0
/kaggle/input/brats20-data/BraTS20/data/volume_98_slice_90.npz,0
/kaggle/input/brats20-data/BraTS20/data/volume_101_slice_94.npz,0
/kaggle/input/brats20-data/BraTS20/data/volume_292_slice_90.npz,0
/kaggle/input/brats20-data/BraTS20/data/volume_44_slice_87.npz,0
/kaggle/input/brats20-data/BraTS20/data/volume_354_slice_127.npz,0
/kaggle/input/brats20-data/BraTS20/data/volume_121_slice_116.npz,0
/kaggle/input/brats20-data/BraTS20/data/volume_157_slice_80.npz,0
/kaggle/input/brats20-data/BraTS20/data/volume_88_slice_95.npz,0
/kaggle/input/brats20-data/BraTS20/data/volume_77_slice_87.npz,0
/kaggle/input/brats20-data/BraTS20/data/volume_307_slice_87.npz,0
/kaggle/input/brats20-data/BraTS20/data/volume_230_slice_84.npz,0
/kaggle/input/brats20-data/BraTS20/data/volume_119_slice_92.npz,0
/kaggle/input/brats20-data/BraTS20/data/volume_152_slice_105.npz,0
/kaggle/input/brats20-data/BraTS20/data/volume_94_slice_93.npz,0
/kaggle/input/brats20-data/BraTS20/data/volume_261_slice_90.npz,0
/kaggle/input/brats20-data/BraTS20/data/volume_285_slice_112.npz,0
/kaggle/input/brats20-data/BraTS20/data/volume_182_slice_97.npz,0
/kaggle/input/brats20-data/BraTS20/data/volume_326_slice_126.npz,0
/kaggle/input/brats20-data/BraTS20/data/volume_312_slice_96.npz,0
/kaggle/input/brats20-data/BraTS20/data/volume_169_slice_82.npz,0
/kaggle/input/brats20-data/BraTS20/data/volume_265_slice_84.npz,0
/kaggle/input/brats20-data/BraTS20/data/volume_107_slice_119.npz,0
/kaggle/input/brats20-data/BraTS20/data/volume_301_slice_119.npz,0
/kaggle/input/brats20-data/BraTS20/data/volume_307_slice_127.npz,0
/kaggle/input/brats20-data/BraTS20/data/volume_39_slice_125.npz,0
/kaggle/input/brats20-data/BraTS20/data/volume_156_slice_128.npz,0
/kaggle/input/brats20-data/BraTS20/data/volume_146_slice_86.npz,0
/kaggle/input/brats20-data/BraTS20/data/volume_207_slice_92.npz,0
/kaggle/input/brats20-data/BraTS20/data/volume_9_slice_85.npz,0
/kaggle/input/brats20-data/BraTS20/data/volume_125_slice_94.npz,0
/kaggle/input/brats20-data/BraTS20/data/volume_19_slice_126.npz,0
/kaggle/input/brats20-data/BraTS20/data/volume_239_slice_125.npz,0
/kaggle/input/brats20-data/BraTS20/data/volume_22_slice_103.npz,0
/kaggle/input/brats20-data/BraTS20/data/volume_75_slice_126.npz,0
/kaggle/input/brats20-data/BraTS20/data/volume_303_slice_94.npz,0
/kaggle/input/brats20-data/BraTS20/data/volume_179_slice_102.npz,0
/kaggle/input/brats20-data/BraTS20/data/volume_322_slice_106.npz,0
/kaggle/input/brats20-data/BraTS20/data/volume_93_slice_89.npz,0
/kaggle/input/brats20-data/BraTS20/data/volume_47_slice_115.npz,0
/kaggle/input/brats20-data/BraTS20/data/volume_129_slice_93.npz,0
/kaggle/input/brats20-data/BraTS20/data/volume_281_slice_92.npz,0
/kaggle/input/brats20-data/BraTS20/data/volume_17_slice_88.npz,0
/kaggle/input/brats20-data/BraTS20/data/volume_90_slice_122.npz,0
/kaggle/input/brats20-data/BraTS20/data/volume_299_slice_82.npz,0
/kaggle/input/brats20-data/BraTS20/data/volume_202_slice_87.npz,0
/kaggle/input/brats20-data/BraTS20/data/volume_357_slice_90.npz,0
/kaggle/input/brats20-data/BraTS20/data/volume_346_slice_118.npz,0
/kaggle/input/brats20-data/BraTS20/data/volume_144_slice_118.npz,0
/kaggle/input/brats20-data/BraTS20/data/volume_329_slice_89.npz,0
/kaggle/input/brats20-data/BraTS20/data/volume_200_slice_101.npz,0
/kaggle/input/brats20-data/BraTS20/data/volume_227_slice_116.npz,0
/kaggle/input/brats20-data/BraTS20/data/volume_194_slice_84.npz,0
/kaggle/input/brats20-data/BraTS20/data/volume_179_slice_108.npz,0
/kaggle/input/brats20-data/BraTS20/data/volume_295_slice_100.npz,0
/kaggle/input/brats20-data/BraTS20/data/volume_88_slice_96.npz,0
/kaggle/input/brats20-data/BraTS20/data/volume_281_slice_108.npz,0
/kaggle/input/brats20-data/BraTS20/data/volume_260_slice_120.npz,0
/kaggle/input/brats20-data/BraTS20/data/volume_26_slice_90.npz,0
/kaggle/input/brats20-data/BraTS20/data/volume_239_slice_127.npz,0
/kaggle/input/brats20-data/BraTS20/data/volume_333_slice_87.npz,0
/kaggle/input/brats20-data/BraTS20/data/volume_244_slice_114.npz,0
/kaggle/input/brats20-data/BraTS20/data/volume_316_slice_84.npz,0
/kaggle/input/brats20-data/BraTS20/data/volume_359_slice_110.npz,0
/kaggle/input/brats20-data/BraTS20/data/volume_41_slice_97.npz,0
/kaggle/input/brats20-data/BraTS20/data/volume_270_slice_95.npz,0
/kaggle/input/brats20-data/BraTS20/data/volume_220_slice_117.npz,0
/kaggle/input/brats20-data/BraTS20/data/volume_58_slice_108.npz,0
/kaggle/input/brats20-data/BraTS20/data/volume_169_slice_89.npz,0
/kaggle/input/brats20-data/BraTS20/data/volume_220_slice_109.npz,0
/kaggle/input/brats20-data/BraTS20/data/volume_55_slice_128.npz,0
/kaggle/input/brats20-data/BraTS20/data/volume_291_slice_93.npz,0
/kaggle/input/brats20-data/BraTS20/data/volume_185_slice_95.npz,0
/kaggle/input/brats20-data/BraTS20/data/volume_211_slice_89.npz,0
/kaggle/input/brats20-data/BraTS20/data/volume_71_slice_115.npz,0
/kaggle/input/brats20-data/BraTS20/data/volume_77_slice_113.npz,0
/kaggle/input/brats20-data/BraTS20/data/volume_331_slice_118.npz,0
/kaggle/input/brats20-data/BraTS20/data/volume_252_slice_94.npz,0
/kaggle/input/brats20-data/BraTS20/data/volume_309_slice_104.npz,0
/kaggle/input/brats20-data/BraTS20/data/volume_85_slice_124.npz,0
/kaggle/input/brats20-data/BraTS20/data/volume_292_slice_95.npz,0
/kaggle/input/brats20-data/BraTS20/data/volume_62_slice_80.npz,0
/kaggle/input/brats20-data/BraTS20/data/volume_280_slice_89.npz,0
/kaggle/input/brats20-data/BraTS20/data/volume_293_slice_90.npz,0
/kaggle/input/brats20-data/BraTS20/data/volume_159_slice_101.npz,0
/kaggle/input/brats20-data/BraTS20/data/volume_277_slice_99.npz,0
/kaggle/input/brats20-data/BraTS20/data/volume_351_slice_104.npz,0
/kaggle/input/brats20-data/BraTS20/data/volume_316_slice_121.npz,0
/kaggle/input/brats20-data/BraTS20/data/volume_159_slice_95.npz,0
/kaggle/input/brats20-data/BraTS20/data/volume_349_slice_93.npz,0
/kaggle/input/brats20-data/BraTS20/data/volume_253_slice_128.npz,0
/kaggle/input/brats20-data/BraTS20/data/volume_365_slice_81.npz,0
/kaggle/input/brats20-data/BraTS20/data/volume_295_slice_90.npz,0
/kaggle/input/brats20-data/BraTS20/data/volume_245_slice_116.npz,0
/kaggle/input/brats20-data/BraTS20/data/volume_227_slice_109.npz,0
/kaggle/input/brats20-data/BraTS20/data/volume_177_slice_125.npz,0
/kaggle/input/brats20-data/BraTS20/data/volume_325_slice_90.npz,0
/kaggle/input/brats20-data/BraTS20/data/volume_119_slice_80.npz,0
/kaggle/input/brats20-data/BraTS20/data/volume_81_slice_95.npz,0
/kaggle/input/brats20-data/BraTS20/data/volume_87_slice_117.npz,0
/kaggle/input/brats20-data/BraTS20/data/volume_35_slice_100.npz,0
/kaggle/input/brats20-data/BraTS20/data/volume_352_slice_87.npz,0
/kaggle/input/brats20-data/BraTS20/data/volume_270_slice_87.npz,0
/kaggle/input/brats20-data/BraTS20/data/volume_227_slice_92.npz,0
/kaggle/input/brats20-data/BraTS20/data/volume_18_slice_92.npz,0
/kaggle/input/brats20-data/BraTS20/data/volume_48_slice_99.npz,0
/kaggle/input/brats20-data/BraTS20/data/volume_329_slice_119.npz,0
/kaggle/input/brats20-data/BraTS20/data/volume_309_slice_114.npz,0
/kaggle/input/brats20-data/BraTS20/data/volume_245_slice_110.npz,0
/kaggle/input/brats20-data/BraTS20/data/volume_169_slice_120.npz,0
/kaggle/input/brats20-data/BraTS20/data/volume_115_slice_119.npz,0
/kaggle/input/brats20-data/BraTS20/data/volume_290_slice_117.npz,0
/kaggle/input/brats20-data/BraTS20/data/volume_218_slice_104.npz,0
/kaggle/input/brats20-data/BraTS20/data/volume_163_slice_115.npz,0
/kaggle/input/brats20-data/BraTS20/data/volume_173_slice_101.npz,0
/kaggle/input/brats20-data/BraTS20/data/volume_43_slice_98.npz,0
/kaggle/input/brats20-data/BraTS20/data/volume_245_slice_80.npz,0
/kaggle/input/brats20-data/BraTS20/data/volume_245_slice_105.npz,0
/kaggle/input/brats20-data/BraTS20/data/volume_177_slice_89.npz,0
/kaggle/input/brats20-data/BraTS20/data/volume_334_slice_112.npz,0
/kaggle/input/brats20-data/BraTS20/data/volume_27_slice_128.npz,0
/kaggle/input/brats20-data/BraTS20/data/volume_90_slice_90.npz,0
/kaggle/input/brats20-data/BraTS20/data/volume_333_slice_86.npz,0
/kaggle/input/brats20-data/BraTS20/data/volume_111_slice_107.npz,0
/kaggle/input/brats20-data/BraTS20/data/volume_316_slice_108.npz,0
/kaggle/input/brats20-data/BraTS20/data/volume_219_slice_98.npz,0
/kaggle/input/brats20-data/BraTS20/data/volume_278_slice_105.npz,0
/kaggle/input/brats20-data/BraTS20/data/volume_360_slice_114.npz,0
/kaggle/input/brats20-data/BraTS20/data/volume_96_slice_128.npz,0
/kaggle/input/brats20-data/BraTS20/data/volume_1_slice_89.npz,0
/kaggle/input/brats20-data/BraTS20/data/volume_126_slice_109.npz,0
/kaggle/input/brats20-data/BraTS20/data/volume_96_slice_95.npz,0
/kaggle/input/brats20-data/BraTS20/data/volume_329_slice_117.npz,0
/kaggle/input/brats20-data/BraTS20/data/volume_334_slice_113.npz,0
/kaggle/input/brats20-data/BraTS20/data/volume_6_slice_127.npz,0
/kaggle/input/brats20-data/BraTS20/data/volume_94_slice_121.npz,0
/kaggle/input/brats20-data/BraTS20/data/volume_119_slice_120.npz,0
/kaggle/input/brats20-data/BraTS20/data/volume_55_slice_106.npz,0
/kaggle/input/brats20-data/BraTS20/data/volume_323_slice_127.npz,0
/kaggle/input/brats20-data/BraTS20/data/volume_158_slice_116.npz,0
/kaggle/input/brats20-data/BraTS20/data/volume_147_slice_94.npz,0
/kaggle/input/brats20-data/BraTS20/data/volume_5_slice_80.npz,0
/kaggle/input/brats20-data/BraTS20/data/volume_265_slice_90.npz,0
/kaggle/input/brats20-data/BraTS20/data/volume_77_slice_128.npz,0
/kaggle/input/brats20-data/BraTS20/data/volume_174_slice_83.npz,0
/kaggle/input/brats20-data/BraTS20/data/volume_42_slice_103.npz,0
/kaggle/input/brats20-data/BraTS20/data/volume_352_slice_112.npz,0
/kaggle/input/brats20-data/BraTS20/data/volume_158_slice_100.npz,0
/kaggle/input/brats20-data/BraTS20/data/volume_291_slice_97.npz,0
/kaggle/input/brats20-data/BraTS20/data/volume_310_slice_101.npz,0
/kaggle/input/brats20-data/BraTS20/data/volume_54_slice_102.npz,0
/kaggle/input/brats20-data/BraTS20/data/volume_89_slice_117.npz,0
/kaggle/input/brats20-data/BraTS20/data/volume_243_slice_107.npz,0
/kaggle/input/brats20-data/BraTS20/data/volume_114_slice_102.npz,0
/kaggle/input/brats20-data/BraTS20/data/volume_307_slice_85.npz,0
/kaggle/input/brats20-data/BraTS20/data/volume_239_slice_111.npz,0
/kaggle/input/brats20-data/BraTS20/data/volume_65_slice_81.npz,0
/kaggle/input/brats20-data/BraTS20/data/volume_130_slice_100.npz,0
/kaggle/input/brats20-data/BraTS20/data/volume_142_slice_119.npz,0
/kaggle/input/brats20-data/BraTS20/data/volume_330_slice_88.npz,0
/kaggle/input/brats20-data/BraTS20/data/volume_291_slice_121.npz,0
/kaggle/input/brats20-data/BraTS20/data/volume_329_slice_103.npz,0
/kaggle/input/brats20-data/BraTS20/data/volume_16_slice_81.npz,0
/kaggle/input/brats20-data/BraTS20/data/volume_330_slice_122.npz,0
/kaggle/input/brats20-data/BraTS20/data/volume_351_slice_107.npz,0
/kaggle/input/brats20-data/BraTS20/data/volume_233_slice_125.npz,0
/kaggle/input/brats20-data/BraTS20/data/volume_245_slice_121.npz,0
/kaggle/input/brats20-data/BraTS20/data/volume_85_slice_92.npz,0
/kaggle/input/brats20-data/BraTS20/data/volume_207_slice_111.npz,0
/kaggle/input/brats20-data/BraTS20/data/volume_57_slice_99.npz,0
/kaggle/input/brats20-data/BraTS20/data/volume_42_slice_123.npz,0
/kaggle/input/brats20-data/BraTS20/data/volume_1_slice_115.npz,0
/kaggle/input/brats20-data/BraTS20/data/volume_109_slice_104.npz,0
/kaggle/input/brats20-data/BraTS20/data/volume_248_slice_83.npz,0
/kaggle/input/brats20-data/BraTS20/data/volume_128_slice_119.npz,0
/kaggle/input/brats20-data/BraTS20/data/volume_58_slice_101.npz,0
/kaggle/input/brats20-data/BraTS20/data/volume_133_slice_114.npz,0
/kaggle/input/brats20-data/BraTS20/data/volume_289_slice_126.npz,0
/kaggle/input/brats20-data/BraTS20/data/volume_57_slice_121.npz,0
/kaggle/input/brats20-data/BraTS20/data/volume_5_slice_112.npz,0
/kaggle/input/brats20-data/BraTS20/data/volume_119_slice_124.npz,0
/kaggle/input/brats20-data/BraTS20/data/volume_108_slice_101.npz,0
/kaggle/input/brats20-data/BraTS20/data/volume_185_slice_118.npz,0
/kaggle/input/brats20-data/BraTS20/data/volume_300_slice_97.npz,0
/kaggle/input/brats20-data/BraTS20/data/volume_41_slice_83.npz,0
/kaggle/input/brats20-data/BraTS20/data/volume_262_slice_109.npz,0
/kaggle/input/brats20-data/BraTS20/data/volume_366_slice_92.npz,0
/kaggle/input/brats20-data/BraTS20/data/volume_111_slice_114.npz,0
/kaggle/input/brats20-data/BraTS20/data/volume_65_slice_113.npz,0
/kaggle/input/brats20-data/BraTS20/data/volume_285_slice_111.npz,0
/kaggle/input/brats20-data/BraTS20/data/volume_309_slice_89.npz,0
/kaggle/input/brats20-data/BraTS20/data/volume_123_slice_114.npz,0
/kaggle/input/brats20-data/BraTS20/data/volume_2_slice_94.npz,0
/kaggle/input/brats20-data/BraTS20/data/volume_41_slice_82.npz,0
/kaggle/input/brats20-data/BraTS20/data/volume_87_slice_102.npz,0
/kaggle/input/brats20-data/BraTS20/data/volume_5_slice_122.npz,0
/kaggle/input/brats20-data/BraTS20/data/volume_241_slice_96.npz,0
/kaggle/input/brats20-data/BraTS20/data/volume_50_slice_118.npz,0
/kaggle/input/brats20-data/BraTS20/data/volume_235_slice_107.npz,0
/kaggle/input/brats20-data/BraTS20/data/volume_267_slice_98.npz,0
/kaggle/input/brats20-data/BraTS20/data/volume_212_slice_84.npz,0
/kaggle/input/brats20-data/BraTS20/data/volume_127_slice_102.npz,0
/kaggle/input/brats20-data/BraTS20/data/volume_40_slice_111.npz,0
/kaggle/input/brats20-data/BraTS20/data/volume_8_slice_80.npz,0
/kaggle/input/brats20-data/BraTS20/data/volume_238_slice_106.npz,0
/kaggle/input/brats20-data/BraTS20/data/volume_107_slice_118.npz,0
/kaggle/input/brats20-data/BraTS20/data/volume_330_slice_89.npz,0
/kaggle/input/brats20-data/BraTS20/data/volume_347_slice_89.npz,0
/kaggle/input/brats20-data/BraTS20/data/volume_146_slice_90.npz,0
/kaggle/input/brats20-data/BraTS20/data/volume_55_slice_89.npz,0
/kaggle/input/brats20-data/BraTS20/data/volume_84_slice_113.npz,0
/kaggle/input/brats20-data/BraTS20/data/volume_352_slice_123.npz,0
/kaggle/input/brats20-data/BraTS20/data/volume_162_slice_93.npz,0
/kaggle/input/brats20-data/BraTS20/data/volume_217_slice_123.npz,0
/kaggle/input/brats20-data/BraTS20/data/volume_281_slice_100.npz,0
/kaggle/input/brats20-data/BraTS20/data/volume_172_slice_115.npz,0
/kaggle/input/brats20-data/BraTS20/data/volume_261_slice_127.npz,0
/kaggle/input/brats20-data/BraTS20/data/volume_62_slice_84.npz,0
/kaggle/input/brats20-data/BraTS20/data/volume_312_slice_108.npz,0
/kaggle/input/brats20-data/BraTS20/data/volume_174_slice_114.npz,0
/kaggle/input/brats20-data/BraTS20/data/volume_24_slice_97.npz,0
/kaggle/input/brats20-data/BraTS20/data/volume_9_slice_87.npz,0
/kaggle/input/brats20-data/BraTS20/data/volume_200_slice_120.npz,0
/kaggle/input/brats20-data/BraTS20/data/volume_56_slice_112.npz,0
/kaggle/input/brats20-data/BraTS20/data/volume_125_slice_93.npz,0
/kaggle/input/brats20-data/BraTS20/data/volume_112_slice_128.npz,0
/kaggle/input/brats20-data/BraTS20/data/volume_368_slice_96.npz,0
/kaggle/input/brats20-data/BraTS20/data/volume_359_slice_115.npz,0
/kaggle/input/brats20-data/BraTS20/data/volume_324_slice_123.npz,0
/kaggle/input/brats20-data/BraTS20/data/volume_252_slice_90.npz,0
/kaggle/input/brats20-data/BraTS20/data/volume_232_slice_93.npz,0
/kaggle/input/brats20-data/BraTS20/data/volume_104_slice_98.npz,0
/kaggle/input/brats20-data/BraTS20/data/volume_108_slice_102.npz,0
/kaggle/input/brats20-data/BraTS20/data/volume_182_slice_110.npz,0
/kaggle/input/brats20-data/BraTS20/data/volume_331_slice_120.npz,0
/kaggle/input/brats20-data/BraTS20/data/volume_16_slice_108.npz,0
/kaggle/input/brats20-data/BraTS20/data/volume_30_slice_84.npz,0
/kaggle/input/brats20-data/BraTS20/data/volume_38_slice_118.npz,0
/kaggle/input/brats20-data/BraTS20/data/volume_165_slice_107.npz,0
/kaggle/input/brats20-data/BraTS20/data/volume_206_slice_113.npz,0
/kaggle/input/brats20-data/BraTS20/data/volume_266_slice_105.npz,0
/kaggle/input/brats20-data/BraTS20/data/volume_5_slice_100.npz,0
/kaggle/input/brats20-data/BraTS20/data/volume_309_slice_94.npz,0
/kaggle/input/brats20-data/BraTS20/data/volume_365_slice_89.npz,0
/kaggle/input/brats20-data/BraTS20/data/volume_33_slice_99.npz,0
/kaggle/input/brats20-data/BraTS20/data/volume_330_slice_123.npz,0
/kaggle/input/brats20-data/BraTS20/data/volume_3_slice_81.npz,0
/kaggle/input/brats20-data/BraTS20/data/volume_22_slice_113.npz,0
/kaggle/input/brats20-data/BraTS20/data/volume_303_slice_112.npz,0
/kaggle/input/brats20-data/BraTS20/data/volume_168_slice_81.npz,0
/kaggle/input/brats20-data/BraTS20/data/volume_196_slice_122.npz,0
/kaggle/input/brats20-data/BraTS20/data/volume_238_slice_114.npz,0
/kaggle/input/brats20-data/BraTS20/data/volume_355_slice_117.npz,0
/kaggle/input/brats20-data/BraTS20/data/volume_172_slice_82.npz,0
/kaggle/input/brats20-data/BraTS20/data/volume_37_slice_110.npz,0
/kaggle/input/brats20-data/BraTS20/data/volume_349_slice_111.npz,0
/kaggle/input/brats20-data/BraTS20/data/volume_304_slice_82.npz,0
/kaggle/input/brats20-data/BraTS20/data/volume_202_slice_116.npz,0
/kaggle/input/brats20-data/BraTS20/data/volume_117_slice_103.npz,0
/kaggle/input/brats20-data/BraTS20/data/volume_40_slice_119.npz,0
/kaggle/input/brats20-data/BraTS20/data/volume_55_slice_121.npz,0
/kaggle/input/brats20-data/BraTS20/data/volume_88_slice_80.npz,0
/kaggle/input/brats20-data/BraTS20/data/volume_251_slice_112.npz,0
/kaggle/input/brats20-data/BraTS20/data/volume_296_slice_108.npz,0
/kaggle/input/brats20-data/BraTS20/data/volume_88_slice_106.npz,0
/kaggle/input/brats20-data/BraTS20/data/volume_192_slice_101.npz,0
/kaggle/input/brats20-data/BraTS20/data/volume_355_slice_104.npz,0
/kaggle/input/brats20-data/BraTS20/data/volume_303_slice_88.npz,0
/kaggle/input/brats20-data/BraTS20/data/volume_356_slice_127.npz,0
/kaggle/input/brats20-data/BraTS20/data/volume_70_slice_89.npz,0
/kaggle/input/brats20-data/BraTS20/data/volume_154_slice_112.npz,0
/kaggle/input/brats20-data/BraTS20/data/volume_225_slice_93.npz,0
/kaggle/input/brats20-data/BraTS20/data/volume_234_slice_125.npz,0
/kaggle/input/brats20-data/BraTS20/data/volume_238_slice_90.npz,0
/kaggle/input/brats20-data/BraTS20/data/volume_75_slice_123.npz,0
/kaggle/input/brats20-data/BraTS20/data/volume_251_slice_82.npz,0
/kaggle/input/brats20-data/BraTS20/data/volume_20_slice_119.npz,0
/kaggle/input/brats20-data/BraTS20/data/volume_299_slice_121.npz,0
/kaggle/input/brats20-data/BraTS20/data/volume_251_slice_109.npz,0
/kaggle/input/brats20-data/BraTS20/data/volume_332_slice_114.npz,0
/kaggle/input/brats20-data/BraTS20/data/volume_87_slice_104.npz,0
/kaggle/input/brats20-data/BraTS20/data/volume_353_slice_81.npz,0
/kaggle/input/brats20-data/BraTS20/data/volume_77_slice_118.npz,0
/kaggle/input/brats20-data/BraTS20/data/volume_31_slice_91.npz,0
/kaggle/input/brats20-data/BraTS20/data/volume_233_slice_120.npz,0
/kaggle/input/brats20-data/BraTS20/data/volume_213_slice_102.npz,0
/kaggle/input/brats20-data/BraTS20/data/volume_141_slice_93.npz,0
/kaggle/input/brats20-data/BraTS20/data/volume_208_slice_95.npz,0
/kaggle/input/brats20-data/BraTS20/data/volume_108_slice_123.npz,0
/kaggle/input/brats20-data/BraTS20/data/volume_56_slice_93.npz,0
/kaggle/input/brats20-data/BraTS20/data/volume_296_slice_121.npz,0
/kaggle/input/brats20-data/BraTS20/data/volume_26_slice_89.npz,0
/kaggle/input/brats20-data/BraTS20/data/volume_362_slice_104.npz,0
/kaggle/input/brats20-data/BraTS20/data/volume_139_slice_95.npz,0
/kaggle/input/brats20-data/BraTS20/data/volume_189_slice_119.npz,0
/kaggle/input/brats20-data/BraTS20/data/volume_230_slice_110.npz,0
/kaggle/input/brats20-data/BraTS20/data/volume_278_slice_124.npz,0
/kaggle/input/brats20-data/BraTS20/data/volume_301_slice_99.npz,0
/kaggle/input/brats20-data/BraTS20/data/volume_276_slice_89.npz,0
/kaggle/input/brats20-data/BraTS20/data/volume_302_slice_123.npz,0
/kaggle/input/brats20-data/BraTS20/data/volume_290_slice_99.npz,0
/kaggle/input/brats20-data/BraTS20/data/volume_360_slice_85.npz,0
/kaggle/input/brats20-data/BraTS20/data/volume_337_slice_93.npz,0
/kaggle/input/brats20-data/BraTS20/data/volume_276_slice_83.npz,0
/kaggle/input/brats20-data/BraTS20/data/volume_218_slice_100.npz,0
/kaggle/input/brats20-data/BraTS20/data/volume_130_slice_116.npz,0
/kaggle/input/brats20-data/BraTS20/data/volume_33_slice_115.npz,0
/kaggle/input/brats20-data/BraTS20/data/volume_367_slice_127.npz,0
/kaggle/input/brats20-data/BraTS20/data/volume_239_slice_84.npz,0
/kaggle/input/brats20-data/BraTS20/data/volume_330_slice_102.npz,0
/kaggle/input/brats20-data/BraTS20/data/volume_277_slice_120.npz,0
/kaggle/input/brats20-data/BraTS20/data/volume_53_slice_124.npz,0
/kaggle/input/brats20-data/BraTS20/data/volume_189_slice_106.npz,0
/kaggle/input/brats20-data/BraTS20/data/volume_47_slice_119.npz,0
/kaggle/input/brats20-data/BraTS20/data/volume_339_slice_109.npz,0
/kaggle/input/brats20-data/BraTS20/data/volume_107_slice_81.npz,0
/kaggle/input/brats20-data/BraTS20/data/volume_302_slice_91.npz,0
/kaggle/input/brats20-data/BraTS20/data/volume_206_slice_120.npz,0
/kaggle/input/brats20-data/BraTS20/data/volume_47_slice_125.npz,0
/kaggle/input/brats20-data/BraTS20/data/volume_139_slice_117.npz,0
/kaggle/input/brats20-data/BraTS20/data/volume_22_slice_115.npz,0
/kaggle/input/brats20-data/BraTS20/data/volume_154_slice_128.npz,0
/kaggle/input/brats20-data/BraTS20/data/volume_133_slice_108.npz,0
/kaggle/input/brats20-data/BraTS20/data/volume_309_slice_107.npz,0
/kaggle/input/brats20-data/BraTS20/data/volume_146_slice_109.npz,0
/kaggle/input/brats20-data/BraTS20/data/volume_300_slice_121.npz,0
/kaggle/input/brats20-data/BraTS20/data/volume_26_slice_109.npz,0
/kaggle/input/brats20-data/BraTS20/data/volume_68_slice_90.npz,0
/kaggle/input/brats20-data/BraTS20/data/volume_136_slice_103.npz,0
/kaggle/input/brats20-data/BraTS20/data/volume_349_slice_120.npz,0
/kaggle/input/brats20-data/BraTS20/data/volume_264_slice_114.npz,0
/kaggle/input/brats20-data/BraTS20/data/volume_231_slice_119.npz,0
/kaggle/input/brats20-data/BraTS20/data/volume_70_slice_93.npz,0
/kaggle/input/brats20-data/BraTS20/data/volume_303_slice_116.npz,0
/kaggle/input/brats20-data/BraTS20/data/volume_73_slice_109.npz,0
/kaggle/input/brats20-data/BraTS20/data/volume_336_slice_116.npz,0
/kaggle/input/brats20-data/BraTS20/data/volume_214_slice_126.npz,0
/kaggle/input/brats20-data/BraTS20/data/volume_330_slice_106.npz,0
/kaggle/input/brats20-data/BraTS20/data/volume_311_slice_120.npz,0
/kaggle/input/brats20-data/BraTS20/data/volume_251_slice_113.npz,0
/kaggle/input/brats20-data/BraTS20/data/volume_341_slice_119.npz,0
/kaggle/input/brats20-data/BraTS20/data/volume_173_slice_111.npz,0
/kaggle/input/brats20-data/BraTS20/data/volume_327_slice_118.npz,0
/kaggle/input/brats20-data/BraTS20/data/volume_16_slice_113.npz,0
/kaggle/input/brats20-data/BraTS20/data/volume_94_slice_83.npz,0
/kaggle/input/brats20-data/BraTS20/data/volume_214_slice_116.npz,0
/kaggle/input/brats20-data/BraTS20/data/volume_133_slice_122.npz,0
/kaggle/input/brats20-data/BraTS20/data/volume_320_slice_89.npz,0
/kaggle/input/brats20-data/BraTS20/data/volume_331_slice_113.npz,0
/kaggle/input/brats20-data/BraTS20/data/volume_194_slice_91.npz,0
/kaggle/input/brats20-data/BraTS20/data/volume_256_slice_123.npz,0
/kaggle/input/brats20-data/BraTS20/data/volume_9_slice_126.npz,0
/kaggle/input/brats20-data/BraTS20/data/volume_337_slice_91.npz,0
/kaggle/input/brats20-data/BraTS20/data/volume_295_slice_95.npz,0
/kaggle/input/brats20-data/BraTS20/data/volume_341_slice_95.npz,0
/kaggle/input/brats20-data/BraTS20/data/volume_233_slice_98.npz,0
/kaggle/input/brats20-data/BraTS20/data/volume_50_slice_126.npz,0
/kaggle/input/brats20-data/BraTS20/data/volume_356_slice_109.npz,0
/kaggle/input/brats20-data/BraTS20/data/volume_60_slice_90.npz,0
/kaggle/input/brats20-data/BraTS20/data/volume_205_slice_116.npz,0
/kaggle/input/brats20-data/BraTS20/data/volume_308_slice_117.npz,0
/kaggle/input/brats20-data/BraTS20/data/volume_49_slice_115.npz,0
/kaggle/input/brats20-data/BraTS20/data/volume_3_slice_117.npz,0
/kaggle/input/brats20-data/BraTS20/data/volume_368_slice_114.npz,0
/kaggle/input/brats20-data/BraTS20/data/volume_142_slice_127.npz,0
/kaggle/input/brats20-data/BraTS20/data/volume_15_slice_120.npz,0
/kaggle/input/brats20-data/BraTS20/data/volume_107_slice_97.npz,0
/kaggle/input/brats20-data/BraTS20/data/volume_27_slice_97.npz,0
/kaggle/input/brats20-data/BraTS20/data/volume_130_slice_114.npz,0
/kaggle/input/brats20-data/BraTS20/data/volume_55_slice_104.npz,0
/kaggle/input/brats20-data/BraTS20/data/volume_144_slice_96.npz,0
/kaggle/input/brats20-data/BraTS20/data/volume_85_slice_128.npz,0
/kaggle/input/brats20-data/BraTS20/data/volume_228_slice_119.npz,0
/kaggle/input/brats20-data/BraTS20/data/volume_325_slice_86.npz,0
/kaggle/input/brats20-data/BraTS20/data/volume_367_slice_83.npz,0
/kaggle/input/brats20-data/BraTS20/data/volume_18_slice_126.npz,0
/kaggle/input/brats20-data/BraTS20/data/volume_270_slice_101.npz,0
/kaggle/input/brats20-data/BraTS20/data/volume_109_slice_81.npz,0
/kaggle/input/brats20-data/BraTS20/data/volume_333_slice_119.npz,0
/kaggle/input/brats20-data/BraTS20/data/volume_108_slice_119.npz,0
/kaggle/input/brats20-data/BraTS20/data/volume_109_slice_101.npz,0
/kaggle/input/brats20-data/BraTS20/data/volume_181_slice_102.npz,0
/kaggle/input/brats20-data/BraTS20/data/volume_243_slice_112.npz,0
/kaggle/input/brats20-data/BraTS20/data/volume_289_slice_103.npz,0
/kaggle/input/brats20-data/BraTS20/data/volume_174_slice_124.npz,0
/kaggle/input/brats20-data/BraTS20/data/volume_217_slice_128.npz,0
/kaggle/input/brats20-data/BraTS20/data/volume_32_slice_117.npz,0
/kaggle/input/brats20-data/BraTS20/data/volume_164_slice_125.npz,0
/kaggle/input/brats20-data/BraTS20/data/volume_29_slice_93.npz,0
/kaggle/input/brats20-data/BraTS20/data/volume_202_slice_125.npz,0
/kaggle/input/brats20-data/BraTS20/data/volume_261_slice_108.npz,0
/kaggle/input/brats20-data/BraTS20/data/volume_139_slice_81.npz,0
/kaggle/input/brats20-data/BraTS20/data/volume_307_slice_121.npz,0
/kaggle/input/brats20-data/BraTS20/data/volume_52_slice_113.npz,0
/kaggle/input/brats20-data/BraTS20/data/volume_215_slice_97.npz,0
/kaggle/input/brats20-data/BraTS20/data/volume_341_slice_100.npz,0
/kaggle/input/brats20-data/BraTS20/data/volume_327_slice_95.npz,0
/kaggle/input/brats20-data/BraTS20/data/volume_348_slice_86.npz,0
/kaggle/input/brats20-data/BraTS20/data/volume_363_slice_107.npz,0
/kaggle/input/brats20-data/BraTS20/data/volume_36_slice_103.npz,0
/kaggle/input/brats20-data/BraTS20/data/volume_20_slice_114.npz,0
/kaggle/input/brats20-data/BraTS20/data/volume_264_slice_118.npz,0
/kaggle/input/brats20-data/BraTS20/data/volume_234_slice_82.npz,0
/kaggle/input/brats20-data/BraTS20/data/volume_62_slice_93.npz,0
/kaggle/input/brats20-data/BraTS20/data/volume_219_slice_113.npz,0
/kaggle/input/brats20-data/BraTS20/data/volume_241_slice_94.npz,0
/kaggle/input/brats20-data/BraTS20/data/volume_114_slice_88.npz,0
/kaggle/input/brats20-data/BraTS20/data/volume_322_slice_92.npz,0
/kaggle/input/brats20-data/BraTS20/data/volume_201_slice_82.npz,0
/kaggle/input/brats20-data/BraTS20/data/volume_348_slice_104.npz,0
/kaggle/input/brats20-data/BraTS20/data/volume_200_slice_126.npz,0
/kaggle/input/brats20-data/BraTS20/data/volume_302_slice_99.npz,0
/kaggle/input/brats20-data/BraTS20/data/volume_28_slice_107.npz,0
/kaggle/input/brats20-data/BraTS20/data/volume_55_slice_88.npz,0
/kaggle/input/brats20-data/BraTS20/data/volume_87_slice_116.npz,0
/kaggle/input/brats20-data/BraTS20/data/volume_244_slice_104.npz,0
/kaggle/input/brats20-data/BraTS20/data/volume_107_slice_114.npz,0
/kaggle/input/brats20-data/BraTS20/data/volume_358_slice_104.npz,0
/kaggle/input/brats20-data/BraTS20/data/volume_306_slice_119.npz,0
/kaggle/input/brats20-data/BraTS20/data/volume_295_slice_85.npz,0
/kaggle/input/brats20-data/BraTS20/data/volume_169_slice_106.npz,0
/kaggle/input/brats20-data/BraTS20/data/volume_331_slice_95.npz,0
/kaggle/input/brats20-data/BraTS20/data/volume_300_slice_126.npz,0
/kaggle/input/brats20-data/BraTS20/data/volume_251_slice_106.npz,0
/kaggle/input/brats20-data/BraTS20/data/volume_165_slice_121.npz,0
/kaggle/input/brats20-data/BraTS20/data/volume_245_slice_88.npz,0
/kaggle/input/brats20-data/BraTS20/data/volume_245_slice_82.npz,0
/kaggle/input/brats20-data/BraTS20/data/volume_324_slice_104.npz,0
/kaggle/input/brats20-data/BraTS20/data/volume_135_slice_126.npz,0
/kaggle/input/brats20-data/BraTS20/data/volume_137_slice_90.npz,0
/kaggle/input/brats20-data/BraTS20/data/volume_210_slice_117.npz,0
/kaggle/input/brats20-data/BraTS20/data/volume_69_slice_123.npz,0
/kaggle/input/brats20-data/BraTS20/data/volume_107_slice_109.npz,0
/kaggle/input/brats20-data/BraTS20/data/volume_251_slice_104.npz,0
/kaggle/input/brats20-data/BraTS20/data/volume_288_slice_87.npz,0
/kaggle/input/brats20-data/BraTS20/data/volume_270_slice_122.npz,0
/kaggle/input/brats20-data/BraTS20/data/volume_299_slice_118.npz,0
/kaggle/input/brats20-data/BraTS20/data/volume_300_slice_94.npz,0
/kaggle/input/brats20-data/BraTS20/data/volume_231_slice_122.npz,0
/kaggle/input/brats20-data/BraTS20/data/volume_127_slice_100.npz,0
/kaggle/input/brats20-data/BraTS20/data/volume_292_slice_125.npz,0
/kaggle/input/brats20-data/BraTS20/data/volume_101_slice_99.npz,0
/kaggle/input/brats20-data/BraTS20/data/volume_68_slice_105.npz,0
/kaggle/input/brats20-data/BraTS20/data/volume_115_slice_117.npz,0
/kaggle/input/brats20-data/BraTS20/data/volume_335_slice_96.npz,0
/kaggle/input/brats20-data/BraTS20/data/volume_321_slice_126.npz,0
/kaggle/input/brats20-data/BraTS20/data/volume_267_slice_84.npz,0
/kaggle/input/brats20-data/BraTS20/data/volume_136_slice_123.npz,0
/kaggle/input/brats20-data/BraTS20/data/volume_30_slice_101.npz,0
/kaggle/input/brats20-data/BraTS20/data/volume_49_slice_128.npz,0
/kaggle/input/brats20-data/BraTS20/data/volume_44_slice_127.npz,0
/kaggle/input/brats20-data/BraTS20/data/volume_60_slice_106.npz,0
/kaggle/input/brats20-data/BraTS20/data/volume_4_slice_123.npz,0
/kaggle/input/brats20-data/BraTS20/data/volume_202_slice_126.npz,0
/kaggle/input/brats20-data/BraTS20/data/volume_169_slice_128.npz,0
/kaggle/input/brats20-data/BraTS20/data/volume_336_slice_82.npz,0
/kaggle/input/brats20-data/BraTS20/data/volume_251_slice_85.npz,0
/kaggle/input/brats20-data/BraTS20/data/volume_40_slice_106.npz,0
/kaggle/input/brats20-data/BraTS20/data/volume_237_slice_83.npz,0
/kaggle/input/brats20-data/BraTS20/data/volume_301_slice_81.npz,0
/kaggle/input/brats20-data/BraTS20/data/volume_232_slice_128.npz,0
/kaggle/input/brats20-data/BraTS20/data/volume_177_slice_103.npz,0
/kaggle/input/brats20-data/BraTS20/data/volume_197_slice_102.npz,0
/kaggle/input/brats20-data/BraTS20/data/volume_9_slice_80.npz,0
/kaggle/input/brats20-data/BraTS20/data/volume_157_slice_111.npz,0
/kaggle/input/brats20-data/BraTS20/data/volume_136_slice_89.npz,0
/kaggle/input/brats20-data/BraTS20/data/volume_133_slice_85.npz,0
/kaggle/input/brats20-data/BraTS20/data/volume_40_slice_118.npz,0
/kaggle/input/brats20-data/BraTS20/data/volume_118_slice_95.npz,0
/kaggle/input/brats20-data/BraTS20/data/volume_324_slice_87.npz,0
/kaggle/input/brats20-data/BraTS20/data/volume_316_slice_90.npz,0
/kaggle/input/brats20-data/BraTS20/data/volume_59_slice_122.npz,0
/kaggle/input/brats20-data/BraTS20/data/volume_326_slice_97.npz,0
/kaggle/input/brats20-data/BraTS20/data/volume_53_slice_107.npz,0
/kaggle/input/brats20-data/BraTS20/data/volume_24_slice_114.npz,0
/kaggle/input/brats20-data/BraTS20/data/volume_141_slice_95.npz,0
/kaggle/input/brats20-data/BraTS20/data/volume_20_slice_108.npz,0
/kaggle/input/brats20-data/BraTS20/data/volume_318_slice_126.npz,0
/kaggle/input/brats20-data/BraTS20/data/volume_94_slice_81.npz,0
/kaggle/input/brats20-data/BraTS20/data/volume_144_slice_106.npz,0
/kaggle/input/brats20-data/BraTS20/data/volume_356_slice_123.npz,0
/kaggle/input/brats20-data/BraTS20/data/volume_79_slice_116.npz,0
/kaggle/input/brats20-data/BraTS20/data/volume_103_slice_101.npz,0
/kaggle/input/brats20-data/BraTS20/data/volume_84_slice_117.npz,0
/kaggle/input/brats20-data/BraTS20/data/volume_245_slice_83.npz,0
/kaggle/input/brats20-data/BraTS20/data/volume_230_slice_113.npz,0
/kaggle/input/brats20-data/BraTS20/data/volume_60_slice_101.npz,0
/kaggle/input/brats20-data/BraTS20/data/volume_16_slice_101.npz,0
/kaggle/input/brats20-data/BraTS20/data/volume_101_slice_88.npz,0
/kaggle/input/brats20-data/BraTS20/data/volume_249_slice_109.npz,0
/kaggle/input/brats20-data/BraTS20/data/volume_54_slice_114.npz,0
/kaggle/input/brats20-data/BraTS20/data/volume_244_slice_84.npz,0
/kaggle/input/brats20-data/BraTS20/data/volume_10_slice_117.npz,0
/kaggle/input/brats20-data/BraTS20/data/volume_194_slice_116.npz,0
/kaggle/input/brats20-data/BraTS20/data/volume_316_slice_114.npz,0
/kaggle/input/brats20-data/BraTS20/data/volume_3_slice_110.npz,0
/kaggle/input/brats20-data/BraTS20/data/volume_346_slice_97.npz,0
/kaggle/input/brats20-data/BraTS20/data/volume_349_slice_101.npz,0
/kaggle/input/brats20-data/BraTS20/data/volume_208_slice_103.npz,0
/kaggle/input/brats20-data/BraTS20/data/volume_14_slice_115.npz,0
/kaggle/input/brats20-data/BraTS20/data/volume_261_slice_121.npz,0
/kaggle/input/brats20-data/BraTS20/data/volume_9_slice_91.npz,0
/kaggle/input/brats20-data/BraTS20/data/volume_114_slice_103.npz,0
/kaggle/input/brats20-data/BraTS20/data/volume_313_slice_114.npz,0
/kaggle/input/brats20-data/BraTS20/data/volume_37_slice_100.npz,0
/kaggle/input/brats20-data/BraTS20/data/volume_227_slice_100.npz,0
/kaggle/input/brats20-data/BraTS20/data/volume_308_slice_92.npz,0
/kaggle/input/brats20-data/BraTS20/data/volume_127_slice_91.npz,0
/kaggle/input/brats20-data/BraTS20/data/volume_96_slice_106.npz,0
/kaggle/input/brats20-data/BraTS20/data/volume_320_slice_80.npz,0
/kaggle/input/brats20-data/BraTS20/data/volume_321_slice_94.npz,0
/kaggle/input/brats20-data/BraTS20/data/volume_32_slice_120.npz,0
/kaggle/input/brats20-data/BraTS20/data/volume_192_slice_109.npz,0
/kaggle/input/brats20-data/BraTS20/data/volume_368_slice_93.npz,0
/kaggle/input/brats20-data/BraTS20/data/volume_35_slice_118.npz,0
/kaggle/input/brats20-data/BraTS20/data/volume_211_slice_102.npz,0
/kaggle/input/brats20-data/BraTS20/data/volume_332_slice_126.npz,0
/kaggle/input/brats20-data/BraTS20/data/volume_345_slice_112.npz,0
/kaggle/input/brats20-data/BraTS20/data/volume_88_slice_110.npz,0
/kaggle/input/brats20-data/BraTS20/data/volume_6_slice_118.npz,0
/kaggle/input/brats20-data/BraTS20/data/volume_232_slice_126.npz,0
/kaggle/input/brats20-data/BraTS20/data/volume_267_slice_103.npz,0
/kaggle/input/brats20-data/BraTS20/data/volume_298_slice_122.npz,0
/kaggle/input/brats20-data/BraTS20/data/volume_300_slice_127.npz,0
/kaggle/input/brats20-data/BraTS20/data/volume_325_slice_125.npz,0
/kaggle/input/brats20-data/BraTS20/data/volume_57_slice_105.npz,0
/kaggle/input/brats20-data/BraTS20/data/volume_94_slice_111.npz,0
/kaggle/input/brats20-data/BraTS20/data/volume_288_slice_120.npz,0
/kaggle/input/brats20-data/BraTS20/data/volume_122_slice_119.npz,0
/kaggle/input/brats20-data/BraTS20/data/volume_101_slice_102.npz,0
/kaggle/input/brats20-data/BraTS20/data/volume_214_slice_118.npz,0
/kaggle/input/brats20-data/BraTS20/data/volume_289_slice_84.npz,0
/kaggle/input/brats20-data/BraTS20/data/volume_295_slice_122.npz,0
/kaggle/input/brats20-data/BraTS20/data/volume_300_slice_80.npz,0
/kaggle/input/brats20-data/BraTS20/data/volume_332_slice_101.npz,0
/kaggle/input/brats20-data/BraTS20/data/volume_279_slice_108.npz,0
/kaggle/input/brats20-data/BraTS20/data/volume_179_slice_87.npz,0
/kaggle/input/brats20-data/BraTS20/data/volume_62_slice_106.npz,0
/kaggle/input/brats20-data/BraTS20/data/volume_125_slice_112.npz,0
/kaggle/input/brats20-data/BraTS20/data/volume_114_slice_117.npz,0
/kaggle/input/brats20-data/BraTS20/data/volume_173_slice_122.npz,0
/kaggle/input/brats20-data/BraTS20/data/volume_153_slice_124.npz,0
/kaggle/input/brats20-data/BraTS20/data/volume_10_slice_104.npz,0
/kaggle/input/brats20-data/BraTS20/data/volume_366_slice_109.npz,0
/kaggle/input/brats20-data/BraTS20/data/volume_139_slice_87.npz,0
/kaggle/input/brats20-data/BraTS20/data/volume_185_slice_119.npz,0
/kaggle/input/brats20-data/BraTS20/data/volume_238_slice_121.npz,0
/kaggle/input/brats20-data/BraTS20/data/volume_133_slice_87.npz,0
/kaggle/input/brats20-data/BraTS20/data/volume_49_slice_99.npz,0
/kaggle/input/brats20-data/BraTS20/data/volume_253_slice_98.npz,0
/kaggle/input/brats20-data/BraTS20/data/volume_208_slice_92.npz,0
/kaggle/input/brats20-data/BraTS20/data/volume_77_slice_84.npz,0
/kaggle/input/brats20-data/BraTS20/data/volume_37_slice_128.npz,0
/kaggle/input/brats20-data/BraTS20/data/volume_162_slice_104.npz,0
/kaggle/input/brats20-data/BraTS20/data/volume_261_slice_124.npz,0
/kaggle/input/brats20-data/BraTS20/data/volume_58_slice_107.npz,0
/kaggle/input/brats20-data/BraTS20/data/volume_208_slice_119.npz,0
/kaggle/input/brats20-data/BraTS20/data/volume_137_slice_102.npz,0
/kaggle/input/brats20-data/BraTS20/data/volume_154_slice_86.npz,0
/kaggle/input/brats20-data/BraTS20/data/volume_301_slice_116.npz,0
/kaggle/input/brats20-data/BraTS20/data/volume_180_slice_96.npz,0
/kaggle/input/brats20-data/BraTS20/data/volume_351_slice_108.npz,0
/kaggle/input/brats20-data/BraTS20/data/volume_94_slice_100.npz,0
/kaggle/input/brats20-data/BraTS20/data/volume_81_slice_107.npz,0
/kaggle/input/brats20-data/BraTS20/data/volume_282_slice_114.npz,0
/kaggle/input/brats20-data/BraTS20/data/volume_80_slice_119.npz,0
/kaggle/input/brats20-data/BraTS20/data/volume_269_slice_95.npz,0
/kaggle/input/brats20-data/BraTS20/data/volume_26_slice_100.npz,0
/kaggle/input/brats20-data/BraTS20/data/volume_290_slice_86.npz,0
/kaggle/input/brats20-data/BraTS20/data/volume_141_slice_108.npz,0
/kaggle/input/brats20-data/BraTS20/data/volume_112_slice_98.npz,0
/kaggle/input/brats20-data/BraTS20/data/volume_334_slice_84.npz,0
/kaggle/input/brats20-data/BraTS20/data/volume_15_slice_99.npz,0
/kaggle/input/brats20-data/BraTS20/data/volume_214_slice_125.npz,0
/kaggle/input/brats20-data/BraTS20/data/volume_79_slice_87.npz,0
/kaggle/input/brats20-data/BraTS20/data/volume_289_slice_100.npz,0
/kaggle/input/brats20-data/BraTS20/data/volume_101_slice_89.npz,0
/kaggle/input/brats20-data/BraTS20/data/volume_196_slice_125.npz,0
/kaggle/input/brats20-data/BraTS20/data/volume_240_slice_112.npz,0
/kaggle/input/brats20-data/BraTS20/data/volume_29_slice_128.npz,0
/kaggle/input/brats20-data/BraTS20/data/volume_244_slice_93.npz,0
/kaggle/input/brats20-data/BraTS20/data/volume_39_slice_87.npz,0
/kaggle/input/brats20-data/BraTS20/data/volume_308_slice_112.npz,0
/kaggle/input/brats20-data/BraTS20/data/volume_304_slice_104.npz,0
/kaggle/input/brats20-data/BraTS20/data/volume_197_slice_103.npz,0
/kaggle/input/brats20-data/BraTS20/data/volume_249_slice_128.npz,0
/kaggle/input/brats20-data/BraTS20/data/volume_165_slice_117.npz,0
/kaggle/input/brats20-data/BraTS20/data/volume_253_slice_82.npz,0
/kaggle/input/brats20-data/BraTS20/data/volume_52_slice_107.npz,0
/kaggle/input/brats20-data/BraTS20/data/volume_77_slice_89.npz,0
/kaggle/input/brats20-data/BraTS20/data/volume_192_slice_103.npz,0
/kaggle/input/brats20-data/BraTS20/data/volume_81_slice_122.npz,0
/kaggle/input/brats20-data/BraTS20/data/volume_266_slice_121.npz,0
/kaggle/input/brats20-data/BraTS20/data/volume_225_slice_112.npz,0
/kaggle/input/brats20-data/BraTS20/data/volume_188_slice_82.npz,0
/kaggle/input/brats20-data/BraTS20/data/volume_335_slice_81.npz,0
/kaggle/input/brats20-data/BraTS20/data/volume_215_slice_101.npz,0
/kaggle/input/brats20-data/BraTS20/data/volume_39_slice_120.npz,0
/kaggle/input/brats20-data/BraTS20/data/volume_144_slice_80.npz,0
/kaggle/input/brats20-data/BraTS20/data/volume_130_slice_99.npz,0
/kaggle/input/brats20-data/BraTS20/data/volume_102_slice_94.npz,0
/kaggle/input/brats20-data/BraTS20/data/volume_288_slice_99.npz,0
/kaggle/input/brats20-data/BraTS20/data/volume_126_slice_86.npz,0
/kaggle/input/brats20-data/BraTS20/data/volume_180_slice_98.npz,0
/kaggle/input/brats20-data/BraTS20/data/volume_31_slice_110.npz,0
/kaggle/input/brats20-data/BraTS20/data/volume_332_slice_80.npz,0
/kaggle/input/brats20-data/BraTS20/data/volume_237_slice_126.npz,0
/kaggle/input/brats20-data/BraTS20/data/volume_30_slice_102.npz,0
/kaggle/input/brats20-data/BraTS20/data/volume_75_slice_120.npz,0
/kaggle/input/brats20-data/BraTS20/data/volume_337_slice_102.npz,0
/kaggle/input/brats20-data/BraTS20/data/volume_233_slice_96.npz,0
/kaggle/input/brats20-data/BraTS20/data/volume_160_slice_99.npz,0
/kaggle/input/brats20-data/BraTS20/data/volume_115_slice_99.npz,0
/kaggle/input/brats20-data/BraTS20/data/volume_345_slice_93.npz,0
/kaggle/input/brats20-data/BraTS20/data/volume_25_slice_104.npz,0
/kaggle/input/brats20-data/BraTS20/data/volume_308_slice_96.npz,0
/kaggle/input/brats20-data/BraTS20/data/volume_248_slice_113.npz,0
/kaggle/input/brats20-data/BraTS20/data/volume_312_slice_100.npz,0
/kaggle/input/brats20-data/BraTS20/data/volume_95_slice_108.npz,0
/kaggle/input/brats20-data/BraTS20/data/volume_64_slice_115.npz,0
/kaggle/input/brats20-data/BraTS20/data/volume_157_slice_90.npz,0
/kaggle/input/brats20-data/BraTS20/data/volume_206_slice_81.npz,0
/kaggle/input/brats20-data/BraTS20/data/volume_194_slice_80.npz,0
/kaggle/input/brats20-data/BraTS20/data/volume_6_slice_80.npz,0
/kaggle/input/brats20-data/BraTS20/data/volume_210_slice_111.npz,0
/kaggle/input/brats20-data/BraTS20/data/volume_294_slice_89.npz,0
/kaggle/input/brats20-data/BraTS20/data/volume_16_slice_103.npz,0
/kaggle/input/brats20-data/BraTS20/data/volume_150_slice_122.npz,0
/kaggle/input/brats20-data/BraTS20/data/volume_94_slice_120.npz,0
/kaggle/input/brats20-data/BraTS20/data/volume_172_slice_100.npz,0
/kaggle/input/brats20-data/BraTS20/data/volume_220_slice_121.npz,0
/kaggle/input/brats20-data/BraTS20/data/volume_43_slice_126.npz,0
/kaggle/input/brats20-data/BraTS20/data/volume_330_slice_100.npz,0
/kaggle/input/brats20-data/BraTS20/data/volume_279_slice_121.npz,0
/kaggle/input/brats20-data/BraTS20/data/volume_331_slice_128.npz,0
/kaggle/input/brats20-data/BraTS20/data/volume_92_slice_121.npz,0
/kaggle/input/brats20-data/BraTS20/data/volume_10_slice_94.npz,0
/kaggle/input/brats20-data/BraTS20/data/volume_154_slice_116.npz,0
/kaggle/input/brats20-data/BraTS20/data/volume_363_slice_124.npz,0
/kaggle/input/brats20-data/BraTS20/data/volume_217_slice_85.npz,0
/kaggle/input/brats20-data/BraTS20/data/volume_219_slice_95.npz,0
/kaggle/input/brats20-data/BraTS20/data/volume_150_slice_101.npz,0
/kaggle/input/brats20-data/BraTS20/data/volume_90_slice_98.npz,0
/kaggle/input/brats20-data/BraTS20/data/volume_308_slice_86.npz,0
/kaggle/input/brats20-data/BraTS20/data/volume_356_slice_124.npz,0
/kaggle/input/brats20-data/BraTS20/data/volume_228_slice_97.npz,0
/kaggle/input/brats20-data/BraTS20/data/volume_68_slice_122.npz,0
/kaggle/input/brats20-data/BraTS20/data/volume_142_slice_116.npz,0
/kaggle/input/brats20-data/BraTS20/data/volume_117_slice_102.npz,0
/kaggle/input/brats20-data/BraTS20/data/volume_101_slice_110.npz,0
/kaggle/input/brats20-data/BraTS20/data/volume_94_slice_127.npz,0
/kaggle/input/brats20-data/BraTS20/data/volume_241_slice_97.npz,0
/kaggle/input/brats20-data/BraTS20/data/volume_19_slice_127.npz,0
/kaggle/input/brats20-data/BraTS20/data/volume_27_slice_104.npz,0
/kaggle/input/brats20-data/BraTS20/data/volume_114_slice_94.npz,0
/kaggle/input/brats20-data/BraTS20/data/volume_349_slice_116.npz,0
/kaggle/input/brats20-data/BraTS20/data/volume_2_slice_85.npz,0
/kaggle/input/brats20-data/BraTS20/data/volume_18_slice_101.npz,0
/kaggle/input/brats20-data/BraTS20/data/volume_54_slice_83.npz,0
/kaggle/input/brats20-data/BraTS20/data/volume_266_slice_89.npz,0
/kaggle/input/brats20-data/BraTS20/data/volume_20_slice_118.npz,0
/kaggle/input/brats20-data/BraTS20/data/volume_96_slice_99.npz,0
/kaggle/input/brats20-data/BraTS20/data/volume_152_slice_82.npz,0
/kaggle/input/brats20-data/BraTS20/data/volume_260_slice_113.npz,0
/kaggle/input/brats20-data/BraTS20/data/volume_219_slice_105.npz,0
/kaggle/input/brats20-data/BraTS20/data/volume_109_slice_88.npz,0
/kaggle/input/brats20-data/BraTS20/data/volume_126_slice_111.npz,0
/kaggle/input/brats20-data/BraTS20/data/volume_349_slice_94.npz,0
/kaggle/input/brats20-data/BraTS20/data/volume_17_slice_89.npz,0
/kaggle/input/brats20-data/BraTS20/data/volume_53_slice_108.npz,0
/kaggle/input/brats20-data/BraTS20/data/volume_260_slice_93.npz,0
/kaggle/input/brats20-data/BraTS20/data/volume_365_slice_116.npz,0
/kaggle/input/brats20-data/BraTS20/data/volume_214_slice_99.npz,0
/kaggle/input/brats20-data/BraTS20/data/volume_260_slice_88.npz,0
/kaggle/input/brats20-data/BraTS20/data/volume_56_slice_105.npz,0
/kaggle/input/brats20-data/BraTS20/data/volume_210_slice_96.npz,0
/kaggle/input/brats20-data/BraTS20/data/volume_20_slice_82.npz,0
/kaggle/input/brats20-data/BraTS20/data/volume_212_slice_103.npz,0
/kaggle/input/brats20-data/BraTS20/data/volume_354_slice_93.npz,0
/kaggle/input/brats20-data/BraTS20/data/volume_24_slice_123.npz,0
/kaggle/input/brats20-data/BraTS20/data/volume_93_slice_91.npz,0
/kaggle/input/brats20-data/BraTS20/data/volume_30_slice_112.npz,0
/kaggle/input/brats20-data/BraTS20/data/volume_341_slice_80.npz,0
/kaggle/input/brats20-data/BraTS20/data/volume_59_slice_82.npz,0
/kaggle/input/brats20-data/BraTS20/data/volume_351_slice_95.npz,0
/kaggle/input/brats20-data/BraTS20/data/volume_109_slice_80.npz,0
/kaggle/input/brats20-data/BraTS20/data/volume_123_slice_88.npz,0
/kaggle/input/brats20-data/BraTS20/data/volume_92_slice_103.npz,0
/kaggle/input/brats20-data/BraTS20/data/volume_119_slice_88.npz,0
/kaggle/input/brats20-data/BraTS20/data/volume_85_slice_82.npz,0
/kaggle/input/brats20-data/BraTS20/data/volume_89_slice_118.npz,0
/kaggle/input/brats20-data/BraTS20/data/volume_318_slice_102.npz,0
/kaggle/input/brats20-data/BraTS20/data/volume_104_slice_126.npz,0
/kaggle/input/brats20-data/BraTS20/data/volume_147_slice_87.npz,0
/kaggle/input/brats20-data/BraTS20/data/volume_162_slice_109.npz,0
/kaggle/input/brats20-data/BraTS20/data/volume_49_slice_90.npz,0
/kaggle/input/brats20-data/BraTS20/data/volume_312_slice_89.npz,0
/kaggle/input/brats20-data/BraTS20/data/volume_30_slice_104.npz,0
/kaggle/input/brats20-data/BraTS20/data/volume_178_slice_119.npz,0
/kaggle/input/brats20-data/BraTS20/data/volume_218_slice_122.npz,0
/kaggle/input/brats20-data/BraTS20/data/volume_201_slice_84.npz,0
/kaggle/input/brats20-data/BraTS20/data/volume_288_slice_88.npz,0
/kaggle/input/brats20-data/BraTS20/data/volume_15_slice_109.npz,0
/kaggle/input/brats20-data/BraTS20/data/volume_330_slice_127.npz,0
/kaggle/input/brats20-data/BraTS20/data/volume_80_slice_120.npz,0
/kaggle/input/brats20-data/BraTS20/data/volume_17_slice_97.npz,0
/kaggle/input/brats20-data/BraTS20/data/volume_22_slice_123.npz,0
/kaggle/input/brats20-data/BraTS20/data/volume_93_slice_124.npz,0
/kaggle/input/brats20-data/BraTS20/data/volume_70_slice_120.npz,0
/kaggle/input/brats20-data/BraTS20/data/volume_119_slice_113.npz,0
/kaggle/input/brats20-data/BraTS20/data/volume_58_slice_96.npz,0
/kaggle/input/brats20-data/BraTS20/data/volume_108_slice_122.npz,0
/kaggle/input/brats20-data/BraTS20/data/volume_126_slice_128.npz,0
/kaggle/input/brats20-data/BraTS20/data/volume_230_slice_117.npz,0
/kaggle/input/brats20-data/BraTS20/data/volume_304_slice_85.npz,0
/kaggle/input/brats20-data/BraTS20/data/volume_310_slice_102.npz,0
/kaggle/input/brats20-data/BraTS20/data/volume_351_slice_114.npz,0
/kaggle/input/brats20-data/BraTS20/data/volume_356_slice_116.npz,0
/kaggle/input/brats20-data/BraTS20/data/volume_18_slice_99.npz,0
/kaggle/input/brats20-data/BraTS20/data/volume_29_slice_112.npz,0
/kaggle/input/brats20-data/BraTS20/data/volume_231_slice_118.npz,0
/kaggle/input/brats20-data/BraTS20/data/volume_230_slice_116.npz,0
/kaggle/input/brats20-data/BraTS20/data/volume_318_slice_87.npz,0
/kaggle/input/brats20-data/BraTS20/data/volume_136_slice_85.npz,0
/kaggle/input/brats20-data/BraTS20/data/volume_268_slice_80.npz,0
/kaggle/input/brats20-data/BraTS20/data/volume_321_slice_99.npz,0
/kaggle/input/brats20-data/BraTS20/data/volume_336_slice_80.npz,0
/kaggle/input/brats20-data/BraTS20/data/volume_298_slice_121.npz,0
/kaggle/input/brats20-data/BraTS20/data/volume_181_slice_91.npz,0
/kaggle/input/brats20-data/BraTS20/data/volume_167_slice_98.npz,0
/kaggle/input/brats20-data/BraTS20/data/volume_41_slice_122.npz,0
/kaggle/input/brats20-data/BraTS20/data/volume_100_slice_126.npz,0
/kaggle/input/brats20-data/BraTS20/data/volume_242_slice_113.npz,0
/kaggle/input/brats20-data/BraTS20/data/volume_37_slice_84.npz,0
/kaggle/input/brats20-data/BraTS20/data/volume_64_slice_81.npz,0
/kaggle/input/brats20-data/BraTS20/data/volume_102_slice_88.npz,0
/kaggle/input/brats20-data/BraTS20/data/volume_259_slice_99.npz,0
/kaggle/input/brats20-data/BraTS20/data/volume_152_slice_113.npz,0
/kaggle/input/brats20-data/BraTS20/data/volume_268_slice_90.npz,0
/kaggle/input/brats20-data/BraTS20/data/volume_279_slice_84.npz,0
/kaggle/input/brats20-data/BraTS20/data/volume_368_slice_94.npz,0
/kaggle/input/brats20-data/BraTS20/data/volume_215_slice_105.npz,0
/kaggle/input/brats20-data/BraTS20/data/volume_358_slice_106.npz,0
/kaggle/input/brats20-data/BraTS20/data/volume_210_slice_99.npz,0
/kaggle/input/brats20-data/BraTS20/data/volume_202_slice_122.npz,0
/kaggle/input/brats20-data/BraTS20/data/volume_84_slice_96.npz,0
/kaggle/input/brats20-data/BraTS20/data/volume_67_slice_114.npz,0
/kaggle/input/brats20-data/BraTS20/data/volume_358_slice_107.npz,0
/kaggle/input/brats20-data/BraTS20/data/volume_132_slice_90.npz,0
/kaggle/input/brats20-data/BraTS20/data/volume_98_slice_124.npz,0
/kaggle/input/brats20-data/BraTS20/data/volume_238_slice_81.npz,0
/kaggle/input/brats20-data/BraTS20/data/volume_352_slice_126.npz,0
/kaggle/input/brats20-data/BraTS20/data/volume_122_slice_106.npz,0
/kaggle/input/brats20-data/BraTS20/data/volume_334_slice_118.npz,0
/kaggle/input/brats20-data/BraTS20/data/volume_84_slice_106.npz,0
/kaggle/input/brats20-data/BraTS20/data/volume_64_slice_95.npz,0
/kaggle/input/brats20-data/BraTS20/data/volume_156_slice_103.npz,0
/kaggle/input/brats20-data/BraTS20/data/volume_253_slice_121.npz,0
/kaggle/input/brats20-data/BraTS20/data/volume_27_slice_88.npz,0
/kaggle/input/brats20-data/BraTS20/data/volume_2_slice_111.npz,0
/kaggle/input/brats20-data/BraTS20/data/volume_90_slice_87.npz,0
/kaggle/input/brats20-data/BraTS20/data/volume_90_slice_91.npz,0
/kaggle/input/brats20-data/BraTS20/data/volume_268_slice_81.npz,0
/kaggle/input/brats20-data/BraTS20/data/volume_197_slice_81.npz,0
/kaggle/input/brats20-data/BraTS20/data/volume_15_slice_92.npz,0
/kaggle/input/brats20-data/BraTS20/data/volume_136_slice_115.npz,0
/kaggle/input/brats20-data/BraTS20/data/volume_230_slice_80.npz,0
/kaggle/input/brats20-data/BraTS20/data/volume_104_slice_120.npz,0
/kaggle/input/brats20-data/BraTS20/data/volume_365_slice_85.npz,0
/kaggle/input/brats20-data/BraTS20/data/volume_65_slice_119.npz,0
/kaggle/input/brats20-data/BraTS20/data/volume_46_slice_106.npz,0
/kaggle/input/brats20-data/BraTS20/data/volume_333_slice_98.npz,0
/kaggle/input/brats20-data/BraTS20/data/volume_141_slice_109.npz,0
/kaggle/input/brats20-data/BraTS20/data/volume_261_slice_110.npz,0
/kaggle/input/brats20-data/BraTS20/data/volume_225_slice_120.npz,0
/kaggle/input/brats20-data/BraTS20/data/volume_25_slice_90.npz,0
/kaggle/input/brats20-data/BraTS20/data/volume_114_slice_106.npz,0
/kaggle/input/brats20-data/BraTS20/data/volume_144_slice_110.npz,0
/kaggle/input/brats20-data/BraTS20/data/volume_337_slice_86.npz,0
/kaggle/input/brats20-data/BraTS20/data/volume_217_slice_98.npz,0
/kaggle/input/brats20-data/BraTS20/data/volume_303_slice_98.npz,0
/kaggle/input/brats20-data/BraTS20/data/volume_220_slice_80.npz,0
/kaggle/input/brats20-data/BraTS20/data/volume_37_slice_94.npz,0
/kaggle/input/brats20-data/BraTS20/data/volume_100_slice_113.npz,0
/kaggle/input/brats20-data/BraTS20/data/volume_41_slice_106.npz,0
/kaggle/input/brats20-data/BraTS20/data/volume_80_slice_128.npz,0
/kaggle/input/brats20-data/BraTS20/data/volume_323_slice_97.npz,0
/kaggle/input/brats20-data/BraTS20/data/volume_341_slice_106.npz,0
/kaggle/input/brats20-data/BraTS20/data/volume_314_slice_117.npz,0
/kaggle/input/brats20-data/BraTS20/data/volume_209_slice_87.npz,0
/kaggle/input/brats20-data/BraTS20/data/volume_217_slice_121.npz,0
/kaggle/input/brats20-data/BraTS20/data/volume_366_slice_118.npz,0
/kaggle/input/brats20-data/BraTS20/data/volume_54_slice_128.npz,0
/kaggle/input/brats20-data/BraTS20/data/volume_65_slice_84.npz,0
/kaggle/input/brats20-data/BraTS20/data/volume_182_slice_105.npz,0
/kaggle/input/brats20-data/BraTS20/data/volume_127_slice_108.npz,0
/kaggle/input/brats20-data/BraTS20/data/volume_235_slice_96.npz,0
/kaggle/input/brats20-data/BraTS20/data/volume_356_slice_110.npz,0
/kaggle/input/brats20-data/BraTS20/data/volume_29_slice_103.npz,0
/kaggle/input/brats20-data/BraTS20/data/volume_280_slice_102.npz,0
/kaggle/input/brats20-data/BraTS20/data/volume_261_slice_119.npz,0
/kaggle/input/brats20-data/BraTS20/data/volume_318_slice_115.npz,0
/kaggle/input/brats20-data/BraTS20/data/volume_123_slice_118.npz,0
/kaggle/input/brats20-data/BraTS20/data/volume_146_slice_108.npz,0
/kaggle/input/brats20-data/BraTS20/data/volume_206_slice_105.npz,0
/kaggle/input/brats20-data/BraTS20/data/volume_250_slice_112.npz,0
/kaggle/input/brats20-data/BraTS20/data/volume_220_slice_87.npz,0
/kaggle/input/brats20-data/BraTS20/data/volume_153_slice_90.npz,0
/kaggle/input/brats20-data/BraTS20/data/volume_251_slice_108.npz,0
/kaggle/input/brats20-data/BraTS20/data/volume_209_slice_92.npz,0
/kaggle/input/brats20-data/BraTS20/data/volume_42_slice_92.npz,0
/kaggle/input/brats20-data/BraTS20/data/volume_26_slice_124.npz,0
/kaggle/input/brats20-data/BraTS20/data/volume_49_slice_91.npz,0
/kaggle/input/brats20-data/BraTS20/data/volume_56_slice_120.npz,0
/kaggle/input/brats20-data/BraTS20/data/volume_276_slice_115.npz,0
/kaggle/input/brats20-data/BraTS20/data/volume_288_slice_111.npz,0
/kaggle/input/brats20-data/BraTS20/data/volume_174_slice_88.npz,0
/kaggle/input/brats20-data/BraTS20/data/volume_153_slice_112.npz,0
/kaggle/input/brats20-data/BraTS20/data/volume_73_slice_120.npz,0
/kaggle/input/brats20-data/BraTS20/data/volume_65_slice_112.npz,0
/kaggle/input/brats20-data/BraTS20/data/volume_330_slice_113.npz,0
/kaggle/input/brats20-data/BraTS20/data/volume_42_slice_90.npz,0
/kaggle/input/brats20-data/BraTS20/data/volume_265_slice_112.npz,0
/kaggle/input/brats20-data/BraTS20/data/volume_192_slice_85.npz,0
/kaggle/input/brats20-data/BraTS20/data/volume_179_slice_114.npz,0
/kaggle/input/brats20-data/BraTS20/data/volume_351_slice_124.npz,0
/kaggle/input/brats20-data/BraTS20/data/volume_63_slice_113.npz,0
/kaggle/input/brats20-data/BraTS20/data/volume_335_slice_95.npz,0
/kaggle/input/brats20-data/BraTS20/data/volume_47_slice_101.npz,0
/kaggle/input/brats20-data/BraTS20/data/volume_111_slice_113.npz,0
/kaggle/input/brats20-data/BraTS20/data/volume_95_slice_101.npz,0
/kaggle/input/brats20-data/BraTS20/data/volume_75_slice_121.npz,0
/kaggle/input/brats20-data/BraTS20/data/volume_129_slice_125.npz,0
/kaggle/input/brats20-data/BraTS20/data/volume_266_slice_80.npz,0
/kaggle/input/brats20-data/BraTS20/data/volume_90_slice_97.npz,0
/kaggle/input/brats20-data/BraTS20/data/volume_125_slice_113.npz,0
/kaggle/input/brats20-data/BraTS20/data/volume_249_slice_108.npz,0
/kaggle/input/brats20-data/BraTS20/data/volume_37_slice_88.npz,0
/kaggle/input/brats20-data/BraTS20/data/volume_285_slice_85.npz,0
/kaggle/input/brats20-data/BraTS20/data/volume_347_slice_119.npz,0
/kaggle/input/brats20-data/BraTS20/data/volume_146_slice_110.npz,0
/kaggle/input/brats20-data/BraTS20/data/volume_280_slice_120.npz,0
/kaggle/input/brats20-data/BraTS20/data/volume_115_slice_101.npz,0
/kaggle/input/brats20-data/BraTS20/data/volume_294_slice_81.npz,0
/kaggle/input/brats20-data/BraTS20/data/volume_360_slice_98.npz,0
/kaggle/input/brats20-data/BraTS20/data/volume_118_slice_82.npz,0
/kaggle/input/brats20-data/BraTS20/data/volume_74_slice_100.npz,0
/kaggle/input/brats20-data/BraTS20/data/volume_271_slice_121.npz,0
/kaggle/input/brats20-data/BraTS20/data/volume_49_slice_96.npz,0
/kaggle/input/brats20-data/BraTS20/data/volume_79_slice_105.npz,0
/kaggle/input/brats20-data/BraTS20/data/volume_188_slice_124.npz,0
/kaggle/input/brats20-data/BraTS20/data/volume_366_slice_115.npz,0
/kaggle/input/brats20-data/BraTS20/data/volume_320_slice_110.npz,0
/kaggle/input/brats20-data/BraTS20/data/volume_28_slice_96.npz,0
/kaggle/input/brats20-data/BraTS20/data/volume_302_slice_102.npz,0
/kaggle/input/brats20-data/BraTS20/data/volume_160_slice_94.npz,0
/kaggle/input/brats20-data/BraTS20/data/volume_136_slice_119.npz,0
/kaggle/input/brats20-data/BraTS20/data/volume_52_slice_124.npz,0
/kaggle/input/brats20-data/BraTS20/data/volume_211_slice_92.npz,0
/kaggle/input/brats20-data/BraTS20/data/volume_349_slice_124.npz,0
/kaggle/input/brats20-data/BraTS20/data/volume_278_slice_110.npz,0
/kaggle/input/brats20-data/BraTS20/data/volume_242_slice_104.npz,0
/kaggle/input/brats20-data/BraTS20/data/volume_302_slice_94.npz,0
/kaggle/input/brats20-data/BraTS20/data/volume_10_slice_84.npz,0
/kaggle/input/brats20-data/BraTS20/data/volume_368_slice_87.npz,0
/kaggle/input/brats20-data/BraTS20/data/volume_353_slice_110.npz,0
/kaggle/input/brats20-data/BraTS20/data/volume_311_slice_124.npz,0
/kaggle/input/brats20-data/BraTS20/data/volume_360_slice_86.npz,0
/kaggle/input/brats20-data/BraTS20/data/volume_92_slice_89.npz,0
/kaggle/input/brats20-data/BraTS20/data/volume_73_slice_91.npz,0
/kaggle/input/brats20-data/BraTS20/data/volume_194_slice_104.npz,0
/kaggle/input/brats20-data/BraTS20/data/volume_160_slice_124.npz,0
/kaggle/input/brats20-data/BraTS20/data/volume_214_slice_90.npz,0
/kaggle/input/brats20-data/BraTS20/data/volume_350_slice_109.npz,0
/kaggle/input/brats20-data/BraTS20/data/volume_279_slice_105.npz,0
/kaggle/input/brats20-data/BraTS20/data/volume_249_slice_102.npz,0
/kaggle/input/brats20-data/BraTS20/data/volume_200_slice_89.npz,0
/kaggle/input/brats20-data/BraTS20/data/volume_365_slice_112.npz,0
/kaggle/input/brats20-data/BraTS20/data/volume_133_slice_81.npz,0
/kaggle/input/brats20-data/BraTS20/data/volume_306_slice_124.npz,0
/kaggle/input/brats20-data/BraTS20/data/volume_101_slice_109.npz,0
/kaggle/input/brats20-data/BraTS20/data/volume_153_slice_119.npz,0
/kaggle/input/brats20-data/BraTS20/data/volume_291_slice_98.npz,0
/kaggle/input/brats20-data/BraTS20/data/volume_45_slice_121.npz,0
/kaggle/input/brats20-data/BraTS20/data/volume_100_slice_120.npz,0
/kaggle/input/brats20-data/BraTS20/data/volume_22_slice_98.npz,0
/kaggle/input/brats20-data/BraTS20/data/volume_330_slice_121.npz,0
/kaggle/input/brats20-data/BraTS20/data/volume_334_slice_121.npz,0
/kaggle/input/brats20-data/BraTS20/data/volume_15_slice_126.npz,0
/kaggle/input/brats20-data/BraTS20/data/volume_296_slice_113.npz,0
/kaggle/input/brats20-data/BraTS20/data/volume_298_slice_88.npz,0
/kaggle/input/brats20-data/BraTS20/data/volume_104_slice_86.npz,0
/kaggle/input/brats20-data/BraTS20/data/volume_151_slice_103.npz,0
/kaggle/input/brats20-data/BraTS20/data/volume_350_slice_100.npz,0
/kaggle/input/brats20-data/BraTS20/data/volume_225_slice_113.npz,0
/kaggle/input/brats20-data/BraTS20/data/volume_73_slice_99.npz,0
/kaggle/input/brats20-data/BraTS20/data/volume_8_slice_82.npz,0
/kaggle/input/brats20-data/BraTS20/data/volume_303_slice_87.npz,0
/kaggle/input/brats20-data/BraTS20/data/volume_277_slice_106.npz,0
/kaggle/input/brats20-data/BraTS20/data/volume_43_slice_80.npz,0
/kaggle/input/brats20-data/BraTS20/data/volume_49_slice_92.npz,0
/kaggle/input/brats20-data/BraTS20/data/volume_332_slice_96.npz,0
/kaggle/input/brats20-data/BraTS20/data/volume_230_slice_119.npz,0
/kaggle/input/brats20-data/BraTS20/data/volume_265_slice_108.npz,0
/kaggle/input/brats20-data/BraTS20/data/volume_17_slice_96.npz,0
/kaggle/input/brats20-data/BraTS20/data/volume_184_slice_97.npz,0
/kaggle/input/brats20-data/BraTS20/data/volume_353_slice_116.npz,0
/kaggle/input/brats20-data/BraTS20/data/volume_132_slice_111.npz,0
/kaggle/input/brats20-data/BraTS20/data/volume_50_slice_90.npz,0
/kaggle/input/brats20-data/BraTS20/data/volume_114_slice_87.npz,0
/kaggle/input/brats20-data/BraTS20/data/volume_17_slice_80.npz,0
/kaggle/input/brats20-data/BraTS20/data/volume_112_slice_113.npz,0
/kaggle/input/brats20-data/BraTS20/data/volume_93_slice_113.npz,0
/kaggle/input/brats20-data/BraTS20/data/volume_173_slice_80.npz,0
/kaggle/input/brats20-data/BraTS20/data/volume_352_slice_88.npz,0
/kaggle/input/brats20-data/BraTS20/data/volume_235_slice_115.npz,0
/kaggle/input/brats20-data/BraTS20/data/volume_122_slice_118.npz,0
/kaggle/input/brats20-data/BraTS20/data/volume_100_slice_105.npz,0
/kaggle/input/brats20-data/BraTS20/data/volume_351_slice_127.npz,0
/kaggle/input/brats20-data/BraTS20/data/volume_24_slice_84.npz,0
/kaggle/input/brats20-data/BraTS20/data/volume_266_slice_127.npz,0
/kaggle/input/brats20-data/BraTS20/data/volume_107_slice_84.npz,0
/kaggle/input/brats20-data/BraTS20/data/volume_324_slice_85.npz,0
/kaggle/input/brats20-data/BraTS20/data/volume_84_slice_119.npz,0
/kaggle/input/brats20-data/BraTS20/data/volume_261_slice_85.npz,0
/kaggle/input/brats20-data/BraTS20/data/volume_298_slice_80.npz,0
/kaggle/input/brats20-data/BraTS20/data/volume_218_slice_82.npz,0
/kaggle/input/brats20-data/BraTS20/data/volume_69_slice_89.npz,0
/kaggle/input/brats20-data/BraTS20/data/volume_92_slice_128.npz,0
/kaggle/input/brats20-data/BraTS20/data/volume_220_slice_102.npz,0
/kaggle/input/brats20-data/BraTS20/data/volume_174_slice_103.npz,0
/kaggle/input/brats20-data/BraTS20/data/volume_155_slice_91.npz,0
/kaggle/input/brats20-data/BraTS20/data/volume_329_slice_96.npz,0
/kaggle/input/brats20-data/BraTS20/data/volume_237_slice_106.npz,0
/kaggle/input/brats20-data/BraTS20/data/volume_362_slice_85.npz,0
/kaggle/input/brats20-data/BraTS20/data/volume_219_slice_106.npz,0
/kaggle/input/brats20-data/BraTS20/data/volume_1_slice_92.npz,0
/kaggle/input/brats20-data/BraTS20/data/volume_253_slice_81.npz,0
/kaggle/input/brats20-data/BraTS20/data/volume_53_slice_105.npz,0
/kaggle/input/brats20-data/BraTS20/data/volume_265_slice_114.npz,0
/kaggle/input/brats20-data/BraTS20/data/volume_64_slice_112.npz,0
/kaggle/input/brats20-data/BraTS20/data/volume_26_slice_113.npz,0
/kaggle/input/brats20-data/BraTS20/data/volume_75_slice_115.npz,0
/kaggle/input/brats20-data/BraTS20/data/volume_333_slice_108.npz,0
/kaggle/input/brats20-data/BraTS20/data/volume_287_slice_92.npz,0
/kaggle/input/brats20-data/BraTS20/data/volume_179_slice_103.npz,0
/kaggle/input/brats20-data/BraTS20/data/volume_45_slice_84.npz,0
/kaggle/input/brats20-data/BraTS20/data/volume_168_slice_116.npz,0
/kaggle/input/brats20-data/BraTS20/data/volume_128_slice_125.npz,0
/kaggle/input/brats20-data/BraTS20/data/volume_111_slice_99.npz,0
/kaggle/input/brats20-data/BraTS20/data/volume_39_slice_127.npz,0
/kaggle/input/brats20-data/BraTS20/data/volume_357_slice_113.npz,0
/kaggle/input/brats20-data/BraTS20/data/volume_296_slice_87.npz,0
/kaggle/input/brats20-data/BraTS20/data/volume_10_slice_88.npz,0
/kaggle/input/brats20-data/BraTS20/data/volume_179_slice_118.npz,0
/kaggle/input/brats20-data/BraTS20/data/volume_308_slice_103.npz,0
/kaggle/input/brats20-data/BraTS20/data/volume_242_slice_90.npz,0
/kaggle/input/brats20-data/BraTS20/data/volume_80_slice_99.npz,0
/kaggle/input/brats20-data/BraTS20/data/volume_159_slice_100.npz,0
/kaggle/input/brats20-data/BraTS20/data/volume_52_slice_94.npz,0
/kaggle/input/brats20-data/BraTS20/data/volume_350_slice_88.npz,0
/kaggle/input/brats20-data/BraTS20/data/volume_115_slice_91.npz,0
/kaggle/input/brats20-data/BraTS20/data/volume_87_slice_86.npz,0
/kaggle/input/brats20-data/BraTS20/data/volume_252_slice_91.npz,0
/kaggle/input/brats20-data/BraTS20/data/volume_251_slice_89.npz,0
/kaggle/input/brats20-data/BraTS20/data/volume_53_slice_110.npz,0
/kaggle/input/brats20-data/BraTS20/data/volume_38_slice_113.npz,0
/kaggle/input/brats20-data/BraTS20/data/volume_129_slice_122.npz,0
/kaggle/input/brats20-data/BraTS20/data/volume_27_slice_93.npz,0
/kaggle/input/brats20-data/BraTS20/data/volume_172_slice_119.npz,0
/kaggle/input/brats20-data/BraTS20/data/volume_205_slice_109.npz,0
/kaggle/input/brats20-data/BraTS20/data/volume_48_slice_90.npz,0
/kaggle/input/brats20-data/BraTS20/data/volume_316_slice_115.npz,0
/kaggle/input/brats20-data/BraTS20/data/volume_313_slice_87.npz,0
/kaggle/input/brats20-data/BraTS20/data/volume_200_slice_104.npz,0
/kaggle/input/brats20-data/BraTS20/data/volume_117_slice_106.npz,0
/kaggle/input/brats20-data/BraTS20/data/volume_114_slice_92.npz,0
/kaggle/input/brats20-data/BraTS20/data/volume_25_slice_115.npz,0
/kaggle/input/brats20-data/BraTS20/data/volume_151_slice_126.npz,0
/kaggle/input/brats20-data/BraTS20/data/volume_238_slice_117.npz,0
/kaggle/input/brats20-data/BraTS20/data/volume_65_slice_94.npz,0
/kaggle/input/brats20-data/BraTS20/data/volume_90_slice_88.npz,0
/kaggle/input/brats20-data/BraTS20/data/volume_200_slice_90.npz,0
/kaggle/input/brats20-data/BraTS20/data/volume_49_slice_81.npz,0
/kaggle/input/brats20-data/BraTS20/data/volume_259_slice_107.npz,0
/kaggle/input/brats20-data/BraTS20/data/volume_323_slice_89.npz,0
/kaggle/input/brats20-data/BraTS20/data/volume_98_slice_114.npz,0
/kaggle/input/brats20-data/BraTS20/data/volume_237_slice_125.npz,0
/kaggle/input/brats20-data/BraTS20/data/volume_153_slice_98.npz,0
/kaggle/input/brats20-data/BraTS20/data/volume_102_slice_93.npz,0
/kaggle/input/brats20-data/BraTS20/data/volume_298_slice_123.npz,0
/kaggle/input/brats20-data/BraTS20/data/volume_71_slice_100.npz,0
/kaggle/input/brats20-data/BraTS20/data/volume_265_slice_127.npz,0
/kaggle/input/brats20-data/BraTS20/data/volume_200_slice_125.npz,0
/kaggle/input/brats20-data/BraTS20/data/volume_48_slice_91.npz,0
/kaggle/input/brats20-data/BraTS20/data/volume_10_slice_96.npz,0
/kaggle/input/brats20-data/BraTS20/data/volume_109_slice_91.npz,0
/kaggle/input/brats20-data/BraTS20/data/volume_118_slice_94.npz,0
/kaggle/input/brats20-data/BraTS20/data/volume_345_slice_83.npz,0
/kaggle/input/brats20-data/BraTS20/data/volume_133_slice_86.npz,0
/kaggle/input/brats20-data/BraTS20/data/volume_63_slice_104.npz,0
/kaggle/input/brats20-data/BraTS20/data/volume_92_slice_99.npz,0
/kaggle/input/brats20-data/BraTS20/data/volume_367_slice_105.npz,0
/kaggle/input/brats20-data/BraTS20/data/volume_22_slice_89.npz,0
/kaggle/input/brats20-data/BraTS20/data/volume_159_slice_111.npz,0
/kaggle/input/brats20-data/BraTS20/data/volume_324_slice_122.npz,0
/kaggle/input/brats20-data/BraTS20/data/volume_336_slice_117.npz,0
/kaggle/input/brats20-data/BraTS20/data/volume_303_slice_125.npz,0
/kaggle/input/brats20-data/BraTS20/data/volume_198_slice_98.npz,0
/kaggle/input/brats20-data/BraTS20/data/volume_67_slice_117.npz,0
/kaggle/input/brats20-data/BraTS20/data/volume_46_slice_92.npz,0
/kaggle/input/brats20-data/BraTS20/data/volume_133_slice_91.npz,0
/kaggle/input/brats20-data/BraTS20/data/volume_320_slice_107.npz,0
/kaggle/input/brats20-data/BraTS20/data/volume_155_slice_109.npz,0
/kaggle/input/brats20-data/BraTS20/data/volume_52_slice_81.npz,0
/kaggle/input/brats20-data/BraTS20/data/volume_213_slice_112.npz,0
/kaggle/input/brats20-data/BraTS20/data/volume_267_slice_123.npz,0
/kaggle/input/brats20-data/BraTS20/data/volume_268_slice_109.npz,0
/kaggle/input/brats20-data/BraTS20/data/volume_210_slice_94.npz,0
/kaggle/input/brats20-data/BraTS20/data/volume_71_slice_124.npz,0
/kaggle/input/brats20-data/BraTS20/data/volume_109_slice_113.npz,0
/kaggle/input/brats20-data/BraTS20/data/volume_268_slice_100.npz,0
/kaggle/input/brats20-data/BraTS20/data/volume_136_slice_118.npz,0
/kaggle/input/brats20-data/BraTS20/data/volume_50_slice_116.npz,0
/kaggle/input/brats20-data/BraTS20/data/volume_260_slice_100.npz,0
/kaggle/input/brats20-data/BraTS20/data/volume_249_slice_119.npz,0
/kaggle/input/brats20-data/BraTS20/data/volume_266_slice_95.npz,0
/kaggle/input/brats20-data/BraTS20/data/volume_19_slice_102.npz,0
/kaggle/input/brats20-data/BraTS20/data/volume_313_slice_127.npz,0
/kaggle/input/brats20-data/BraTS20/data/volume_313_slice_115.npz,0
/kaggle/input/brats20-data/BraTS20/data/volume_365_slice_99.npz,0
/kaggle/input/brats20-data/BraTS20/data/volume_117_slice_120.npz,0
/kaggle/input/brats20-data/BraTS20/data/volume_306_slice_98.npz,0
/kaggle/input/brats20-data/BraTS20/data/volume_115_slice_100.npz,0
/kaggle/input/brats20-data/BraTS20/data/volume_329_slice_97.npz,0
/kaggle/input/brats20-data/BraTS20/data/volume_256_slice_110.npz,0
/kaggle/input/brats20-data/BraTS20/data/volume_27_slice_101.npz,0
/kaggle/input/brats20-data/BraTS20/data/volume_19_slice_104.npz,0
/kaggle/input/brats20-data/BraTS20/data/volume_42_slice_80.npz,0
/kaggle/input/brats20-data/BraTS20/data/volume_320_slice_124.npz,0
/kaggle/input/brats20-data/BraTS20/data/volume_209_slice_107.npz,0
/kaggle/input/brats20-data/BraTS20/data/volume_238_slice_110.npz,0
/kaggle/input/brats20-data/BraTS20/data/volume_169_slice_108.npz,0
/kaggle/input/brats20-data/BraTS20/data/volume_209_slice_89.npz,0
/kaggle/input/brats20-data/BraTS20/data/volume_72_slice_114.npz,0
/kaggle/input/brats20-data/BraTS20/data/volume_151_slice_94.npz,0
/kaggle/input/brats20-data/BraTS20/data/volume_59_slice_124.npz,0
/kaggle/input/brats20-data/BraTS20/data/volume_37_slice_101.npz,0
/kaggle/input/brats20-data/BraTS20/data/volume_43_slice_110.npz,0
/kaggle/input/brats20-data/BraTS20/data/volume_298_slice_113.npz,0
/kaggle/input/brats20-data/BraTS20/data/volume_146_slice_123.npz,0
/kaggle/input/brats20-data/BraTS20/data/volume_279_slice_106.npz,0
/kaggle/input/brats20-data/BraTS20/data/volume_132_slice_80.npz,0
/kaggle/input/brats20-data/BraTS20/data/volume_278_slice_103.npz,0
/kaggle/input/brats20-data/BraTS20/data/volume_123_slice_102.npz,0
/kaggle/input/brats20-data/BraTS20/data/volume_5_slice_88.npz,0
/kaggle/input/brats20-data/BraTS20/data/volume_37_slice_111.npz,0
/kaggle/input/brats20-data/BraTS20/data/volume_41_slice_101.npz,0
/kaggle/input/brats20-data/BraTS20/data/volume_357_slice_81.npz,0
/kaggle/input/brats20-data/BraTS20/data/volume_101_slice_118.npz,0
/kaggle/input/brats20-data/BraTS20/data/volume_35_slice_123.npz,0
/kaggle/input/brats20-data/BraTS20/data/volume_59_slice_100.npz,0
/kaggle/input/brats20-data/BraTS20/data/volume_253_slice_122.npz,0
/kaggle/input/brats20-data/BraTS20/data/volume_179_slice_126.npz,0
/kaggle/input/brats20-data/BraTS20/data/volume_3_slice_87.npz,0
/kaggle/input/brats20-data/BraTS20/data/volume_118_slice_80.npz,0
/kaggle/input/brats20-data/BraTS20/data/volume_175_slice_107.npz,0
/kaggle/input/brats20-data/BraTS20/data/volume_296_slice_128.npz,0
/kaggle/input/brats20-data/BraTS20/data/volume_267_slice_87.npz,0
/kaggle/input/brats20-data/BraTS20/data/volume_350_slice_118.npz,0
/kaggle/input/brats20-data/BraTS20/data/volume_48_slice_100.npz,0
/kaggle/input/brats20-data/BraTS20/data/volume_163_slice_106.npz,0
/kaggle/input/brats20-data/BraTS20/data/volume_2_slice_101.npz,0
/kaggle/input/brats20-data/BraTS20/data/volume_335_slice_82.npz,0
/kaggle/input/brats20-data/BraTS20/data/volume_80_slice_115.npz,0
/kaggle/input/brats20-data/BraTS20/data/volume_155_slice_120.npz,0
/kaggle/input/brats20-data/BraTS20/data/volume_346_slice_113.npz,0
/kaggle/input/brats20-data/BraTS20/data/volume_171_slice_84.npz,0
/kaggle/input/brats20-data/BraTS20/data/volume_212_slice_83.npz,0
/kaggle/input/brats20-data/BraTS20/data/volume_265_slice_92.npz,0
/kaggle/input/brats20-data/BraTS20/data/volume_194_slice_99.npz,0
/kaggle/input/brats20-data/BraTS20/data/volume_89_slice_97.npz,0
/kaggle/input/brats20-data/BraTS20/data/volume_295_slice_117.npz,0
/kaggle/input/brats20-data/BraTS20/data/volume_67_slice_105.npz,0
/kaggle/input/brats20-data/BraTS20/data/volume_139_slice_105.npz,0
/kaggle/input/brats20-data/BraTS20/data/volume_23_slice_102.npz,0
/kaggle/input/brats20-data/BraTS20/data/volume_70_slice_98.npz,0
/kaggle/input/brats20-data/BraTS20/data/volume_352_slice_109.npz,0
/kaggle/input/brats20-data/BraTS20/data/volume_109_slice_95.npz,0
/kaggle/input/brats20-data/BraTS20/data/volume_329_slice_95.npz,0
/kaggle/input/brats20-data/BraTS20/data/volume_81_slice_110.npz,0
/kaggle/input/brats20-data/BraTS20/data/volume_16_slice_121.npz,0
/kaggle/input/brats20-data/BraTS20/data/volume_6_slice_96.npz,0
/kaggle/input/brats20-data/BraTS20/data/volume_117_slice_81.npz,0
/kaggle/input/brats20-data/BraTS20/data/volume_19_slice_119.npz,0
/kaggle/input/brats20-data/BraTS20/data/volume_332_slice_95.npz,0
/kaggle/input/brats20-data/BraTS20/data/volume_231_slice_96.npz,0
/kaggle/input/brats20-data/BraTS20/data/volume_345_slice_80.npz,0
/kaggle/input/brats20-data/BraTS20/data/volume_160_slice_102.npz,0
/kaggle/input/brats20-data/BraTS20/data/volume_169_slice_107.npz,0
/kaggle/input/brats20-data/BraTS20/data/volume_202_slice_127.npz,0
/kaggle/input/brats20-data/BraTS20/data/volume_355_slice_95.npz,0
/kaggle/input/brats20-data/BraTS20/data/volume_243_slice_82.npz,0
/kaggle/input/brats20-data/BraTS20/data/volume_331_slice_105.npz,0
/kaggle/input/brats20-data/BraTS20/data/volume_298_slice_107.npz,0
/kaggle/input/brats20-data/BraTS20/data/volume_334_slice_128.npz,0
/kaggle/input/brats20-data/BraTS20/data/volume_94_slice_98.npz,0
/kaggle/input/brats20-data/BraTS20/data/volume_125_slice_89.npz,0
/kaggle/input/brats20-data/BraTS20/data/volume_214_slice_102.npz,0
/kaggle/input/brats20-data/BraTS20/data/volume_264_slice_82.npz,0
/kaggle/input/brats20-data/BraTS20/data/volume_310_slice_85.npz,0
/kaggle/input/brats20-data/BraTS20/data/volume_157_slice_98.npz,0
/kaggle/input/brats20-data/BraTS20/data/volume_271_slice_98.npz,0
/kaggle/input/brats20-data/BraTS20/data/volume_150_slice_127.npz,0
/kaggle/input/brats20-data/BraTS20/data/volume_210_slice_85.npz,0
/kaggle/input/brats20-data/BraTS20/data/volume_62_slice_89.npz,0
/kaggle/input/brats20-data/BraTS20/data/volume_276_slice_107.npz,0
/kaggle/input/brats20-data/BraTS20/data/volume_294_slice_112.npz,0
/kaggle/input/brats20-data/BraTS20/data/volume_331_slice_109.npz,0
/kaggle/input/brats20-data/BraTS20/data/volume_158_slice_80.npz,0
/kaggle/input/brats20-data/BraTS20/data/volume_121_slice_126.npz,0
/kaggle/input/brats20-data/BraTS20/data/volume_81_slice_80.npz,0
/kaggle/input/brats20-data/BraTS20/data/volume_210_slice_114.npz,0
/kaggle/input/brats20-data/BraTS20/data/volume_300_slice_100.npz,0
/kaggle/input/brats20-data/BraTS20/data/volume_212_slice_92.npz,0
/kaggle/input/brats20-data/BraTS20/data/volume_125_slice_126.npz,0
/kaggle/input/brats20-data/BraTS20/data/volume_10_slice_115.npz,0
/kaggle/input/brats20-data/BraTS20/data/volume_290_slice_113.npz,0
/kaggle/input/brats20-data/BraTS20/data/volume_69_slice_92.npz,0
/kaggle/input/brats20-data/BraTS20/data/volume_197_slice_90.npz,0
/kaggle/input/brats20-data/BraTS20/data/volume_269_slice_106.npz,0
/kaggle/input/brats20-data/BraTS20/data/volume_347_slice_95.npz,0
/kaggle/input/brats20-data/BraTS20/data/volume_135_slice_106.npz,0
/kaggle/input/brats20-data/BraTS20/data/volume_87_slice_123.npz,0
/kaggle/input/brats20-data/BraTS20/data/volume_18_slice_117.npz,0
/kaggle/input/brats20-data/BraTS20/data/volume_245_slice_126.npz,0
/kaggle/input/brats20-data/BraTS20/data/volume_303_slice_103.npz,0
/kaggle/input/brats20-data/BraTS20/data/volume_111_slice_81.npz,0
/kaggle/input/brats20-data/BraTS20/data/volume_98_slice_82.npz,0
/kaggle/input/brats20-data/BraTS20/data/volume_180_slice_92.npz,0
/kaggle/input/brats20-data/BraTS20/data/volume_26_slice_110.npz,0
/kaggle/input/brats20-data/BraTS20/data/volume_53_slice_94.npz,0
/kaggle/input/brats20-data/BraTS20/data/volume_205_slice_113.npz,0
/kaggle/input/brats20-data/BraTS20/data/volume_48_slice_110.npz,0
/kaggle/input/brats20-data/BraTS20/data/volume_363_slice_86.npz,0
/kaggle/input/brats20-data/BraTS20/data/volume_49_slice_117.npz,0
/kaggle/input/brats20-data/BraTS20/data/volume_167_slice_108.npz,0
/kaggle/input/brats20-data/BraTS20/data/volume_112_slice_90.npz,0
/kaggle/input/brats20-data/BraTS20/data/volume_294_slice_96.npz,0
/kaggle/input/brats20-data/BraTS20/data/volume_152_slice_119.npz,0
/kaggle/input/brats20-data/BraTS20/data/volume_329_slice_126.npz,0
/kaggle/input/brats20-data/BraTS20/data/volume_337_slice_120.npz,0
/kaggle/input/brats20-data/BraTS20/data/volume_185_slice_96.npz,0
/kaggle/input/brats20-data/BraTS20/data/volume_37_slice_83.npz,0
/kaggle/input/brats20-data/BraTS20/data/volume_318_slice_91.npz,0
/kaggle/input/brats20-data/BraTS20/data/volume_117_slice_89.npz,0
/kaggle/input/brats20-data/BraTS20/data/volume_290_slice_128.npz,0
/kaggle/input/brats20-data/BraTS20/data/volume_24_slice_103.npz,0
/kaggle/input/brats20-data/BraTS20/data/volume_64_slice_83.npz,0
/kaggle/input/brats20-data/BraTS20/data/volume_90_slice_120.npz,0
/kaggle/input/brats20-data/BraTS20/data/volume_218_slice_102.npz,0
/kaggle/input/brats20-data/BraTS20/data/volume_6_slice_115.npz,0
/kaggle/input/brats20-data/BraTS20/data/volume_300_slice_114.npz,0
/kaggle/input/brats20-data/BraTS20/data/volume_5_slice_111.npz,0
/kaggle/input/brats20-data/BraTS20/data/volume_42_slice_93.npz,0
/kaggle/input/brats20-data/BraTS20/data/volume_114_slice_105.npz,0
/kaggle/input/brats20-data/BraTS20/data/volume_53_slice_116.npz,0
/kaggle/input/brats20-data/BraTS20/data/volume_311_slice_80.npz,0
/kaggle/input/brats20-data/BraTS20/data/volume_198_slice_116.npz,0
/kaggle/input/brats20-data/BraTS20/data/volume_266_slice_93.npz,0
/kaggle/input/brats20-data/BraTS20/data/volume_109_slice_126.npz,0
/kaggle/input/brats20-data/BraTS20/data/volume_206_slice_128.npz,0
/kaggle/input/brats20-data/BraTS20/data/volume_118_slice_126.npz,0
/kaggle/input/brats20-data/BraTS20/data/volume_159_slice_126.npz,0
/kaggle/input/brats20-data/BraTS20/data/volume_215_slice_111.npz,0
/kaggle/input/brats20-data/BraTS20/data/volume_276_slice_92.npz,0
/kaggle/input/brats20-data/BraTS20/data/volume_212_slice_107.npz,0
/kaggle/input/brats20-data/BraTS20/data/volume_227_slice_124.npz,0
/kaggle/input/brats20-data/BraTS20/data/volume_267_slice_111.npz,0
/kaggle/input/brats20-data/BraTS20/data/volume_192_slice_122.npz,0
/kaggle/input/brats20-data/BraTS20/data/volume_358_slice_125.npz,0
/kaggle/input/brats20-data/BraTS20/data/volume_233_slice_86.npz,0
/kaggle/input/brats20-data/BraTS20/data/volume_80_slice_116.npz,0
/kaggle/input/brats20-data/BraTS20/data/volume_200_slice_107.npz,0
/kaggle/input/brats20-data/BraTS20/data/volume_84_slice_107.npz,0
/kaggle/input/brats20-data/BraTS20/data/volume_312_slice_83.npz,0
/kaggle/input/brats20-data/BraTS20/data/volume_163_slice_117.npz,0
/kaggle/input/brats20-data/BraTS20/data/volume_147_slice_95.npz,0
/kaggle/input/brats20-data/BraTS20/data/volume_101_slice_112.npz,0
/kaggle/input/brats20-data/BraTS20/data/volume_351_slice_106.npz,0
/kaggle/input/brats20-data/BraTS20/data/volume_98_slice_89.npz,0
/kaggle/input/brats20-data/BraTS20/data/volume_40_slice_96.npz,0
/kaggle/input/brats20-data/BraTS20/data/volume_67_slice_90.npz,0
/kaggle/input/brats20-data/BraTS20/data/volume_327_slice_115.npz,0
/kaggle/input/brats20-data/BraTS20/data/volume_9_slice_115.npz,0
/kaggle/input/brats20-data/BraTS20/data/volume_266_slice_100.npz,0
/kaggle/input/brats20-data/BraTS20/data/volume_165_slice_100.npz,0
/kaggle/input/brats20-data/BraTS20/data/volume_137_slice_88.npz,0
/kaggle/input/brats20-data/BraTS20/data/volume_23_slice_101.npz,0
/kaggle/input/brats20-data/BraTS20/data/volume_331_slice_112.npz,0
/kaggle/input/brats20-data/BraTS20/data/volume_289_slice_121.npz,0
/kaggle/input/brats20-data/BraTS20/data/volume_359_slice_82.npz,0
/kaggle/input/brats20-data/BraTS20/data/volume_168_slice_121.npz,0
/kaggle/input/brats20-data/BraTS20/data/volume_261_slice_98.npz,0
/kaggle/input/brats20-data/BraTS20/data/volume_137_slice_101.npz,0
/kaggle/input/brats20-data/BraTS20/data/volume_81_slice_105.npz,0
/kaggle/input/brats20-data/BraTS20/data/volume_163_slice_81.npz,0
/kaggle/input/brats20-data/BraTS20/data/volume_112_slice_123.npz,0
/kaggle/input/brats20-data/BraTS20/data/volume_47_slice_88.npz,0
/kaggle/input/brats20-data/BraTS20/data/volume_20_slice_110.npz,0
/kaggle/input/brats20-data/BraTS20/data/volume_335_slice_111.npz,0
/kaggle/input/brats20-data/BraTS20/data/volume_84_slice_110.npz,0
/kaggle/input/brats20-data/BraTS20/data/volume_295_slice_102.npz,0
/kaggle/input/brats20-data/BraTS20/data/volume_72_slice_95.npz,0
/kaggle/input/brats20-data/BraTS20/data/volume_292_slice_120.npz,0
/kaggle/input/brats20-data/BraTS20/data/volume_75_slice_122.npz,0
/kaggle/input/brats20-data/BraTS20/data/volume_2_slice_88.npz,0
/kaggle/input/brats20-data/BraTS20/data/volume_127_slice_96.npz,0
/kaggle/input/brats20-data/BraTS20/data/volume_316_slice_100.npz,0
/kaggle/input/brats20-data/BraTS20/data/volume_320_slice_87.npz,0
/kaggle/input/brats20-data/BraTS20/data/volume_132_slice_121.npz,0
/kaggle/input/brats20-data/BraTS20/data/volume_245_slice_127.npz,0
/kaggle/input/brats20-data/BraTS20/data/volume_51_slice_115.npz,0
/kaggle/input/brats20-data/BraTS20/data/volume_169_slice_115.npz,0
/kaggle/input/brats20-data/BraTS20/data/volume_126_slice_122.npz,0
/kaggle/input/brats20-data/BraTS20/data/volume_188_slice_98.npz,0
/kaggle/input/brats20-data/BraTS20/data/volume_318_slice_96.npz,0
/kaggle/input/brats20-data/BraTS20/data/volume_184_slice_84.npz,0
/kaggle/input/brats20-data/BraTS20/data/volume_294_slice_88.npz,0
/kaggle/input/brats20-data/BraTS20/data/volume_264_slice_99.npz,0
/kaggle/input/brats20-data/BraTS20/data/volume_225_slice_94.npz,0
/kaggle/input/brats20-data/BraTS20/data/volume_271_slice_90.npz,0
/kaggle/input/brats20-data/BraTS20/data/volume_52_slice_87.npz,0
/kaggle/input/brats20-data/BraTS20/data/volume_281_slice_113.npz,0
/kaggle/input/brats20-data/BraTS20/data/volume_137_slice_121.npz,0
/kaggle/input/brats20-data/BraTS20/data/volume_20_slice_127.npz,0
/kaggle/input/brats20-data/BraTS20/data/volume_227_slice_128.npz,0
/kaggle/input/brats20-data/BraTS20/data/volume_242_slice_103.npz,0
/kaggle/input/brats20-data/BraTS20/data/volume_267_slice_90.npz,0
/kaggle/input/brats20-data/BraTS20/data/volume_333_slice_103.npz,0
/kaggle/input/brats20-data/BraTS20/data/volume_39_slice_84.npz,0
/kaggle/input/brats20-data/BraTS20/data/volume_205_slice_123.npz,0
/kaggle/input/brats20-data/BraTS20/data/volume_2_slice_119.npz,0
/kaggle/input/brats20-data/BraTS20/data/volume_104_slice_81.npz,0
/kaggle/input/brats20-data/BraTS20/data/volume_182_slice_116.npz,0
/kaggle/input/brats20-data/BraTS20/data/volume_93_slice_93.npz,0
/kaggle/input/brats20-data/BraTS20/data/volume_231_slice_88.npz,0
/kaggle/input/brats20-data/BraTS20/data/volume_8_slice_121.npz,0
/kaggle/input/brats20-data/BraTS20/data/volume_318_slice_99.npz,0
/kaggle/input/brats20-data/BraTS20/data/volume_50_slice_113.npz,0
/kaggle/input/brats20-data/BraTS20/data/volume_20_slice_121.npz,0
/kaggle/input/brats20-data/BraTS20/data/volume_209_slice_104.npz,0
/kaggle/input/brats20-data/BraTS20/data/volume_339_slice_102.npz,0
/kaggle/input/brats20-data/BraTS20/data/volume_357_slice_92.npz,0
/kaggle/input/brats20-data/BraTS20/data/volume_118_slice_122.npz,0
/kaggle/input/brats20-data/BraTS20/data/volume_305_slice_94.npz,0
/kaggle/input/brats20-data/BraTS20/data/volume_206_slice_110.npz,0
/kaggle/input/brats20-data/BraTS20/data/volume_326_slice_104.npz,0
/kaggle/input/brats20-data/BraTS20/data/volume_220_slice_105.npz,0
/kaggle/input/brats20-data/BraTS20/data/volume_1_slice_125.npz,0
/kaggle/input/brats20-data/BraTS20/data/volume_177_slice_107.npz,0
/kaggle/input/brats20-data/BraTS20/data/volume_243_slice_92.npz,0
/kaggle/input/brats20-data/BraTS20/data/volume_40_slice_116.npz,0
/kaggle/input/brats20-data/BraTS20/data/volume_324_slice_99.npz,0
/kaggle/input/brats20-data/BraTS20/data/volume_227_slice_103.npz,0
/kaggle/input/brats20-data/BraTS20/data/volume_265_slice_86.npz,0
/kaggle/input/brats20-data/BraTS20/data/volume_214_slice_88.npz,0
/kaggle/input/brats20-data/BraTS20/data/volume_83_slice_85.npz,0
/kaggle/input/brats20-data/BraTS20/data/volume_235_slice_99.npz,0
/kaggle/input/brats20-data/BraTS20/data/volume_238_slice_118.npz,0
/kaggle/input/brats20-data/BraTS20/data/volume_67_slice_121.npz,0
/kaggle/input/brats20-data/BraTS20/data/volume_84_slice_85.npz,0
/kaggle/input/brats20-data/BraTS20/data/volume_239_slice_116.npz,0
/kaggle/input/brats20-data/BraTS20/data/volume_270_slice_84.npz,0
/kaggle/input/brats20-data/BraTS20/data/volume_31_slice_96.npz,0
/kaggle/input/brats20-data/BraTS20/data/volume_167_slice_84.npz,0
/kaggle/input/brats20-data/BraTS20/data/volume_233_slice_97.npz,0
/kaggle/input/brats20-data/BraTS20/data/volume_196_slice_89.npz,0
/kaggle/input/brats20-data/BraTS20/data/volume_32_slice_82.npz,0
/kaggle/input/brats20-data/BraTS20/data/volume_47_slice_82.npz,0
/kaggle/input/brats20-data/BraTS20/data/volume_24_slice_83.npz,0
/kaggle/input/brats20-data/BraTS20/data/volume_101_slice_96.npz,0
/kaggle/input/brats20-data/BraTS20/data/volume_334_slice_123.npz,0
/kaggle/input/brats20-data/BraTS20/data/volume_85_slice_85.npz,0
/kaggle/input/brats20-data/BraTS20/data/volume_102_slice_126.npz,0
/kaggle/input/brats20-data/BraTS20/data/volume_79_slice_92.npz,0
/kaggle/input/brats20-data/BraTS20/data/volume_142_slice_102.npz,0
/kaggle/input/brats20-data/BraTS20/data/volume_154_slice_81.npz,0
/kaggle/input/brats20-data/BraTS20/data/volume_54_slice_86.npz,0
/kaggle/input/brats20-data/BraTS20/data/volume_326_slice_128.npz,0
/kaggle/input/brats20-data/BraTS20/data/volume_196_slice_84.npz,0
/kaggle/input/brats20-data/BraTS20/data/volume_139_slice_109.npz,0
/kaggle/input/brats20-data/BraTS20/data/volume_32_slice_122.npz,0
/kaggle/input/brats20-data/BraTS20/data/volume_358_slice_100.npz,0
/kaggle/input/brats20-data/BraTS20/data/volume_108_slice_128.npz,0
/kaggle/input/brats20-data/BraTS20/data/volume_270_slice_115.npz,0
/kaggle/input/brats20-data/BraTS20/data/volume_235_slice_105.npz,0
/kaggle/input/brats20-data/BraTS20/data/volume_184_slice_121.npz,0
/kaggle/input/brats20-data/BraTS20/data/volume_209_slice_97.npz,0
/kaggle/input/brats20-data/BraTS20/data/volume_324_slice_126.npz,0
/kaggle/input/brats20-data/BraTS20/data/volume_326_slice_119.npz,0
/kaggle/input/brats20-data/BraTS20/data/volume_240_slice_104.npz,0
/kaggle/input/brats20-data/BraTS20/data/volume_165_slice_127.npz,0
/kaggle/input/brats20-data/BraTS20/data/volume_48_slice_120.npz,0
/kaggle/input/brats20-data/BraTS20/data/volume_143_slice_121.npz,0
/kaggle/input/brats20-data/BraTS20/data/volume_351_slice_96.npz,0
/kaggle/input/brats20-data/BraTS20/data/volume_363_slice_110.npz,0
/kaggle/input/brats20-data/BraTS20/data/volume_31_slice_86.npz,0
/kaggle/input/brats20-data/BraTS20/data/volume_360_slice_126.npz,0
/kaggle/input/brats20-data/BraTS20/data/volume_332_slice_122.npz,0
/kaggle/input/brats20-data/BraTS20/data/volume_112_slice_115.npz,0
/kaggle/input/brats20-data/BraTS20/data/volume_177_slice_115.npz,0
/kaggle/input/brats20-data/BraTS20/data/volume_141_slice_111.npz,0
/kaggle/input/brats20-data/BraTS20/data/volume_326_slice_92.npz,0
/kaggle/input/brats20-data/BraTS20/data/volume_281_slice_95.npz,0
/kaggle/input/brats20-data/BraTS20/data/volume_207_slice_81.npz,0
/kaggle/input/brats20-data/BraTS20/data/volume_155_slice_127.npz,0
/kaggle/input/brats20-data/BraTS20/data/volume_348_slice_112.npz,0
/kaggle/input/brats20-data/BraTS20/data/volume_241_slice_84.npz,0
/kaggle/input/brats20-data/BraTS20/data/volume_26_slice_99.npz,0
/kaggle/input/brats20-data/BraTS20/data/volume_68_slice_104.npz,0
/kaggle/input/brats20-data/BraTS20/data/volume_265_slice_100.npz,0
/kaggle/input/brats20-data/BraTS20/data/volume_210_slice_90.npz,0
/kaggle/input/brats20-data/BraTS20/data/volume_321_slice_93.npz,0
/kaggle/input/brats20-data/BraTS20/data/volume_270_slice_112.npz,0
/kaggle/input/brats20-data/BraTS20/data/volume_44_slice_80.npz,0
/kaggle/input/brats20-data/BraTS20/data/volume_173_slice_114.npz,0
/kaggle/input/brats20-data/BraTS20/data/volume_172_slice_96.npz,0
/kaggle/input/brats20-data/BraTS20/data/volume_280_slice_85.npz,0
/kaggle/input/brats20-data/BraTS20/data/volume_213_slice_124.npz,0
/kaggle/input/brats20-data/BraTS20/data/volume_353_slice_90.npz,0
/kaggle/input/brats20-data/BraTS20/data/volume_136_slice_104.npz,0
/kaggle/input/brats20-data/BraTS20/data/volume_362_slice_84.npz,0
/kaggle/input/brats20-data/BraTS20/data/volume_73_slice_93.npz,0
/kaggle/input/brats20-data/BraTS20/data/volume_83_slice_117.npz,0
/kaggle/input/brats20-data/BraTS20/data/volume_245_slice_89.npz,0
/kaggle/input/brats20-data/BraTS20/data/volume_107_slice_108.npz,0
/kaggle/input/brats20-data/BraTS20/data/volume_37_slice_119.npz,0
/kaggle/input/brats20-data/BraTS20/data/volume_212_slice_118.npz,0
/kaggle/input/brats20-data/BraTS20/data/volume_310_slice_114.npz,0
/kaggle/input/brats20-data/BraTS20/data/volume_114_slice_115.npz,0
/kaggle/input/brats20-data/BraTS20/data/volume_359_slice_113.npz,0
/kaggle/input/brats20-data/BraTS20/data/volume_320_slice_101.npz,0
/kaggle/input/brats20-data/BraTS20/data/volume_264_slice_97.npz,0
/kaggle/input/brats20-data/BraTS20/data/volume_233_slice_80.npz,0
/kaggle/input/brats20-data/BraTS20/data/volume_305_slice_128.npz,0
/kaggle/input/brats20-data/BraTS20/data/volume_63_slice_106.npz,0
/kaggle/input/brats20-data/BraTS20/data/volume_298_slice_84.npz,0
/kaggle/input/brats20-data/BraTS20/data/volume_171_slice_107.npz,0
/kaggle/input/brats20-data/BraTS20/data/volume_152_slice_80.npz,0
/kaggle/input/brats20-data/BraTS20/data/volume_107_slice_104.npz,0
/kaggle/input/brats20-data/BraTS20/data/volume_38_slice_123.npz,0
/kaggle/input/brats20-data/BraTS20/data/volume_303_slice_108.npz,0
/kaggle/input/brats20-data/BraTS20/data/volume_359_slice_91.npz,0
/kaggle/input/brats20-data/BraTS20/data/volume_321_slice_105.npz,0
/kaggle/input/brats20-data/BraTS20/data/volume_341_slice_124.npz,0
/kaggle/input/brats20-data/BraTS20/data/volume_115_slice_120.npz,0
/kaggle/input/brats20-data/BraTS20/data/volume_130_slice_80.npz,0
/kaggle/input/brats20-data/BraTS20/data/volume_189_slice_102.npz,0
/kaggle/input/brats20-data/BraTS20/data/volume_325_slice_94.npz,0
/kaggle/input/brats20-data/BraTS20/data/volume_304_slice_106.npz,0
/kaggle/input/brats20-data/BraTS20/data/volume_122_slice_96.npz,0
/kaggle/input/brats20-data/BraTS20/data/volume_279_slice_125.npz,0
/kaggle/input/brats20-data/BraTS20/data/volume_74_slice_91.npz,0
/kaggle/input/brats20-data/BraTS20/data/volume_264_slice_111.npz,0
/kaggle/input/brats20-data/BraTS20/data/volume_311_slice_121.npz,0
/kaggle/input/brats20-data/BraTS20/data/volume_175_slice_109.npz,0
/kaggle/input/brats20-data/BraTS20/data/volume_235_slice_127.npz,0
/kaggle/input/brats20-data/BraTS20/data/volume_332_slice_113.npz,0
/kaggle/input/brats20-data/BraTS20/data/volume_211_slice_87.npz,0
/kaggle/input/brats20-data/BraTS20/data/volume_32_slice_104.npz,0
/kaggle/input/brats20-data/BraTS20/data/volume_73_slice_90.npz,0
/kaggle/input/brats20-data/BraTS20/data/volume_368_slice_84.npz,0
/kaggle/input/brats20-data/BraTS20/data/volume_309_slice_88.npz,0
/kaggle/input/brats20-data/BraTS20/data/volume_231_slice_104.npz,0
/kaggle/input/brats20-data/BraTS20/data/volume_239_slice_101.npz,0
/kaggle/input/brats20-data/BraTS20/data/volume_283_slice_81.npz,0
/kaggle/input/brats20-data/BraTS20/data/volume_334_slice_86.npz,0
/kaggle/input/brats20-data/BraTS20/data/volume_37_slice_80.npz,0
/kaggle/input/brats20-data/BraTS20/data/volume_299_slice_106.npz,0
/kaggle/input/brats20-data/BraTS20/data/volume_111_slice_89.npz,0
/kaggle/input/brats20-data/BraTS20/data/volume_127_slice_99.npz,0
/kaggle/input/brats20-data/BraTS20/data/volume_45_slice_107.npz,0
/kaggle/input/brats20-data/BraTS20/data/volume_109_slice_117.npz,0
/kaggle/input/brats20-data/BraTS20/data/volume_32_slice_101.npz,0
/kaggle/input/brats20-data/BraTS20/data/volume_350_slice_89.npz,0
/kaggle/input/brats20-data/BraTS20/data/volume_50_slice_122.npz,0
/kaggle/input/brats20-data/BraTS20/data/volume_129_slice_106.npz,0
/kaggle/input/brats20-data/BraTS20/data/volume_256_slice_83.npz,0
/kaggle/input/brats20-data/BraTS20/data/volume_147_slice_99.npz,0
/kaggle/input/brats20-data/BraTS20/data/volume_142_slice_110.npz,0
/kaggle/input/brats20-data/BraTS20/data/volume_114_slice_109.npz,0
/kaggle/input/brats20-data/BraTS20/data/volume_6_slice_116.npz,0
/kaggle/input/brats20-data/BraTS20/data/volume_268_slice_111.npz,0
/kaggle/input/brats20-data/BraTS20/data/volume_100_slice_108.npz,0
/kaggle/input/brats20-data/BraTS20/data/volume_157_slice_91.npz,0
/kaggle/input/brats20-data/BraTS20/data/volume_144_slice_101.npz,0
/kaggle/input/brats20-data/BraTS20/data/volume_347_slice_122.npz,0
/kaggle/input/brats20-data/BraTS20/data/volume_111_slice_88.npz,0
/kaggle/input/brats20-data/BraTS20/data/volume_327_slice_107.npz,0
/kaggle/input/brats20-data/BraTS20/data/volume_339_slice_100.npz,0
/kaggle/input/brats20-data/BraTS20/data/volume_69_slice_128.npz,0
/kaggle/input/brats20-data/BraTS20/data/volume_94_slice_105.npz,0
/kaggle/input/brats20-data/BraTS20/data/volume_265_slice_121.npz,0
/kaggle/input/brats20-data/BraTS20/data/volume_330_slice_109.npz,0
/kaggle/input/brats20-data/BraTS20/data/volume_358_slice_119.npz,0
/kaggle/input/brats20-data/BraTS20/data/volume_212_slice_89.npz,0
/kaggle/input/brats20-data/BraTS20/data/volume_249_slice_110.npz,0
/kaggle/input/brats20-data/BraTS20/data/volume_249_slice_92.npz,0
/kaggle/input/brats20-data/BraTS20/data/volume_260_slice_97.npz,0
/kaggle/input/brats20-data/BraTS20/data/volume_242_slice_115.npz,0
/kaggle/input/brats20-data/BraTS20/data/volume_28_slice_116.npz,0
/kaggle/input/brats20-data/BraTS20/data/volume_72_slice_117.npz,0
/kaggle/input/brats20-data/BraTS20/data/volume_104_slice_95.npz,0
/kaggle/input/brats20-data/BraTS20/data/volume_175_slice_91.npz,0
/kaggle/input/brats20-data/BraTS20/data/volume_355_slice_112.npz,0
/kaggle/input/brats20-data/BraTS20/data/volume_109_slice_128.npz,0
/kaggle/input/brats20-data/BraTS20/data/volume_359_slice_87.npz,0
/kaggle/input/brats20-data/BraTS20/data/volume_79_slice_117.npz,0
/kaggle/input/brats20-data/BraTS20/data/volume_233_slice_109.npz,0
/kaggle/input/brats20-data/BraTS20/data/volume_107_slice_111.npz,0
/kaggle/input/brats20-data/BraTS20/data/volume_313_slice_108.npz,0
/kaggle/input/brats20-data/BraTS20/data/volume_242_slice_116.npz,0
/kaggle/input/brats20-data/BraTS20/data/volume_180_slice_123.npz,0
/kaggle/input/brats20-data/BraTS20/data/volume_88_slice_124.npz,0
/kaggle/input/brats20-data/BraTS20/data/volume_341_slice_120.npz,0
/kaggle/input/brats20-data/BraTS20/data/volume_267_slice_95.npz,0
/kaggle/input/brats20-data/BraTS20/data/volume_35_slice_98.npz,0
/kaggle/input/brats20-data/BraTS20/data/volume_308_slice_90.npz,0
/kaggle/input/brats20-data/BraTS20/data/volume_103_slice_94.npz,0
/kaggle/input/brats20-data/BraTS20/data/volume_358_slice_127.npz,0
/kaggle/input/brats20-data/BraTS20/data/volume_308_slice_109.npz,0
/kaggle/input/brats20-data/BraTS20/data/volume_41_slice_116.npz,0
/kaggle/input/brats20-data/BraTS20/data/volume_151_slice_93.npz,0
/kaggle/input/brats20-data/BraTS20/data/volume_304_slice_99.npz,0
/kaggle/input/brats20-data/BraTS20/data/volume_88_slice_105.npz,0
/kaggle/input/brats20-data/BraTS20/data/volume_65_slice_88.npz,0
/kaggle/input/brats20-data/BraTS20/data/volume_194_slice_111.npz,0
/kaggle/input/brats20-data/BraTS20/data/volume_47_slice_121.npz,0
/kaggle/input/brats20-data/BraTS20/data/volume_104_slice_117.npz,0
/kaggle/input/brats20-data/BraTS20/data/volume_181_slice_83.npz,0
/kaggle/input/brats20-data/BraTS20/data/volume_267_slice_81.npz,0
/kaggle/input/brats20-data/BraTS20/data/volume_156_slice_92.npz,0
/kaggle/input/brats20-data/BraTS20/data/volume_7_slice_101.npz,0
/kaggle/input/brats20-data/BraTS20/data/volume_228_slice_80.npz,0
/kaggle/input/brats20-data/BraTS20/data/volume_83_slice_93.npz,0
/kaggle/input/brats20-data/BraTS20/data/volume_325_slice_121.npz,0
/kaggle/input/brats20-data/BraTS20/data/volume_237_slice_93.npz,0
/kaggle/input/brats20-data/BraTS20/data/volume_6_slice_100.npz,0
/kaggle/input/brats20-data/BraTS20/data/volume_41_slice_102.npz,0
/kaggle/input/brats20-data/BraTS20/data/volume_313_slice_120.npz,0
/kaggle/input/brats20-data/BraTS20/data/volume_95_slice_117.npz,0
/kaggle/input/brats20-data/BraTS20/data/volume_313_slice_89.npz,0
/kaggle/input/brats20-data/BraTS20/data/volume_244_slice_128.npz,0
/kaggle/input/brats20-data/BraTS20/data/volume_232_slice_120.npz,0
/kaggle/input/brats20-data/BraTS20/data/volume_107_slice_89.npz,0
/kaggle/input/brats20-data/BraTS20/data/volume_322_slice_88.npz,0
/kaggle/input/brats20-data/BraTS20/data/volume_92_slice_115.npz,0
/kaggle/input/brats20-data/BraTS20/data/volume_60_slice_110.npz,0
/kaggle/input/brats20-data/BraTS20/data/volume_241_slice_89.npz,0
/kaggle/input/brats20-data/BraTS20/data/volume_213_slice_109.npz,0
/kaggle/input/brats20-data/BraTS20/data/volume_142_slice_90.npz,0
/kaggle/input/brats20-data/BraTS20/data/volume_368_slice_99.npz,0
/kaggle/input/brats20-data/BraTS20/data/volume_69_slice_84.npz,0
/kaggle/input/brats20-data/BraTS20/data/volume_32_slice_106.npz,0
/kaggle/input/brats20-data/BraTS20/data/volume_324_slice_86.npz,0
/kaggle/input/brats20-data/BraTS20/data/volume_324_slice_113.npz,0
/kaggle/input/brats20-data/BraTS20/data/volume_304_slice_101.npz,0
/kaggle/input/brats20-data/BraTS20/data/volume_197_slice_119.npz,0
/kaggle/input/brats20-data/BraTS20/data/volume_58_slice_102.npz,0
/kaggle/input/brats20-data/BraTS20/data/volume_49_slice_107.npz,0
/kaggle/input/brats20-data/BraTS20/data/volume_29_slice_95.npz,0
/kaggle/input/brats20-data/BraTS20/data/volume_60_slice_111.npz,0
/kaggle/input/brats20-data/BraTS20/data/volume_115_slice_85.npz,0
/kaggle/input/brats20-data/BraTS20/data/volume_238_slice_85.npz,0
/kaggle/input/brats20-data/BraTS20/data/volume_14_slice_110.npz,0
/kaggle/input/brats20-data/BraTS20/data/volume_159_slice_80.npz,0
/kaggle/input/brats20-data/BraTS20/data/volume_129_slice_112.npz,0
/kaggle/input/brats20-data/BraTS20/data/volume_49_slice_103.npz,0
/kaggle/input/brats20-data/BraTS20/data/volume_75_slice_110.npz,0
/kaggle/input/brats20-data/BraTS20/data/volume_87_slice_128.npz,0
/kaggle/input/brats20-data/BraTS20/data/volume_158_slice_107.npz,0
/kaggle/input/brats20-data/BraTS20/data/volume_158_slice_106.npz,0
/kaggle/input/brats20-data/BraTS20/data/volume_177_slice_108.npz,0
/kaggle/input/brats20-data/BraTS20/data/volume_355_slice_102.npz,0
/kaggle/input/brats20-data/BraTS20/data/volume_83_slice_97.npz,0
/kaggle/input/brats20-data/BraTS20/data/volume_219_slice_114.npz,0
/kaggle/input/brats20-data/BraTS20/data/volume_123_slice_87.npz,0
/kaggle/input/brats20-data/BraTS20/data/volume_348_slice_96.npz,0
/kaggle/input/brats20-data/BraTS20/data/volume_6_slice_83.npz,0
/kaggle/input/brats20-data/BraTS20/data/volume_341_slice_86.npz,0
/kaggle/input/brats20-data/BraTS20/data/volume_136_slice_97.npz,0
/kaggle/input/brats20-data/BraTS20/data/volume_213_slice_121.npz,0
/kaggle/input/brats20-data/BraTS20/data/volume_336_slice_114.npz,0
/kaggle/input/brats20-data/BraTS20/data/volume_28_slice_106.npz,0
/kaggle/input/brats20-data/BraTS20/data/volume_230_slice_89.npz,0
/kaggle/input/brats20-data/BraTS20/data/volume_278_slice_93.npz,0
/kaggle/input/brats20-data/BraTS20/data/volume_358_slice_126.npz,0
/kaggle/input/brats20-data/BraTS20/data/volume_89_slice_114.npz,0
/kaggle/input/brats20-data/BraTS20/data/volume_304_slice_121.npz,0
/kaggle/input/brats20-data/BraTS20/data/volume_144_slice_100.npz,0
/kaggle/input/brats20-data/BraTS20/data/volume_110_slice_82.npz,0
/kaggle/input/brats20-data/BraTS20/data/volume_37_slice_92.npz,0
/kaggle/input/brats20-data/BraTS20/data/volume_173_slice_112.npz,0
/kaggle/input/brats20-data/BraTS20/data/volume_235_slice_121.npz,0
/kaggle/input/brats20-data/BraTS20/data/volume_355_slice_93.npz,0
/kaggle/input/brats20-data/BraTS20/data/volume_100_slice_90.npz,0
/kaggle/input/brats20-data/BraTS20/data/volume_242_slice_124.npz,0
/kaggle/input/brats20-data/BraTS20/data/volume_52_slice_116.npz,0
/kaggle/input/brats20-data/BraTS20/data/volume_37_slice_122.npz,0
/kaggle/input/brats20-data/BraTS20/data/volume_276_slice_90.npz,0
/kaggle/input/brats20-data/BraTS20/data/volume_7_slice_102.npz,0
/kaggle/input/brats20-data/BraTS20/data/volume_300_slice_120.npz,0
/kaggle/input/brats20-data/BraTS20/data/volume_283_slice_113.npz,0
/kaggle/input/brats20-data/BraTS20/data/volume_74_slice_102.npz,0
/kaggle/input/brats20-data/BraTS20/data/volume_158_slice_112.npz,0
/kaggle/input/brats20-data/BraTS20/data/volume_50_slice_83.npz,0
/kaggle/input/brats20-data/BraTS20/data/volume_142_slice_108.npz,0
/kaggle/input/brats20-data/BraTS20/data/volume_163_slice_125.npz,0
/kaggle/input/brats20-data/BraTS20/data/volume_156_slice_116.npz,0
/kaggle/input/brats20-data/BraTS20/data/volume_352_slice_115.npz,0
/kaggle/input/brats20-data/BraTS20/data/volume_2_slice_113.npz,0
/kaggle/input/brats20-data/BraTS20/data/volume_327_slice_111.npz,0
/kaggle/input/brats20-data/BraTS20/data/volume_59_slice_110.npz,0
/kaggle/input/brats20-data/BraTS20/data/volume_110_slice_107.npz,0
/kaggle/input/brats20-data/BraTS20/data/volume_345_slice_88.npz,0
/kaggle/input/brats20-data/BraTS20/data/volume_171_slice_127.npz,0
/kaggle/input/brats20-data/BraTS20/data/volume_122_slice_116.npz,0
/kaggle/input/brats20-data/BraTS20/data/volume_198_slice_105.npz,0
/kaggle/input/brats20-data/BraTS20/data/volume_79_slice_99.npz,0
/kaggle/input/brats20-data/BraTS20/data/volume_1_slice_112.npz,0
/kaggle/input/brats20-data/BraTS20/data/volume_171_slice_125.npz,0
/kaggle/input/brats20-data/BraTS20/data/volume_178_slice_111.npz,0
/kaggle/input/brats20-data/BraTS20/data/volume_64_slice_104.npz,0
/kaggle/input/brats20-data/BraTS20/data/volume_19_slice_125.npz,0
/kaggle/input/brats20-data/BraTS20/data/volume_29_slice_97.npz,0
/kaggle/input/brats20-data/BraTS20/data/volume_350_slice_86.npz,0
/kaggle/input/brats20-data/BraTS20/data/volume_125_slice_107.npz,0
/kaggle/input/brats20-data/BraTS20/data/volume_150_slice_110.npz,0
/kaggle/input/brats20-data/BraTS20/data/volume_8_slice_87.npz,0
/kaggle/input/brats20-data/BraTS20/data/volume_345_slice_95.npz,0
/kaggle/input/brats20-data/BraTS20/data/volume_285_slice_101.npz,0
/kaggle/input/brats20-data/BraTS20/data/volume_33_slice_107.npz,0
/kaggle/input/brats20-data/BraTS20/data/volume_6_slice_98.npz,0
/kaggle/input/brats20-data/BraTS20/data/volume_213_slice_100.npz,0
/kaggle/input/brats20-data/BraTS20/data/volume_118_slice_101.npz,0
/kaggle/input/brats20-data/BraTS20/data/volume_345_slice_91.npz,0
/kaggle/input/brats20-data/BraTS20/data/volume_192_slice_94.npz,0
/kaggle/input/brats20-data/BraTS20/data/volume_75_slice_107.npz,0
/kaggle/input/brats20-data/BraTS20/data/volume_19_slice_88.npz,0
/kaggle/input/brats20-data/BraTS20/data/volume_135_slice_127.npz,0
/kaggle/input/brats20-data/BraTS20/data/volume_228_slice_86.npz,0
/kaggle/input/brats20-data/BraTS20/data/volume_175_slice_119.npz,0
/kaggle/input/brats20-data/BraTS20/data/volume_312_slice_116.npz,0
/kaggle/input/brats20-data/BraTS20/data/volume_194_slice_119.npz,0
/kaggle/input/brats20-data/BraTS20/data/volume_282_slice_85.npz,0
/kaggle/input/brats20-data/BraTS20/data/volume_259_slice_105.npz,0
/kaggle/input/brats20-data/BraTS20/data/volume_366_slice_122.npz,0
/kaggle/input/brats20-data/BraTS20/data/volume_192_slice_82.npz,0
/kaggle/input/brats20-data/BraTS20/data/volume_2_slice_110.npz,0
/kaggle/input/brats20-data/BraTS20/data/volume_289_slice_108.npz,0
/kaggle/input/brats20-data/BraTS20/data/volume_265_slice_88.npz,0
/kaggle/input/brats20-data/BraTS20/data/volume_339_slice_112.npz,0
/kaggle/input/brats20-data/BraTS20/data/volume_228_slice_99.npz,0
/kaggle/input/brats20-data/BraTS20/data/volume_352_slice_122.npz,0
/kaggle/input/brats20-data/BraTS20/data/volume_337_slice_100.npz,0
/kaggle/input/brats20-data/BraTS20/data/volume_100_slice_100.npz,0
/kaggle/input/brats20-data/BraTS20/data/volume_189_slice_83.npz,0
/kaggle/input/brats20-data/BraTS20/data/volume_185_slice_100.npz,0
/kaggle/input/brats20-data/BraTS20/data/volume_4_slice_104.npz,0
/kaggle/input/brats20-data/BraTS20/data/volume_239_slice_106.npz,0
/kaggle/input/brats20-data/BraTS20/data/volume_334_slice_125.npz,0
/kaggle/input/brats20-data/BraTS20/data/volume_172_slice_123.npz,0
/kaggle/input/brats20-data/BraTS20/data/volume_88_slice_87.npz,0
/kaggle/input/brats20-data/BraTS20/data/volume_104_slice_124.npz,0
/kaggle/input/brats20-data/BraTS20/data/volume_83_slice_116.npz,0
/kaggle/input/brats20-data/BraTS20/data/volume_136_slice_96.npz,0
/kaggle/input/brats20-data/BraTS20/data/volume_310_slice_87.npz,0
/kaggle/input/brats20-data/BraTS20/data/volume_271_slice_82.npz,0
/kaggle/input/brats20-data/BraTS20/data/volume_287_slice_90.npz,0
/kaggle/input/brats20-data/BraTS20/data/volume_368_slice_90.npz,0
/kaggle/input/brats20-data/BraTS20/data/volume_200_slice_96.npz,0
/kaggle/input/brats20-data/BraTS20/data/volume_232_slice_106.npz,0
/kaggle/input/brats20-data/BraTS20/data/volume_125_slice_118.npz,0
/kaggle/input/brats20-data/BraTS20/data/volume_23_slice_103.npz,0
/kaggle/input/brats20-data/BraTS20/data/volume_296_slice_124.npz,0
/kaggle/input/brats20-data/BraTS20/data/volume_248_slice_95.npz,0
/kaggle/input/brats20-data/BraTS20/data/volume_313_slice_113.npz,0
/kaggle/input/brats20-data/BraTS20/data/volume_237_slice_115.npz,0
/kaggle/input/brats20-data/BraTS20/data/volume_43_slice_90.npz,0
/kaggle/input/brats20-data/BraTS20/data/volume_206_slice_119.npz,0
/kaggle/input/brats20-data/BraTS20/data/volume_346_slice_119.npz,0
/kaggle/input/brats20-data/BraTS20/data/volume_88_slice_82.npz,0
/kaggle/input/brats20-data/BraTS20/data/volume_341_slice_114.npz,0
/kaggle/input/brats20-data/BraTS20/data/volume_225_slice_91.npz,0
/kaggle/input/brats20-data/BraTS20/data/volume_1_slice_114.npz,0
/kaggle/input/brats20-data/BraTS20/data/volume_184_slice_91.npz,0
/kaggle/input/brats20-data/BraTS20/data/volume_316_slice_93.npz,0
/kaggle/input/brats20-data/BraTS20/data/volume_174_slice_116.npz,0
/kaggle/input/brats20-data/BraTS20/data/volume_4_slice_128.npz,0
/kaggle/input/brats20-data/BraTS20/data/volume_41_slice_96.npz,0
/kaggle/input/brats20-data/BraTS20/data/volume_366_slice_117.npz,0
/kaggle/input/brats20-data/BraTS20/data/volume_133_slice_106.npz,0
/kaggle/input/brats20-data/BraTS20/data/volume_35_slice_115.npz,0
/kaggle/input/brats20-data/BraTS20/data/volume_53_slice_96.npz,0
/kaggle/input/brats20-data/BraTS20/data/volume_347_slice_99.npz,0
/kaggle/input/brats20-data/BraTS20/data/volume_174_slice_125.npz,0
/kaggle/input/brats20-data/BraTS20/data/volume_47_slice_109.npz,0
/kaggle/input/brats20-data/BraTS20/data/volume_18_slice_104.npz,0
/kaggle/input/brats20-data/BraTS20/data/volume_294_slice_128.npz,0
/kaggle/input/brats20-data/BraTS20/data/volume_321_slice_104.npz,0
/kaggle/input/brats20-data/BraTS20/data/volume_160_slice_81.npz,0
/kaggle/input/brats20-data/BraTS20/data/volume_118_slice_92.npz,0
/kaggle/input/brats20-data/BraTS20/data/volume_105_slice_112.npz,0
/kaggle/input/brats20-data/BraTS20/data/volume_220_slice_112.npz,0
/kaggle/input/brats20-data/BraTS20/data/volume_142_slice_81.npz,0
/kaggle/input/brats20-data/BraTS20/data/volume_2_slice_92.npz,0
/kaggle/input/brats20-data/BraTS20/data/volume_85_slice_106.npz,0
/kaggle/input/brats20-data/BraTS20/data/volume_4_slice_81.npz,0
/kaggle/input/brats20-data/BraTS20/data/volume_218_slice_81.npz,0
/kaggle/input/brats20-data/BraTS20/data/volume_188_slice_80.npz,0
/kaggle/input/brats20-data/BraTS20/data/volume_8_slice_98.npz,0
/kaggle/input/brats20-data/BraTS20/data/volume_14_slice_96.npz,0
/kaggle/input/brats20-data/BraTS20/data/volume_37_slice_121.npz,0
/kaggle/input/brats20-data/BraTS20/data/volume_192_slice_96.npz,0
/kaggle/input/brats20-data/BraTS20/data/volume_93_slice_84.npz,0
/kaggle/input/brats20-data/BraTS20/data/volume_24_slice_108.npz,0
/kaggle/input/brats20-data/BraTS20/data/volume_337_slice_109.npz,0
/kaggle/input/brats20-data/BraTS20/data/volume_321_slice_101.npz,0
/kaggle/input/brats20-data/BraTS20/data/volume_309_slice_109.npz,0
/kaggle/input/brats20-data/BraTS20/data/volume_207_slice_118.npz,0
/kaggle/input/brats20-data/BraTS20/data/volume_80_slice_101.npz,0
/kaggle/input/brats20-data/BraTS20/data/volume_213_slice_120.npz,0
/kaggle/input/brats20-data/BraTS20/data/volume_332_slice_83.npz,0
/kaggle/input/brats20-data/BraTS20/data/volume_345_slice_84.npz,0
/kaggle/input/brats20-data/BraTS20/data/volume_7_slice_90.npz,0
/kaggle/input/brats20-data/BraTS20/data/volume_105_slice_83.npz,0
/kaggle/input/brats20-data/BraTS20/data/volume_228_slice_88.npz,0
/kaggle/input/brats20-data/BraTS20/data/volume_42_slice_102.npz,0
/kaggle/input/brats20-data/BraTS20/data/volume_240_slice_117.npz,0
/kaggle/input/brats20-data/BraTS20/data/volume_336_slice_106.npz,0
/kaggle/input/brats20-data/BraTS20/data/volume_298_slice_125.npz,0
/kaggle/input/brats20-data/BraTS20/data/volume_207_slice_89.npz,0
/kaggle/input/brats20-data/BraTS20/data/volume_35_slice_107.npz,0
/kaggle/input/brats20-data/BraTS20/data/volume_33_slice_97.npz,0
/kaggle/input/brats20-data/BraTS20/data/volume_107_slice_126.npz,0
/kaggle/input/brats20-data/BraTS20/data/volume_104_slice_119.npz,0
/kaggle/input/brats20-data/BraTS20/data/volume_60_slice_102.npz,0
/kaggle/input/brats20-data/BraTS20/data/volume_283_slice_111.npz,0
/kaggle/input/brats20-data/BraTS20/data/volume_279_slice_86.npz,0
/kaggle/input/brats20-data/BraTS20/data/volume_70_slice_111.npz,0
/kaggle/input/brats20-data/BraTS20/data/volume_225_slice_125.npz,0
/kaggle/input/brats20-data/BraTS20/data/volume_2_slice_127.npz,0
/kaggle/input/brats20-data/BraTS20/data/volume_103_slice_115.npz,0
/kaggle/input/brats20-data/BraTS20/data/volume_18_slice_113.npz,0
/kaggle/input/brats20-data/BraTS20/data/volume_52_slice_118.npz,0
/kaggle/input/brats20-data/BraTS20/data/volume_196_slice_102.npz,0
/kaggle/input/brats20-data/BraTS20/data/volume_152_slice_124.npz,0
/kaggle/input/brats20-data/BraTS20/data/volume_58_slice_113.npz,0
/kaggle/input/brats20-data/BraTS20/data/volume_205_slice_93.npz,0
/kaggle/input/brats20-data/BraTS20/data/volume_200_slice_100.npz,0
/kaggle/input/brats20-data/BraTS20/data/volume_10_slice_125.npz,0
/kaggle/input/brats20-data/BraTS20/data/volume_184_slice_101.npz,0
/kaggle/input/brats20-data/BraTS20/data/volume_28_slice_84.npz,0
/kaggle/input/brats20-data/BraTS20/data/volume_16_slice_122.npz,0
/kaggle/input/brats20-data/BraTS20/data/volume_65_slice_100.npz,0
/kaggle/input/brats20-data/BraTS20/data/volume_331_slice_93.npz,0
/kaggle/input/brats20-data/BraTS20/data/volume_153_slice_116.npz,0
/kaggle/input/brats20-data/BraTS20/data/volume_150_slice_115.npz,0
/kaggle/input/brats20-data/BraTS20/data/volume_283_slice_110.npz,0
/kaggle/input/brats20-data/BraTS20/data/volume_1_slice_116.npz,0
/kaggle/input/brats20-data/BraTS20/data/volume_283_slice_97.npz,0
/kaggle/input/brats20-data/BraTS20/data/volume_217_slice_109.npz,0
/kaggle/input/brats20-data/BraTS20/data/volume_357_slice_105.npz,0
/kaggle/input/brats20-data/BraTS20/data/volume_304_slice_114.npz,0
/kaggle/input/brats20-data/BraTS20/data/volume_119_slice_91.npz,0
/kaggle/input/brats20-data/BraTS20/data/volume_168_slice_82.npz,0
/kaggle/input/brats20-data/BraTS20/data/volume_47_slice_94.npz,0
/kaggle/input/brats20-data/BraTS20/data/volume_339_slice_120.npz,0
/kaggle/input/brats20-data/BraTS20/data/volume_2_slice_112.npz,0
/kaggle/input/brats20-data/BraTS20/data/volume_94_slice_114.npz,0
/kaggle/input/brats20-data/BraTS20/data/volume_321_slice_102.npz,0
/kaggle/input/brats20-data/BraTS20/data/volume_28_slice_99.npz,0
/kaggle/input/brats20-data/BraTS20/data/volume_7_slice_97.npz,0
/kaggle/input/brats20-data/BraTS20/data/volume_154_slice_120.npz,0
/kaggle/input/brats20-data/BraTS20/data/volume_179_slice_82.npz,0
/kaggle/input/brats20-data/BraTS20/data/volume_115_slice_123.npz,0
/kaggle/input/brats20-data/BraTS20/data/volume_111_slice_101.npz,0
/kaggle/input/brats20-data/BraTS20/data/volume_121_slice_106.npz,0
/kaggle/input/brats20-data/BraTS20/data/volume_50_slice_114.npz,0
/kaggle/input/brats20-data/BraTS20/data/volume_304_slice_120.npz,0
/kaggle/input/brats20-data/BraTS20/data/volume_253_slice_108.npz,0
/kaggle/input/brats20-data/BraTS20/data/volume_300_slice_85.npz,0
/kaggle/input/brats20-data/BraTS20/data/volume_231_slice_105.npz,0
/kaggle/input/brats20-data/BraTS20/data/volume_332_slice_110.npz,0
/kaggle/input/brats20-data/BraTS20/data/volume_299_slice_116.npz,0
/kaggle/input/brats20-data/BraTS20/data/volume_313_slice_91.npz,0
/kaggle/input/brats20-data/BraTS20/data/volume_119_slice_96.npz,0
/kaggle/input/brats20-data/BraTS20/data/volume_142_slice_126.npz,0
/kaggle/input/brats20-data/BraTS20/data/volume_352_slice_102.npz,0
/kaggle/input/brats20-data/BraTS20/data/volume_345_slice_96.npz,0
/kaggle/input/brats20-data/BraTS20/data/volume_330_slice_84.npz,0
/kaggle/input/brats20-data/BraTS20/data/volume_70_slice_127.npz,0
/kaggle/input/brats20-data/BraTS20/data/volume_164_slice_109.npz,0
/kaggle/input/brats20-data/BraTS20/data/volume_267_slice_121.npz,0
/kaggle/input/brats20-data/BraTS20/data/volume_108_slice_124.npz,0
/kaggle/input/brats20-data/BraTS20/data/volume_234_slice_88.npz,0
/kaggle/input/brats20-data/BraTS20/data/volume_39_slice_85.npz,0
/kaggle/input/brats20-data/BraTS20/data/volume_156_slice_108.npz,0
/kaggle/input/brats20-data/BraTS20/data/volume_102_slice_115.npz,0
/kaggle/input/brats20-data/BraTS20/data/volume_329_slice_118.npz,0
/kaggle/input/brats20-data/BraTS20/data/volume_250_slice_94.npz,0
/kaggle/input/brats20-data/BraTS20/data/volume_49_slice_125.npz,0
/kaggle/input/brats20-data/BraTS20/data/volume_277_slice_107.npz,0
/kaggle/input/brats20-data/BraTS20/data/volume_103_slice_107.npz,0
/kaggle/input/brats20-data/BraTS20/data/volume_180_slice_111.npz,0
/kaggle/input/brats20-data/BraTS20/data/volume_6_slice_109.npz,0
/kaggle/input/brats20-data/BraTS20/data/volume_283_slice_126.npz,0
/kaggle/input/brats20-data/BraTS20/data/volume_245_slice_81.npz,0
/kaggle/input/brats20-data/BraTS20/data/volume_40_slice_102.npz,0
/kaggle/input/brats20-data/BraTS20/data/volume_54_slice_91.npz,0
/kaggle/input/brats20-data/BraTS20/data/volume_4_slice_108.npz,0
/kaggle/input/brats20-data/BraTS20/data/volume_189_slice_82.npz,0
/kaggle/input/brats20-data/BraTS20/data/volume_33_slice_89.npz,0
/kaggle/input/brats20-data/BraTS20/data/volume_355_slice_119.npz,0
/kaggle/input/brats20-data/BraTS20/data/volume_7_slice_124.npz,0
/kaggle/input/brats20-data/BraTS20/data/volume_85_slice_120.npz,0
/kaggle/input/brats20-data/BraTS20/data/volume_250_slice_122.npz,0
/kaggle/input/brats20-data/BraTS20/data/volume_238_slice_111.npz,0
/kaggle/input/brats20-data/BraTS20/data/volume_40_slice_95.npz,0
/kaggle/input/brats20-data/BraTS20/data/volume_349_slice_100.npz,0
/kaggle/input/brats20-data/BraTS20/data/volume_304_slice_103.npz,0
/kaggle/input/brats20-data/BraTS20/data/volume_7_slice_104.npz,0
/kaggle/input/brats20-data/BraTS20/data/volume_318_slice_80.npz,0
/kaggle/input/brats20-data/BraTS20/data/volume_214_slice_117.npz,0
/kaggle/input/brats20-data/BraTS20/data/volume_349_slice_90.npz,0
/kaggle/input/brats20-data/BraTS20/data/volume_157_slice_124.npz,0
/kaggle/input/brats20-data/BraTS20/data/volume_311_slice_110.npz,0
/kaggle/input/brats20-data/BraTS20/data/volume_279_slice_101.npz,0
/kaggle/input/brats20-data/BraTS20/data/volume_321_slice_118.npz,0
/kaggle/input/brats20-data/BraTS20/data/volume_129_slice_107.npz,0
/kaggle/input/brats20-data/BraTS20/data/volume_283_slice_109.npz,0
/kaggle/input/brats20-data/BraTS20/data/volume_103_slice_110.npz,0
/kaggle/input/brats20-data/BraTS20/data/volume_3_slice_99.npz,0
/kaggle/input/brats20-data/BraTS20/data/volume_154_slice_91.npz,0
/kaggle/input/brats20-data/BraTS20/data/volume_326_slice_120.npz,0
/kaggle/input/brats20-data/BraTS20/data/volume_77_slice_119.npz,0
/kaggle/input/brats20-data/BraTS20/data/volume_122_slice_89.npz,0
/kaggle/input/brats20-data/BraTS20/data/volume_227_slice_93.npz,0
/kaggle/input/brats20-data/BraTS20/data/volume_30_slice_94.npz,0
/kaggle/input/brats20-data/BraTS20/data/volume_32_slice_119.npz,0
/kaggle/input/brats20-data/BraTS20/data/volume_285_slice_100.npz,0
/kaggle/input/brats20-data/BraTS20/data/volume_349_slice_118.npz,0
/kaggle/input/brats20-data/BraTS20/data/volume_137_slice_113.npz,0
/kaggle/input/brats20-data/BraTS20/data/volume_200_slice_114.npz,0
/kaggle/input/brats20-data/BraTS20/data/volume_365_slice_117.npz,0
/kaggle/input/brats20-data/BraTS20/data/volume_123_slice_98.npz,0
/kaggle/input/brats20-data/BraTS20/data/volume_305_slice_118.npz,0
/kaggle/input/brats20-data/BraTS20/data/volume_3_slice_112.npz,0
/kaggle/input/brats20-data/BraTS20/data/volume_65_slice_108.npz,0
/kaggle/input/brats20-data/BraTS20/data/volume_175_slice_127.npz,0
/kaggle/input/brats20-data/BraTS20/data/volume_283_slice_92.npz,0
/kaggle/input/brats20-data/BraTS20/data/volume_356_slice_83.npz,0
/kaggle/input/brats20-data/BraTS20/data/volume_168_slice_103.npz,0
/kaggle/input/brats20-data/BraTS20/data/volume_264_slice_81.npz,0
/kaggle/input/brats20-data/BraTS20/data/volume_209_slice_93.npz,0
/kaggle/input/brats20-data/BraTS20/data/volume_167_slice_87.npz,0
/kaggle/input/brats20-data/BraTS20/data/volume_171_slice_124.npz,0
/kaggle/input/brats20-data/BraTS20/data/volume_23_slice_82.npz,0
/kaggle/input/brats20-data/BraTS20/data/volume_325_slice_114.npz,0
/kaggle/input/brats20-data/BraTS20/data/volume_242_slice_95.npz,0
/kaggle/input/brats20-data/BraTS20/data/volume_243_slice_116.npz,0
/kaggle/input/brats20-data/BraTS20/data/volume_68_slice_80.npz,0
/kaggle/input/brats20-data/BraTS20/data/volume_94_slice_107.npz,0
/kaggle/input/brats20-data/BraTS20/data/volume_109_slice_93.npz,0
/kaggle/input/brats20-data/BraTS20/data/volume_306_slice_90.npz,0
/kaggle/input/brats20-data/BraTS20/data/volume_157_slice_85.npz,0
/kaggle/input/brats20-data/BraTS20/data/volume_128_slice_116.npz,0
/kaggle/input/brats20-data/BraTS20/data/volume_326_slice_109.npz,0
/kaggle/input/brats20-data/BraTS20/data/volume_306_slice_115.npz,0
/kaggle/input/brats20-data/BraTS20/data/volume_95_slice_112.npz,0
/kaggle/input/brats20-data/BraTS20/data/volume_72_slice_103.npz,0
/kaggle/input/brats20-data/BraTS20/data/volume_35_slice_97.npz,0
/kaggle/input/brats20-data/BraTS20/data/volume_235_slice_119.npz,0
/kaggle/input/brats20-data/BraTS20/data/volume_69_slice_82.npz,0
/kaggle/input/brats20-data/BraTS20/data/volume_360_slice_95.npz,0
/kaggle/input/brats20-data/BraTS20/data/volume_228_slice_95.npz,0
/kaggle/input/brats20-data/BraTS20/data/volume_279_slice_122.npz,0
/kaggle/input/brats20-data/BraTS20/data/volume_331_slice_123.npz,0
/kaggle/input/brats20-data/BraTS20/data/volume_143_slice_99.npz,0
/kaggle/input/brats20-data/BraTS20/data/volume_256_slice_111.npz,0
/kaggle/input/brats20-data/BraTS20/data/volume_169_slice_101.npz,0
/kaggle/input/brats20-data/BraTS20/data/volume_142_slice_92.npz,0
/kaggle/input/brats20-data/BraTS20/data/volume_87_slice_97.npz,0
/kaggle/input/brats20-data/BraTS20/data/volume_72_slice_112.npz,0
/kaggle/input/brats20-data/BraTS20/data/volume_295_slice_89.npz,0
/kaggle/input/brats20-data/BraTS20/data/volume_172_slice_112.npz,0
/kaggle/input/brats20-data/BraTS20/data/volume_68_slice_95.npz,0
/kaggle/input/brats20-data/BraTS20/data/volume_179_slice_120.npz,0
/kaggle/input/brats20-data/BraTS20/data/volume_73_slice_105.npz,0
/kaggle/input/brats20-data/BraTS20/data/volume_55_slice_83.npz,0
/kaggle/input/brats20-data/BraTS20/data/volume_242_slice_114.npz,0
/kaggle/input/brats20-data/BraTS20/data/volume_368_slice_89.npz,0
/kaggle/input/brats20-data/BraTS20/data/volume_38_slice_83.npz,0
/kaggle/input/brats20-data/BraTS20/data/volume_15_slice_121.npz,0
/kaggle/input/brats20-data/BraTS20/data/volume_39_slice_102.npz,0
/kaggle/input/brats20-data/BraTS20/data/volume_20_slice_99.npz,0
/kaggle/input/brats20-data/BraTS20/data/volume_109_slice_83.npz,0
/kaggle/input/brats20-data/BraTS20/data/volume_83_slice_94.npz,0
/kaggle/input/brats20-data/BraTS20/data/volume_357_slice_83.npz,0
/kaggle/input/brats20-data/BraTS20/data/volume_264_slice_128.npz,0
/kaggle/input/brats20-data/BraTS20/data/volume_320_slice_104.npz,0
/kaggle/input/brats20-data/BraTS20/data/volume_90_slice_82.npz,0
/kaggle/input/brats20-data/BraTS20/data/volume_241_slice_120.npz,0
/kaggle/input/brats20-data/BraTS20/data/volume_9_slice_116.npz,0
/kaggle/input/brats20-data/BraTS20/data/volume_288_slice_91.npz,0
/kaggle/input/brats20-data/BraTS20/data/volume_333_slice_85.npz,0
/kaggle/input/brats20-data/BraTS20/data/volume_17_slice_125.npz,0
/kaggle/input/brats20-data/BraTS20/data/volume_123_slice_85.npz,0
/kaggle/input/brats20-data/BraTS20/data/volume_31_slice_111.npz,0
/kaggle/input/brats20-data/BraTS20/data/volume_287_slice_123.npz,0
/kaggle/input/brats20-data/BraTS20/data/volume_303_slice_101.npz,0
/kaggle/input/brats20-data/BraTS20/data/volume_3_slice_88.npz,0
/kaggle/input/brats20-data/BraTS20/data/volume_206_slice_90.npz,0
/kaggle/input/brats20-data/BraTS20/data/volume_336_slice_118.npz,0
/kaggle/input/brats20-data/BraTS20/data/volume_147_slice_104.npz,0
/kaggle/input/brats20-data/BraTS20/data/volume_49_slice_120.npz,0
/kaggle/input/brats20-data/BraTS20/data/volume_43_slice_121.npz,0
/kaggle/input/brats20-data/BraTS20/data/volume_311_slice_114.npz,0
/kaggle/input/brats20-data/BraTS20/data/volume_84_slice_93.npz,0
/kaggle/input/brats20-data/BraTS20/data/volume_168_slice_94.npz,0
/kaggle/input/brats20-data/BraTS20/data/volume_278_slice_88.npz,0
/kaggle/input/brats20-data/BraTS20/data/volume_309_slice_126.npz,0
/kaggle/input/brats20-data/BraTS20/data/volume_31_slice_119.npz,0
/kaggle/input/brats20-data/BraTS20/data/volume_197_slice_120.npz,0
/kaggle/input/brats20-data/BraTS20/data/volume_237_slice_98.npz,0
/kaggle/input/brats20-data/BraTS20/data/volume_79_slice_110.npz,0
/kaggle/input/brats20-data/BraTS20/data/volume_244_slice_95.npz,0
/kaggle/input/brats20-data/BraTS20/data/volume_112_slice_91.npz,0
/kaggle/input/brats20-data/BraTS20/data/volume_279_slice_104.npz,0
/kaggle/input/brats20-data/BraTS20/data/volume_101_slice_95.npz,0
/kaggle/input/brats20-data/BraTS20/data/volume_74_slice_110.npz,0
/kaggle/input/brats20-data/BraTS20/data/volume_87_slice_125.npz,0
/kaggle/input/brats20-data/BraTS20/data/volume_143_slice_128.npz,0
/kaggle/input/brats20-data/BraTS20/data/volume_151_slice_91.npz,0
/kaggle/input/brats20-data/BraTS20/data/volume_79_slice_115.npz,0
/kaggle/input/brats20-data/BraTS20/data/volume_8_slice_103.npz,0
/kaggle/input/brats20-data/BraTS20/data/volume_337_slice_110.npz,0
/kaggle/input/brats20-data/BraTS20/data/volume_334_slice_117.npz,0
/kaggle/input/brats20-data/BraTS20/data/volume_57_slice_90.npz,0
/kaggle/input/brats20-data/BraTS20/data/volume_285_slice_83.npz,0
/kaggle/input/brats20-data/BraTS20/data/volume_250_slice_128.npz,0
/kaggle/input/brats20-data/BraTS20/data/volume_135_slice_105.npz,0
/kaggle/input/brats20-data/BraTS20/data/volume_48_slice_119.npz,0
/kaggle/input/brats20-data/BraTS20/data/volume_261_slice_111.npz,0
/kaggle/input/brats20-data/BraTS20/data/volume_281_slice_102.npz,0
/kaggle/input/brats20-data/BraTS20/data/volume_256_slice_85.npz,0
/kaggle/input/brats20-data/BraTS20/data/volume_64_slice_88.npz,0
/kaggle/input/brats20-data/BraTS20/data/volume_142_slice_98.npz,0
/kaggle/input/brats20-data/BraTS20/data/volume_348_slice_116.npz,0
/kaggle/input/brats20-data/BraTS20/data/volume_129_slice_82.npz,0
/kaggle/input/brats20-data/BraTS20/data/volume_264_slice_105.npz,0
/kaggle/input/brats20-data/BraTS20/data/volume_174_slice_94.npz,0
/kaggle/input/brats20-synthesis-data/prediction/sample_1.npy,1
/kaggle/input/brats20-synthesis-data/prediction/sample_10.npy,1
/kaggle/input/brats20-synthesis-data/prediction/sample_100.npy,1
/kaggle/input/brats20-synthesis-data/prediction/sample_10001.npy,1
/kaggle/input/brats20-synthesis-data/prediction/sample_10002.npy,1
/kaggle/input/brats20-synthesis-data/prediction/sample_10003.npy,1
/kaggle/input/brats20-synthesis-data/prediction/sample_10004.npy,1
/kaggle/input/brats20-synthesis-data/prediction/sample_10005.npy,1
/kaggle/input/brats20-synthesis-data/prediction/sample_10006.npy,1
/kaggle/input/brats20-synthesis-data/prediction/sample_10007.npy,1
/kaggle/input/brats20-synthesis-data/prediction/sample_10008.npy,1
/kaggle/input/brats20-synthesis-data/prediction/sample_10009.npy,1
/kaggle/input/brats20-synthesis-data/prediction/sample_10010.npy,1
/kaggle/input/brats20-synthesis-data/prediction/sample_10011.npy,1
/kaggle/input/brats20-synthesis-data/prediction/sample_10012.npy,1
/kaggle/input/brats20-synthesis-data/prediction/sample_10013.npy,1
/kaggle/input/brats20-synthesis-data/prediction/sample_10014.npy,1
/kaggle/input/brats20-synthesis-data/prediction/sample_10015.npy,1
/kaggle/input/brats20-synthesis-data/prediction/sample_10016.npy,1
/kaggle/input/brats20-synthesis-data/prediction/sample_10017.npy,1
/kaggle/input/brats20-synthesis-data/prediction/sample_10018.npy,1
/kaggle/input/brats20-synthesis-data/prediction/sample_10019.npy,1
/kaggle/input/brats20-synthesis-data/prediction/sample_10020.npy,1
/kaggle/input/brats20-synthesis-data/prediction/sample_10021.npy,1
/kaggle/input/brats20-synthesis-data/prediction/sample_10022.npy,1
/kaggle/input/brats20-synthesis-data/prediction/sample_10023.npy,1
/kaggle/input/brats20-synthesis-data/prediction/sample_10024.npy,1
/kaggle/input/brats20-synthesis-data/prediction/sample_10025.npy,1
/kaggle/input/brats20-synthesis-data/prediction/sample_10026.npy,1
/kaggle/input/brats20-synthesis-data/prediction/sample_10027.npy,1
/kaggle/input/brats20-synthesis-data/prediction/sample_10028.npy,1
/kaggle/input/brats20-synthesis-data/prediction/sample_10029.npy,1
/kaggle/input/brats20-synthesis-data/prediction/sample_10030.npy,1
/kaggle/input/brats20-synthesis-data/prediction/sample_10031.npy,1
/kaggle/input/brats20-synthesis-data/prediction/sample_10032.npy,1
/kaggle/input/brats20-synthesis-data/prediction/sample_10033.npy,1
/kaggle/input/brats20-synthesis-data/prediction/sample_10034.npy,1
/kaggle/input/brats20-synthesis-data/prediction/sample_10035.npy,1
/kaggle/input/brats20-synthesis-data/prediction/sample_10036.npy,1
/kaggle/input/brats20-synthesis-data/prediction/sample_10037.npy,1
/kaggle/input/brats20-synthesis-data/prediction/sample_10038.npy,1
/kaggle/input/brats20-synthesis-data/prediction/sample_10039.npy,1
/kaggle/input/brats20-synthesis-data/prediction/sample_10040.npy,1
/kaggle/input/brats20-synthesis-data/prediction/sample_10041.npy,1
/kaggle/input/brats20-synthesis-data/prediction/sample_10042.npy,1
/kaggle/input/brats20-synthesis-data/prediction/sample_10043.npy,1
/kaggle/input/brats20-synthesis-data/prediction/sample_10044.npy,1
/kaggle/input/brats20-synthesis-data/prediction/sample_10045.npy,1
/kaggle/input/brats20-synthesis-data/prediction/sample_10046.npy,1
/kaggle/input/brats20-synthesis-data/prediction/sample_10047.npy,1
/kaggle/input/brats20-synthesis-data/prediction/sample_10048.npy,1
/kaggle/input/brats20-synthesis-data/prediction/sample_10049.npy,1
/kaggle/input/brats20-synthesis-data/prediction/sample_10050.npy,1
/kaggle/input/brats20-synthesis-data/prediction/sample_10051.npy,1
/kaggle/input/brats20-synthesis-data/prediction/sample_10052.npy,1
/kaggle/input/brats20-synthesis-data/prediction/sample_10053.npy,1
/kaggle/input/brats20-synthesis-data/prediction/sample_10054.npy,1
/kaggle/input/brats20-synthesis-data/prediction/sample_10055.npy,1
/kaggle/input/brats20-synthesis-data/prediction/sample_10056.npy,1
/kaggle/input/brats20-synthesis-data/prediction/sample_10057.npy,1
/kaggle/input/brats20-synthesis-data/prediction/sample_10058.npy,1
/kaggle/input/brats20-synthesis-data/prediction/sample_10059.npy,1
/kaggle/input/brats20-synthesis-data/prediction/sample_10060.npy,1
/kaggle/input/brats20-synthesis-data/prediction/sample_10061.npy,1
/kaggle/input/brats20-synthesis-data/prediction/sample_10062.npy,1
/kaggle/input/brats20-synthesis-data/prediction/sample_10063.npy,1
/kaggle/input/brats20-synthesis-data/prediction/sample_10064.npy,1
/kaggle/input/brats20-synthesis-data/prediction/sample_10065.npy,1
/kaggle/input/brats20-synthesis-data/prediction/sample_10066.npy,1
/kaggle/input/brats20-synthesis-data/prediction/sample_10067.npy,1
/kaggle/input/brats20-synthesis-data/prediction/sample_10068.npy,1
/kaggle/input/brats20-synthesis-data/prediction/sample_10069.npy,1
/kaggle/input/brats20-synthesis-data/prediction/sample_10070.npy,1
/kaggle/input/brats20-synthesis-data/prediction/sample_10071.npy,1
/kaggle/input/brats20-synthesis-data/prediction/sample_10072.npy,1
/kaggle/input/brats20-synthesis-data/prediction/sample_10073.npy,1
/kaggle/input/brats20-synthesis-data/prediction/sample_10074.npy,1
/kaggle/input/brats20-synthesis-data/prediction/sample_10075.npy,1
/kaggle/input/brats20-synthesis-data/prediction/sample_10076.npy,1
/kaggle/input/brats20-synthesis-data/prediction/sample_10077.npy,1
/kaggle/input/brats20-synthesis-data/prediction/sample_10078.npy,1
/kaggle/input/brats20-synthesis-data/prediction/sample_10079.npy,1
/kaggle/input/brats20-synthesis-data/prediction/sample_10080.npy,1
/kaggle/input/brats20-synthesis-data/prediction/sample_10081.npy,1
/kaggle/input/brats20-synthesis-data/prediction/sample_10082.npy,1
/kaggle/input/brats20-synthesis-data/prediction/sample_10083.npy,1
/kaggle/input/brats20-synthesis-data/prediction/sample_10084.npy,1
/kaggle/input/brats20-synthesis-data/prediction/sample_10085.npy,1
/kaggle/input/brats20-synthesis-data/prediction/sample_10086.npy,1
/kaggle/input/brats20-synthesis-data/prediction/sample_10087.npy,1
/kaggle/input/brats20-synthesis-data/prediction/sample_10088.npy,1
/kaggle/input/brats20-synthesis-data/prediction/sample_10089.npy,1
/kaggle/input/brats20-synthesis-data/prediction/sample_10090.npy,1
/kaggle/input/brats20-synthesis-data/prediction/sample_10091.npy,1
/kaggle/input/brats20-synthesis-data/prediction/sample_10092.npy,1
/kaggle/input/brats20-synthesis-data/prediction/sample_10093.npy,1
/kaggle/input/brats20-synthesis-data/prediction/sample_10094.npy,1
/kaggle/input/brats20-synthesis-data/prediction/sample_10095.npy,1
/kaggle/input/brats20-synthesis-data/prediction/sample_10096.npy,1
/kaggle/input/brats20-synthesis-data/prediction/sample_10097.npy,1
/kaggle/input/brats20-synthesis-data/prediction/sample_10098.npy,1
/kaggle/input/brats20-synthesis-data/prediction/sample_10099.npy,1
/kaggle/input/brats20-synthesis-data/prediction/sample_101.npy,1
/kaggle/input/brats20-synthesis-data/prediction/sample_10100.npy,1
/kaggle/input/brats20-synthesis-data/prediction/sample_10101.npy,1
/kaggle/input/brats20-synthesis-data/prediction/sample_10102.npy,1
/kaggle/input/brats20-synthesis-data/prediction/sample_10103.npy,1
/kaggle/input/brats20-synthesis-data/prediction/sample_10104.npy,1
/kaggle/input/brats20-synthesis-data/prediction/sample_10105.npy,1
/kaggle/input/brats20-synthesis-data/prediction/sample_10106.npy,1
/kaggle/input/brats20-synthesis-data/prediction/sample_10107.npy,1
/kaggle/input/brats20-synthesis-data/prediction/sample_10108.npy,1
/kaggle/input/brats20-synthesis-data/prediction/sample_10109.npy,1
/kaggle/input/brats20-synthesis-data/prediction/sample_10110.npy,1
/kaggle/input/brats20-synthesis-data/prediction/sample_10111.npy,1
/kaggle/input/brats20-synthesis-data/prediction/sample_10112.npy,1
/kaggle/input/brats20-synthesis-data/prediction/sample_10113.npy,1
/kaggle/input/brats20-synthesis-data/prediction/sample_10114.npy,1
/kaggle/input/brats20-synthesis-data/prediction/sample_10115.npy,1
/kaggle/input/brats20-synthesis-data/prediction/sample_10116.npy,1
/kaggle/input/brats20-synthesis-data/prediction/sample_10117.npy,1
/kaggle/input/brats20-synthesis-data/prediction/sample_10118.npy,1
/kaggle/input/brats20-synthesis-data/prediction/sample_10119.npy,1
/kaggle/input/brats20-synthesis-data/prediction/sample_10120.npy,1
/kaggle/input/brats20-synthesis-data/prediction/sample_10121.npy,1
/kaggle/input/brats20-synthesis-data/prediction/sample_10122.npy,1
/kaggle/input/brats20-synthesis-data/prediction/sample_10123.npy,1
/kaggle/input/brats20-synthesis-data/prediction/sample_10124.npy,1
/kaggle/input/brats20-synthesis-data/prediction/sample_10125.npy,1
/kaggle/input/brats20-synthesis-data/prediction/sample_10126.npy,1
/kaggle/input/brats20-synthesis-data/prediction/sample_10127.npy,1
/kaggle/input/brats20-synthesis-data/prediction/sample_10128.npy,1
/kaggle/input/brats20-synthesis-data/prediction/sample_10129.npy,1
/kaggle/input/brats20-synthesis-data/prediction/sample_10130.npy,1
/kaggle/input/brats20-synthesis-data/prediction/sample_10131.npy,1
/kaggle/input/brats20-synthesis-data/prediction/sample_10132.npy,1
/kaggle/input/brats20-synthesis-data/prediction/sample_10133.npy,1
/kaggle/input/brats20-synthesis-data/prediction/sample_10134.npy,1
/kaggle/input/brats20-synthesis-data/prediction/sample_10135.npy,1
/kaggle/input/brats20-synthesis-data/prediction/sample_10136.npy,1
/kaggle/input/brats20-synthesis-data/prediction/sample_10137.npy,1
/kaggle/input/brats20-synthesis-data/prediction/sample_10138.npy,1
/kaggle/input/brats20-synthesis-data/prediction/sample_10139.npy,1
/kaggle/input/brats20-synthesis-data/prediction/sample_10140.npy,1
/kaggle/input/brats20-synthesis-data/prediction/sample_10141.npy,1
/kaggle/input/brats20-synthesis-data/prediction/sample_10142.npy,1
/kaggle/input/brats20-synthesis-data/prediction/sample_10143.npy,1
/kaggle/input/brats20-synthesis-data/prediction/sample_10144.npy,1
/kaggle/input/brats20-synthesis-data/prediction/sample_10145.npy,1
/kaggle/input/brats20-synthesis-data/prediction/sample_10146.npy,1
/kaggle/input/brats20-synthesis-data/prediction/sample_10147.npy,1
/kaggle/input/brats20-synthesis-data/prediction/sample_10148.npy,1
/kaggle/input/brats20-synthesis-data/prediction/sample_10149.npy,1
/kaggle/input/brats20-synthesis-data/prediction/sample_10150.npy,1
/kaggle/input/brats20-synthesis-data/prediction/sample_10151.npy,1
/kaggle/input/brats20-synthesis-data/prediction/sample_10152.npy,1
/kaggle/input/brats20-synthesis-data/prediction/sample_10153.npy,1
/kaggle/input/brats20-synthesis-data/prediction/sample_10154.npy,1
/kaggle/input/brats20-synthesis-data/prediction/sample_10155.npy,1
/kaggle/input/brats20-synthesis-data/prediction/sample_10156.npy,1
/kaggle/input/brats20-synthesis-data/prediction/sample_10157.npy,1
/kaggle/input/brats20-synthesis-data/prediction/sample_10158.npy,1
/kaggle/input/brats20-synthesis-data/prediction/sample_10159.npy,1
/kaggle/input/brats20-synthesis-data/prediction/sample_10160.npy,1
/kaggle/input/brats20-synthesis-data/prediction/sample_10161.npy,1
/kaggle/input/brats20-synthesis-data/prediction/sample_10162.npy,1
/kaggle/input/brats20-synthesis-data/prediction/sample_10163.npy,1
/kaggle/input/brats20-synthesis-data/prediction/sample_10164.npy,1
/kaggle/input/brats20-synthesis-data/prediction/sample_10165.npy,1
/kaggle/input/brats20-synthesis-data/prediction/sample_10166.npy,1
/kaggle/input/brats20-synthesis-data/prediction/sample_10167.npy,1
/kaggle/input/brats20-synthesis-data/prediction/sample_10168.npy,1
/kaggle/input/brats20-synthesis-data/prediction/sample_10169.npy,1
/kaggle/input/brats20-synthesis-data/prediction/sample_10170.npy,1
/kaggle/input/brats20-synthesis-data/prediction/sample_10171.npy,1
/kaggle/input/brats20-synthesis-data/prediction/sample_10172.npy,1
/kaggle/input/brats20-synthesis-data/prediction/sample_10173.npy,1
/kaggle/input/brats20-synthesis-data/prediction/sample_10174.npy,1
/kaggle/input/brats20-synthesis-data/prediction/sample_10175.npy,1
/kaggle/input/brats20-synthesis-data/prediction/sample_10176.npy,1
/kaggle/input/brats20-synthesis-data/prediction/sample_10177.npy,1
/kaggle/input/brats20-synthesis-data/prediction/sample_10178.npy,1
/kaggle/input/brats20-synthesis-data/prediction/sample_10179.npy,1
/kaggle/input/brats20-synthesis-data/prediction/sample_10180.npy,1
/kaggle/input/brats20-synthesis-data/prediction/sample_10181.npy,1
/kaggle/input/brats20-synthesis-data/prediction/sample_10182.npy,1
/kaggle/input/brats20-synthesis-data/prediction/sample_10183.npy,1
/kaggle/input/brats20-synthesis-data/prediction/sample_10184.npy,1
/kaggle/input/brats20-synthesis-data/prediction/sample_10185.npy,1
/kaggle/input/brats20-synthesis-data/prediction/sample_10186.npy,1
/kaggle/input/brats20-synthesis-data/prediction/sample_10187.npy,1
/kaggle/input/brats20-synthesis-data/prediction/sample_10188.npy,1
/kaggle/input/brats20-synthesis-data/prediction/sample_10189.npy,1
/kaggle/input/brats20-synthesis-data/prediction/sample_10190.npy,1
/kaggle/input/brats20-synthesis-data/prediction/sample_10191.npy,1
/kaggle/input/brats20-synthesis-data/prediction/sample_10192.npy,1
/kaggle/input/brats20-synthesis-data/prediction/sample_10193.npy,1
/kaggle/input/brats20-synthesis-data/prediction/sample_10194.npy,1
/kaggle/input/brats20-synthesis-data/prediction/sample_10195.npy,1
/kaggle/input/brats20-synthesis-data/prediction/sample_10196.npy,1
/kaggle/input/brats20-synthesis-data/prediction/sample_10197.npy,1
/kaggle/input/brats20-synthesis-data/prediction/sample_10198.npy,1
/kaggle/input/brats20-synthesis-data/prediction/sample_10199.npy,1
/kaggle/input/brats20-synthesis-data/prediction/sample_102.npy,1
/kaggle/input/brats20-synthesis-data/prediction/sample_10200.npy,1
/kaggle/input/brats20-synthesis-data/prediction/sample_10201.npy,1
/kaggle/input/brats20-synthesis-data/prediction/sample_10202.npy,1
/kaggle/input/brats20-synthesis-data/prediction/sample_10203.npy,1
/kaggle/input/brats20-synthesis-data/prediction/sample_10204.npy,1
/kaggle/input/brats20-synthesis-data/prediction/sample_10205.npy,1
/kaggle/input/brats20-synthesis-data/prediction/sample_10206.npy,1
/kaggle/input/brats20-synthesis-data/prediction/sample_10207.npy,1
/kaggle/input/brats20-synthesis-data/prediction/sample_10208.npy,1
/kaggle/input/brats20-synthesis-data/prediction/sample_10209.npy,1
/kaggle/input/brats20-synthesis-data/prediction/sample_10210.npy,1
/kaggle/input/brats20-synthesis-data/prediction/sample_10211.npy,1
/kaggle/input/brats20-synthesis-data/prediction/sample_10212.npy,1
/kaggle/input/brats20-synthesis-data/prediction/sample_10213.npy,1
/kaggle/input/brats20-synthesis-data/prediction/sample_10214.npy,1
/kaggle/input/brats20-synthesis-data/prediction/sample_10215.npy,1
/kaggle/input/brats20-synthesis-data/prediction/sample_10216.npy,1
/kaggle/input/brats20-synthesis-data/prediction/sample_10217.npy,1
/kaggle/input/brats20-synthesis-data/prediction/sample_10218.npy,1
/kaggle/input/brats20-synthesis-data/prediction/sample_10219.npy,1
/kaggle/input/brats20-synthesis-data/prediction/sample_10220.npy,1
/kaggle/input/brats20-synthesis-data/prediction/sample_10221.npy,1
/kaggle/input/brats20-synthesis-data/prediction/sample_10222.npy,1
/kaggle/input/brats20-synthesis-data/prediction/sample_10223.npy,1
/kaggle/input/brats20-synthesis-data/prediction/sample_10224.npy,1
/kaggle/input/brats20-synthesis-data/prediction/sample_10225.npy,1
/kaggle/input/brats20-synthesis-data/prediction/sample_10226.npy,1
/kaggle/input/brats20-synthesis-data/prediction/sample_10227.npy,1
/kaggle/input/brats20-synthesis-data/prediction/sample_10228.npy,1
/kaggle/input/brats20-synthesis-data/prediction/sample_10229.npy,1
/kaggle/input/brats20-synthesis-data/prediction/sample_10230.npy,1
/kaggle/input/brats20-synthesis-data/prediction/sample_10231.npy,1
/kaggle/input/brats20-synthesis-data/prediction/sample_10232.npy,1
/kaggle/input/brats20-synthesis-data/prediction/sample_10233.npy,1
/kaggle/input/brats20-synthesis-data/prediction/sample_10234.npy,1
/kaggle/input/brats20-synthesis-data/prediction/sample_10235.npy,1
/kaggle/input/brats20-synthesis-data/prediction/sample_10236.npy,1
/kaggle/input/brats20-synthesis-data/prediction/sample_10237.npy,1
/kaggle/input/brats20-synthesis-data/prediction/sample_10238.npy,1
/kaggle/input/brats20-synthesis-data/prediction/sample_10239.npy,1
/kaggle/input/brats20-synthesis-data/prediction/sample_10240.npy,1
/kaggle/input/brats20-synthesis-data/prediction/sample_10241.npy,1
/kaggle/input/brats20-synthesis-data/prediction/sample_10242.npy,1
/kaggle/input/brats20-synthesis-data/prediction/sample_10243.npy,1
/kaggle/input/brats20-synthesis-data/prediction/sample_10244.npy,1
/kaggle/input/brats20-synthesis-data/prediction/sample_10245.npy,1
/kaggle/input/brats20-synthesis-data/prediction/sample_10246.npy,1
/kaggle/input/brats20-synthesis-data/prediction/sample_10247.npy,1
/kaggle/input/brats20-synthesis-data/prediction/sample_10248.npy,1
/kaggle/input/brats20-synthesis-data/prediction/sample_10249.npy,1
/kaggle/input/brats20-synthesis-data/prediction/sample_10250.npy,1
/kaggle/input/brats20-synthesis-data/prediction/sample_10251.npy,1
/kaggle/input/brats20-synthesis-data/prediction/sample_10252.npy,1
/kaggle/input/brats20-synthesis-data/prediction/sample_10253.npy,1
/kaggle/input/brats20-synthesis-data/prediction/sample_10254.npy,1
/kaggle/input/brats20-synthesis-data/prediction/sample_10255.npy,1
/kaggle/input/brats20-synthesis-data/prediction/sample_10256.npy,1
/kaggle/input/brats20-synthesis-data/prediction/sample_10257.npy,1
/kaggle/input/brats20-synthesis-data/prediction/sample_10258.npy,1
/kaggle/input/brats20-synthesis-data/prediction/sample_10259.npy,1
/kaggle/input/brats20-synthesis-data/prediction/sample_10260.npy,1
/kaggle/input/brats20-synthesis-data/prediction/sample_10261.npy,1
/kaggle/input/brats20-synthesis-data/prediction/sample_10262.npy,1
/kaggle/input/brats20-synthesis-data/prediction/sample_10263.npy,1
/kaggle/input/brats20-synthesis-data/prediction/sample_10264.npy,1
/kaggle/input/brats20-synthesis-data/prediction/sample_10265.npy,1
/kaggle/input/brats20-synthesis-data/prediction/sample_10266.npy,1
/kaggle/input/brats20-synthesis-data/prediction/sample_10267.npy,1
/kaggle/input/brats20-synthesis-data/prediction/sample_10268.npy,1
/kaggle/input/brats20-synthesis-data/prediction/sample_10269.npy,1
/kaggle/input/brats20-synthesis-data/prediction/sample_10270.npy,1
/kaggle/input/brats20-synthesis-data/prediction/sample_10271.npy,1
/kaggle/input/brats20-synthesis-data/prediction/sample_10272.npy,1
/kaggle/input/brats20-synthesis-data/prediction/sample_10273.npy,1
/kaggle/input/brats20-synthesis-data/prediction/sample_10274.npy,1
/kaggle/input/brats20-synthesis-data/prediction/sample_10275.npy,1
/kaggle/input/brats20-synthesis-data/prediction/sample_10276.npy,1
/kaggle/input/brats20-synthesis-data/prediction/sample_10277.npy,1
/kaggle/input/brats20-synthesis-data/prediction/sample_10278.npy,1
/kaggle/input/brats20-synthesis-data/prediction/sample_10279.npy,1
/kaggle/input/brats20-synthesis-data/prediction/sample_10280.npy,1
/kaggle/input/brats20-synthesis-data/prediction/sample_10281.npy,1
/kaggle/input/brats20-synthesis-data/prediction/sample_10282.npy,1
/kaggle/input/brats20-synthesis-data/prediction/sample_10283.npy,1
/kaggle/input/brats20-synthesis-data/prediction/sample_10284.npy,1
/kaggle/input/brats20-synthesis-data/prediction/sample_10285.npy,1
/kaggle/input/brats20-synthesis-data/prediction/sample_10286.npy,1
/kaggle/input/brats20-synthesis-data/prediction/sample_10287.npy,1
/kaggle/input/brats20-synthesis-data/prediction/sample_10288.npy,1
/kaggle/input/brats20-synthesis-data/prediction/sample_10289.npy,1
/kaggle/input/brats20-synthesis-data/prediction/sample_10290.npy,1
/kaggle/input/brats20-synthesis-data/prediction/sample_10291.npy,1
/kaggle/input/brats20-synthesis-data/prediction/sample_10292.npy,1
/kaggle/input/brats20-synthesis-data/prediction/sample_10293.npy,1
/kaggle/input/brats20-synthesis-data/prediction/sample_10294.npy,1
/kaggle/input/brats20-synthesis-data/prediction/sample_10295.npy,1
/kaggle/input/brats20-synthesis-data/prediction/sample_10296.npy,1
/kaggle/input/brats20-synthesis-data/prediction/sample_10297.npy,1
/kaggle/input/brats20-synthesis-data/prediction/sample_10298.npy,1
/kaggle/input/brats20-synthesis-data/prediction/sample_10299.npy,1
/kaggle/input/brats20-synthesis-data/prediction/sample_103.npy,1
/kaggle/input/brats20-synthesis-data/prediction/sample_10300.npy,1
/kaggle/input/brats20-synthesis-data/prediction/sample_10301.npy,1
/kaggle/input/brats20-synthesis-data/prediction/sample_10302.npy,1
/kaggle/input/brats20-synthesis-data/prediction/sample_10303.npy,1
/kaggle/input/brats20-synthesis-data/prediction/sample_10304.npy,1
/kaggle/input/brats20-synthesis-data/prediction/sample_10305.npy,1
/kaggle/input/brats20-synthesis-data/prediction/sample_10306.npy,1
/kaggle/input/brats20-synthesis-data/prediction/sample_10307.npy,1
/kaggle/input/brats20-synthesis-data/prediction/sample_10308.npy,1
/kaggle/input/brats20-synthesis-data/prediction/sample_10309.npy,1
/kaggle/input/brats20-synthesis-data/prediction/sample_10310.npy,1
/kaggle/input/brats20-synthesis-data/prediction/sample_10311.npy,1
/kaggle/input/brats20-synthesis-data/prediction/sample_10312.npy,1
/kaggle/input/brats20-synthesis-data/prediction/sample_10313.npy,1
/kaggle/input/brats20-synthesis-data/prediction/sample_10314.npy,1
/kaggle/input/brats20-synthesis-data/prediction/sample_10315.npy,1
/kaggle/input/brats20-synthesis-data/prediction/sample_10316.npy,1
/kaggle/input/brats20-synthesis-data/prediction/sample_10317.npy,1
/kaggle/input/brats20-synthesis-data/prediction/sample_10318.npy,1
/kaggle/input/brats20-synthesis-data/prediction/sample_10319.npy,1
/kaggle/input/brats20-synthesis-data/prediction/sample_10320.npy,1
/kaggle/input/brats20-synthesis-data/prediction/sample_10321.npy,1
/kaggle/input/brats20-synthesis-data/prediction/sample_10322.npy,1
/kaggle/input/brats20-synthesis-data/prediction/sample_10323.npy,1
/kaggle/input/brats20-synthesis-data/prediction/sample_10324.npy,1
/kaggle/input/brats20-synthesis-data/prediction/sample_10325.npy,1
/kaggle/input/brats20-synthesis-data/prediction/sample_10326.npy,1
/kaggle/input/brats20-synthesis-data/prediction/sample_10327.npy,1
/kaggle/input/brats20-synthesis-data/prediction/sample_10328.npy,1
/kaggle/input/brats20-synthesis-data/prediction/sample_10329.npy,1
/kaggle/input/brats20-synthesis-data/prediction/sample_10330.npy,1
/kaggle/input/brats20-synthesis-data/prediction/sample_10331.npy,1
/kaggle/input/brats20-synthesis-data/prediction/sample_10332.npy,1
/kaggle/input/brats20-synthesis-data/prediction/sample_10333.npy,1
/kaggle/input/brats20-synthesis-data/prediction/sample_10334.npy,1
/kaggle/input/brats20-synthesis-data/prediction/sample_10335.npy,1
/kaggle/input/brats20-synthesis-data/prediction/sample_10336.npy,1
/kaggle/input/brats20-synthesis-data/prediction/sample_10337.npy,1
/kaggle/input/brats20-synthesis-data/prediction/sample_10338.npy,1
/kaggle/input/brats20-synthesis-data/prediction/sample_10339.npy,1
/kaggle/input/brats20-synthesis-data/prediction/sample_10340.npy,1
/kaggle/input/brats20-synthesis-data/prediction/sample_10341.npy,1
/kaggle/input/brats20-synthesis-data/prediction/sample_10342.npy,1
/kaggle/input/brats20-synthesis-data/prediction/sample_10343.npy,1
/kaggle/input/brats20-synthesis-data/prediction/sample_10344.npy,1
/kaggle/input/brats20-synthesis-data/prediction/sample_10345.npy,1
/kaggle/input/brats20-synthesis-data/prediction/sample_10346.npy,1
/kaggle/input/brats20-synthesis-data/prediction/sample_10347.npy,1
/kaggle/input/brats20-synthesis-data/prediction/sample_10348.npy,1
/kaggle/input/brats20-synthesis-data/prediction/sample_10349.npy,1
/kaggle/input/brats20-synthesis-data/prediction/sample_10350.npy,1
/kaggle/input/brats20-synthesis-data/prediction/sample_10351.npy,1
/kaggle/input/brats20-synthesis-data/prediction/sample_10352.npy,1
/kaggle/input/brats20-synthesis-data/prediction/sample_10353.npy,1
/kaggle/input/brats20-synthesis-data/prediction/sample_10354.npy,1
/kaggle/input/brats20-synthesis-data/prediction/sample_10355.npy,1
/kaggle/input/brats20-synthesis-data/prediction/sample_10356.npy,1
/kaggle/input/brats20-synthesis-data/prediction/sample_10357.npy,1
/kaggle/input/brats20-synthesis-data/prediction/sample_10358.npy,1
/kaggle/input/brats20-synthesis-data/prediction/sample_10359.npy,1
/kaggle/input/brats20-synthesis-data/prediction/sample_10360.npy,1
/kaggle/input/brats20-synthesis-data/prediction/sample_10361.npy,1
/kaggle/input/brats20-synthesis-data/prediction/sample_10362.npy,1
/kaggle/input/brats20-synthesis-data/prediction/sample_10363.npy,1
/kaggle/input/brats20-synthesis-data/prediction/sample_10364.npy,1
/kaggle/input/brats20-synthesis-data/prediction/sample_10365.npy,1
/kaggle/input/brats20-synthesis-data/prediction/sample_10366.npy,1
/kaggle/input/brats20-synthesis-data/prediction/sample_10367.npy,1
/kaggle/input/brats20-synthesis-data/prediction/sample_10368.npy,1
/kaggle/input/brats20-synthesis-data/prediction/sample_10369.npy,1
/kaggle/input/brats20-synthesis-data/prediction/sample_10370.npy,1
/kaggle/input/brats20-synthesis-data/prediction/sample_10371.npy,1
/kaggle/input/brats20-synthesis-data/prediction/sample_10372.npy,1
/kaggle/input/brats20-synthesis-data/prediction/sample_10373.npy,1
/kaggle/input/brats20-synthesis-data/prediction/sample_10374.npy,1
/kaggle/input/brats20-synthesis-data/prediction/sample_10375.npy,1
/kaggle/input/brats20-synthesis-data/prediction/sample_10376.npy,1
/kaggle/input/brats20-synthesis-data/prediction/sample_10377.npy,1
/kaggle/input/brats20-synthesis-data/prediction/sample_10378.npy,1
/kaggle/input/brats20-synthesis-data/prediction/sample_10379.npy,1
/kaggle/input/brats20-synthesis-data/prediction/sample_10380.npy,1
/kaggle/input/brats20-synthesis-data/prediction/sample_10381.npy,1
/kaggle/input/brats20-synthesis-data/prediction/sample_10382.npy,1
/kaggle/input/brats20-synthesis-data/prediction/sample_10383.npy,1
/kaggle/input/brats20-synthesis-data/prediction/sample_10384.npy,1
/kaggle/input/brats20-synthesis-data/prediction/sample_10385.npy,1
/kaggle/input/brats20-synthesis-data/prediction/sample_10386.npy,1
/kaggle/input/brats20-synthesis-data/prediction/sample_10387.npy,1
/kaggle/input/brats20-synthesis-data/prediction/sample_10388.npy,1
/kaggle/input/brats20-synthesis-data/prediction/sample_10389.npy,1
/kaggle/input/brats20-synthesis-data/prediction/sample_10390.npy,1
/kaggle/input/brats20-synthesis-data/prediction/sample_10391.npy,1
/kaggle/input/brats20-synthesis-data/prediction/sample_10392.npy,1
/kaggle/input/brats20-synthesis-data/prediction/sample_10393.npy,1
/kaggle/input/brats20-synthesis-data/prediction/sample_10394.npy,1
/kaggle/input/brats20-synthesis-data/prediction/sample_10395.npy,1
/kaggle/input/brats20-synthesis-data/prediction/sample_10396.npy,1
/kaggle/input/brats20-synthesis-data/prediction/sample_10397.npy,1
/kaggle/input/brats20-synthesis-data/prediction/sample_10398.npy,1
/kaggle/input/brats20-synthesis-data/prediction/sample_10399.npy,1
/kaggle/input/brats20-synthesis-data/prediction/sample_104.npy,1
/kaggle/input/brats20-synthesis-data/prediction/sample_10400.npy,1
/kaggle/input/brats20-synthesis-data/prediction/sample_10401.npy,1
/kaggle/input/brats20-synthesis-data/prediction/sample_10402.npy,1
/kaggle/input/brats20-synthesis-data/prediction/sample_10403.npy,1
/kaggle/input/brats20-synthesis-data/prediction/sample_10404.npy,1
/kaggle/input/brats20-synthesis-data/prediction/sample_10405.npy,1
/kaggle/input/brats20-synthesis-data/prediction/sample_10406.npy,1
/kaggle/input/brats20-synthesis-data/prediction/sample_10407.npy,1
/kaggle/input/brats20-synthesis-data/prediction/sample_10408.npy,1
/kaggle/input/brats20-synthesis-data/prediction/sample_10409.npy,1
/kaggle/input/brats20-synthesis-data/prediction/sample_10410.npy,1
/kaggle/input/brats20-synthesis-data/prediction/sample_10411.npy,1
/kaggle/input/brats20-synthesis-data/prediction/sample_10412.npy,1
/kaggle/input/brats20-synthesis-data/prediction/sample_10413.npy,1
/kaggle/input/brats20-synthesis-data/prediction/sample_10414.npy,1
/kaggle/input/brats20-synthesis-data/prediction/sample_10415.npy,1
/kaggle/input/brats20-synthesis-data/prediction/sample_10416.npy,1
/kaggle/input/brats20-synthesis-data/prediction/sample_10417.npy,1
/kaggle/input/brats20-synthesis-data/prediction/sample_10418.npy,1
/kaggle/input/brats20-synthesis-data/prediction/sample_10419.npy,1
/kaggle/input/brats20-synthesis-data/prediction/sample_10420.npy,1
/kaggle/input/brats20-synthesis-data/prediction/sample_10421.npy,1
/kaggle/input/brats20-synthesis-data/prediction/sample_10422.npy,1
/kaggle/input/brats20-synthesis-data/prediction/sample_10423.npy,1
/kaggle/input/brats20-synthesis-data/prediction/sample_10424.npy,1
/kaggle/input/brats20-synthesis-data/prediction/sample_10425.npy,1
/kaggle/input/brats20-synthesis-data/prediction/sample_10426.npy,1
/kaggle/input/brats20-synthesis-data/prediction/sample_10427.npy,1
/kaggle/input/brats20-synthesis-data/prediction/sample_10428.npy,1
/kaggle/input/brats20-synthesis-data/prediction/sample_10429.npy,1
/kaggle/input/brats20-synthesis-data/prediction/sample_10430.npy,1
/kaggle/input/brats20-synthesis-data/prediction/sample_10431.npy,1
/kaggle/input/brats20-synthesis-data/prediction/sample_10432.npy,1
/kaggle/input/brats20-synthesis-data/prediction/sample_10433.npy,1
/kaggle/input/brats20-synthesis-data/prediction/sample_10434.npy,1
/kaggle/input/brats20-synthesis-data/prediction/sample_10435.npy,1
/kaggle/input/brats20-synthesis-data/prediction/sample_10436.npy,1
/kaggle/input/brats20-synthesis-data/prediction/sample_10437.npy,1
/kaggle/input/brats20-synthesis-data/prediction/sample_10438.npy,1
/kaggle/input/brats20-synthesis-data/prediction/sample_10439.npy,1
/kaggle/input/brats20-synthesis-data/prediction/sample_10440.npy,1
/kaggle/input/brats20-synthesis-data/prediction/sample_10441.npy,1
/kaggle/input/brats20-synthesis-data/prediction/sample_10442.npy,1
/kaggle/input/brats20-synthesis-data/prediction/sample_10443.npy,1
/kaggle/input/brats20-synthesis-data/prediction/sample_10444.npy,1
/kaggle/input/brats20-synthesis-data/prediction/sample_10445.npy,1
/kaggle/input/brats20-synthesis-data/prediction/sample_10446.npy,1
/kaggle/input/brats20-synthesis-data/prediction/sample_10447.npy,1
/kaggle/input/brats20-synthesis-data/prediction/sample_10448.npy,1
/kaggle/input/brats20-synthesis-data/prediction/sample_10449.npy,1
/kaggle/input/brats20-synthesis-data/prediction/sample_10450.npy,1
/kaggle/input/brats20-synthesis-data/prediction/sample_10451.npy,1
/kaggle/input/brats20-synthesis-data/prediction/sample_10452.npy,1
/kaggle/input/brats20-synthesis-data/prediction/sample_10453.npy,1
/kaggle/input/brats20-synthesis-data/prediction/sample_10454.npy,1
/kaggle/input/brats20-synthesis-data/prediction/sample_10455.npy,1
/kaggle/input/brats20-synthesis-data/prediction/sample_10456.npy,1
/kaggle/input/brats20-synthesis-data/prediction/sample_10457.npy,1
/kaggle/input/brats20-synthesis-data/prediction/sample_10458.npy,1
/kaggle/input/brats20-synthesis-data/prediction/sample_10459.npy,1
/kaggle/input/brats20-synthesis-data/prediction/sample_10460.npy,1
/kaggle/input/brats20-synthesis-data/prediction/sample_10461.npy,1
/kaggle/input/brats20-synthesis-data/prediction/sample_10462.npy,1
/kaggle/input/brats20-synthesis-data/prediction/sample_10463.npy,1
/kaggle/input/brats20-synthesis-data/prediction/sample_10464.npy,1
/kaggle/input/brats20-synthesis-data/prediction/sample_10465.npy,1
/kaggle/input/brats20-synthesis-data/prediction/sample_10466.npy,1
/kaggle/input/brats20-synthesis-data/prediction/sample_10467.npy,1
/kaggle/input/brats20-synthesis-data/prediction/sample_10468.npy,1
/kaggle/input/brats20-synthesis-data/prediction/sample_10469.npy,1
/kaggle/input/brats20-synthesis-data/prediction/sample_10470.npy,1
/kaggle/input/brats20-synthesis-data/prediction/sample_10471.npy,1
/kaggle/input/brats20-synthesis-data/prediction/sample_10472.npy,1
/kaggle/input/brats20-synthesis-data/prediction/sample_10473.npy,1
/kaggle/input/brats20-synthesis-data/prediction/sample_10474.npy,1
/kaggle/input/brats20-synthesis-data/prediction/sample_10475.npy,1
/kaggle/input/brats20-synthesis-data/prediction/sample_10476.npy,1
/kaggle/input/brats20-synthesis-data/prediction/sample_10477.npy,1
/kaggle/input/brats20-synthesis-data/prediction/sample_10478.npy,1
/kaggle/input/brats20-synthesis-data/prediction/sample_10479.npy,1
/kaggle/input/brats20-synthesis-data/prediction/sample_10480.npy,1
/kaggle/input/brats20-synthesis-data/prediction/sample_10481.npy,1
/kaggle/input/brats20-synthesis-data/prediction/sample_10482.npy,1
/kaggle/input/brats20-synthesis-data/prediction/sample_10483.npy,1
/kaggle/input/brats20-synthesis-data/prediction/sample_10484.npy,1
/kaggle/input/brats20-synthesis-data/prediction/sample_10485.npy,1
/kaggle/input/brats20-synthesis-data/prediction/sample_10486.npy,1
/kaggle/input/brats20-synthesis-data/prediction/sample_10487.npy,1
/kaggle/input/brats20-synthesis-data/prediction/sample_10488.npy,1
/kaggle/input/brats20-synthesis-data/prediction/sample_10489.npy,1
/kaggle/input/brats20-synthesis-data/prediction/sample_10490.npy,1
/kaggle/input/brats20-synthesis-data/prediction/sample_10491.npy,1
/kaggle/input/brats20-synthesis-data/prediction/sample_10492.npy,1
/kaggle/input/brats20-synthesis-data/prediction/sample_10493.npy,1
/kaggle/input/brats20-synthesis-data/prediction/sample_10494.npy,1
/kaggle/input/brats20-synthesis-data/prediction/sample_10495.npy,1
/kaggle/input/brats20-synthesis-data/prediction/sample_10496.npy,1
/kaggle/input/brats20-synthesis-data/prediction/sample_10497.npy,1
/kaggle/input/brats20-synthesis-data/prediction/sample_10498.npy,1
/kaggle/input/brats20-synthesis-data/prediction/sample_10499.npy,1
/kaggle/input/brats20-synthesis-data/prediction/sample_105.npy,1
/kaggle/input/brats20-synthesis-data/prediction/sample_10500.npy,1
/kaggle/input/brats20-synthesis-data/prediction/sample_10501.npy,1
/kaggle/input/brats20-synthesis-data/prediction/sample_10502.npy,1
/kaggle/input/brats20-synthesis-data/prediction/sample_10503.npy,1
/kaggle/input/brats20-synthesis-data/prediction/sample_10504.npy,1
/kaggle/input/brats20-synthesis-data/prediction/sample_10505.npy,1
/kaggle/input/brats20-synthesis-data/prediction/sample_10506.npy,1
/kaggle/input/brats20-synthesis-data/prediction/sample_10507.npy,1
/kaggle/input/brats20-synthesis-data/prediction/sample_10508.npy,1
/kaggle/input/brats20-synthesis-data/prediction/sample_10509.npy,1
/kaggle/input/brats20-synthesis-data/prediction/sample_10510.npy,1
/kaggle/input/brats20-synthesis-data/prediction/sample_10511.npy,1
/kaggle/input/brats20-synthesis-data/prediction/sample_10512.npy,1
/kaggle/input/brats20-synthesis-data/prediction/sample_10513.npy,1
/kaggle/input/brats20-synthesis-data/prediction/sample_10514.npy,1
/kaggle/input/brats20-synthesis-data/prediction/sample_10515.npy,1
/kaggle/input/brats20-synthesis-data/prediction/sample_10516.npy,1
/kaggle/input/brats20-synthesis-data/prediction/sample_10517.npy,1
/kaggle/input/brats20-synthesis-data/prediction/sample_10518.npy,1
/kaggle/input/brats20-synthesis-data/prediction/sample_10519.npy,1
/kaggle/input/brats20-synthesis-data/prediction/sample_10520.npy,1
/kaggle/input/brats20-synthesis-data/prediction/sample_10521.npy,1
/kaggle/input/brats20-synthesis-data/prediction/sample_10522.npy,1
/kaggle/input/brats20-synthesis-data/prediction/sample_10523.npy,1
/kaggle/input/brats20-synthesis-data/prediction/sample_10524.npy,1
/kaggle/input/brats20-synthesis-data/prediction/sample_10525.npy,1
/kaggle/input/brats20-synthesis-data/prediction/sample_10526.npy,1
/kaggle/input/brats20-synthesis-data/prediction/sample_10527.npy,1
/kaggle/input/brats20-synthesis-data/prediction/sample_10528.npy,1
/kaggle/input/brats20-synthesis-data/prediction/sample_10529.npy,1
/kaggle/input/brats20-synthesis-data/prediction/sample_10530.npy,1
/kaggle/input/brats20-synthesis-data/prediction/sample_10531.npy,1
/kaggle/input/brats20-synthesis-data/prediction/sample_10532.npy,1
/kaggle/input/brats20-synthesis-data/prediction/sample_10533.npy,1
/kaggle/input/brats20-synthesis-data/prediction/sample_10534.npy,1
/kaggle/input/brats20-synthesis-data/prediction/sample_10535.npy,1
/kaggle/input/brats20-synthesis-data/prediction/sample_10536.npy,1
/kaggle/input/brats20-synthesis-data/prediction/sample_10537.npy,1
/kaggle/input/brats20-synthesis-data/prediction/sample_10538.npy,1
/kaggle/input/brats20-synthesis-data/prediction/sample_10539.npy,1
/kaggle/input/brats20-synthesis-data/prediction/sample_10540.npy,1
/kaggle/input/brats20-synthesis-data/prediction/sample_10541.npy,1
/kaggle/input/brats20-synthesis-data/prediction/sample_10542.npy,1
/kaggle/input/brats20-synthesis-data/prediction/sample_10543.npy,1
/kaggle/input/brats20-synthesis-data/prediction/sample_10544.npy,1
/kaggle/input/brats20-synthesis-data/prediction/sample_10545.npy,1
/kaggle/input/brats20-synthesis-data/prediction/sample_10546.npy,1
/kaggle/input/brats20-synthesis-data/prediction/sample_10547.npy,1
/kaggle/input/brats20-synthesis-data/prediction/sample_10548.npy,1
/kaggle/input/brats20-synthesis-data/prediction/sample_10549.npy,1
/kaggle/input/brats20-synthesis-data/prediction/sample_10550.npy,1
/kaggle/input/brats20-synthesis-data/prediction/sample_10551.npy,1
/kaggle/input/brats20-synthesis-data/prediction/sample_10552.npy,1
/kaggle/input/brats20-synthesis-data/prediction/sample_10553.npy,1
/kaggle/input/brats20-synthesis-data/prediction/sample_10554.npy,1
/kaggle/input/brats20-synthesis-data/prediction/sample_10555.npy,1
/kaggle/input/brats20-synthesis-data/prediction/sample_10556.npy,1
/kaggle/input/brats20-synthesis-data/prediction/sample_10557.npy,1
/kaggle/input/brats20-synthesis-data/prediction/sample_10558.npy,1
/kaggle/input/brats20-synthesis-data/prediction/sample_10559.npy,1
/kaggle/input/brats20-synthesis-data/prediction/sample_10560.npy,1
/kaggle/input/brats20-synthesis-data/prediction/sample_10561.npy,1
/kaggle/input/brats20-synthesis-data/prediction/sample_10562.npy,1
/kaggle/input/brats20-synthesis-data/prediction/sample_10563.npy,1
/kaggle/input/brats20-synthesis-data/prediction/sample_10564.npy,1
/kaggle/input/brats20-synthesis-data/prediction/sample_10565.npy,1
/kaggle/input/brats20-synthesis-data/prediction/sample_10566.npy,1
/kaggle/input/brats20-synthesis-data/prediction/sample_10567.npy,1
/kaggle/input/brats20-synthesis-data/prediction/sample_10568.npy,1
/kaggle/input/brats20-synthesis-data/prediction/sample_10569.npy,1
/kaggle/input/brats20-synthesis-data/prediction/sample_10570.npy,1
/kaggle/input/brats20-synthesis-data/prediction/sample_10571.npy,1
/kaggle/input/brats20-synthesis-data/prediction/sample_10572.npy,1
/kaggle/input/brats20-synthesis-data/prediction/sample_10573.npy,1
/kaggle/input/brats20-synthesis-data/prediction/sample_10574.npy,1
/kaggle/input/brats20-synthesis-data/prediction/sample_10575.npy,1
/kaggle/input/brats20-synthesis-data/prediction/sample_10576.npy,1
/kaggle/input/brats20-synthesis-data/prediction/sample_10577.npy,1
/kaggle/input/brats20-synthesis-data/prediction/sample_10578.npy,1
/kaggle/input/brats20-synthesis-data/prediction/sample_10579.npy,1
/kaggle/input/brats20-synthesis-data/prediction/sample_10580.npy,1
/kaggle/input/brats20-synthesis-data/prediction/sample_10581.npy,1
/kaggle/input/brats20-synthesis-data/prediction/sample_10582.npy,1
/kaggle/input/brats20-synthesis-data/prediction/sample_10583.npy,1
/kaggle/input/brats20-synthesis-data/prediction/sample_10584.npy,1
/kaggle/input/brats20-synthesis-data/prediction/sample_10585.npy,1
/kaggle/input/brats20-synthesis-data/prediction/sample_10586.npy,1
/kaggle/input/brats20-synthesis-data/prediction/sample_10587.npy,1
/kaggle/input/brats20-synthesis-data/prediction/sample_10588.npy,1
/kaggle/input/brats20-synthesis-data/prediction/sample_10589.npy,1
/kaggle/input/brats20-synthesis-data/prediction/sample_10590.npy,1
/kaggle/input/brats20-synthesis-data/prediction/sample_10591.npy,1
/kaggle/input/brats20-synthesis-data/prediction/sample_10592.npy,1
/kaggle/input/brats20-synthesis-data/prediction/sample_10593.npy,1
/kaggle/input/brats20-synthesis-data/prediction/sample_10594.npy,1
/kaggle/input/brats20-synthesis-data/prediction/sample_10595.npy,1
/kaggle/input/brats20-synthesis-data/prediction/sample_10596.npy,1
/kaggle/input/brats20-synthesis-data/prediction/sample_10597.npy,1
/kaggle/input/brats20-synthesis-data/prediction/sample_10598.npy,1
/kaggle/input/brats20-synthesis-data/prediction/sample_10599.npy,1
/kaggle/input/brats20-synthesis-data/prediction/sample_106.npy,1
/kaggle/input/brats20-synthesis-data/prediction/sample_10600.npy,1
/kaggle/input/brats20-synthesis-data/prediction/sample_10601.npy,1
/kaggle/input/brats20-synthesis-data/prediction/sample_10602.npy,1
/kaggle/input/brats20-synthesis-data/prediction/sample_10603.npy,1
/kaggle/input/brats20-synthesis-data/prediction/sample_10604.npy,1
/kaggle/input/brats20-synthesis-data/prediction/sample_10605.npy,1
/kaggle/input/brats20-synthesis-data/prediction/sample_10606.npy,1
/kaggle/input/brats20-synthesis-data/prediction/sample_10607.npy,1
/kaggle/input/brats20-synthesis-data/prediction/sample_10608.npy,1
/kaggle/input/brats20-synthesis-data/prediction/sample_10609.npy,1
/kaggle/input/brats20-synthesis-data/prediction/sample_10610.npy,1
/kaggle/input/brats20-synthesis-data/prediction/sample_10611.npy,1
/kaggle/input/brats20-synthesis-data/prediction/sample_10612.npy,1
/kaggle/input/brats20-synthesis-data/prediction/sample_10613.npy,1
/kaggle/input/brats20-synthesis-data/prediction/sample_10614.npy,1
/kaggle/input/brats20-synthesis-data/prediction/sample_10615.npy,1
/kaggle/input/brats20-synthesis-data/prediction/sample_10616.npy,1
/kaggle/input/brats20-synthesis-data/prediction/sample_10617.npy,1
/kaggle/input/brats20-synthesis-data/prediction/sample_10618.npy,1
/kaggle/input/brats20-synthesis-data/prediction/sample_10619.npy,1
/kaggle/input/brats20-synthesis-data/prediction/sample_10620.npy,1
/kaggle/input/brats20-synthesis-data/prediction/sample_10621.npy,1
/kaggle/input/brats20-synthesis-data/prediction/sample_10622.npy,1
/kaggle/input/brats20-synthesis-data/prediction/sample_10623.npy,1
/kaggle/input/brats20-synthesis-data/prediction/sample_10624.npy,1
/kaggle/input/brats20-synthesis-data/prediction/sample_10625.npy,1
/kaggle/input/brats20-synthesis-data/prediction/sample_10626.npy,1
/kaggle/input/brats20-synthesis-data/prediction/sample_10627.npy,1
/kaggle/input/brats20-synthesis-data/prediction/sample_10628.npy,1
/kaggle/input/brats20-synthesis-data/prediction/sample_10629.npy,1
/kaggle/input/brats20-synthesis-data/prediction/sample_10630.npy,1
/kaggle/input/brats20-synthesis-data/prediction/sample_10631.npy,1
/kaggle/input/brats20-synthesis-data/prediction/sample_10632.npy,1
/kaggle/input/brats20-synthesis-data/prediction/sample_10633.npy,1
/kaggle/input/brats20-synthesis-data/prediction/sample_10634.npy,1
/kaggle/input/brats20-synthesis-data/prediction/sample_10635.npy,1
/kaggle/input/brats20-synthesis-data/prediction/sample_10636.npy,1
/kaggle/input/brats20-synthesis-data/prediction/sample_10637.npy,1
/kaggle/input/brats20-synthesis-data/prediction/sample_10638.npy,1
/kaggle/input/brats20-synthesis-data/prediction/sample_10639.npy,1
/kaggle/input/brats20-synthesis-data/prediction/sample_10640.npy,1
/kaggle/input/brats20-synthesis-data/prediction/sample_10641.npy,1
/kaggle/input/brats20-synthesis-data/prediction/sample_10642.npy,1
/kaggle/input/brats20-synthesis-data/prediction/sample_10643.npy,1
/kaggle/input/brats20-synthesis-data/prediction/sample_10644.npy,1
/kaggle/input/brats20-synthesis-data/prediction/sample_10645.npy,1
/kaggle/input/brats20-synthesis-data/prediction/sample_10646.npy,1
/kaggle/input/brats20-synthesis-data/prediction/sample_10647.npy,1
/kaggle/input/brats20-synthesis-data/prediction/sample_10648.npy,1
/kaggle/input/brats20-synthesis-data/prediction/sample_10649.npy,1
/kaggle/input/brats20-synthesis-data/prediction/sample_10650.npy,1
/kaggle/input/brats20-synthesis-data/prediction/sample_10651.npy,1
/kaggle/input/brats20-synthesis-data/prediction/sample_10652.npy,1
/kaggle/input/brats20-synthesis-data/prediction/sample_10653.npy,1
/kaggle/input/brats20-synthesis-data/prediction/sample_10654.npy,1
/kaggle/input/brats20-synthesis-data/prediction/sample_10655.npy,1
/kaggle/input/brats20-synthesis-data/prediction/sample_10656.npy,1
/kaggle/input/brats20-synthesis-data/prediction/sample_10657.npy,1
/kaggle/input/brats20-synthesis-data/prediction/sample_10658.npy,1
/kaggle/input/brats20-synthesis-data/prediction/sample_10659.npy,1
/kaggle/input/brats20-synthesis-data/prediction/sample_10660.npy,1
/kaggle/input/brats20-synthesis-data/prediction/sample_10661.npy,1
/kaggle/input/brats20-synthesis-data/prediction/sample_10662.npy,1
/kaggle/input/brats20-synthesis-data/prediction/sample_10663.npy,1
/kaggle/input/brats20-synthesis-data/prediction/sample_10664.npy,1
/kaggle/input/brats20-synthesis-data/prediction/sample_10665.npy,1
/kaggle/input/brats20-synthesis-data/prediction/sample_10666.npy,1
/kaggle/input/brats20-synthesis-data/prediction/sample_10667.npy,1
/kaggle/input/brats20-synthesis-data/prediction/sample_10668.npy,1
/kaggle/input/brats20-synthesis-data/prediction/sample_10669.npy,1
/kaggle/input/brats20-synthesis-data/prediction/sample_10670.npy,1
/kaggle/input/brats20-synthesis-data/prediction/sample_10671.npy,1
/kaggle/input/brats20-synthesis-data/prediction/sample_10672.npy,1
/kaggle/input/brats20-synthesis-data/prediction/sample_10673.npy,1
/kaggle/input/brats20-synthesis-data/prediction/sample_10674.npy,1
/kaggle/input/brats20-synthesis-data/prediction/sample_10675.npy,1
/kaggle/input/brats20-synthesis-data/prediction/sample_10676.npy,1
/kaggle/input/brats20-synthesis-data/prediction/sample_10677.npy,1
/kaggle/input/brats20-synthesis-data/prediction/sample_10678.npy,1
/kaggle/input/brats20-synthesis-data/prediction/sample_10679.npy,1
/kaggle/input/brats20-synthesis-data/prediction/sample_10680.npy,1
/kaggle/input/brats20-synthesis-data/prediction/sample_10681.npy,1
/kaggle/input/brats20-synthesis-data/prediction/sample_10682.npy,1
/kaggle/input/brats20-synthesis-data/prediction/sample_10683.npy,1
/kaggle/input/brats20-synthesis-data/prediction/sample_10684.npy,1
/kaggle/input/brats20-synthesis-data/prediction/sample_10685.npy,1
/kaggle/input/brats20-synthesis-data/prediction/sample_10686.npy,1
/kaggle/input/brats20-synthesis-data/prediction/sample_10687.npy,1
/kaggle/input/brats20-synthesis-data/prediction/sample_10688.npy,1
/kaggle/input/brats20-synthesis-data/prediction/sample_10689.npy,1
/kaggle/input/brats20-synthesis-data/prediction/sample_10690.npy,1
/kaggle/input/brats20-synthesis-data/prediction/sample_10691.npy,1
/kaggle/input/brats20-synthesis-data/prediction/sample_10692.npy,1
/kaggle/input/brats20-synthesis-data/prediction/sample_10693.npy,1
/kaggle/input/brats20-synthesis-data/prediction/sample_10694.npy,1
/kaggle/input/brats20-synthesis-data/prediction/sample_10695.npy,1
/kaggle/input/brats20-synthesis-data/prediction/sample_10696.npy,1
/kaggle/input/brats20-synthesis-data/prediction/sample_10697.npy,1
/kaggle/input/brats20-synthesis-data/prediction/sample_10698.npy,1
/kaggle/input/brats20-synthesis-data/prediction/sample_10699.npy,1
/kaggle/input/brats20-synthesis-data/prediction/sample_107.npy,1
/kaggle/input/brats20-synthesis-data/prediction/sample_10700.npy,1
/kaggle/input/brats20-synthesis-data/prediction/sample_10701.npy,1
/kaggle/input/brats20-synthesis-data/prediction/sample_10702.npy,1
/kaggle/input/brats20-synthesis-data/prediction/sample_10703.npy,1
/kaggle/input/brats20-synthesis-data/prediction/sample_10704.npy,1
/kaggle/input/brats20-synthesis-data/prediction/sample_10705.npy,1
/kaggle/input/brats20-synthesis-data/prediction/sample_10706.npy,1
/kaggle/input/brats20-synthesis-data/prediction/sample_10707.npy,1
/kaggle/input/brats20-synthesis-data/prediction/sample_10708.npy,1
/kaggle/input/brats20-synthesis-data/prediction/sample_10709.npy,1
/kaggle/input/brats20-synthesis-data/prediction/sample_10710.npy,1
/kaggle/input/brats20-synthesis-data/prediction/sample_10711.npy,1
/kaggle/input/brats20-synthesis-data/prediction/sample_10712.npy,1
/kaggle/input/brats20-synthesis-data/prediction/sample_10713.npy,1
/kaggle/input/brats20-synthesis-data/prediction/sample_10714.npy,1
/kaggle/input/brats20-synthesis-data/prediction/sample_10715.npy,1
/kaggle/input/brats20-synthesis-data/prediction/sample_10716.npy,1
/kaggle/input/brats20-synthesis-data/prediction/sample_10717.npy,1
/kaggle/input/brats20-synthesis-data/prediction/sample_10718.npy,1
/kaggle/input/brats20-synthesis-data/prediction/sample_10719.npy,1
/kaggle/input/brats20-synthesis-data/prediction/sample_10720.npy,1
/kaggle/input/brats20-synthesis-data/prediction/sample_10721.npy,1
/kaggle/input/brats20-synthesis-data/prediction/sample_10722.npy,1
/kaggle/input/brats20-synthesis-data/prediction/sample_10723.npy,1
/kaggle/input/brats20-synthesis-data/prediction/sample_10724.npy,1
/kaggle/input/brats20-synthesis-data/prediction/sample_10725.npy,1
/kaggle/input/brats20-synthesis-data/prediction/sample_10726.npy,1
/kaggle/input/brats20-synthesis-data/prediction/sample_10727.npy,1
/kaggle/input/brats20-synthesis-data/prediction/sample_10728.npy,1
/kaggle/input/brats20-synthesis-data/prediction/sample_10729.npy,1
/kaggle/input/brats20-synthesis-data/prediction/sample_10730.npy,1
/kaggle/input/brats20-synthesis-data/prediction/sample_10731.npy,1
/kaggle/input/brats20-synthesis-data/prediction/sample_10732.npy,1
/kaggle/input/brats20-synthesis-data/prediction/sample_10733.npy,1
/kaggle/input/brats20-synthesis-data/prediction/sample_10734.npy,1
/kaggle/input/brats20-synthesis-data/prediction/sample_10735.npy,1
/kaggle/input/brats20-synthesis-data/prediction/sample_10736.npy,1
/kaggle/input/brats20-synthesis-data/prediction/sample_10737.npy,1
/kaggle/input/brats20-synthesis-data/prediction/sample_10738.npy,1
/kaggle/input/brats20-synthesis-data/prediction/sample_10739.npy,1
/kaggle/input/brats20-synthesis-data/prediction/sample_10740.npy,1
/kaggle/input/brats20-synthesis-data/prediction/sample_10741.npy,1
/kaggle/input/brats20-synthesis-data/prediction/sample_10742.npy,1
/kaggle/input/brats20-synthesis-data/prediction/sample_10743.npy,1
/kaggle/input/brats20-synthesis-data/prediction/sample_10744.npy,1
/kaggle/input/brats20-synthesis-data/prediction/sample_10745.npy,1
/kaggle/input/brats20-synthesis-data/prediction/sample_10746.npy,1
/kaggle/input/brats20-synthesis-data/prediction/sample_10747.npy,1
/kaggle/input/brats20-synthesis-data/prediction/sample_10748.npy,1
/kaggle/input/brats20-synthesis-data/prediction/sample_10749.npy,1
/kaggle/input/brats20-synthesis-data/prediction/sample_10750.npy,1
/kaggle/input/brats20-synthesis-data/prediction/sample_10751.npy,1
/kaggle/input/brats20-synthesis-data/prediction/sample_10752.npy,1
/kaggle/input/brats20-synthesis-data/prediction/sample_10753.npy,1
/kaggle/input/brats20-synthesis-data/prediction/sample_10754.npy,1
/kaggle/input/brats20-synthesis-data/prediction/sample_10755.npy,1
/kaggle/input/brats20-synthesis-data/prediction/sample_10756.npy,1
/kaggle/input/brats20-synthesis-data/prediction/sample_10757.npy,1
/kaggle/input/brats20-synthesis-data/prediction/sample_10758.npy,1
/kaggle/input/brats20-synthesis-data/prediction/sample_10759.npy,1
/kaggle/input/brats20-synthesis-data/prediction/sample_10760.npy,1
/kaggle/input/brats20-synthesis-data/prediction/sample_10761.npy,1
/kaggle/input/brats20-synthesis-data/prediction/sample_10762.npy,1
/kaggle/input/brats20-synthesis-data/prediction/sample_10763.npy,1
/kaggle/input/brats20-synthesis-data/prediction/sample_10764.npy,1
/kaggle/input/brats20-synthesis-data/prediction/sample_10765.npy,1
/kaggle/input/brats20-synthesis-data/prediction/sample_10766.npy,1
/kaggle/input/brats20-synthesis-data/prediction/sample_10767.npy,1
/kaggle/input/brats20-synthesis-data/prediction/sample_10768.npy,1
/kaggle/input/brats20-synthesis-data/prediction/sample_10769.npy,1
/kaggle/input/brats20-synthesis-data/prediction/sample_10770.npy,1
/kaggle/input/brats20-synthesis-data/prediction/sample_10771.npy,1
/kaggle/input/brats20-synthesis-data/prediction/sample_10772.npy,1
/kaggle/input/brats20-synthesis-data/prediction/sample_10773.npy,1
/kaggle/input/brats20-synthesis-data/prediction/sample_10774.npy,1
/kaggle/input/brats20-synthesis-data/prediction/sample_10775.npy,1
/kaggle/input/brats20-synthesis-data/prediction/sample_10776.npy,1
/kaggle/input/brats20-synthesis-data/prediction/sample_10777.npy,1
/kaggle/input/brats20-synthesis-data/prediction/sample_10778.npy,1
/kaggle/input/brats20-synthesis-data/prediction/sample_10779.npy,1
/kaggle/input/brats20-synthesis-data/prediction/sample_10780.npy,1
/kaggle/input/brats20-synthesis-data/prediction/sample_10781.npy,1
/kaggle/input/brats20-synthesis-data/prediction/sample_10782.npy,1
/kaggle/input/brats20-synthesis-data/prediction/sample_10783.npy,1
/kaggle/input/brats20-synthesis-data/prediction/sample_10784.npy,1
/kaggle/input/brats20-synthesis-data/prediction/sample_10785.npy,1
/kaggle/input/brats20-synthesis-data/prediction/sample_10786.npy,1
/kaggle/input/brats20-synthesis-data/prediction/sample_10787.npy,1
/kaggle/input/brats20-synthesis-data/prediction/sample_10788.npy,1
/kaggle/input/brats20-synthesis-data/prediction/sample_10789.npy,1
/kaggle/input/brats20-synthesis-data/prediction/sample_10790.npy,1
/kaggle/input/brats20-synthesis-data/prediction/sample_10791.npy,1
/kaggle/input/brats20-synthesis-data/prediction/sample_10792.npy,1
/kaggle/input/brats20-synthesis-data/prediction/sample_10793.npy,1
/kaggle/input/brats20-synthesis-data/prediction/sample_10794.npy,1
/kaggle/input/brats20-synthesis-data/prediction/sample_10795.npy,1
/kaggle/input/brats20-synthesis-data/prediction/sample_10796.npy,1
/kaggle/input/brats20-synthesis-data/prediction/sample_10797.npy,1
/kaggle/input/brats20-synthesis-data/prediction/sample_10798.npy,1
/kaggle/input/brats20-synthesis-data/prediction/sample_10799.npy,1
/kaggle/input/brats20-synthesis-data/prediction/sample_108.npy,1
/kaggle/input/brats20-synthesis-data/prediction/sample_10800.npy,1
/kaggle/input/brats20-synthesis-data/prediction/sample_10801.npy,1
/kaggle/input/brats20-synthesis-data/prediction/sample_10802.npy,1
/kaggle/input/brats20-synthesis-data/prediction/sample_10803.npy,1
/kaggle/input/brats20-synthesis-data/prediction/sample_10804.npy,1
/kaggle/input/brats20-synthesis-data/prediction/sample_10805.npy,1
/kaggle/input/brats20-synthesis-data/prediction/sample_10806.npy,1
/kaggle/input/brats20-synthesis-data/prediction/sample_10807.npy,1
/kaggle/input/brats20-synthesis-data/prediction/sample_10808.npy,1
/kaggle/input/brats20-synthesis-data/prediction/sample_10809.npy,1
/kaggle/input/brats20-synthesis-data/prediction/sample_10810.npy,1
/kaggle/input/brats20-synthesis-data/prediction/sample_10811.npy,1
/kaggle/input/brats20-synthesis-data/prediction/sample_10812.npy,1
/kaggle/input/brats20-synthesis-data/prediction/sample_10813.npy,1
/kaggle/input/brats20-synthesis-data/prediction/sample_10814.npy,1
/kaggle/input/brats20-synthesis-data/prediction/sample_10815.npy,1
/kaggle/input/brats20-synthesis-data/prediction/sample_10816.npy,1
/kaggle/input/brats20-synthesis-data/prediction/sample_10817.npy,1
/kaggle/input/brats20-synthesis-data/prediction/sample_10818.npy,1
/kaggle/input/brats20-synthesis-data/prediction/sample_10819.npy,1
/kaggle/input/brats20-synthesis-data/prediction/sample_10820.npy,1
/kaggle/input/brats20-synthesis-data/prediction/sample_10821.npy,1
/kaggle/input/brats20-synthesis-data/prediction/sample_10822.npy,1
/kaggle/input/brats20-synthesis-data/prediction/sample_10823.npy,1
/kaggle/input/brats20-synthesis-data/prediction/sample_10824.npy,1
/kaggle/input/brats20-synthesis-data/prediction/sample_10825.npy,1
/kaggle/input/brats20-synthesis-data/prediction/sample_10826.npy,1
/kaggle/input/brats20-synthesis-data/prediction/sample_10827.npy,1
/kaggle/input/brats20-synthesis-data/prediction/sample_10828.npy,1
/kaggle/input/brats20-synthesis-data/prediction/sample_10829.npy,1
/kaggle/input/brats20-synthesis-data/prediction/sample_10830.npy,1
/kaggle/input/brats20-synthesis-data/prediction/sample_10831.npy,1
/kaggle/input/brats20-synthesis-data/prediction/sample_10832.npy,1
/kaggle/input/brats20-synthesis-data/prediction/sample_10833.npy,1
/kaggle/input/brats20-synthesis-data/prediction/sample_10834.npy,1
/kaggle/input/brats20-synthesis-data/prediction/sample_10835.npy,1
/kaggle/input/brats20-synthesis-data/prediction/sample_10836.npy,1
/kaggle/input/brats20-synthesis-data/prediction/sample_10837.npy,1
/kaggle/input/brats20-synthesis-data/prediction/sample_10838.npy,1
/kaggle/input/brats20-synthesis-data/prediction/sample_10839.npy,1
/kaggle/input/brats20-synthesis-data/prediction/sample_10840.npy,1
/kaggle/input/brats20-synthesis-data/prediction/sample_10841.npy,1
/kaggle/input/brats20-synthesis-data/prediction/sample_10842.npy,1
/kaggle/input/brats20-synthesis-data/prediction/sample_10843.npy,1
/kaggle/input/brats20-synthesis-data/prediction/sample_10844.npy,1
/kaggle/input/brats20-synthesis-data/prediction/sample_10845.npy,1
/kaggle/input/brats20-synthesis-data/prediction/sample_10846.npy,1
/kaggle/input/brats20-synthesis-data/prediction/sample_10847.npy,1
/kaggle/input/brats20-synthesis-data/prediction/sample_10848.npy,1
/kaggle/input/brats20-synthesis-data/prediction/sample_10849.npy,1
/kaggle/input/brats20-synthesis-data/prediction/sample_10850.npy,1
/kaggle/input/brats20-synthesis-data/prediction/sample_10851.npy,1
/kaggle/input/brats20-synthesis-data/prediction/sample_10852.npy,1
/kaggle/input/brats20-synthesis-data/prediction/sample_10853.npy,1
/kaggle/input/brats20-synthesis-data/prediction/sample_10854.npy,1
/kaggle/input/brats20-synthesis-data/prediction/sample_10855.npy,1
/kaggle/input/brats20-synthesis-data/prediction/sample_10856.npy,1
/kaggle/input/brats20-synthesis-data/prediction/sample_10857.npy,1
/kaggle/input/brats20-synthesis-data/prediction/sample_10858.npy,1
/kaggle/input/brats20-synthesis-data/prediction/sample_10859.npy,1
/kaggle/input/brats20-synthesis-data/prediction/sample_10860.npy,1
/kaggle/input/brats20-synthesis-data/prediction/sample_10861.npy,1
/kaggle/input/brats20-synthesis-data/prediction/sample_10862.npy,1
/kaggle/input/brats20-synthesis-data/prediction/sample_10863.npy,1
/kaggle/input/brats20-synthesis-data/prediction/sample_10864.npy,1
/kaggle/input/brats20-synthesis-data/prediction/sample_10865.npy,1
/kaggle/input/brats20-synthesis-data/prediction/sample_10866.npy,1
/kaggle/input/brats20-synthesis-data/prediction/sample_10867.npy,1
/kaggle/input/brats20-synthesis-data/prediction/sample_10868.npy,1
/kaggle/input/brats20-synthesis-data/prediction/sample_10869.npy,1
/kaggle/input/brats20-synthesis-data/prediction/sample_10870.npy,1
/kaggle/input/brats20-synthesis-data/prediction/sample_10871.npy,1
/kaggle/input/brats20-synthesis-data/prediction/sample_10872.npy,1
/kaggle/input/brats20-synthesis-data/prediction/sample_10873.npy,1
/kaggle/input/brats20-synthesis-data/prediction/sample_10874.npy,1
/kaggle/input/brats20-synthesis-data/prediction/sample_10875.npy,1
/kaggle/input/brats20-synthesis-data/prediction/sample_10876.npy,1
/kaggle/input/brats20-synthesis-data/prediction/sample_10877.npy,1
/kaggle/input/brats20-synthesis-data/prediction/sample_10878.npy,1
/kaggle/input/brats20-synthesis-data/prediction/sample_10879.npy,1
/kaggle/input/brats20-synthesis-data/prediction/sample_10880.npy,1
/kaggle/input/brats20-synthesis-data/prediction/sample_10881.npy,1
/kaggle/input/brats20-synthesis-data/prediction/sample_10882.npy,1
/kaggle/input/brats20-synthesis-data/prediction/sample_10883.npy,1
/kaggle/input/brats20-synthesis-data/prediction/sample_10884.npy,1
/kaggle/input/brats20-synthesis-data/prediction/sample_10885.npy,1
/kaggle/input/brats20-synthesis-data/prediction/sample_10886.npy,1
/kaggle/input/brats20-synthesis-data/prediction/sample_10887.npy,1
/kaggle/input/brats20-synthesis-data/prediction/sample_10888.npy,1
/kaggle/input/brats20-synthesis-data/prediction/sample_10889.npy,1
/kaggle/input/brats20-synthesis-data/prediction/sample_10890.npy,1
/kaggle/input/brats20-synthesis-data/prediction/sample_10891.npy,1
/kaggle/input/brats20-synthesis-data/prediction/sample_10892.npy,1
/kaggle/input/brats20-synthesis-data/prediction/sample_10893.npy,1
/kaggle/input/brats20-synthesis-data/prediction/sample_10894.npy,1
/kaggle/input/brats20-synthesis-data/prediction/sample_10895.npy,1
/kaggle/input/brats20-synthesis-data/prediction/sample_10896.npy,1
/kaggle/input/brats20-synthesis-data/prediction/sample_10897.npy,1
/kaggle/input/brats20-synthesis-data/prediction/sample_10898.npy,1
/kaggle/input/brats20-synthesis-data/prediction/sample_10899.npy,1
/kaggle/input/brats20-synthesis-data/prediction/sample_109.npy,1
/kaggle/input/brats20-synthesis-data/prediction/sample_10900.npy,1
/kaggle/input/brats20-synthesis-data/prediction/sample_10901.npy,1
/kaggle/input/brats20-synthesis-data/prediction/sample_10902.npy,1
/kaggle/input/brats20-synthesis-data/prediction/sample_10903.npy,1
/kaggle/input/brats20-synthesis-data/prediction/sample_10904.npy,1
/kaggle/input/brats20-synthesis-data/prediction/sample_10905.npy,1
/kaggle/input/brats20-synthesis-data/prediction/sample_10906.npy,1
/kaggle/input/brats20-synthesis-data/prediction/sample_10907.npy,1
/kaggle/input/brats20-synthesis-data/prediction/sample_10908.npy,1
/kaggle/input/brats20-synthesis-data/prediction/sample_10909.npy,1
/kaggle/input/brats20-synthesis-data/prediction/sample_10910.npy,1
/kaggle/input/brats20-synthesis-data/prediction/sample_10911.npy,1
/kaggle/input/brats20-synthesis-data/prediction/sample_10912.npy,1
/kaggle/input/brats20-synthesis-data/prediction/sample_11.npy,1
/kaggle/input/brats20-synthesis-data/prediction/sample_110.npy,1
/kaggle/input/brats20-synthesis-data/prediction/sample_111.npy,1
/kaggle/input/brats20-synthesis-data/prediction/sample_112.npy,1
/kaggle/input/brats20-synthesis-data/prediction/sample_113.npy,1
/kaggle/input/brats20-synthesis-data/prediction/sample_114.npy,1
/kaggle/input/brats20-synthesis-data/prediction/sample_115.npy,1
/kaggle/input/brats20-synthesis-data/prediction/sample_116.npy,1
/kaggle/input/brats20-synthesis-data/prediction/sample_117.npy,1
/kaggle/input/brats20-synthesis-data/prediction/sample_118.npy,1
/kaggle/input/brats20-synthesis-data/prediction/sample_119.npy,1
/kaggle/input/brats20-synthesis-data/prediction/sample_12.npy,1
/kaggle/input/brats20-synthesis-data/prediction/sample_120.npy,1
/kaggle/input/brats20-synthesis-data/prediction/sample_121.npy,1
/kaggle/input/brats20-synthesis-data/prediction/sample_122.npy,1
/kaggle/input/brats20-synthesis-data/prediction/sample_123.npy,1
/kaggle/input/brats20-synthesis-data/prediction/sample_124.npy,1
/kaggle/input/brats20-synthesis-data/prediction/sample_125.npy,1
/kaggle/input/brats20-synthesis-data/prediction/sample_126.npy,1
/kaggle/input/brats20-synthesis-data/prediction/sample_127.npy,1
/kaggle/input/brats20-synthesis-data/prediction/sample_128.npy,1
/kaggle/input/brats20-synthesis-data/prediction/sample_129.npy,1
/kaggle/input/brats20-synthesis-data/prediction/sample_13.npy,1
/kaggle/input/brats20-synthesis-data/prediction/sample_130.npy,1
/kaggle/input/brats20-synthesis-data/prediction/sample_131.npy,1
/kaggle/input/brats20-synthesis-data/prediction/sample_132.npy,1
/kaggle/input/brats20-synthesis-data/prediction/sample_133.npy,1
/kaggle/input/brats20-synthesis-data/prediction/sample_134.npy,1
/kaggle/input/brats20-synthesis-data/prediction/sample_135.npy,1
/kaggle/input/brats20-synthesis-data/prediction/sample_136.npy,1
/kaggle/input/brats20-synthesis-data/prediction/sample_137.npy,1
/kaggle/input/brats20-synthesis-data/prediction/sample_138.npy,1
/kaggle/input/brats20-synthesis-data/prediction/sample_139.npy,1
/kaggle/input/brats20-synthesis-data/prediction/sample_14.npy,1
/kaggle/input/brats20-synthesis-data/prediction/sample_140.npy,1
/kaggle/input/brats20-synthesis-data/prediction/sample_141.npy,1
/kaggle/input/brats20-synthesis-data/prediction/sample_142.npy,1
/kaggle/input/brats20-synthesis-data/prediction/sample_143.npy,1
/kaggle/input/brats20-synthesis-data/prediction/sample_144.npy,1
/kaggle/input/brats20-synthesis-data/prediction/sample_145.npy,1
/kaggle/input/brats20-synthesis-data/prediction/sample_146.npy,1
/kaggle/input/brats20-synthesis-data/prediction/sample_147.npy,1
/kaggle/input/brats20-synthesis-data/prediction/sample_148.npy,1
/kaggle/input/brats20-synthesis-data/prediction/sample_149.npy,1
/kaggle/input/brats20-synthesis-data/prediction/sample_15.npy,1
/kaggle/input/brats20-synthesis-data/prediction/sample_150.npy,1
/kaggle/input/brats20-synthesis-data/prediction/sample_151.npy,1
/kaggle/input/brats20-synthesis-data/prediction/sample_152.npy,1
/kaggle/input/brats20-synthesis-data/prediction/sample_153.npy,1
/kaggle/input/brats20-synthesis-data/prediction/sample_154.npy,1
/kaggle/input/brats20-synthesis-data/prediction/sample_155.npy,1
/kaggle/input/brats20-synthesis-data/prediction/sample_156.npy,1
/kaggle/input/brats20-synthesis-data/prediction/sample_157.npy,1
/kaggle/input/brats20-synthesis-data/prediction/sample_158.npy,1
/kaggle/input/brats20-synthesis-data/prediction/sample_159.npy,1
/kaggle/input/brats20-synthesis-data/prediction/sample_16.npy,1
/kaggle/input/brats20-synthesis-data/prediction/sample_160.npy,1
/kaggle/input/brats20-synthesis-data/prediction/sample_161.npy,1
/kaggle/input/brats20-synthesis-data/prediction/sample_162.npy,1
/kaggle/input/brats20-synthesis-data/prediction/sample_163.npy,1
/kaggle/input/brats20-synthesis-data/prediction/sample_164.npy,1
/kaggle/input/brats20-synthesis-data/prediction/sample_165.npy,1
/kaggle/input/brats20-synthesis-data/prediction/sample_166.npy,1
/kaggle/input/brats20-synthesis-data/prediction/sample_167.npy,1
/kaggle/input/brats20-synthesis-data/prediction/sample_168.npy,1
/kaggle/input/brats20-synthesis-data/prediction/sample_169.npy,1
/kaggle/input/brats20-synthesis-data/prediction/sample_17.npy,1
/kaggle/input/brats20-synthesis-data/prediction/sample_170.npy,1
/kaggle/input/brats20-synthesis-data/prediction/sample_171.npy,1
/kaggle/input/brats20-synthesis-data/prediction/sample_172.npy,1
/kaggle/input/brats20-synthesis-data/prediction/sample_173.npy,1
/kaggle/input/brats20-synthesis-data/prediction/sample_174.npy,1
/kaggle/input/brats20-synthesis-data/prediction/sample_175.npy,1
/kaggle/input/brats20-synthesis-data/prediction/sample_176.npy,1
/kaggle/input/brats20-synthesis-data/prediction/sample_177.npy,1
/kaggle/input/brats20-synthesis-data/prediction/sample_178.npy,1
/kaggle/input/brats20-synthesis-data/prediction/sample_179.npy,1
/kaggle/input/brats20-synthesis-data/prediction/sample_18.npy,1
/kaggle/input/brats20-synthesis-data/prediction/sample_180.npy,1
/kaggle/input/brats20-synthesis-data/prediction/sample_181.npy,1
/kaggle/input/brats20-synthesis-data/prediction/sample_182.npy,1
/kaggle/input/brats20-synthesis-data/prediction/sample_183.npy,1
/kaggle/input/brats20-synthesis-data/prediction/sample_184.npy,1
/kaggle/input/brats20-synthesis-data/prediction/sample_185.npy,1
/kaggle/input/brats20-synthesis-data/prediction/sample_186.npy,1
/kaggle/input/brats20-synthesis-data/prediction/sample_187.npy,1
/kaggle/input/brats20-synthesis-data/prediction/sample_188.npy,1
/kaggle/input/brats20-synthesis-data/prediction/sample_189.npy,1
/kaggle/input/brats20-synthesis-data/prediction/sample_19.npy,1
/kaggle/input/brats20-synthesis-data/prediction/sample_190.npy,1
/kaggle/input/brats20-synthesis-data/prediction/sample_191.npy,1
/kaggle/input/brats20-synthesis-data/prediction/sample_192.npy,1
/kaggle/input/brats20-synthesis-data/prediction/sample_193.npy,1
/kaggle/input/brats20-synthesis-data/prediction/sample_194.npy,1
/kaggle/input/brats20-synthesis-data/prediction/sample_195.npy,1
/kaggle/input/brats20-synthesis-data/prediction/sample_196.npy,1
/kaggle/input/brats20-synthesis-data/prediction/sample_197.npy,1
/kaggle/input/brats20-synthesis-data/prediction/sample_198.npy,1
/kaggle/input/brats20-synthesis-data/prediction/sample_199.npy,1
/kaggle/input/brats20-synthesis-data/prediction/sample_2.npy,1
/kaggle/input/brats20-synthesis-data/prediction/sample_20.npy,1
/kaggle/input/brats20-synthesis-data/prediction/sample_200.npy,1
/kaggle/input/brats20-synthesis-data/prediction/sample_201.npy,1
/kaggle/input/brats20-synthesis-data/prediction/sample_202.npy,1
/kaggle/input/brats20-synthesis-data/prediction/sample_203.npy,1
/kaggle/input/brats20-synthesis-data/prediction/sample_204.npy,1
/kaggle/input/brats20-synthesis-data/prediction/sample_205.npy,1
/kaggle/input/brats20-synthesis-data/prediction/sample_206.npy,1
/kaggle/input/brats20-synthesis-data/prediction/sample_207.npy,1
/kaggle/input/brats20-synthesis-data/prediction/sample_208.npy,1
/kaggle/input/brats20-synthesis-data/prediction/sample_209.npy,1
/kaggle/input/brats20-synthesis-data/prediction/sample_21.npy,1
/kaggle/input/brats20-synthesis-data/prediction/sample_210.npy,1
/kaggle/input/brats20-synthesis-data/prediction/sample_211.npy,1
/kaggle/input/brats20-synthesis-data/prediction/sample_212.npy,1
/kaggle/input/brats20-synthesis-data/prediction/sample_213.npy,1
/kaggle/input/brats20-synthesis-data/prediction/sample_214.npy,1
/kaggle/input/brats20-synthesis-data/prediction/sample_215.npy,1
/kaggle/input/brats20-synthesis-data/prediction/sample_216.npy,1
/kaggle/input/brats20-synthesis-data/prediction/sample_217.npy,1
/kaggle/input/brats20-synthesis-data/prediction/sample_218.npy,1
/kaggle/input/brats20-synthesis-data/prediction/sample_219.npy,1
/kaggle/input/brats20-synthesis-data/prediction/sample_22.npy,1
/kaggle/input/brats20-synthesis-data/prediction/sample_220.npy,1
/kaggle/input/brats20-synthesis-data/prediction/sample_221.npy,1
/kaggle/input/brats20-synthesis-data/prediction/sample_222.npy,1
/kaggle/input/brats20-synthesis-data/prediction/sample_223.npy,1
/kaggle/input/brats20-synthesis-data/prediction/sample_224.npy,1
/kaggle/input/brats20-synthesis-data/prediction/sample_225.npy,1
/kaggle/input/brats20-synthesis-data/prediction/sample_226.npy,1
/kaggle/input/brats20-synthesis-data/prediction/sample_227.npy,1
/kaggle/input/brats20-synthesis-data/prediction/sample_228.npy,1
/kaggle/input/brats20-synthesis-data/prediction/sample_229.npy,1
/kaggle/input/brats20-synthesis-data/prediction/sample_23.npy,1
/kaggle/input/brats20-synthesis-data/prediction/sample_230.npy,1
/kaggle/input/brats20-synthesis-data/prediction/sample_231.npy,1
/kaggle/input/brats20-synthesis-data/prediction/sample_232.npy,1
/kaggle/input/brats20-synthesis-data/prediction/sample_233.npy,1
/kaggle/input/brats20-synthesis-data/prediction/sample_234.npy,1
/kaggle/input/brats20-synthesis-data/prediction/sample_235.npy,1
/kaggle/input/brats20-synthesis-data/prediction/sample_236.npy,1
/kaggle/input/brats20-synthesis-data/prediction/sample_237.npy,1
/kaggle/input/brats20-synthesis-data/prediction/sample_238.npy,1
/kaggle/input/brats20-synthesis-data/prediction/sample_239.npy,1
/kaggle/input/brats20-synthesis-data/prediction/sample_24.npy,1
/kaggle/input/brats20-synthesis-data/prediction/sample_240.npy,1
/kaggle/input/brats20-synthesis-data/prediction/sample_241.npy,1
/kaggle/input/brats20-synthesis-data/prediction/sample_242.npy,1
/kaggle/input/brats20-synthesis-data/prediction/sample_243.npy,1
/kaggle/input/brats20-synthesis-data/prediction/sample_244.npy,1
/kaggle/input/brats20-synthesis-data/prediction/sample_245.npy,1
/kaggle/input/brats20-synthesis-data/prediction/sample_246.npy,1
/kaggle/input/brats20-synthesis-data/prediction/sample_247.npy,1
/kaggle/input/brats20-synthesis-data/prediction/sample_248.npy,1
/kaggle/input/brats20-synthesis-data/prediction/sample_249.npy,1
/kaggle/input/brats20-synthesis-data/prediction/sample_25.npy,1
/kaggle/input/brats20-synthesis-data/prediction/sample_250.npy,1
/kaggle/input/brats20-synthesis-data/prediction/sample_2501.npy,1
/kaggle/input/brats20-synthesis-data/prediction/sample_2502.npy,1
/kaggle/input/brats20-synthesis-data/prediction/sample_2503.npy,1
/kaggle/input/brats20-synthesis-data/prediction/sample_2504.npy,1
/kaggle/input/brats20-synthesis-data/prediction/sample_2505.npy,1
/kaggle/input/brats20-synthesis-data/prediction/sample_2506.npy,1
/kaggle/input/brats20-synthesis-data/prediction/sample_2507.npy,1
/kaggle/input/brats20-synthesis-data/prediction/sample_2508.npy,1
/kaggle/input/brats20-synthesis-data/prediction/sample_2509.npy,1
/kaggle/input/brats20-synthesis-data/prediction/sample_251.npy,1
/kaggle/input/brats20-synthesis-data/prediction/sample_2510.npy,1
/kaggle/input/brats20-synthesis-data/prediction/sample_2511.npy,1
/kaggle/input/brats20-synthesis-data/prediction/sample_2512.npy,1
/kaggle/input/brats20-synthesis-data/prediction/sample_2513.npy,1
/kaggle/input/brats20-synthesis-data/prediction/sample_2514.npy,1
/kaggle/input/brats20-synthesis-data/prediction/sample_2515.npy,1
/kaggle/input/brats20-synthesis-data/prediction/sample_2516.npy,1
/kaggle/input/brats20-synthesis-data/prediction/sample_2517.npy,1
/kaggle/input/brats20-synthesis-data/prediction/sample_2518.npy,1
/kaggle/input/brats20-synthesis-data/prediction/sample_2519.npy,1
/kaggle/input/brats20-synthesis-data/prediction/sample_252.npy,1
/kaggle/input/brats20-synthesis-data/prediction/sample_2520.npy,1
/kaggle/input/brats20-synthesis-data/prediction/sample_2521.npy,1
/kaggle/input/brats20-synthesis-data/prediction/sample_2522.npy,1
/kaggle/input/brats20-synthesis-data/prediction/sample_2523.npy,1
/kaggle/input/brats20-synthesis-data/prediction/sample_2524.npy,1
/kaggle/input/brats20-synthesis-data/prediction/sample_2525.npy,1
/kaggle/input/brats20-synthesis-data/prediction/sample_2526.npy,1
/kaggle/input/brats20-synthesis-data/prediction/sample_2527.npy,1
/kaggle/input/brats20-synthesis-data/prediction/sample_2528.npy,1
/kaggle/input/brats20-synthesis-data/prediction/sample_2529.npy,1
/kaggle/input/brats20-synthesis-data/prediction/sample_253.npy,1
/kaggle/input/brats20-synthesis-data/prediction/sample_2530.npy,1
/kaggle/input/brats20-synthesis-data/prediction/sample_2531.npy,1
/kaggle/input/brats20-synthesis-data/prediction/sample_2532.npy,1
/kaggle/input/brats20-synthesis-data/prediction/sample_2533.npy,1
/kaggle/input/brats20-synthesis-data/prediction/sample_2534.npy,1
/kaggle/input/brats20-synthesis-data/prediction/sample_2535.npy,1
/kaggle/input/brats20-synthesis-data/prediction/sample_2536.npy,1
/kaggle/input/brats20-synthesis-data/prediction/sample_2537.npy,1
/kaggle/input/brats20-synthesis-data/prediction/sample_2538.npy,1
/kaggle/input/brats20-synthesis-data/prediction/sample_2539.npy,1
/kaggle/input/brats20-synthesis-data/prediction/sample_254.npy,1
/kaggle/input/brats20-synthesis-data/prediction/sample_2540.npy,1
/kaggle/input/brats20-synthesis-data/prediction/sample_2541.npy,1
/kaggle/input/brats20-synthesis-data/prediction/sample_2542.npy,1
/kaggle/input/brats20-synthesis-data/prediction/sample_2543.npy,1
/kaggle/input/brats20-synthesis-data/prediction/sample_2544.npy,1
/kaggle/input/brats20-synthesis-data/prediction/sample_2545.npy,1
/kaggle/input/brats20-synthesis-data/prediction/sample_2546.npy,1
/kaggle/input/brats20-synthesis-data/prediction/sample_2547.npy,1
/kaggle/input/brats20-synthesis-data/prediction/sample_2548.npy,1
/kaggle/input/brats20-synthesis-data/prediction/sample_2549.npy,1
/kaggle/input/brats20-synthesis-data/prediction/sample_255.npy,1
/kaggle/input/brats20-synthesis-data/prediction/sample_2550.npy,1
/kaggle/input/brats20-synthesis-data/prediction/sample_2551.npy,1
/kaggle/input/brats20-synthesis-data/prediction/sample_2552.npy,1
/kaggle/input/brats20-synthesis-data/prediction/sample_2553.npy,1
/kaggle/input/brats20-synthesis-data/prediction/sample_2554.npy,1
/kaggle/input/brats20-synthesis-data/prediction/sample_2555.npy,1
/kaggle/input/brats20-synthesis-data/prediction/sample_2556.npy,1
/kaggle/input/brats20-synthesis-data/prediction/sample_2557.npy,1
/kaggle/input/brats20-synthesis-data/prediction/sample_2558.npy,1
/kaggle/input/brats20-synthesis-data/prediction/sample_2559.npy,1
/kaggle/input/brats20-synthesis-data/prediction/sample_256.npy,1
/kaggle/input/brats20-synthesis-data/prediction/sample_2560.npy,1
/kaggle/input/brats20-synthesis-data/prediction/sample_2561.npy,1
/kaggle/input/brats20-synthesis-data/prediction/sample_2562.npy,1
/kaggle/input/brats20-synthesis-data/prediction/sample_2563.npy,1
/kaggle/input/brats20-synthesis-data/prediction/sample_2564.npy,1
/kaggle/input/brats20-synthesis-data/prediction/sample_2565.npy,1
/kaggle/input/brats20-synthesis-data/prediction/sample_2566.npy,1
/kaggle/input/brats20-synthesis-data/prediction/sample_2567.npy,1
/kaggle/input/brats20-synthesis-data/prediction/sample_2568.npy,1
/kaggle/input/brats20-synthesis-data/prediction/sample_2569.npy,1
/kaggle/input/brats20-synthesis-data/prediction/sample_257.npy,1
/kaggle/input/brats20-synthesis-data/prediction/sample_2570.npy,1
/kaggle/input/brats20-synthesis-data/prediction/sample_2571.npy,1
/kaggle/input/brats20-synthesis-data/prediction/sample_2572.npy,1
/kaggle/input/brats20-synthesis-data/prediction/sample_2573.npy,1
/kaggle/input/brats20-synthesis-data/prediction/sample_2574.npy,1
/kaggle/input/brats20-synthesis-data/prediction/sample_2575.npy,1
/kaggle/input/brats20-synthesis-data/prediction/sample_2576.npy,1
/kaggle/input/brats20-synthesis-data/prediction/sample_2577.npy,1
/kaggle/input/brats20-synthesis-data/prediction/sample_2578.npy,1
/kaggle/input/brats20-synthesis-data/prediction/sample_2579.npy,1
/kaggle/input/brats20-synthesis-data/prediction/sample_258.npy,1
/kaggle/input/brats20-synthesis-data/prediction/sample_2580.npy,1
/kaggle/input/brats20-synthesis-data/prediction/sample_2581.npy,1
/kaggle/input/brats20-synthesis-data/prediction/sample_2582.npy,1
/kaggle/input/brats20-synthesis-data/prediction/sample_2583.npy,1
/kaggle/input/brats20-synthesis-data/prediction/sample_2584.npy,1
/kaggle/input/brats20-synthesis-data/prediction/sample_2585.npy,1
/kaggle/input/brats20-synthesis-data/prediction/sample_2586.npy,1
/kaggle/input/brats20-synthesis-data/prediction/sample_2587.npy,1
/kaggle/input/brats20-synthesis-data/prediction/sample_2588.npy,1
/kaggle/input/brats20-synthesis-data/prediction/sample_2589.npy,1
/kaggle/input/brats20-synthesis-data/prediction/sample_259.npy,1
/kaggle/input/brats20-synthesis-data/prediction/sample_2590.npy,1
/kaggle/input/brats20-synthesis-data/prediction/sample_2591.npy,1
/kaggle/input/brats20-synthesis-data/prediction/sample_2592.npy,1
/kaggle/input/brats20-synthesis-data/prediction/sample_2593.npy,1
/kaggle/input/brats20-synthesis-data/prediction/sample_2594.npy,1
/kaggle/input/brats20-synthesis-data/prediction/sample_2595.npy,1
/kaggle/input/brats20-synthesis-data/prediction/sample_2596.npy,1
/kaggle/input/brats20-synthesis-data/prediction/sample_2597.npy,1
/kaggle/input/brats20-synthesis-data/prediction/sample_2598.npy,1
/kaggle/input/brats20-synthesis-data/prediction/sample_2599.npy,1
/kaggle/input/brats20-synthesis-data/prediction/sample_26.npy,1
/kaggle/input/brats20-synthesis-data/prediction/sample_260.npy,1
/kaggle/input/brats20-synthesis-data/prediction/sample_2600.npy,1
/kaggle/input/brats20-synthesis-data/prediction/sample_2601.npy,1
/kaggle/input/brats20-synthesis-data/prediction/sample_2602.npy,1
/kaggle/input/brats20-synthesis-data/prediction/sample_2603.npy,1
/kaggle/input/brats20-synthesis-data/prediction/sample_2604.npy,1
/kaggle/input/brats20-synthesis-data/prediction/sample_2605.npy,1
/kaggle/input/brats20-synthesis-data/prediction/sample_2606.npy,1
/kaggle/input/brats20-synthesis-data/prediction/sample_2607.npy,1
/kaggle/input/brats20-synthesis-data/prediction/sample_2608.npy,1
/kaggle/input/brats20-synthesis-data/prediction/sample_2609.npy,1
/kaggle/input/brats20-synthesis-data/prediction/sample_261.npy,1
/kaggle/input/brats20-synthesis-data/prediction/sample_2610.npy,1
/kaggle/input/brats20-synthesis-data/prediction/sample_2611.npy,1
/kaggle/input/brats20-synthesis-data/prediction/sample_2612.npy,1
/kaggle/input/brats20-synthesis-data/prediction/sample_2613.npy,1
/kaggle/input/brats20-synthesis-data/prediction/sample_2614.npy,1
/kaggle/input/brats20-synthesis-data/prediction/sample_2615.npy,1
/kaggle/input/brats20-synthesis-data/prediction/sample_2616.npy,1
/kaggle/input/brats20-synthesis-data/prediction/sample_2617.npy,1
/kaggle/input/brats20-synthesis-data/prediction/sample_2618.npy,1
/kaggle/input/brats20-synthesis-data/prediction/sample_2619.npy,1
/kaggle/input/brats20-synthesis-data/prediction/sample_262.npy,1
/kaggle/input/brats20-synthesis-data/prediction/sample_2620.npy,1
/kaggle/input/brats20-synthesis-data/prediction/sample_2621.npy,1
/kaggle/input/brats20-synthesis-data/prediction/sample_2622.npy,1
/kaggle/input/brats20-synthesis-data/prediction/sample_2623.npy,1
/kaggle/input/brats20-synthesis-data/prediction/sample_2624.npy,1
/kaggle/input/brats20-synthesis-data/prediction/sample_2625.npy,1
/kaggle/input/brats20-synthesis-data/prediction/sample_2626.npy,1
/kaggle/input/brats20-synthesis-data/prediction/sample_2627.npy,1
/kaggle/input/brats20-synthesis-data/prediction/sample_2628.npy,1
/kaggle/input/brats20-synthesis-data/prediction/sample_2629.npy,1
/kaggle/input/brats20-synthesis-data/prediction/sample_263.npy,1
/kaggle/input/brats20-synthesis-data/prediction/sample_2630.npy,1
/kaggle/input/brats20-synthesis-data/prediction/sample_2631.npy,1
/kaggle/input/brats20-synthesis-data/prediction/sample_2632.npy,1
/kaggle/input/brats20-synthesis-data/prediction/sample_2633.npy,1
/kaggle/input/brats20-synthesis-data/prediction/sample_2634.npy,1
/kaggle/input/brats20-synthesis-data/prediction/sample_2635.npy,1
/kaggle/input/brats20-synthesis-data/prediction/sample_2636.npy,1
/kaggle/input/brats20-synthesis-data/prediction/sample_2637.npy,1
/kaggle/input/brats20-synthesis-data/prediction/sample_2638.npy,1
/kaggle/input/brats20-synthesis-data/prediction/sample_2639.npy,1
/kaggle/input/brats20-synthesis-data/prediction/sample_264.npy,1
/kaggle/input/brats20-synthesis-data/prediction/sample_2640.npy,1
/kaggle/input/brats20-synthesis-data/prediction/sample_2641.npy,1
/kaggle/input/brats20-synthesis-data/prediction/sample_2642.npy,1
/kaggle/input/brats20-synthesis-data/prediction/sample_2643.npy,1
/kaggle/input/brats20-synthesis-data/prediction/sample_2644.npy,1
/kaggle/input/brats20-synthesis-data/prediction/sample_2645.npy,1
/kaggle/input/brats20-synthesis-data/prediction/sample_2646.npy,1
/kaggle/input/brats20-synthesis-data/prediction/sample_2647.npy,1
/kaggle/input/brats20-synthesis-data/prediction/sample_2648.npy,1
/kaggle/input/brats20-synthesis-data/prediction/sample_2649.npy,1
/kaggle/input/brats20-synthesis-data/prediction/sample_265.npy,1
/kaggle/input/brats20-synthesis-data/prediction/sample_2650.npy,1
/kaggle/input/brats20-synthesis-data/prediction/sample_2651.npy,1
/kaggle/input/brats20-synthesis-data/prediction/sample_2652.npy,1
/kaggle/input/brats20-synthesis-data/prediction/sample_2653.npy,1
/kaggle/input/brats20-synthesis-data/prediction/sample_2654.npy,1
/kaggle/input/brats20-synthesis-data/prediction/sample_2655.npy,1
/kaggle/input/brats20-synthesis-data/prediction/sample_2656.npy,1
/kaggle/input/brats20-synthesis-data/prediction/sample_2657.npy,1
/kaggle/input/brats20-synthesis-data/prediction/sample_2658.npy,1
/kaggle/input/brats20-synthesis-data/prediction/sample_2659.npy,1
/kaggle/input/brats20-synthesis-data/prediction/sample_266.npy,1
/kaggle/input/brats20-synthesis-data/prediction/sample_2660.npy,1
/kaggle/input/brats20-synthesis-data/prediction/sample_2661.npy,1
/kaggle/input/brats20-synthesis-data/prediction/sample_2662.npy,1
/kaggle/input/brats20-synthesis-data/prediction/sample_2663.npy,1
/kaggle/input/brats20-synthesis-data/prediction/sample_2664.npy,1
/kaggle/input/brats20-synthesis-data/prediction/sample_2665.npy,1
/kaggle/input/brats20-synthesis-data/prediction/sample_2666.npy,1
/kaggle/input/brats20-synthesis-data/prediction/sample_2667.npy,1
/kaggle/input/brats20-synthesis-data/prediction/sample_2668.npy,1
/kaggle/input/brats20-synthesis-data/prediction/sample_2669.npy,1
/kaggle/input/brats20-synthesis-data/prediction/sample_267.npy,1
/kaggle/input/brats20-synthesis-data/prediction/sample_2670.npy,1
/kaggle/input/brats20-synthesis-data/prediction/sample_2671.npy,1
/kaggle/input/brats20-synthesis-data/prediction/sample_2672.npy,1
/kaggle/input/brats20-synthesis-data/prediction/sample_2673.npy,1
/kaggle/input/brats20-synthesis-data/prediction/sample_2674.npy,1
/kaggle/input/brats20-synthesis-data/prediction/sample_2675.npy,1
/kaggle/input/brats20-synthesis-data/prediction/sample_2676.npy,1
/kaggle/input/brats20-synthesis-data/prediction/sample_2677.npy,1
/kaggle/input/brats20-synthesis-data/prediction/sample_2678.npy,1
/kaggle/input/brats20-synthesis-data/prediction/sample_2679.npy,1
/kaggle/input/brats20-synthesis-data/prediction/sample_268.npy,1
/kaggle/input/brats20-synthesis-data/prediction/sample_2680.npy,1
/kaggle/input/brats20-synthesis-data/prediction/sample_2681.npy,1
/kaggle/input/brats20-synthesis-data/prediction/sample_2682.npy,1
/kaggle/input/brats20-synthesis-data/prediction/sample_2683.npy,1
/kaggle/input/brats20-synthesis-data/prediction/sample_2684.npy,1
/kaggle/input/brats20-synthesis-data/prediction/sample_2685.npy,1
/kaggle/input/brats20-synthesis-data/prediction/sample_2686.npy,1
/kaggle/input/brats20-synthesis-data/prediction/sample_2687.npy,1
/kaggle/input/brats20-synthesis-data/prediction/sample_2688.npy,1
/kaggle/input/brats20-synthesis-data/prediction/sample_2689.npy,1
/kaggle/input/brats20-synthesis-data/prediction/sample_269.npy,1
/kaggle/input/brats20-synthesis-data/prediction/sample_2690.npy,1
/kaggle/input/brats20-synthesis-data/prediction/sample_2691.npy,1
/kaggle/input/brats20-synthesis-data/prediction/sample_2692.npy,1
/kaggle/input/brats20-synthesis-data/prediction/sample_2693.npy,1
/kaggle/input/brats20-synthesis-data/prediction/sample_2694.npy,1
/kaggle/input/brats20-synthesis-data/prediction/sample_2695.npy,1
/kaggle/input/brats20-synthesis-data/prediction/sample_2696.npy,1
/kaggle/input/brats20-synthesis-data/prediction/sample_2697.npy,1
/kaggle/input/brats20-synthesis-data/prediction/sample_2698.npy,1
/kaggle/input/brats20-synthesis-data/prediction/sample_2699.npy,1
/kaggle/input/brats20-synthesis-data/prediction/sample_27.npy,1
/kaggle/input/brats20-synthesis-data/prediction/sample_270.npy,1
/kaggle/input/brats20-synthesis-data/prediction/sample_2700.npy,1
/kaggle/input/brats20-synthesis-data/prediction/sample_2701.npy,1
/kaggle/input/brats20-synthesis-data/prediction/sample_2702.npy,1
/kaggle/input/brats20-synthesis-data/prediction/sample_2703.npy,1
/kaggle/input/brats20-synthesis-data/prediction/sample_2704.npy,1
/kaggle/input/brats20-synthesis-data/prediction/sample_2705.npy,1
/kaggle/input/brats20-synthesis-data/prediction/sample_2706.npy,1
/kaggle/input/brats20-synthesis-data/prediction/sample_2707.npy,1
/kaggle/input/brats20-synthesis-data/prediction/sample_2708.npy,1
/kaggle/input/brats20-synthesis-data/prediction/sample_2709.npy,1
/kaggle/input/brats20-synthesis-data/prediction/sample_271.npy,1
/kaggle/input/brats20-synthesis-data/prediction/sample_2710.npy,1
/kaggle/input/brats20-synthesis-data/prediction/sample_2711.npy,1
/kaggle/input/brats20-synthesis-data/prediction/sample_2712.npy,1
/kaggle/input/brats20-synthesis-data/prediction/sample_2713.npy,1
/kaggle/input/brats20-synthesis-data/prediction/sample_2714.npy,1
/kaggle/input/brats20-synthesis-data/prediction/sample_2715.npy,1
/kaggle/input/brats20-synthesis-data/prediction/sample_2716.npy,1
/kaggle/input/brats20-synthesis-data/prediction/sample_2717.npy,1
/kaggle/input/brats20-synthesis-data/prediction/sample_2718.npy,1
/kaggle/input/brats20-synthesis-data/prediction/sample_2719.npy,1
/kaggle/input/brats20-synthesis-data/prediction/sample_272.npy,1
/kaggle/input/brats20-synthesis-data/prediction/sample_2720.npy,1
/kaggle/input/brats20-synthesis-data/prediction/sample_2721.npy,1
/kaggle/input/brats20-synthesis-data/prediction/sample_2722.npy,1
/kaggle/input/brats20-synthesis-data/prediction/sample_2723.npy,1
/kaggle/input/brats20-synthesis-data/prediction/sample_2724.npy,1
/kaggle/input/brats20-synthesis-data/prediction/sample_2725.npy,1
/kaggle/input/brats20-synthesis-data/prediction/sample_2726.npy,1
/kaggle/input/brats20-synthesis-data/prediction/sample_2727.npy,1
/kaggle/input/brats20-synthesis-data/prediction/sample_2728.npy,1
/kaggle/input/brats20-synthesis-data/prediction/sample_2729.npy,1
/kaggle/input/brats20-synthesis-data/prediction/sample_273.npy,1
/kaggle/input/brats20-synthesis-data/prediction/sample_2730.npy,1
/kaggle/input/brats20-synthesis-data/prediction/sample_2731.npy,1
/kaggle/input/brats20-synthesis-data/prediction/sample_2732.npy,1
/kaggle/input/brats20-synthesis-data/prediction/sample_2733.npy,1
/kaggle/input/brats20-synthesis-data/prediction/sample_2734.npy,1
/kaggle/input/brats20-synthesis-data/prediction/sample_2735.npy,1
/kaggle/input/brats20-synthesis-data/prediction/sample_2736.npy,1
/kaggle/input/brats20-synthesis-data/prediction/sample_2737.npy,1
/kaggle/input/brats20-synthesis-data/prediction/sample_2738.npy,1
/kaggle/input/brats20-synthesis-data/prediction/sample_2739.npy,1
/kaggle/input/brats20-synthesis-data/prediction/sample_274.npy,1
/kaggle/input/brats20-synthesis-data/prediction/sample_2740.npy,1
/kaggle/input/brats20-synthesis-data/prediction/sample_2741.npy,1
/kaggle/input/brats20-synthesis-data/prediction/sample_2742.npy,1
/kaggle/input/brats20-synthesis-data/prediction/sample_2743.npy,1
/kaggle/input/brats20-synthesis-data/prediction/sample_2744.npy,1
/kaggle/input/brats20-synthesis-data/prediction/sample_2745.npy,1
/kaggle/input/brats20-synthesis-data/prediction/sample_2746.npy,1
/kaggle/input/brats20-synthesis-data/prediction/sample_2747.npy,1
/kaggle/input/brats20-synthesis-data/prediction/sample_2748.npy,1
/kaggle/input/brats20-synthesis-data/prediction/sample_2749.npy,1
/kaggle/input/brats20-synthesis-data/prediction/sample_275.npy,1
/kaggle/input/brats20-synthesis-data/prediction/sample_2750.npy,1
/kaggle/input/brats20-synthesis-data/prediction/sample_2751.npy,1
/kaggle/input/brats20-synthesis-data/prediction/sample_2752.npy,1
/kaggle/input/brats20-synthesis-data/prediction/sample_2753.npy,1
/kaggle/input/brats20-synthesis-data/prediction/sample_2754.npy,1
/kaggle/input/brats20-synthesis-data/prediction/sample_2755.npy,1
/kaggle/input/brats20-synthesis-data/prediction/sample_2756.npy,1
/kaggle/input/brats20-synthesis-data/prediction/sample_2757.npy,1
/kaggle/input/brats20-synthesis-data/prediction/sample_2758.npy,1
/kaggle/input/brats20-synthesis-data/prediction/sample_2759.npy,1
/kaggle/input/brats20-synthesis-data/prediction/sample_276.npy,1
/kaggle/input/brats20-synthesis-data/prediction/sample_2760.npy,1
/kaggle/input/brats20-synthesis-data/prediction/sample_2761.npy,1
/kaggle/input/brats20-synthesis-data/prediction/sample_2762.npy,1
/kaggle/input/brats20-synthesis-data/prediction/sample_2763.npy,1
/kaggle/input/brats20-synthesis-data/prediction/sample_2764.npy,1
/kaggle/input/brats20-synthesis-data/prediction/sample_2765.npy,1
/kaggle/input/brats20-synthesis-data/prediction/sample_2766.npy,1
/kaggle/input/brats20-synthesis-data/prediction/sample_2767.npy,1
/kaggle/input/brats20-synthesis-data/prediction/sample_2768.npy,1
/kaggle/input/brats20-synthesis-data/prediction/sample_2769.npy,1
/kaggle/input/brats20-synthesis-data/prediction/sample_277.npy,1
/kaggle/input/brats20-synthesis-data/prediction/sample_2770.npy,1
/kaggle/input/brats20-synthesis-data/prediction/sample_2771.npy,1
/kaggle/input/brats20-synthesis-data/prediction/sample_2772.npy,1
/kaggle/input/brats20-synthesis-data/prediction/sample_2773.npy,1
/kaggle/input/brats20-synthesis-data/prediction/sample_2774.npy,1
/kaggle/input/brats20-synthesis-data/prediction/sample_2775.npy,1
/kaggle/input/brats20-synthesis-data/prediction/sample_2776.npy,1
/kaggle/input/brats20-synthesis-data/prediction/sample_2777.npy,1
/kaggle/input/brats20-synthesis-data/prediction/sample_2778.npy,1
/kaggle/input/brats20-synthesis-data/prediction/sample_2779.npy,1
/kaggle/input/brats20-synthesis-data/prediction/sample_278.npy,1
/kaggle/input/brats20-synthesis-data/prediction/sample_2780.npy,1
/kaggle/input/brats20-synthesis-data/prediction/sample_2781.npy,1
/kaggle/input/brats20-synthesis-data/prediction/sample_2782.npy,1
/kaggle/input/brats20-synthesis-data/prediction/sample_2783.npy,1
/kaggle/input/brats20-synthesis-data/prediction/sample_2784.npy,1
/kaggle/input/brats20-synthesis-data/prediction/sample_2785.npy,1
/kaggle/input/brats20-synthesis-data/prediction/sample_2786.npy,1
/kaggle/input/brats20-synthesis-data/prediction/sample_2787.npy,1
/kaggle/input/brats20-synthesis-data/prediction/sample_2788.npy,1
/kaggle/input/brats20-synthesis-data/prediction/sample_2789.npy,1
/kaggle/input/brats20-synthesis-data/prediction/sample_279.npy,1
/kaggle/input/brats20-synthesis-data/prediction/sample_2790.npy,1
/kaggle/input/brats20-synthesis-data/prediction/sample_2791.npy,1
/kaggle/input/brats20-synthesis-data/prediction/sample_2792.npy,1
/kaggle/input/brats20-synthesis-data/prediction/sample_2793.npy,1
/kaggle/input/brats20-synthesis-data/prediction/sample_2794.npy,1
/kaggle/input/brats20-synthesis-data/prediction/sample_2795.npy,1
/kaggle/input/brats20-synthesis-data/prediction/sample_2796.npy,1
/kaggle/input/brats20-synthesis-data/prediction/sample_2797.npy,1
/kaggle/input/brats20-synthesis-data/prediction/sample_2798.npy,1
/kaggle/input/brats20-synthesis-data/prediction/sample_2799.npy,1
/kaggle/input/brats20-synthesis-data/prediction/sample_28.npy,1
/kaggle/input/brats20-synthesis-data/prediction/sample_280.npy,1
/kaggle/input/brats20-synthesis-data/prediction/sample_2800.npy,1
/kaggle/input/brats20-synthesis-data/prediction/sample_2801.npy,1
/kaggle/input/brats20-synthesis-data/prediction/sample_2802.npy,1
/kaggle/input/brats20-synthesis-data/prediction/sample_2803.npy,1
/kaggle/input/brats20-synthesis-data/prediction/sample_2804.npy,1
/kaggle/input/brats20-synthesis-data/prediction/sample_2805.npy,1
/kaggle/input/brats20-synthesis-data/prediction/sample_2806.npy,1
/kaggle/input/brats20-synthesis-data/prediction/sample_2807.npy,1
/kaggle/input/brats20-synthesis-data/prediction/sample_2808.npy,1
/kaggle/input/brats20-synthesis-data/prediction/sample_2809.npy,1
/kaggle/input/brats20-synthesis-data/prediction/sample_281.npy,1
/kaggle/input/brats20-synthesis-data/prediction/sample_2810.npy,1
/kaggle/input/brats20-synthesis-data/prediction/sample_2811.npy,1
/kaggle/input/brats20-synthesis-data/prediction/sample_2812.npy,1
/kaggle/input/brats20-synthesis-data/prediction/sample_2813.npy,1
/kaggle/input/brats20-synthesis-data/prediction/sample_2814.npy,1
/kaggle/input/brats20-synthesis-data/prediction/sample_2815.npy,1
/kaggle/input/brats20-synthesis-data/prediction/sample_2816.npy,1
/kaggle/input/brats20-synthesis-data/prediction/sample_2817.npy,1
/kaggle/input/brats20-synthesis-data/prediction/sample_2818.npy,1
/kaggle/input/brats20-synthesis-data/prediction/sample_2819.npy,1
/kaggle/input/brats20-synthesis-data/prediction/sample_282.npy,1
/kaggle/input/brats20-synthesis-data/prediction/sample_2820.npy,1
/kaggle/input/brats20-synthesis-data/prediction/sample_2821.npy,1
/kaggle/input/brats20-synthesis-data/prediction/sample_2822.npy,1
/kaggle/input/brats20-synthesis-data/prediction/sample_2823.npy,1
/kaggle/input/brats20-synthesis-data/prediction/sample_2824.npy,1
/kaggle/input/brats20-synthesis-data/prediction/sample_2825.npy,1
/kaggle/input/brats20-synthesis-data/prediction/sample_2826.npy,1
/kaggle/input/brats20-synthesis-data/prediction/sample_2827.npy,1
/kaggle/input/brats20-synthesis-data/prediction/sample_2828.npy,1
/kaggle/input/brats20-synthesis-data/prediction/sample_2829.npy,1
/kaggle/input/brats20-synthesis-data/prediction/sample_283.npy,1
/kaggle/input/brats20-synthesis-data/prediction/sample_2830.npy,1
/kaggle/input/brats20-synthesis-data/prediction/sample_2831.npy,1
/kaggle/input/brats20-synthesis-data/prediction/sample_2832.npy,1
/kaggle/input/brats20-synthesis-data/prediction/sample_2833.npy,1
/kaggle/input/brats20-synthesis-data/prediction/sample_2834.npy,1
/kaggle/input/brats20-synthesis-data/prediction/sample_2835.npy,1
/kaggle/input/brats20-synthesis-data/prediction/sample_2836.npy,1
/kaggle/input/brats20-synthesis-data/prediction/sample_2837.npy,1
/kaggle/input/brats20-synthesis-data/prediction/sample_2838.npy,1
/kaggle/input/brats20-synthesis-data/prediction/sample_2839.npy,1
/kaggle/input/brats20-synthesis-data/prediction/sample_284.npy,1
/kaggle/input/brats20-synthesis-data/prediction/sample_2840.npy,1
/kaggle/input/brats20-synthesis-data/prediction/sample_2841.npy,1
/kaggle/input/brats20-synthesis-data/prediction/sample_2842.npy,1
/kaggle/input/brats20-synthesis-data/prediction/sample_2843.npy,1
/kaggle/input/brats20-synthesis-data/prediction/sample_2844.npy,1
/kaggle/input/brats20-synthesis-data/prediction/sample_2845.npy,1
/kaggle/input/brats20-synthesis-data/prediction/sample_2846.npy,1
/kaggle/input/brats20-synthesis-data/prediction/sample_2847.npy,1
/kaggle/input/brats20-synthesis-data/prediction/sample_2848.npy,1
/kaggle/input/brats20-synthesis-data/prediction/sample_2849.npy,1
/kaggle/input/brats20-synthesis-data/prediction/sample_285.npy,1
/kaggle/input/brats20-synthesis-data/prediction/sample_2850.npy,1
/kaggle/input/brats20-synthesis-data/prediction/sample_2851.npy,1
/kaggle/input/brats20-synthesis-data/prediction/sample_2852.npy,1
/kaggle/input/brats20-synthesis-data/prediction/sample_2853.npy,1
/kaggle/input/brats20-synthesis-data/prediction/sample_2854.npy,1
/kaggle/input/brats20-synthesis-data/prediction/sample_2855.npy,1
/kaggle/input/brats20-synthesis-data/prediction/sample_2856.npy,1
/kaggle/input/brats20-synthesis-data/prediction/sample_2857.npy,1
/kaggle/input/brats20-synthesis-data/prediction/sample_2858.npy,1
/kaggle/input/brats20-synthesis-data/prediction/sample_2859.npy,1
/kaggle/input/brats20-synthesis-data/prediction/sample_286.npy,1
/kaggle/input/brats20-synthesis-data/prediction/sample_2860.npy,1
/kaggle/input/brats20-synthesis-data/prediction/sample_2861.npy,1
/kaggle/input/brats20-synthesis-data/prediction/sample_2862.npy,1
/kaggle/input/brats20-synthesis-data/prediction/sample_2863.npy,1
/kaggle/input/brats20-synthesis-data/prediction/sample_2864.npy,1
/kaggle/input/brats20-synthesis-data/prediction/sample_2865.npy,1
/kaggle/input/brats20-synthesis-data/prediction/sample_2866.npy,1
/kaggle/input/brats20-synthesis-data/prediction/sample_2867.npy,1
/kaggle/input/brats20-synthesis-data/prediction/sample_2868.npy,1
/kaggle/input/brats20-synthesis-data/prediction/sample_2869.npy,1
/kaggle/input/brats20-synthesis-data/prediction/sample_287.npy,1
/kaggle/input/brats20-synthesis-data/prediction/sample_2870.npy,1
/kaggle/input/brats20-synthesis-data/prediction/sample_2871.npy,1
/kaggle/input/brats20-synthesis-data/prediction/sample_2872.npy,1
/kaggle/input/brats20-synthesis-data/prediction/sample_2873.npy,1
/kaggle/input/brats20-synthesis-data/prediction/sample_2874.npy,1
/kaggle/input/brats20-synthesis-data/prediction/sample_2875.npy,1
/kaggle/input/brats20-synthesis-data/prediction/sample_2876.npy,1
/kaggle/input/brats20-synthesis-data/prediction/sample_2877.npy,1
/kaggle/input/brats20-synthesis-data/prediction/sample_2878.npy,1
/kaggle/input/brats20-synthesis-data/prediction/sample_2879.npy,1
/kaggle/input/brats20-synthesis-data/prediction/sample_288.npy,1
/kaggle/input/brats20-synthesis-data/prediction/sample_2880.npy,1
/kaggle/input/brats20-synthesis-data/prediction/sample_2881.npy,1
/kaggle/input/brats20-synthesis-data/prediction/sample_2882.npy,1
/kaggle/input/brats20-synthesis-data/prediction/sample_2883.npy,1
/kaggle/input/brats20-synthesis-data/prediction/sample_2884.npy,1
/kaggle/input/brats20-synthesis-data/prediction/sample_2885.npy,1
/kaggle/input/brats20-synthesis-data/prediction/sample_2886.npy,1
/kaggle/input/brats20-synthesis-data/prediction/sample_2887.npy,1
/kaggle/input/brats20-synthesis-data/prediction/sample_2888.npy,1
/kaggle/input/brats20-synthesis-data/prediction/sample_2889.npy,1
/kaggle/input/brats20-synthesis-data/prediction/sample_289.npy,1
/kaggle/input/brats20-synthesis-data/prediction/sample_2890.npy,1
/kaggle/input/brats20-synthesis-data/prediction/sample_2891.npy,1
/kaggle/input/brats20-synthesis-data/prediction/sample_2892.npy,1
/kaggle/input/brats20-synthesis-data/prediction/sample_2893.npy,1
/kaggle/input/brats20-synthesis-data/prediction/sample_2894.npy,1
/kaggle/input/brats20-synthesis-data/prediction/sample_2895.npy,1
/kaggle/input/brats20-synthesis-data/prediction/sample_2896.npy,1
/kaggle/input/brats20-synthesis-data/prediction/sample_2897.npy,1
/kaggle/input/brats20-synthesis-data/prediction/sample_2898.npy,1
/kaggle/input/brats20-synthesis-data/prediction/sample_2899.npy,1
/kaggle/input/brats20-synthesis-data/prediction/sample_29.npy,1
/kaggle/input/brats20-synthesis-data/prediction/sample_290.npy,1
/kaggle/input/brats20-synthesis-data/prediction/sample_2900.npy,1
/kaggle/input/brats20-synthesis-data/prediction/sample_2901.npy,1
/kaggle/input/brats20-synthesis-data/prediction/sample_2902.npy,1
/kaggle/input/brats20-synthesis-data/prediction/sample_2903.npy,1
/kaggle/input/brats20-synthesis-data/prediction/sample_2904.npy,1
/kaggle/input/brats20-synthesis-data/prediction/sample_2905.npy,1
/kaggle/input/brats20-synthesis-data/prediction/sample_2906.npy,1
/kaggle/input/brats20-synthesis-data/prediction/sample_2907.npy,1
/kaggle/input/brats20-synthesis-data/prediction/sample_2908.npy,1
/kaggle/input/brats20-synthesis-data/prediction/sample_2909.npy,1
/kaggle/input/brats20-synthesis-data/prediction/sample_291.npy,1
/kaggle/input/brats20-synthesis-data/prediction/sample_2910.npy,1
/kaggle/input/brats20-synthesis-data/prediction/sample_2911.npy,1
/kaggle/input/brats20-synthesis-data/prediction/sample_2912.npy,1
/kaggle/input/brats20-synthesis-data/prediction/sample_2913.npy,1
/kaggle/input/brats20-synthesis-data/prediction/sample_2914.npy,1
/kaggle/input/brats20-synthesis-data/prediction/sample_2915.npy,1
/kaggle/input/brats20-synthesis-data/prediction/sample_2916.npy,1
/kaggle/input/brats20-synthesis-data/prediction/sample_2917.npy,1
/kaggle/input/brats20-synthesis-data/prediction/sample_2918.npy,1
/kaggle/input/brats20-synthesis-data/prediction/sample_2919.npy,1
/kaggle/input/brats20-synthesis-data/prediction/sample_292.npy,1
/kaggle/input/brats20-synthesis-data/prediction/sample_2920.npy,1
/kaggle/input/brats20-synthesis-data/prediction/sample_2921.npy,1
/kaggle/input/brats20-synthesis-data/prediction/sample_2922.npy,1
/kaggle/input/brats20-synthesis-data/prediction/sample_2923.npy,1
/kaggle/input/brats20-synthesis-data/prediction/sample_2924.npy,1
/kaggle/input/brats20-synthesis-data/prediction/sample_2925.npy,1
/kaggle/input/brats20-synthesis-data/prediction/sample_2926.npy,1
/kaggle/input/brats20-synthesis-data/prediction/sample_2927.npy,1
/kaggle/input/brats20-synthesis-data/prediction/sample_2928.npy,1
/kaggle/input/brats20-synthesis-data/prediction/sample_2929.npy,1
/kaggle/input/brats20-synthesis-data/prediction/sample_293.npy,1
/kaggle/input/brats20-synthesis-data/prediction/sample_2930.npy,1
/kaggle/input/brats20-synthesis-data/prediction/sample_2931.npy,1
/kaggle/input/brats20-synthesis-data/prediction/sample_2932.npy,1
/kaggle/input/brats20-synthesis-data/prediction/sample_2933.npy,1
/kaggle/input/brats20-synthesis-data/prediction/sample_2934.npy,1
/kaggle/input/brats20-synthesis-data/prediction/sample_2935.npy,1
/kaggle/input/brats20-synthesis-data/prediction/sample_2936.npy,1
/kaggle/input/brats20-synthesis-data/prediction/sample_2937.npy,1
/kaggle/input/brats20-synthesis-data/prediction/sample_2938.npy,1
/kaggle/input/brats20-synthesis-data/prediction/sample_2939.npy,1
/kaggle/input/brats20-synthesis-data/prediction/sample_294.npy,1
/kaggle/input/brats20-synthesis-data/prediction/sample_2940.npy,1
/kaggle/input/brats20-synthesis-data/prediction/sample_2941.npy,1
/kaggle/input/brats20-synthesis-data/prediction/sample_2942.npy,1
/kaggle/input/brats20-synthesis-data/prediction/sample_2943.npy,1
/kaggle/input/brats20-synthesis-data/prediction/sample_2944.npy,1
/kaggle/input/brats20-synthesis-data/prediction/sample_2945.npy,1
/kaggle/input/brats20-synthesis-data/prediction/sample_2946.npy,1
/kaggle/input/brats20-synthesis-data/prediction/sample_2947.npy,1
/kaggle/input/brats20-synthesis-data/prediction/sample_2948.npy,1
/kaggle/input/brats20-synthesis-data/prediction/sample_2949.npy,1
/kaggle/input/brats20-synthesis-data/prediction/sample_295.npy,1
/kaggle/input/brats20-synthesis-data/prediction/sample_2950.npy,1
/kaggle/input/brats20-synthesis-data/prediction/sample_2951.npy,1
/kaggle/input/brats20-synthesis-data/prediction/sample_2952.npy,1
/kaggle/input/brats20-synthesis-data/prediction/sample_2953.npy,1
/kaggle/input/brats20-synthesis-data/prediction/sample_2954.npy,1
/kaggle/input/brats20-synthesis-data/prediction/sample_2955.npy,1
/kaggle/input/brats20-synthesis-data/prediction/sample_2956.npy,1
/kaggle/input/brats20-synthesis-data/prediction/sample_2957.npy,1
/kaggle/input/brats20-synthesis-data/prediction/sample_2958.npy,1
/kaggle/input/brats20-synthesis-data/prediction/sample_2959.npy,1
/kaggle/input/brats20-synthesis-data/prediction/sample_296.npy,1
/kaggle/input/brats20-synthesis-data/prediction/sample_2960.npy,1
/kaggle/input/brats20-synthesis-data/prediction/sample_2961.npy,1
/kaggle/input/brats20-synthesis-data/prediction/sample_2962.npy,1
/kaggle/input/brats20-synthesis-data/prediction/sample_2963.npy,1
/kaggle/input/brats20-synthesis-data/prediction/sample_2964.npy,1
/kaggle/input/brats20-synthesis-data/prediction/sample_2965.npy,1
/kaggle/input/brats20-synthesis-data/prediction/sample_2966.npy,1
/kaggle/input/brats20-synthesis-data/prediction/sample_2967.npy,1
/kaggle/input/brats20-synthesis-data/prediction/sample_2968.npy,1
/kaggle/input/brats20-synthesis-data/prediction/sample_2969.npy,1
/kaggle/input/brats20-synthesis-data/prediction/sample_297.npy,1
/kaggle/input/brats20-synthesis-data/prediction/sample_2970.npy,1
/kaggle/input/brats20-synthesis-data/prediction/sample_2971.npy,1
/kaggle/input/brats20-synthesis-data/prediction/sample_2972.npy,1
/kaggle/input/brats20-synthesis-data/prediction/sample_2973.npy,1
/kaggle/input/brats20-synthesis-data/prediction/sample_2974.npy,1
/kaggle/input/brats20-synthesis-data/prediction/sample_2975.npy,1
/kaggle/input/brats20-synthesis-data/prediction/sample_2976.npy,1
/kaggle/input/brats20-synthesis-data/prediction/sample_2977.npy,1
/kaggle/input/brats20-synthesis-data/prediction/sample_2978.npy,1
/kaggle/input/brats20-synthesis-data/prediction/sample_2979.npy,1
/kaggle/input/brats20-synthesis-data/prediction/sample_298.npy,1
/kaggle/input/brats20-synthesis-data/prediction/sample_2980.npy,1
/kaggle/input/brats20-synthesis-data/prediction/sample_2981.npy,1
/kaggle/input/brats20-synthesis-data/prediction/sample_2982.npy,1
/kaggle/input/brats20-synthesis-data/prediction/sample_2983.npy,1
/kaggle/input/brats20-synthesis-data/prediction/sample_2984.npy,1
/kaggle/input/brats20-synthesis-data/prediction/sample_2985.npy,1
/kaggle/input/brats20-synthesis-data/prediction/sample_2986.npy,1
/kaggle/input/brats20-synthesis-data/prediction/sample_2987.npy,1
/kaggle/input/brats20-synthesis-data/prediction/sample_2988.npy,1
/kaggle/input/brats20-synthesis-data/prediction/sample_2989.npy,1
/kaggle/input/brats20-synthesis-data/prediction/sample_299.npy,1
/kaggle/input/brats20-synthesis-data/prediction/sample_2990.npy,1
/kaggle/input/brats20-synthesis-data/prediction/sample_2991.npy,1
/kaggle/input/brats20-synthesis-data/prediction/sample_2992.npy,1
/kaggle/input/brats20-synthesis-data/prediction/sample_2993.npy,1
/kaggle/input/brats20-synthesis-data/prediction/sample_2994.npy,1
/kaggle/input/brats20-synthesis-data/prediction/sample_2995.npy,1
/kaggle/input/brats20-synthesis-data/prediction/sample_2996.npy,1
/kaggle/input/brats20-synthesis-data/prediction/sample_2997.npy,1
/kaggle/input/brats20-synthesis-data/prediction/sample_2998.npy,1
/kaggle/input/brats20-synthesis-data/prediction/sample_2999.npy,1
/kaggle/input/brats20-synthesis-data/prediction/sample_3.npy,1
/kaggle/input/brats20-synthesis-data/prediction/sample_30.npy,1
/kaggle/input/brats20-synthesis-data/prediction/sample_300.npy,1
/kaggle/input/brats20-synthesis-data/prediction/sample_3000.npy,1
/kaggle/input/brats20-synthesis-data/prediction/sample_3001.npy,1
/kaggle/input/brats20-synthesis-data/prediction/sample_3002.npy,1
/kaggle/input/brats20-synthesis-data/prediction/sample_3003.npy,1
/kaggle/input/brats20-synthesis-data/prediction/sample_3004.npy,1
/kaggle/input/brats20-synthesis-data/prediction/sample_3005.npy,1
/kaggle/input/brats20-synthesis-data/prediction/sample_3006.npy,1
/kaggle/input/brats20-synthesis-data/prediction/sample_3007.npy,1
/kaggle/input/brats20-synthesis-data/prediction/sample_3008.npy,1
/kaggle/input/brats20-synthesis-data/prediction/sample_3009.npy,1
/kaggle/input/brats20-synthesis-data/prediction/sample_301.npy,1
/kaggle/input/brats20-synthesis-data/prediction/sample_3010.npy,1
/kaggle/input/brats20-synthesis-data/prediction/sample_3011.npy,1
/kaggle/input/brats20-synthesis-data/prediction/sample_3012.npy,1
/kaggle/input/brats20-synthesis-data/prediction/sample_3013.npy,1
/kaggle/input/brats20-synthesis-data/prediction/sample_3014.npy,1
/kaggle/input/brats20-synthesis-data/prediction/sample_3015.npy,1
/kaggle/input/brats20-synthesis-data/prediction/sample_3016.npy,1
/kaggle/input/brats20-synthesis-data/prediction/sample_3017.npy,1
/kaggle/input/brats20-synthesis-data/prediction/sample_3018.npy,1
/kaggle/input/brats20-synthesis-data/prediction/sample_3019.npy,1
/kaggle/input/brats20-synthesis-data/prediction/sample_302.npy,1
/kaggle/input/brats20-synthesis-data/prediction/sample_3020.npy,1
/kaggle/input/brats20-synthesis-data/prediction/sample_3021.npy,1
/kaggle/input/brats20-synthesis-data/prediction/sample_3022.npy,1
/kaggle/input/brats20-synthesis-data/prediction/sample_3023.npy,1
/kaggle/input/brats20-synthesis-data/prediction/sample_3024.npy,1
/kaggle/input/brats20-synthesis-data/prediction/sample_3025.npy,1
/kaggle/input/brats20-synthesis-data/prediction/sample_3026.npy,1
/kaggle/input/brats20-synthesis-data/prediction/sample_3027.npy,1
/kaggle/input/brats20-synthesis-data/prediction/sample_3028.npy,1
/kaggle/input/brats20-synthesis-data/prediction/sample_3029.npy,1
/kaggle/input/brats20-synthesis-data/prediction/sample_303.npy,1
/kaggle/input/brats20-synthesis-data/prediction/sample_3030.npy,1
/kaggle/input/brats20-synthesis-data/prediction/sample_3031.npy,1
/kaggle/input/brats20-synthesis-data/prediction/sample_3032.npy,1
/kaggle/input/brats20-synthesis-data/prediction/sample_3033.npy,1
/kaggle/input/brats20-synthesis-data/prediction/sample_3034.npy,1
/kaggle/input/brats20-synthesis-data/prediction/sample_3035.npy,1
/kaggle/input/brats20-synthesis-data/prediction/sample_3036.npy,1
/kaggle/input/brats20-synthesis-data/prediction/sample_3037.npy,1
/kaggle/input/brats20-synthesis-data/prediction/sample_3038.npy,1
/kaggle/input/brats20-synthesis-data/prediction/sample_3039.npy,1
/kaggle/input/brats20-synthesis-data/prediction/sample_304.npy,1
/kaggle/input/brats20-synthesis-data/prediction/sample_3040.npy,1
/kaggle/input/brats20-synthesis-data/prediction/sample_3041.npy,1
/kaggle/input/brats20-synthesis-data/prediction/sample_3042.npy,1
/kaggle/input/brats20-synthesis-data/prediction/sample_3043.npy,1
/kaggle/input/brats20-synthesis-data/prediction/sample_3044.npy,1
/kaggle/input/brats20-synthesis-data/prediction/sample_3045.npy,1
/kaggle/input/brats20-synthesis-data/prediction/sample_3046.npy,1
/kaggle/input/brats20-synthesis-data/prediction/sample_3047.npy,1
/kaggle/input/brats20-synthesis-data/prediction/sample_3048.npy,1
/kaggle/input/brats20-synthesis-data/prediction/sample_3049.npy,1
/kaggle/input/brats20-synthesis-data/prediction/sample_305.npy,1
/kaggle/input/brats20-synthesis-data/prediction/sample_3050.npy,1
/kaggle/input/brats20-synthesis-data/prediction/sample_3051.npy,1
/kaggle/input/brats20-synthesis-data/prediction/sample_3052.npy,1
/kaggle/input/brats20-synthesis-data/prediction/sample_3053.npy,1
/kaggle/input/brats20-synthesis-data/prediction/sample_3054.npy,1
/kaggle/input/brats20-synthesis-data/prediction/sample_3055.npy,1
/kaggle/input/brats20-synthesis-data/prediction/sample_3056.npy,1
/kaggle/input/brats20-synthesis-data/prediction/sample_3057.npy,1
/kaggle/input/brats20-synthesis-data/prediction/sample_3058.npy,1
/kaggle/input/brats20-synthesis-data/prediction/sample_3059.npy,1
/kaggle/input/brats20-synthesis-data/prediction/sample_306.npy,1
/kaggle/input/brats20-synthesis-data/prediction/sample_3060.npy,1
/kaggle/input/brats20-synthesis-data/prediction/sample_3061.npy,1
/kaggle/input/brats20-synthesis-data/prediction/sample_3062.npy,1
/kaggle/input/brats20-synthesis-data/prediction/sample_3063.npy,1
/kaggle/input/brats20-synthesis-data/prediction/sample_3064.npy,1
/kaggle/input/brats20-synthesis-data/prediction/sample_3065.npy,1
/kaggle/input/brats20-synthesis-data/prediction/sample_3066.npy,1
/kaggle/input/brats20-synthesis-data/prediction/sample_3067.npy,1
/kaggle/input/brats20-synthesis-data/prediction/sample_3068.npy,1
/kaggle/input/brats20-synthesis-data/prediction/sample_3069.npy,1
/kaggle/input/brats20-synthesis-data/prediction/sample_307.npy,1
/kaggle/input/brats20-synthesis-data/prediction/sample_3070.npy,1
/kaggle/input/brats20-synthesis-data/prediction/sample_3071.npy,1
/kaggle/input/brats20-synthesis-data/prediction/sample_3072.npy,1
/kaggle/input/brats20-synthesis-data/prediction/sample_3073.npy,1
/kaggle/input/brats20-synthesis-data/prediction/sample_3074.npy,1
/kaggle/input/brats20-synthesis-data/prediction/sample_3075.npy,1
/kaggle/input/brats20-synthesis-data/prediction/sample_3076.npy,1
/kaggle/input/brats20-synthesis-data/prediction/sample_3077.npy,1
/kaggle/input/brats20-synthesis-data/prediction/sample_3078.npy,1
/kaggle/input/brats20-synthesis-data/prediction/sample_3079.npy,1
/kaggle/input/brats20-synthesis-data/prediction/sample_308.npy,1
/kaggle/input/brats20-synthesis-data/prediction/sample_3080.npy,1
/kaggle/input/brats20-synthesis-data/prediction/sample_3081.npy,1
/kaggle/input/brats20-synthesis-data/prediction/sample_3082.npy,1
/kaggle/input/brats20-synthesis-data/prediction/sample_3083.npy,1
/kaggle/input/brats20-synthesis-data/prediction/sample_3084.npy,1
/kaggle/input/brats20-synthesis-data/prediction/sample_3085.npy,1
/kaggle/input/brats20-synthesis-data/prediction/sample_3086.npy,1
/kaggle/input/brats20-synthesis-data/prediction/sample_3087.npy,1
/kaggle/input/brats20-synthesis-data/prediction/sample_3088.npy,1
/kaggle/input/brats20-synthesis-data/prediction/sample_3089.npy,1
/kaggle/input/brats20-synthesis-data/prediction/sample_309.npy,1
/kaggle/input/brats20-synthesis-data/prediction/sample_3090.npy,1
/kaggle/input/brats20-synthesis-data/prediction/sample_3091.npy,1
/kaggle/input/brats20-synthesis-data/prediction/sample_3092.npy,1
/kaggle/input/brats20-synthesis-data/prediction/sample_3093.npy,1
/kaggle/input/brats20-synthesis-data/prediction/sample_3094.npy,1
/kaggle/input/brats20-synthesis-data/prediction/sample_3095.npy,1
/kaggle/input/brats20-synthesis-data/prediction/sample_3096.npy,1
/kaggle/input/brats20-synthesis-data/prediction/sample_3097.npy,1
/kaggle/input/brats20-synthesis-data/prediction/sample_3098.npy,1
/kaggle/input/brats20-synthesis-data/prediction/sample_3099.npy,1
/kaggle/input/brats20-synthesis-data/prediction/sample_31.npy,1
/kaggle/input/brats20-synthesis-data/prediction/sample_310.npy,1
/kaggle/input/brats20-synthesis-data/prediction/sample_3100.npy,1
/kaggle/input/brats20-synthesis-data/prediction/sample_3101.npy,1
/kaggle/input/brats20-synthesis-data/prediction/sample_3102.npy,1
/kaggle/input/brats20-synthesis-data/prediction/sample_3103.npy,1
/kaggle/input/brats20-synthesis-data/prediction/sample_3104.npy,1
/kaggle/input/brats20-synthesis-data/prediction/sample_3105.npy,1
/kaggle/input/brats20-synthesis-data/prediction/sample_3106.npy,1
/kaggle/input/brats20-synthesis-data/prediction/sample_3107.npy,1
/kaggle/input/brats20-synthesis-data/prediction/sample_3108.npy,1
/kaggle/input/brats20-synthesis-data/prediction/sample_3109.npy,1
/kaggle/input/brats20-synthesis-data/prediction/sample_311.npy,1
/kaggle/input/brats20-synthesis-data/prediction/sample_3110.npy,1
/kaggle/input/brats20-synthesis-data/prediction/sample_3111.npy,1
/kaggle/input/brats20-synthesis-data/prediction/sample_3112.npy,1
/kaggle/input/brats20-synthesis-data/prediction/sample_3113.npy,1
/kaggle/input/brats20-synthesis-data/prediction/sample_3114.npy,1
/kaggle/input/brats20-synthesis-data/prediction/sample_3115.npy,1
/kaggle/input/brats20-synthesis-data/prediction/sample_3116.npy,1
/kaggle/input/brats20-synthesis-data/prediction/sample_3117.npy,1
/kaggle/input/brats20-synthesis-data/prediction/sample_3118.npy,1
/kaggle/input/brats20-synthesis-data/prediction/sample_3119.npy,1
/kaggle/input/brats20-synthesis-data/prediction/sample_312.npy,1
/kaggle/input/brats20-synthesis-data/prediction/sample_3120.npy,1
/kaggle/input/brats20-synthesis-data/prediction/sample_3121.npy,1
/kaggle/input/brats20-synthesis-data/prediction/sample_3122.npy,1
/kaggle/input/brats20-synthesis-data/prediction/sample_3123.npy,1
/kaggle/input/brats20-synthesis-data/prediction/sample_3124.npy,1
/kaggle/input/brats20-synthesis-data/prediction/sample_3125.npy,1
/kaggle/input/brats20-synthesis-data/prediction/sample_3126.npy,1
/kaggle/input/brats20-synthesis-data/prediction/sample_3127.npy,1
/kaggle/input/brats20-synthesis-data/prediction/sample_3128.npy,1
/kaggle/input/brats20-synthesis-data/prediction/sample_3129.npy,1
/kaggle/input/brats20-synthesis-data/prediction/sample_313.npy,1
/kaggle/input/brats20-synthesis-data/prediction/sample_3130.npy,1
/kaggle/input/brats20-synthesis-data/prediction/sample_3131.npy,1
/kaggle/input/brats20-synthesis-data/prediction/sample_3132.npy,1
/kaggle/input/brats20-synthesis-data/prediction/sample_3133.npy,1
/kaggle/input/brats20-synthesis-data/prediction/sample_3134.npy,1
/kaggle/input/brats20-synthesis-data/prediction/sample_3135.npy,1
/kaggle/input/brats20-synthesis-data/prediction/sample_3136.npy,1
/kaggle/input/brats20-synthesis-data/prediction/sample_3137.npy,1
/kaggle/input/brats20-synthesis-data/prediction/sample_3138.npy,1
/kaggle/input/brats20-synthesis-data/prediction/sample_3139.npy,1
/kaggle/input/brats20-synthesis-data/prediction/sample_314.npy,1
/kaggle/input/brats20-synthesis-data/prediction/sample_3140.npy,1
/kaggle/input/brats20-synthesis-data/prediction/sample_3141.npy,1
/kaggle/input/brats20-synthesis-data/prediction/sample_3142.npy,1
/kaggle/input/brats20-synthesis-data/prediction/sample_3143.npy,1
/kaggle/input/brats20-synthesis-data/prediction/sample_3144.npy,1
/kaggle/input/brats20-synthesis-data/prediction/sample_3145.npy,1
/kaggle/input/brats20-synthesis-data/prediction/sample_3146.npy,1
/kaggle/input/brats20-synthesis-data/prediction/sample_3147.npy,1
/kaggle/input/brats20-synthesis-data/prediction/sample_3148.npy,1
/kaggle/input/brats20-synthesis-data/prediction/sample_3149.npy,1
/kaggle/input/brats20-synthesis-data/prediction/sample_315.npy,1
/kaggle/input/brats20-synthesis-data/prediction/sample_3150.npy,1
/kaggle/input/brats20-synthesis-data/prediction/sample_3151.npy,1
/kaggle/input/brats20-synthesis-data/prediction/sample_3152.npy,1
/kaggle/input/brats20-synthesis-data/prediction/sample_3153.npy,1
/kaggle/input/brats20-synthesis-data/prediction/sample_3154.npy,1
/kaggle/input/brats20-synthesis-data/prediction/sample_3155.npy,1
/kaggle/input/brats20-synthesis-data/prediction/sample_3156.npy,1
/kaggle/input/brats20-synthesis-data/prediction/sample_3157.npy,1
/kaggle/input/brats20-synthesis-data/prediction/sample_3158.npy,1
/kaggle/input/brats20-synthesis-data/prediction/sample_3159.npy,1
/kaggle/input/brats20-synthesis-data/prediction/sample_316.npy,1
/kaggle/input/brats20-synthesis-data/prediction/sample_3160.npy,1
/kaggle/input/brats20-synthesis-data/prediction/sample_3161.npy,1
/kaggle/input/brats20-synthesis-data/prediction/sample_3162.npy,1
/kaggle/input/brats20-synthesis-data/prediction/sample_3163.npy,1
/kaggle/input/brats20-synthesis-data/prediction/sample_3164.npy,1
/kaggle/input/brats20-synthesis-data/prediction/sample_3165.npy,1
/kaggle/input/brats20-synthesis-data/prediction/sample_3166.npy,1
/kaggle/input/brats20-synthesis-data/prediction/sample_3167.npy,1
/kaggle/input/brats20-synthesis-data/prediction/sample_3168.npy,1
/kaggle/input/brats20-synthesis-data/prediction/sample_3169.npy,1
/kaggle/input/brats20-synthesis-data/prediction/sample_317.npy,1
/kaggle/input/brats20-synthesis-data/prediction/sample_3170.npy,1
/kaggle/input/brats20-synthesis-data/prediction/sample_3171.npy,1
/kaggle/input/brats20-synthesis-data/prediction/sample_3172.npy,1
/kaggle/input/brats20-synthesis-data/prediction/sample_3173.npy,1
/kaggle/input/brats20-synthesis-data/prediction/sample_3174.npy,1
/kaggle/input/brats20-synthesis-data/prediction/sample_3175.npy,1
/kaggle/input/brats20-synthesis-data/prediction/sample_3176.npy,1
/kaggle/input/brats20-synthesis-data/prediction/sample_3177.npy,1
/kaggle/input/brats20-synthesis-data/prediction/sample_3178.npy,1
/kaggle/input/brats20-synthesis-data/prediction/sample_3179.npy,1
/kaggle/input/brats20-synthesis-data/prediction/sample_318.npy,1
/kaggle/input/brats20-synthesis-data/prediction/sample_3180.npy,1
/kaggle/input/brats20-synthesis-data/prediction/sample_3181.npy,1
/kaggle/input/brats20-synthesis-data/prediction/sample_3182.npy,1
/kaggle/input/brats20-synthesis-data/prediction/sample_3183.npy,1
/kaggle/input/brats20-synthesis-data/prediction/sample_3184.npy,1
/kaggle/input/brats20-synthesis-data/prediction/sample_3185.npy,1
/kaggle/input/brats20-synthesis-data/prediction/sample_3186.npy,1
/kaggle/input/brats20-synthesis-data/prediction/sample_3187.npy,1
/kaggle/input/brats20-synthesis-data/prediction/sample_3188.npy,1
/kaggle/input/brats20-synthesis-data/prediction/sample_3189.npy,1
/kaggle/input/brats20-synthesis-data/prediction/sample_319.npy,1
/kaggle/input/brats20-synthesis-data/prediction/sample_3190.npy,1
/kaggle/input/brats20-synthesis-data/prediction/sample_3191.npy,1
/kaggle/input/brats20-synthesis-data/prediction/sample_3192.npy,1
/kaggle/input/brats20-synthesis-data/prediction/sample_3193.npy,1
/kaggle/input/brats20-synthesis-data/prediction/sample_3194.npy,1
/kaggle/input/brats20-synthesis-data/prediction/sample_3195.npy,1
/kaggle/input/brats20-synthesis-data/prediction/sample_3196.npy,1
/kaggle/input/brats20-synthesis-data/prediction/sample_3197.npy,1
/kaggle/input/brats20-synthesis-data/prediction/sample_3198.npy,1
/kaggle/input/brats20-synthesis-data/prediction/sample_3199.npy,1
/kaggle/input/brats20-synthesis-data/prediction/sample_32.npy,1
/kaggle/input/brats20-synthesis-data/prediction/sample_320.npy,1
/kaggle/input/brats20-synthesis-data/prediction/sample_3200.npy,1
/kaggle/input/brats20-synthesis-data/prediction/sample_3201.npy,1
/kaggle/input/brats20-synthesis-data/prediction/sample_3202.npy,1
/kaggle/input/brats20-synthesis-data/prediction/sample_3203.npy,1
/kaggle/input/brats20-synthesis-data/prediction/sample_3204.npy,1
/kaggle/input/brats20-synthesis-data/prediction/sample_3205.npy,1
/kaggle/input/brats20-synthesis-data/prediction/sample_3206.npy,1
/kaggle/input/brats20-synthesis-data/prediction/sample_3207.npy,1
/kaggle/input/brats20-synthesis-data/prediction/sample_3208.npy,1
/kaggle/input/brats20-synthesis-data/prediction/sample_3209.npy,1
/kaggle/input/brats20-synthesis-data/prediction/sample_321.npy,1
/kaggle/input/brats20-synthesis-data/prediction/sample_3210.npy,1
/kaggle/input/brats20-synthesis-data/prediction/sample_3211.npy,1
/kaggle/input/brats20-synthesis-data/prediction/sample_3212.npy,1
/kaggle/input/brats20-synthesis-data/prediction/sample_3213.npy,1
/kaggle/input/brats20-synthesis-data/prediction/sample_3214.npy,1
/kaggle/input/brats20-synthesis-data/prediction/sample_3215.npy,1
/kaggle/input/brats20-synthesis-data/prediction/sample_3216.npy,1
/kaggle/input/brats20-synthesis-data/prediction/sample_3217.npy,1
/kaggle/input/brats20-synthesis-data/prediction/sample_3218.npy,1
/kaggle/input/brats20-synthesis-data/prediction/sample_3219.npy,1
/kaggle/input/brats20-synthesis-data/prediction/sample_322.npy,1
/kaggle/input/brats20-synthesis-data/prediction/sample_3220.npy,1
/kaggle/input/brats20-synthesis-data/prediction/sample_3221.npy,1
/kaggle/input/brats20-synthesis-data/prediction/sample_3222.npy,1
/kaggle/input/brats20-synthesis-data/prediction/sample_3223.npy,1
/kaggle/input/brats20-synthesis-data/prediction/sample_3224.npy,1
/kaggle/input/brats20-synthesis-data/prediction/sample_3225.npy,1
/kaggle/input/brats20-synthesis-data/prediction/sample_3226.npy,1
/kaggle/input/brats20-synthesis-data/prediction/sample_3227.npy,1
/kaggle/input/brats20-synthesis-data/prediction/sample_3228.npy,1
/kaggle/input/brats20-synthesis-data/prediction/sample_3229.npy,1
/kaggle/input/brats20-synthesis-data/prediction/sample_323.npy,1
/kaggle/input/brats20-synthesis-data/prediction/sample_3230.npy,1
/kaggle/input/brats20-synthesis-data/prediction/sample_3231.npy,1
/kaggle/input/brats20-synthesis-data/prediction/sample_3232.npy,1
/kaggle/input/brats20-synthesis-data/prediction/sample_3233.npy,1
/kaggle/input/brats20-synthesis-data/prediction/sample_3234.npy,1
/kaggle/input/brats20-synthesis-data/prediction/sample_3235.npy,1
/kaggle/input/brats20-synthesis-data/prediction/sample_3236.npy,1
/kaggle/input/brats20-synthesis-data/prediction/sample_3237.npy,1
/kaggle/input/brats20-synthesis-data/prediction/sample_3238.npy,1
/kaggle/input/brats20-synthesis-data/prediction/sample_3239.npy,1
/kaggle/input/brats20-synthesis-data/prediction/sample_324.npy,1
/kaggle/input/brats20-synthesis-data/prediction/sample_3240.npy,1
/kaggle/input/brats20-synthesis-data/prediction/sample_3241.npy,1
/kaggle/input/brats20-synthesis-data/prediction/sample_3242.npy,1
/kaggle/input/brats20-synthesis-data/prediction/sample_3243.npy,1
/kaggle/input/brats20-synthesis-data/prediction/sample_3244.npy,1
/kaggle/input/brats20-synthesis-data/prediction/sample_3245.npy,1
/kaggle/input/brats20-synthesis-data/prediction/sample_3246.npy,1
/kaggle/input/brats20-synthesis-data/prediction/sample_3247.npy,1
/kaggle/input/brats20-synthesis-data/prediction/sample_3248.npy,1
/kaggle/input/brats20-synthesis-data/prediction/sample_3249.npy,1
/kaggle/input/brats20-synthesis-data/prediction/sample_325.npy,1
/kaggle/input/brats20-synthesis-data/prediction/sample_3250.npy,1
/kaggle/input/brats20-synthesis-data/prediction/sample_3251.npy,1
/kaggle/input/brats20-synthesis-data/prediction/sample_3252.npy,1
/kaggle/input/brats20-synthesis-data/prediction/sample_3253.npy,1
/kaggle/input/brats20-synthesis-data/prediction/sample_3254.npy,1
/kaggle/input/brats20-synthesis-data/prediction/sample_3255.npy,1
/kaggle/input/brats20-synthesis-data/prediction/sample_3256.npy,1
/kaggle/input/brats20-synthesis-data/prediction/sample_3257.npy,1
/kaggle/input/brats20-synthesis-data/prediction/sample_3258.npy,1
/kaggle/input/brats20-synthesis-data/prediction/sample_3259.npy,1
/kaggle/input/brats20-synthesis-data/prediction/sample_326.npy,1
/kaggle/input/brats20-synthesis-data/prediction/sample_3260.npy,1
/kaggle/input/brats20-synthesis-data/prediction/sample_3261.npy,1
/kaggle/input/brats20-synthesis-data/prediction/sample_3262.npy,1
/kaggle/input/brats20-synthesis-data/prediction/sample_3263.npy,1
/kaggle/input/brats20-synthesis-data/prediction/sample_3264.npy,1
/kaggle/input/brats20-synthesis-data/prediction/sample_3265.npy,1
/kaggle/input/brats20-synthesis-data/prediction/sample_3266.npy,1
/kaggle/input/brats20-synthesis-data/prediction/sample_3267.npy,1
/kaggle/input/brats20-synthesis-data/prediction/sample_3268.npy,1
/kaggle/input/brats20-synthesis-data/prediction/sample_3269.npy,1
/kaggle/input/brats20-synthesis-data/prediction/sample_327.npy,1
/kaggle/input/brats20-synthesis-data/prediction/sample_3270.npy,1
/kaggle/input/brats20-synthesis-data/prediction/sample_3271.npy,1
/kaggle/input/brats20-synthesis-data/prediction/sample_3272.npy,1
/kaggle/input/brats20-synthesis-data/prediction/sample_3273.npy,1
/kaggle/input/brats20-synthesis-data/prediction/sample_3274.npy,1
/kaggle/input/brats20-synthesis-data/prediction/sample_3275.npy,1
/kaggle/input/brats20-synthesis-data/prediction/sample_3276.npy,1
/kaggle/input/brats20-synthesis-data/prediction/sample_3277.npy,1
/kaggle/input/brats20-synthesis-data/prediction/sample_3278.npy,1
/kaggle/input/brats20-synthesis-data/prediction/sample_3279.npy,1
/kaggle/input/brats20-synthesis-data/prediction/sample_328.npy,1
/kaggle/input/brats20-synthesis-data/prediction/sample_3280.npy,1
/kaggle/input/brats20-synthesis-data/prediction/sample_3281.npy,1
/kaggle/input/brats20-synthesis-data/prediction/sample_3282.npy,1
/kaggle/input/brats20-synthesis-data/prediction/sample_3283.npy,1
/kaggle/input/brats20-synthesis-data/prediction/sample_3284.npy,1
/kaggle/input/brats20-synthesis-data/prediction/sample_3285.npy,1
/kaggle/input/brats20-synthesis-data/prediction/sample_3286.npy,1
/kaggle/input/brats20-synthesis-data/prediction/sample_3287.npy,1
/kaggle/input/brats20-synthesis-data/prediction/sample_3288.npy,1
/kaggle/input/brats20-synthesis-data/prediction/sample_3289.npy,1
/kaggle/input/brats20-synthesis-data/prediction/sample_329.npy,1
/kaggle/input/brats20-synthesis-data/prediction/sample_3290.npy,1
/kaggle/input/brats20-synthesis-data/prediction/sample_3291.npy,1
/kaggle/input/brats20-synthesis-data/prediction/sample_3292.npy,1
/kaggle/input/brats20-synthesis-data/prediction/sample_3293.npy,1
/kaggle/input/brats20-synthesis-data/prediction/sample_3294.npy,1
/kaggle/input/brats20-synthesis-data/prediction/sample_3295.npy,1
/kaggle/input/brats20-synthesis-data/prediction/sample_3296.npy,1
/kaggle/input/brats20-synthesis-data/prediction/sample_3297.npy,1
/kaggle/input/brats20-synthesis-data/prediction/sample_3298.npy,1
/kaggle/input/brats20-synthesis-data/prediction/sample_3299.npy,1
/kaggle/input/brats20-synthesis-data/prediction/sample_33.npy,1
/kaggle/input/brats20-synthesis-data/prediction/sample_330.npy,1
/kaggle/input/brats20-synthesis-data/prediction/sample_3300.npy,1
/kaggle/input/brats20-synthesis-data/prediction/sample_331.npy,1
/kaggle/input/brats20-synthesis-data/prediction/sample_332.npy,1
/kaggle/input/brats20-synthesis-data/prediction/sample_333.npy,1
/kaggle/input/brats20-synthesis-data/prediction/sample_334.npy,1
/kaggle/input/brats20-synthesis-data/prediction/sample_335.npy,1
/kaggle/input/brats20-synthesis-data/prediction/sample_336.npy,1
/kaggle/input/brats20-synthesis-data/prediction/sample_337.npy,1
/kaggle/input/brats20-synthesis-data/prediction/sample_338.npy,1
/kaggle/input/brats20-synthesis-data/prediction/sample_339.npy,1
/kaggle/input/brats20-synthesis-data/prediction/sample_34.npy,1
/kaggle/input/brats20-synthesis-data/prediction/sample_340.npy,1
/kaggle/input/brats20-synthesis-data/prediction/sample_341.npy,1
/kaggle/input/brats20-synthesis-data/prediction/sample_342.npy,1
/kaggle/input/brats20-synthesis-data/prediction/sample_343.npy,1
/kaggle/input/brats20-synthesis-data/prediction/sample_344.npy,1
/kaggle/input/brats20-synthesis-data/prediction/sample_345.npy,1
/kaggle/input/brats20-synthesis-data/prediction/sample_346.npy,1
/kaggle/input/brats20-synthesis-data/prediction/sample_347.npy,1
/kaggle/input/brats20-synthesis-data/prediction/sample_348.npy,1
/kaggle/input/brats20-synthesis-data/prediction/sample_349.npy,1
/kaggle/input/brats20-synthesis-data/prediction/sample_35.npy,1
/kaggle/input/brats20-synthesis-data/prediction/sample_350.npy,1
/kaggle/input/brats20-synthesis-data/prediction/sample_351.npy,1
/kaggle/input/brats20-synthesis-data/prediction/sample_352.npy,1
/kaggle/input/brats20-synthesis-data/prediction/sample_353.npy,1
/kaggle/input/brats20-synthesis-data/prediction/sample_354.npy,1
/kaggle/input/brats20-synthesis-data/prediction/sample_355.npy,1
/kaggle/input/brats20-synthesis-data/prediction/sample_356.npy,1
/kaggle/input/brats20-synthesis-data/prediction/sample_357.npy,1
/kaggle/input/brats20-synthesis-data/prediction/sample_358.npy,1
/kaggle/input/brats20-synthesis-data/prediction/sample_359.npy,1
/kaggle/input/brats20-synthesis-data/prediction/sample_36.npy,1
/kaggle/input/brats20-synthesis-data/prediction/sample_360.npy,1
/kaggle/input/brats20-synthesis-data/prediction/sample_361.npy,1
/kaggle/input/brats20-synthesis-data/prediction/sample_362.npy,1
/kaggle/input/brats20-synthesis-data/prediction/sample_363.npy,1
/kaggle/input/brats20-synthesis-data/prediction/sample_364.npy,1
/kaggle/input/brats20-synthesis-data/prediction/sample_365.npy,1
/kaggle/input/brats20-synthesis-data/prediction/sample_366.npy,1
/kaggle/input/brats20-synthesis-data/prediction/sample_367.npy,1
/kaggle/input/brats20-synthesis-data/prediction/sample_368.npy,1
/kaggle/input/brats20-synthesis-data/prediction/sample_369.npy,1
/kaggle/input/brats20-synthesis-data/prediction/sample_37.npy,1
/kaggle/input/brats20-synthesis-data/prediction/sample_370.npy,1
/kaggle/input/brats20-synthesis-data/prediction/sample_371.npy,1
/kaggle/input/brats20-synthesis-data/prediction/sample_372.npy,1
/kaggle/input/brats20-synthesis-data/prediction/sample_373.npy,1
/kaggle/input/brats20-synthesis-data/prediction/sample_374.npy,1
/kaggle/input/brats20-synthesis-data/prediction/sample_375.npy,1
/kaggle/input/brats20-synthesis-data/prediction/sample_376.npy,1
/kaggle/input/brats20-synthesis-data/prediction/sample_377.npy,1
/kaggle/input/brats20-synthesis-data/prediction/sample_378.npy,1
/kaggle/input/brats20-synthesis-data/prediction/sample_379.npy,1
/kaggle/input/brats20-synthesis-data/prediction/sample_38.npy,1
/kaggle/input/brats20-synthesis-data/prediction/sample_380.npy,1
/kaggle/input/brats20-synthesis-data/prediction/sample_381.npy,1
/kaggle/input/brats20-synthesis-data/prediction/sample_382.npy,1
/kaggle/input/brats20-synthesis-data/prediction/sample_383.npy,1
/kaggle/input/brats20-synthesis-data/prediction/sample_384.npy,1
/kaggle/input/brats20-synthesis-data/prediction/sample_385.npy,1
/kaggle/input/brats20-synthesis-data/prediction/sample_386.npy,1
/kaggle/input/brats20-synthesis-data/prediction/sample_387.npy,1
/kaggle/input/brats20-synthesis-data/prediction/sample_388.npy,1
/kaggle/input/brats20-synthesis-data/prediction/sample_389.npy,1
/kaggle/input/brats20-synthesis-data/prediction/sample_39.npy,1
/kaggle/input/brats20-synthesis-data/prediction/sample_390.npy,1
/kaggle/input/brats20-synthesis-data/prediction/sample_391.npy,1
/kaggle/input/brats20-synthesis-data/prediction/sample_392.npy,1
/kaggle/input/brats20-synthesis-data/prediction/sample_393.npy,1
/kaggle/input/brats20-synthesis-data/prediction/sample_394.npy,1
/kaggle/input/brats20-synthesis-data/prediction/sample_395.npy,1
/kaggle/input/brats20-synthesis-data/prediction/sample_396.npy,1
/kaggle/input/brats20-synthesis-data/prediction/sample_397.npy,1
/kaggle/input/brats20-synthesis-data/prediction/sample_398.npy,1
/kaggle/input/brats20-synthesis-data/prediction/sample_399.npy,1
/kaggle/input/brats20-synthesis-data/prediction/sample_4.npy,1
/kaggle/input/brats20-synthesis-data/prediction/sample_40.npy,1
/kaggle/input/brats20-synthesis-data/prediction/sample_400.npy,1
/kaggle/input/brats20-synthesis-data/prediction/sample_401.npy,1
/kaggle/input/brats20-synthesis-data/prediction/sample_402.npy,1
/kaggle/input/brats20-synthesis-data/prediction/sample_403.npy,1
/kaggle/input/brats20-synthesis-data/prediction/sample_404.npy,1
/kaggle/input/brats20-synthesis-data/prediction/sample_405.npy,1
/kaggle/input/brats20-synthesis-data/prediction/sample_406.npy,1
/kaggle/input/brats20-synthesis-data/prediction/sample_407.npy,1
/kaggle/input/brats20-synthesis-data/prediction/sample_408.npy,1
/kaggle/input/brats20-synthesis-data/prediction/sample_409.npy,1
/kaggle/input/brats20-synthesis-data/prediction/sample_41.npy,1
/kaggle/input/brats20-synthesis-data/prediction/sample_410.npy,1
/kaggle/input/brats20-synthesis-data/prediction/sample_411.npy,1
/kaggle/input/brats20-synthesis-data/prediction/sample_412.npy,1
/kaggle/input/brats20-synthesis-data/prediction/sample_413.npy,1
/kaggle/input/brats20-synthesis-data/prediction/sample_414.npy,1
/kaggle/input/brats20-synthesis-data/prediction/sample_415.npy,1
/kaggle/input/brats20-synthesis-data/prediction/sample_416.npy,1
/kaggle/input/brats20-synthesis-data/prediction/sample_417.npy,1
/kaggle/input/brats20-synthesis-data/prediction/sample_418.npy,1
/kaggle/input/brats20-synthesis-data/prediction/sample_419.npy,1
/kaggle/input/brats20-synthesis-data/prediction/sample_42.npy,1
/kaggle/input/brats20-synthesis-data/prediction/sample_420.npy,1
/kaggle/input/brats20-synthesis-data/prediction/sample_421.npy,1
/kaggle/input/brats20-synthesis-data/prediction/sample_422.npy,1
/kaggle/input/brats20-synthesis-data/prediction/sample_423.npy,1
/kaggle/input/brats20-synthesis-data/prediction/sample_424.npy,1
/kaggle/input/brats20-synthesis-data/prediction/sample_425.npy,1
/kaggle/input/brats20-synthesis-data/prediction/sample_426.npy,1
/kaggle/input/brats20-synthesis-data/prediction/sample_427.npy,1
/kaggle/input/brats20-synthesis-data/prediction/sample_428.npy,1
/kaggle/input/brats20-synthesis-data/prediction/sample_429.npy,1
/kaggle/input/brats20-synthesis-data/prediction/sample_43.npy,1
/kaggle/input/brats20-synthesis-data/prediction/sample_430.npy,1
/kaggle/input/brats20-synthesis-data/prediction/sample_431.npy,1
/kaggle/input/brats20-synthesis-data/prediction/sample_432.npy,1
/kaggle/input/brats20-synthesis-data/prediction/sample_433.npy,1
/kaggle/input/brats20-synthesis-data/prediction/sample_434.npy,1
/kaggle/input/brats20-synthesis-data/prediction/sample_435.npy,1
/kaggle/input/brats20-synthesis-data/prediction/sample_436.npy,1
/kaggle/input/brats20-synthesis-data/prediction/sample_437.npy,1
/kaggle/input/brats20-synthesis-data/prediction/sample_438.npy,1
/kaggle/input/brats20-synthesis-data/prediction/sample_439.npy,1
/kaggle/input/brats20-synthesis-data/prediction/sample_44.npy,1
/kaggle/input/brats20-synthesis-data/prediction/sample_440.npy,1
/kaggle/input/brats20-synthesis-data/prediction/sample_441.npy,1
/kaggle/input/brats20-synthesis-data/prediction/sample_442.npy,1
/kaggle/input/brats20-synthesis-data/prediction/sample_443.npy,1
/kaggle/input/brats20-synthesis-data/prediction/sample_444.npy,1
/kaggle/input/brats20-synthesis-data/prediction/sample_445.npy,1
/kaggle/input/brats20-synthesis-data/prediction/sample_446.npy,1
/kaggle/input/brats20-synthesis-data/prediction/sample_447.npy,1
/kaggle/input/brats20-synthesis-data/prediction/sample_448.npy,1
/kaggle/input/brats20-synthesis-data/prediction/sample_449.npy,1
/kaggle/input/brats20-synthesis-data/prediction/sample_45.npy,1
/kaggle/input/brats20-synthesis-data/prediction/sample_450.npy,1
/kaggle/input/brats20-synthesis-data/prediction/sample_451.npy,1
/kaggle/input/brats20-synthesis-data/prediction/sample_452.npy,1
/kaggle/input/brats20-synthesis-data/prediction/sample_453.npy,1
/kaggle/input/brats20-synthesis-data/prediction/sample_454.npy,1
/kaggle/input/brats20-synthesis-data/prediction/sample_455.npy,1
/kaggle/input/brats20-synthesis-data/prediction/sample_456.npy,1
/kaggle/input/brats20-synthesis-data/prediction/sample_457.npy,1
/kaggle/input/brats20-synthesis-data/prediction/sample_458.npy,1
/kaggle/input/brats20-synthesis-data/prediction/sample_459.npy,1
/kaggle/input/brats20-synthesis-data/prediction/sample_46.npy,1
/kaggle/input/brats20-synthesis-data/prediction/sample_460.npy,1
/kaggle/input/brats20-synthesis-data/prediction/sample_461.npy,1
/kaggle/input/brats20-synthesis-data/prediction/sample_462.npy,1
/kaggle/input/brats20-synthesis-data/prediction/sample_463.npy,1
/kaggle/input/brats20-synthesis-data/prediction/sample_464.npy,1
/kaggle/input/brats20-synthesis-data/prediction/sample_465.npy,1
/kaggle/input/brats20-synthesis-data/prediction/sample_466.npy,1
/kaggle/input/brats20-synthesis-data/prediction/sample_467.npy,1
/kaggle/input/brats20-synthesis-data/prediction/sample_468.npy,1
/kaggle/input/brats20-synthesis-data/prediction/sample_469.npy,1
/kaggle/input/brats20-synthesis-data/prediction/sample_47.npy,1
/kaggle/input/brats20-synthesis-data/prediction/sample_470.npy,1
/kaggle/input/brats20-synthesis-data/prediction/sample_471.npy,1
/kaggle/input/brats20-synthesis-data/prediction/sample_472.npy,1
/kaggle/input/brats20-synthesis-data/prediction/sample_473.npy,1
/kaggle/input/brats20-synthesis-data/prediction/sample_474.npy,1
/kaggle/input/brats20-synthesis-data/prediction/sample_475.npy,1
/kaggle/input/brats20-synthesis-data/prediction/sample_476.npy,1
/kaggle/input/brats20-synthesis-data/prediction/sample_477.npy,1
/kaggle/input/brats20-synthesis-data/prediction/sample_478.npy,1
/kaggle/input/brats20-synthesis-data/prediction/sample_479.npy,1
/kaggle/input/brats20-synthesis-data/prediction/sample_48.npy,1
/kaggle/input/brats20-synthesis-data/prediction/sample_480.npy,1
/kaggle/input/brats20-synthesis-data/prediction/sample_481.npy,1
/kaggle/input/brats20-synthesis-data/prediction/sample_482.npy,1
/kaggle/input/brats20-synthesis-data/prediction/sample_483.npy,1
/kaggle/input/brats20-synthesis-data/prediction/sample_484.npy,1
/kaggle/input/brats20-synthesis-data/prediction/sample_485.npy,1
/kaggle/input/brats20-synthesis-data/prediction/sample_486.npy,1
/kaggle/input/brats20-synthesis-data/prediction/sample_487.npy,1
/kaggle/input/brats20-synthesis-data/prediction/sample_488.npy,1
/kaggle/input/brats20-synthesis-data/prediction/sample_489.npy,1
/kaggle/input/brats20-synthesis-data/prediction/sample_49.npy,1
/kaggle/input/brats20-synthesis-data/prediction/sample_490.npy,1
/kaggle/input/brats20-synthesis-data/prediction/sample_491.npy,1
/kaggle/input/brats20-synthesis-data/prediction/sample_492.npy,1
/kaggle/input/brats20-synthesis-data/prediction/sample_493.npy,1
/kaggle/input/brats20-synthesis-data/prediction/sample_494.npy,1
/kaggle/input/brats20-synthesis-data/prediction/sample_495.npy,1
/kaggle/input/brats20-synthesis-data/prediction/sample_496.npy,1
/kaggle/input/brats20-synthesis-data/prediction/sample_497.npy,1
/kaggle/input/brats20-synthesis-data/prediction/sample_498.npy,1
/kaggle/input/brats20-synthesis-data/prediction/sample_499.npy,1
/kaggle/input/brats20-synthesis-data/prediction/sample_5.npy,1
/kaggle/input/brats20-synthesis-data/prediction/sample_50.npy,1
/kaggle/input/brats20-synthesis-data/prediction/sample_500.npy,1
/kaggle/input/brats20-synthesis-data/prediction/sample_5001.npy,1
/kaggle/input/brats20-synthesis-data/prediction/sample_5002.npy,1
/kaggle/input/brats20-synthesis-data/prediction/sample_5003.npy,1
/kaggle/input/brats20-synthesis-data/prediction/sample_5004.npy,1
/kaggle/input/brats20-synthesis-data/prediction/sample_5005.npy,1
/kaggle/input/brats20-synthesis-data/prediction/sample_5006.npy,1
/kaggle/input/brats20-synthesis-data/prediction/sample_5007.npy,1
/kaggle/input/brats20-synthesis-data/prediction/sample_5008.npy,1
/kaggle/input/brats20-synthesis-data/prediction/sample_5009.npy,1
/kaggle/input/brats20-synthesis-data/prediction/sample_501.npy,1
/kaggle/input/brats20-synthesis-data/prediction/sample_5010.npy,1
/kaggle/input/brats20-synthesis-data/prediction/sample_5011.npy,1
/kaggle/input/brats20-synthesis-data/prediction/sample_5012.npy,1
/kaggle/input/brats20-synthesis-data/prediction/sample_5013.npy,1
/kaggle/input/brats20-synthesis-data/prediction/sample_5014.npy,1
/kaggle/input/brats20-synthesis-data/prediction/sample_5015.npy,1
/kaggle/input/brats20-synthesis-data/prediction/sample_5016.npy,1
/kaggle/input/brats20-synthesis-data/prediction/sample_5017.npy,1
/kaggle/input/brats20-synthesis-data/prediction/sample_5018.npy,1
/kaggle/input/brats20-synthesis-data/prediction/sample_5019.npy,1
/kaggle/input/brats20-synthesis-data/prediction/sample_502.npy,1
/kaggle/input/brats20-synthesis-data/prediction/sample_5020.npy,1
/kaggle/input/brats20-synthesis-data/prediction/sample_5021.npy,1
/kaggle/input/brats20-synthesis-data/prediction/sample_5022.npy,1
/kaggle/input/brats20-synthesis-data/prediction/sample_5023.npy,1
/kaggle/input/brats20-synthesis-data/prediction/sample_5024.npy,1
/kaggle/input/brats20-synthesis-data/prediction/sample_5025.npy,1
/kaggle/input/brats20-synthesis-data/prediction/sample_5026.npy,1
/kaggle/input/brats20-synthesis-data/prediction/sample_5027.npy,1
/kaggle/input/brats20-synthesis-data/prediction/sample_5028.npy,1
/kaggle/input/brats20-synthesis-data/prediction/sample_5029.npy,1
/kaggle/input/brats20-synthesis-data/prediction/sample_503.npy,1
/kaggle/input/brats20-synthesis-data/prediction/sample_5030.npy,1
/kaggle/input/brats20-synthesis-data/prediction/sample_5031.npy,1
/kaggle/input/brats20-synthesis-data/prediction/sample_5032.npy,1
/kaggle/input/brats20-synthesis-data/prediction/sample_5033.npy,1
/kaggle/input/brats20-synthesis-data/prediction/sample_5034.npy,1
/kaggle/input/brats20-synthesis-data/prediction/sample_5035.npy,1
/kaggle/input/brats20-synthesis-data/prediction/sample_5036.npy,1
/kaggle/input/brats20-synthesis-data/prediction/sample_5037.npy,1
/kaggle/input/brats20-synthesis-data/prediction/sample_5038.npy,1
/kaggle/input/brats20-synthesis-data/prediction/sample_5039.npy,1
/kaggle/input/brats20-synthesis-data/prediction/sample_504.npy,1
/kaggle/input/brats20-synthesis-data/prediction/sample_5040.npy,1
/kaggle/input/brats20-synthesis-data/prediction/sample_5041.npy,1
/kaggle/input/brats20-synthesis-data/prediction/sample_5042.npy,1
/kaggle/input/brats20-synthesis-data/prediction/sample_5043.npy,1
/kaggle/input/brats20-synthesis-data/prediction/sample_5044.npy,1
/kaggle/input/brats20-synthesis-data/prediction/sample_5045.npy,1
/kaggle/input/brats20-synthesis-data/prediction/sample_5046.npy,1
/kaggle/input/brats20-synthesis-data/prediction/sample_5047.npy,1
/kaggle/input/brats20-synthesis-data/prediction/sample_5048.npy,1
/kaggle/input/brats20-synthesis-data/prediction/sample_5049.npy,1
/kaggle/input/brats20-synthesis-data/prediction/sample_505.npy,1
/kaggle/input/brats20-synthesis-data/prediction/sample_5050.npy,1
/kaggle/input/brats20-synthesis-data/prediction/sample_5051.npy,1
/kaggle/input/brats20-synthesis-data/prediction/sample_5052.npy,1
/kaggle/input/brats20-synthesis-data/prediction/sample_5053.npy,1
/kaggle/input/brats20-synthesis-data/prediction/sample_5054.npy,1
/kaggle/input/brats20-synthesis-data/prediction/sample_5055.npy,1
/kaggle/input/brats20-synthesis-data/prediction/sample_5056.npy,1
/kaggle/input/brats20-synthesis-data/prediction/sample_5057.npy,1
/kaggle/input/brats20-synthesis-data/prediction/sample_5058.npy,1
/kaggle/input/brats20-synthesis-data/prediction/sample_5059.npy,1
/kaggle/input/brats20-synthesis-data/prediction/sample_506.npy,1
/kaggle/input/brats20-synthesis-data/prediction/sample_5060.npy,1
/kaggle/input/brats20-synthesis-data/prediction/sample_5061.npy,1
/kaggle/input/brats20-synthesis-data/prediction/sample_5062.npy,1
/kaggle/input/brats20-synthesis-data/prediction/sample_5063.npy,1
/kaggle/input/brats20-synthesis-data/prediction/sample_5064.npy,1
/kaggle/input/brats20-synthesis-data/prediction/sample_5065.npy,1
/kaggle/input/brats20-synthesis-data/prediction/sample_5066.npy,1
/kaggle/input/brats20-synthesis-data/prediction/sample_5067.npy,1
/kaggle/input/brats20-synthesis-data/prediction/sample_5068.npy,1
/kaggle/input/brats20-synthesis-data/prediction/sample_5069.npy,1
/kaggle/input/brats20-synthesis-data/prediction/sample_507.npy,1
/kaggle/input/brats20-synthesis-data/prediction/sample_5070.npy,1
/kaggle/input/brats20-synthesis-data/prediction/sample_5071.npy,1
/kaggle/input/brats20-synthesis-data/prediction/sample_5072.npy,1
/kaggle/input/brats20-synthesis-data/prediction/sample_5073.npy,1
/kaggle/input/brats20-synthesis-data/prediction/sample_5074.npy,1
/kaggle/input/brats20-synthesis-data/prediction/sample_5075.npy,1
/kaggle/input/brats20-synthesis-data/prediction/sample_5076.npy,1
/kaggle/input/brats20-synthesis-data/prediction/sample_5077.npy,1
/kaggle/input/brats20-synthesis-data/prediction/sample_5078.npy,1
/kaggle/input/brats20-synthesis-data/prediction/sample_5079.npy,1
/kaggle/input/brats20-synthesis-data/prediction/sample_508.npy,1
/kaggle/input/brats20-synthesis-data/prediction/sample_5080.npy,1
/kaggle/input/brats20-synthesis-data/prediction/sample_5081.npy,1
/kaggle/input/brats20-synthesis-data/prediction/sample_5082.npy,1
/kaggle/input/brats20-synthesis-data/prediction/sample_5083.npy,1
/kaggle/input/brats20-synthesis-data/prediction/sample_5084.npy,1
/kaggle/input/brats20-synthesis-data/prediction/sample_5085.npy,1
/kaggle/input/brats20-synthesis-data/prediction/sample_5086.npy,1
/kaggle/input/brats20-synthesis-data/prediction/sample_5087.npy,1
/kaggle/input/brats20-synthesis-data/prediction/sample_5088.npy,1
/kaggle/input/brats20-synthesis-data/prediction/sample_5089.npy,1
/kaggle/input/brats20-synthesis-data/prediction/sample_509.npy,1
/kaggle/input/brats20-synthesis-data/prediction/sample_5090.npy,1
/kaggle/input/brats20-synthesis-data/prediction/sample_5091.npy,1
/kaggle/input/brats20-synthesis-data/prediction/sample_5092.npy,1
/kaggle/input/brats20-synthesis-data/prediction/sample_5093.npy,1
/kaggle/input/brats20-synthesis-data/prediction/sample_5094.npy,1
/kaggle/input/brats20-synthesis-data/prediction/sample_5095.npy,1
/kaggle/input/brats20-synthesis-data/prediction/sample_5096.npy,1
/kaggle/input/brats20-synthesis-data/prediction/sample_5097.npy,1
/kaggle/input/brats20-synthesis-data/prediction/sample_5098.npy,1
/kaggle/input/brats20-synthesis-data/prediction/sample_5099.npy,1
/kaggle/input/brats20-synthesis-data/prediction/sample_51.npy,1
/kaggle/input/brats20-synthesis-data/prediction/sample_510.npy,1
/kaggle/input/brats20-synthesis-data/prediction/sample_5100.npy,1
/kaggle/input/brats20-synthesis-data/prediction/sample_5101.npy,1
/kaggle/input/brats20-synthesis-data/prediction/sample_5102.npy,1
/kaggle/input/brats20-synthesis-data/prediction/sample_5103.npy,1
/kaggle/input/brats20-synthesis-data/prediction/sample_5104.npy,1
/kaggle/input/brats20-synthesis-data/prediction/sample_5105.npy,1
/kaggle/input/brats20-synthesis-data/prediction/sample_5106.npy,1
/kaggle/input/brats20-synthesis-data/prediction/sample_5107.npy,1
/kaggle/input/brats20-synthesis-data/prediction/sample_5108.npy,1
/kaggle/input/brats20-synthesis-data/prediction/sample_5109.npy,1
/kaggle/input/brats20-synthesis-data/prediction/sample_511.npy,1
/kaggle/input/brats20-synthesis-data/prediction/sample_5110.npy,1
/kaggle/input/brats20-synthesis-data/prediction/sample_5111.npy,1
/kaggle/input/brats20-synthesis-data/prediction/sample_5112.npy,1
/kaggle/input/brats20-synthesis-data/prediction/sample_5113.npy,1
/kaggle/input/brats20-synthesis-data/prediction/sample_5114.npy,1
/kaggle/input/brats20-synthesis-data/prediction/sample_5115.npy,1
/kaggle/input/brats20-synthesis-data/prediction/sample_5116.npy,1
/kaggle/input/brats20-synthesis-data/prediction/sample_5117.npy,1
/kaggle/input/brats20-synthesis-data/prediction/sample_5118.npy,1
/kaggle/input/brats20-synthesis-data/prediction/sample_5119.npy,1
/kaggle/input/brats20-synthesis-data/prediction/sample_512.npy,1
/kaggle/input/brats20-synthesis-data/prediction/sample_5120.npy,1
/kaggle/input/brats20-synthesis-data/prediction/sample_5121.npy,1
/kaggle/input/brats20-synthesis-data/prediction/sample_5122.npy,1
/kaggle/input/brats20-synthesis-data/prediction/sample_5123.npy,1
/kaggle/input/brats20-synthesis-data/prediction/sample_5124.npy,1
/kaggle/input/brats20-synthesis-data/prediction/sample_5125.npy,1
/kaggle/input/brats20-synthesis-data/prediction/sample_5126.npy,1
/kaggle/input/brats20-synthesis-data/prediction/sample_5127.npy,1
/kaggle/input/brats20-synthesis-data/prediction/sample_5128.npy,1
/kaggle/input/brats20-synthesis-data/prediction/sample_5129.npy,1
/kaggle/input/brats20-synthesis-data/prediction/sample_513.npy,1
/kaggle/input/brats20-synthesis-data/prediction/sample_5130.npy,1
/kaggle/input/brats20-synthesis-data/prediction/sample_5131.npy,1
/kaggle/input/brats20-synthesis-data/prediction/sample_5132.npy,1
/kaggle/input/brats20-synthesis-data/prediction/sample_5133.npy,1
/kaggle/input/brats20-synthesis-data/prediction/sample_5134.npy,1
/kaggle/input/brats20-synthesis-data/prediction/sample_5135.npy,1
/kaggle/input/brats20-synthesis-data/prediction/sample_5136.npy,1
/kaggle/input/brats20-synthesis-data/prediction/sample_5137.npy,1
/kaggle/input/brats20-synthesis-data/prediction/sample_5138.npy,1
/kaggle/input/brats20-synthesis-data/prediction/sample_5139.npy,1
/kaggle/input/brats20-synthesis-data/prediction/sample_514.npy,1
/kaggle/input/brats20-synthesis-data/prediction/sample_5140.npy,1
/kaggle/input/brats20-synthesis-data/prediction/sample_5141.npy,1
/kaggle/input/brats20-synthesis-data/prediction/sample_5142.npy,1
/kaggle/input/brats20-synthesis-data/prediction/sample_5143.npy,1
/kaggle/input/brats20-synthesis-data/prediction/sample_5144.npy,1
/kaggle/input/brats20-synthesis-data/prediction/sample_5145.npy,1
/kaggle/input/brats20-synthesis-data/prediction/sample_5146.npy,1
/kaggle/input/brats20-synthesis-data/prediction/sample_5147.npy,1
/kaggle/input/brats20-synthesis-data/prediction/sample_5148.npy,1
/kaggle/input/brats20-synthesis-data/prediction/sample_5149.npy,1
/kaggle/input/brats20-synthesis-data/prediction/sample_515.npy,1
/kaggle/input/brats20-synthesis-data/prediction/sample_5150.npy,1
/kaggle/input/brats20-synthesis-data/prediction/sample_5151.npy,1
/kaggle/input/brats20-synthesis-data/prediction/sample_5152.npy,1
/kaggle/input/brats20-synthesis-data/prediction/sample_5153.npy,1
/kaggle/input/brats20-synthesis-data/prediction/sample_5154.npy,1
/kaggle/input/brats20-synthesis-data/prediction/sample_5155.npy,1
/kaggle/input/brats20-synthesis-data/prediction/sample_5156.npy,1
/kaggle/input/brats20-synthesis-data/prediction/sample_5157.npy,1
/kaggle/input/brats20-synthesis-data/prediction/sample_5158.npy,1
/kaggle/input/brats20-synthesis-data/prediction/sample_5159.npy,1
/kaggle/input/brats20-synthesis-data/prediction/sample_516.npy,1
/kaggle/input/brats20-synthesis-data/prediction/sample_5160.npy,1
/kaggle/input/brats20-synthesis-data/prediction/sample_5161.npy,1
/kaggle/input/brats20-synthesis-data/prediction/sample_5162.npy,1
/kaggle/input/brats20-synthesis-data/prediction/sample_5163.npy,1
/kaggle/input/brats20-synthesis-data/prediction/sample_5164.npy,1
/kaggle/input/brats20-synthesis-data/prediction/sample_5165.npy,1
/kaggle/input/brats20-synthesis-data/prediction/sample_5166.npy,1
/kaggle/input/brats20-synthesis-data/prediction/sample_5167.npy,1
/kaggle/input/brats20-synthesis-data/prediction/sample_5168.npy,1
/kaggle/input/brats20-synthesis-data/prediction/sample_5169.npy,1
/kaggle/input/brats20-synthesis-data/prediction/sample_517.npy,1
/kaggle/input/brats20-synthesis-data/prediction/sample_5170.npy,1
/kaggle/input/brats20-synthesis-data/prediction/sample_5171.npy,1
/kaggle/input/brats20-synthesis-data/prediction/sample_5172.npy,1
/kaggle/input/brats20-synthesis-data/prediction/sample_5173.npy,1
/kaggle/input/brats20-synthesis-data/prediction/sample_5174.npy,1
/kaggle/input/brats20-synthesis-data/prediction/sample_5175.npy,1
/kaggle/input/brats20-synthesis-data/prediction/sample_5176.npy,1
/kaggle/input/brats20-synthesis-data/prediction/sample_5177.npy,1
/kaggle/input/brats20-synthesis-data/prediction/sample_5178.npy,1
/kaggle/input/brats20-synthesis-data/prediction/sample_5179.npy,1
/kaggle/input/brats20-synthesis-data/prediction/sample_518.npy,1
/kaggle/input/brats20-synthesis-data/prediction/sample_5180.npy,1
/kaggle/input/brats20-synthesis-data/prediction/sample_5181.npy,1
/kaggle/input/brats20-synthesis-data/prediction/sample_5182.npy,1
/kaggle/input/brats20-synthesis-data/prediction/sample_5183.npy,1
/kaggle/input/brats20-synthesis-data/prediction/sample_5184.npy,1
/kaggle/input/brats20-synthesis-data/prediction/sample_5185.npy,1
/kaggle/input/brats20-synthesis-data/prediction/sample_5186.npy,1
/kaggle/input/brats20-synthesis-data/prediction/sample_5187.npy,1
/kaggle/input/brats20-synthesis-data/prediction/sample_5188.npy,1
/kaggle/input/brats20-synthesis-data/prediction/sample_5189.npy,1
/kaggle/input/brats20-synthesis-data/prediction/sample_519.npy,1
/kaggle/input/brats20-synthesis-data/prediction/sample_5190.npy,1
/kaggle/input/brats20-synthesis-data/prediction/sample_5191.npy,1
/kaggle/input/brats20-synthesis-data/prediction/sample_5192.npy,1
/kaggle/input/brats20-synthesis-data/prediction/sample_5193.npy,1
/kaggle/input/brats20-synthesis-data/prediction/sample_5194.npy,1
/kaggle/input/brats20-synthesis-data/prediction/sample_5195.npy,1
/kaggle/input/brats20-synthesis-data/prediction/sample_5196.npy,1
/kaggle/input/brats20-synthesis-data/prediction/sample_5197.npy,1
/kaggle/input/brats20-synthesis-data/prediction/sample_5198.npy,1
/kaggle/input/brats20-synthesis-data/prediction/sample_5199.npy,1
/kaggle/input/brats20-synthesis-data/prediction/sample_52.npy,1
/kaggle/input/brats20-synthesis-data/prediction/sample_520.npy,1
/kaggle/input/brats20-synthesis-data/prediction/sample_5200.npy,1
/kaggle/input/brats20-synthesis-data/prediction/sample_5201.npy,1
/kaggle/input/brats20-synthesis-data/prediction/sample_5202.npy,1
/kaggle/input/brats20-synthesis-data/prediction/sample_5203.npy,1
/kaggle/input/brats20-synthesis-data/prediction/sample_5204.npy,1
/kaggle/input/brats20-synthesis-data/prediction/sample_5205.npy,1
/kaggle/input/brats20-synthesis-data/prediction/sample_5206.npy,1
/kaggle/input/brats20-synthesis-data/prediction/sample_5207.npy,1
/kaggle/input/brats20-synthesis-data/prediction/sample_5208.npy,1
/kaggle/input/brats20-synthesis-data/prediction/sample_5209.npy,1
/kaggle/input/brats20-synthesis-data/prediction/sample_521.npy,1
/kaggle/input/brats20-synthesis-data/prediction/sample_5210.npy,1
/kaggle/input/brats20-synthesis-data/prediction/sample_5211.npy,1
/kaggle/input/brats20-synthesis-data/prediction/sample_5212.npy,1
/kaggle/input/brats20-synthesis-data/prediction/sample_5213.npy,1
/kaggle/input/brats20-synthesis-data/prediction/sample_5214.npy,1
/kaggle/input/brats20-synthesis-data/prediction/sample_5215.npy,1
/kaggle/input/brats20-synthesis-data/prediction/sample_5216.npy,1
/kaggle/input/brats20-synthesis-data/prediction/sample_5217.npy,1
/kaggle/input/brats20-synthesis-data/prediction/sample_5218.npy,1
/kaggle/input/brats20-synthesis-data/prediction/sample_5219.npy,1
/kaggle/input/brats20-synthesis-data/prediction/sample_522.npy,1
/kaggle/input/brats20-synthesis-data/prediction/sample_5220.npy,1
/kaggle/input/brats20-synthesis-data/prediction/sample_5221.npy,1
/kaggle/input/brats20-synthesis-data/prediction/sample_5222.npy,1
/kaggle/input/brats20-synthesis-data/prediction/sample_5223.npy,1
/kaggle/input/brats20-synthesis-data/prediction/sample_5224.npy,1
/kaggle/input/brats20-synthesis-data/prediction/sample_5225.npy,1
/kaggle/input/brats20-synthesis-data/prediction/sample_5226.npy,1
/kaggle/input/brats20-synthesis-data/prediction/sample_5227.npy,1
/kaggle/input/brats20-synthesis-data/prediction/sample_5228.npy,1
/kaggle/input/brats20-synthesis-data/prediction/sample_5229.npy,1
/kaggle/input/brats20-synthesis-data/prediction/sample_523.npy,1
/kaggle/input/brats20-synthesis-data/prediction/sample_5230.npy,1
/kaggle/input/brats20-synthesis-data/prediction/sample_5231.npy,1
/kaggle/input/brats20-synthesis-data/prediction/sample_5232.npy,1
/kaggle/input/brats20-synthesis-data/prediction/sample_5233.npy,1
/kaggle/input/brats20-synthesis-data/prediction/sample_5234.npy,1
/kaggle/input/brats20-synthesis-data/prediction/sample_5235.npy,1
/kaggle/input/brats20-synthesis-data/prediction/sample_5236.npy,1
/kaggle/input/brats20-synthesis-data/prediction/sample_5237.npy,1
/kaggle/input/brats20-synthesis-data/prediction/sample_5238.npy,1
/kaggle/input/brats20-synthesis-data/prediction/sample_5239.npy,1
/kaggle/input/brats20-synthesis-data/prediction/sample_524.npy,1
/kaggle/input/brats20-synthesis-data/prediction/sample_5240.npy,1
/kaggle/input/brats20-synthesis-data/prediction/sample_5241.npy,1
/kaggle/input/brats20-synthesis-data/prediction/sample_5242.npy,1
/kaggle/input/brats20-synthesis-data/prediction/sample_5243.npy,1
/kaggle/input/brats20-synthesis-data/prediction/sample_5244.npy,1
/kaggle/input/brats20-synthesis-data/prediction/sample_5245.npy,1
/kaggle/input/brats20-synthesis-data/prediction/sample_5246.npy,1
/kaggle/input/brats20-synthesis-data/prediction/sample_5247.npy,1
/kaggle/input/brats20-synthesis-data/prediction/sample_5248.npy,1
/kaggle/input/brats20-synthesis-data/prediction/sample_5249.npy,1
/kaggle/input/brats20-synthesis-data/prediction/sample_525.npy,1
/kaggle/input/brats20-synthesis-data/prediction/sample_5250.npy,1
/kaggle/input/brats20-synthesis-data/prediction/sample_5251.npy,1
/kaggle/input/brats20-synthesis-data/prediction/sample_5252.npy,1
/kaggle/input/brats20-synthesis-data/prediction/sample_5253.npy,1
/kaggle/input/brats20-synthesis-data/prediction/sample_5254.npy,1
/kaggle/input/brats20-synthesis-data/prediction/sample_5255.npy,1
/kaggle/input/brats20-synthesis-data/prediction/sample_5256.npy,1
/kaggle/input/brats20-synthesis-data/prediction/sample_5257.npy,1
/kaggle/input/brats20-synthesis-data/prediction/sample_5258.npy,1
/kaggle/input/brats20-synthesis-data/prediction/sample_5259.npy,1
/kaggle/input/brats20-synthesis-data/prediction/sample_526.npy,1
/kaggle/input/brats20-synthesis-data/prediction/sample_5260.npy,1
/kaggle/input/brats20-synthesis-data/prediction/sample_5261.npy,1
/kaggle/input/brats20-synthesis-data/prediction/sample_5262.npy,1
/kaggle/input/brats20-synthesis-data/prediction/sample_5263.npy,1
/kaggle/input/brats20-synthesis-data/prediction/sample_5264.npy,1
/kaggle/input/brats20-synthesis-data/prediction/sample_5265.npy,1
/kaggle/input/brats20-synthesis-data/prediction/sample_5266.npy,1
/kaggle/input/brats20-synthesis-data/prediction/sample_5267.npy,1
/kaggle/input/brats20-synthesis-data/prediction/sample_5268.npy,1
/kaggle/input/brats20-synthesis-data/prediction/sample_5269.npy,1
/kaggle/input/brats20-synthesis-data/prediction/sample_527.npy,1
/kaggle/input/brats20-synthesis-data/prediction/sample_5270.npy,1
/kaggle/input/brats20-synthesis-data/prediction/sample_5271.npy,1
/kaggle/input/brats20-synthesis-data/prediction/sample_5272.npy,1
/kaggle/input/brats20-synthesis-data/prediction/sample_5273.npy,1
/kaggle/input/brats20-synthesis-data/prediction/sample_5274.npy,1
/kaggle/input/brats20-synthesis-data/prediction/sample_5275.npy,1
/kaggle/input/brats20-synthesis-data/prediction/sample_5276.npy,1
/kaggle/input/brats20-synthesis-data/prediction/sample_5277.npy,1
/kaggle/input/brats20-synthesis-data/prediction/sample_5278.npy,1
/kaggle/input/brats20-synthesis-data/prediction/sample_5279.npy,1
/kaggle/input/brats20-synthesis-data/prediction/sample_528.npy,1
/kaggle/input/brats20-synthesis-data/prediction/sample_5280.npy,1
/kaggle/input/brats20-synthesis-data/prediction/sample_5281.npy,1
/kaggle/input/brats20-synthesis-data/prediction/sample_5282.npy,1
/kaggle/input/brats20-synthesis-data/prediction/sample_5283.npy,1
/kaggle/input/brats20-synthesis-data/prediction/sample_5284.npy,1
/kaggle/input/brats20-synthesis-data/prediction/sample_5285.npy,1
/kaggle/input/brats20-synthesis-data/prediction/sample_5286.npy,1
/kaggle/input/brats20-synthesis-data/prediction/sample_5287.npy,1
/kaggle/input/brats20-synthesis-data/prediction/sample_5288.npy,1
/kaggle/input/brats20-synthesis-data/prediction/sample_5289.npy,1
/kaggle/input/brats20-synthesis-data/prediction/sample_529.npy,1
/kaggle/input/brats20-synthesis-data/prediction/sample_5290.npy,1
/kaggle/input/brats20-synthesis-data/prediction/sample_5291.npy,1
/kaggle/input/brats20-synthesis-data/prediction/sample_5292.npy,1
/kaggle/input/brats20-synthesis-data/prediction/sample_5293.npy,1
/kaggle/input/brats20-synthesis-data/prediction/sample_5294.npy,1
/kaggle/input/brats20-synthesis-data/prediction/sample_5295.npy,1
/kaggle/input/brats20-synthesis-data/prediction/sample_5296.npy,1
/kaggle/input/brats20-synthesis-data/prediction/sample_5297.npy,1
/kaggle/input/brats20-synthesis-data/prediction/sample_5298.npy,1
/kaggle/input/brats20-synthesis-data/prediction/sample_5299.npy,1
/kaggle/input/brats20-synthesis-data/prediction/sample_53.npy,1
/kaggle/input/brats20-synthesis-data/prediction/sample_530.npy,1
/kaggle/input/brats20-synthesis-data/prediction/sample_5300.npy,1
/kaggle/input/brats20-synthesis-data/prediction/sample_5301.npy,1
/kaggle/input/brats20-synthesis-data/prediction/sample_5302.npy,1
/kaggle/input/brats20-synthesis-data/prediction/sample_5303.npy,1
/kaggle/input/brats20-synthesis-data/prediction/sample_5304.npy,1
/kaggle/input/brats20-synthesis-data/prediction/sample_5305.npy,1
/kaggle/input/brats20-synthesis-data/prediction/sample_5306.npy,1
/kaggle/input/brats20-synthesis-data/prediction/sample_5307.npy,1
/kaggle/input/brats20-synthesis-data/prediction/sample_5308.npy,1
/kaggle/input/brats20-synthesis-data/prediction/sample_5309.npy,1
/kaggle/input/brats20-synthesis-data/prediction/sample_531.npy,1
/kaggle/input/brats20-synthesis-data/prediction/sample_5310.npy,1
/kaggle/input/brats20-synthesis-data/prediction/sample_5311.npy,1
/kaggle/input/brats20-synthesis-data/prediction/sample_5312.npy,1
/kaggle/input/brats20-synthesis-data/prediction/sample_5313.npy,1
/kaggle/input/brats20-synthesis-data/prediction/sample_5314.npy,1
/kaggle/input/brats20-synthesis-data/prediction/sample_5315.npy,1
/kaggle/input/brats20-synthesis-data/prediction/sample_5316.npy,1
/kaggle/input/brats20-synthesis-data/prediction/sample_5317.npy,1
/kaggle/input/brats20-synthesis-data/prediction/sample_5318.npy,1
/kaggle/input/brats20-synthesis-data/prediction/sample_5319.npy,1
/kaggle/input/brats20-synthesis-data/prediction/sample_532.npy,1
/kaggle/input/brats20-synthesis-data/prediction/sample_5320.npy,1
/kaggle/input/brats20-synthesis-data/prediction/sample_5321.npy,1
/kaggle/input/brats20-synthesis-data/prediction/sample_5322.npy,1
/kaggle/input/brats20-synthesis-data/prediction/sample_5323.npy,1
/kaggle/input/brats20-synthesis-data/prediction/sample_5324.npy,1
/kaggle/input/brats20-synthesis-data/prediction/sample_5325.npy,1
/kaggle/input/brats20-synthesis-data/prediction/sample_5326.npy,1
/kaggle/input/brats20-synthesis-data/prediction/sample_5327.npy,1
/kaggle/input/brats20-synthesis-data/prediction/sample_5328.npy,1
/kaggle/input/brats20-synthesis-data/prediction/sample_5329.npy,1
/kaggle/input/brats20-synthesis-data/prediction/sample_533.npy,1
/kaggle/input/brats20-synthesis-data/prediction/sample_5330.npy,1
/kaggle/input/brats20-synthesis-data/prediction/sample_5331.npy,1
/kaggle/input/brats20-synthesis-data/prediction/sample_5332.npy,1
/kaggle/input/brats20-synthesis-data/prediction/sample_5333.npy,1
/kaggle/input/brats20-synthesis-data/prediction/sample_5334.npy,1
/kaggle/input/brats20-synthesis-data/prediction/sample_5335.npy,1
/kaggle/input/brats20-synthesis-data/prediction/sample_5336.npy,1
/kaggle/input/brats20-synthesis-data/prediction/sample_5337.npy,1
/kaggle/input/brats20-synthesis-data/prediction/sample_5338.npy,1
/kaggle/input/brats20-synthesis-data/prediction/sample_5339.npy,1
/kaggle/input/brats20-synthesis-data/prediction/sample_534.npy,1
/kaggle/input/brats20-synthesis-data/prediction/sample_5340.npy,1
/kaggle/input/brats20-synthesis-data/prediction/sample_5341.npy,1
/kaggle/input/brats20-synthesis-data/prediction/sample_5342.npy,1
/kaggle/input/brats20-synthesis-data/prediction/sample_5343.npy,1
/kaggle/input/brats20-synthesis-data/prediction/sample_5344.npy,1
/kaggle/input/brats20-synthesis-data/prediction/sample_5345.npy,1
/kaggle/input/brats20-synthesis-data/prediction/sample_5346.npy,1
/kaggle/input/brats20-synthesis-data/prediction/sample_5347.npy,1
/kaggle/input/brats20-synthesis-data/prediction/sample_5348.npy,1
/kaggle/input/brats20-synthesis-data/prediction/sample_5349.npy,1
/kaggle/input/brats20-synthesis-data/prediction/sample_535.npy,1
/kaggle/input/brats20-synthesis-data/prediction/sample_5350.npy,1
/kaggle/input/brats20-synthesis-data/prediction/sample_5351.npy,1
/kaggle/input/brats20-synthesis-data/prediction/sample_5352.npy,1
/kaggle/input/brats20-synthesis-data/prediction/sample_5353.npy,1
/kaggle/input/brats20-synthesis-data/prediction/sample_5354.npy,1
/kaggle/input/brats20-synthesis-data/prediction/sample_5355.npy,1
/kaggle/input/brats20-synthesis-data/prediction/sample_5356.npy,1
/kaggle/input/brats20-synthesis-data/prediction/sample_5357.npy,1
/kaggle/input/brats20-synthesis-data/prediction/sample_5358.npy,1
/kaggle/input/brats20-synthesis-data/prediction/sample_5359.npy,1
/kaggle/input/brats20-synthesis-data/prediction/sample_536.npy,1
/kaggle/input/brats20-synthesis-data/prediction/sample_5360.npy,1
/kaggle/input/brats20-synthesis-data/prediction/sample_5361.npy,1
/kaggle/input/brats20-synthesis-data/prediction/sample_5362.npy,1
/kaggle/input/brats20-synthesis-data/prediction/sample_5363.npy,1
/kaggle/input/brats20-synthesis-data/prediction/sample_5364.npy,1
/kaggle/input/brats20-synthesis-data/prediction/sample_5365.npy,1
/kaggle/input/brats20-synthesis-data/prediction/sample_5366.npy,1
/kaggle/input/brats20-synthesis-data/prediction/sample_5367.npy,1
/kaggle/input/brats20-synthesis-data/prediction/sample_5368.npy,1
/kaggle/input/brats20-synthesis-data/prediction/sample_5369.npy,1
/kaggle/input/brats20-synthesis-data/prediction/sample_537.npy,1
/kaggle/input/brats20-synthesis-data/prediction/sample_5370.npy,1
/kaggle/input/brats20-synthesis-data/prediction/sample_5371.npy,1
/kaggle/input/brats20-synthesis-data/prediction/sample_5372.npy,1
/kaggle/input/brats20-synthesis-data/prediction/sample_5373.npy,1
/kaggle/input/brats20-synthesis-data/prediction/sample_5374.npy,1
/kaggle/input/brats20-synthesis-data/prediction/sample_5375.npy,1
/kaggle/input/brats20-synthesis-data/prediction/sample_5376.npy,1
/kaggle/input/brats20-synthesis-data/prediction/sample_5377.npy,1
/kaggle/input/brats20-synthesis-data/prediction/sample_5378.npy,1
/kaggle/input/brats20-synthesis-data/prediction/sample_5379.npy,1
/kaggle/input/brats20-synthesis-data/prediction/sample_538.npy,1
/kaggle/input/brats20-synthesis-data/prediction/sample_5380.npy,1
/kaggle/input/brats20-synthesis-data/prediction/sample_5381.npy,1
/kaggle/input/brats20-synthesis-data/prediction/sample_5382.npy,1
/kaggle/input/brats20-synthesis-data/prediction/sample_5383.npy,1
/kaggle/input/brats20-synthesis-data/prediction/sample_5384.npy,1
/kaggle/input/brats20-synthesis-data/prediction/sample_5385.npy,1
/kaggle/input/brats20-synthesis-data/prediction/sample_5386.npy,1
/kaggle/input/brats20-synthesis-data/prediction/sample_5387.npy,1
/kaggle/input/brats20-synthesis-data/prediction/sample_5388.npy,1
/kaggle/input/brats20-synthesis-data/prediction/sample_5389.npy,1
/kaggle/input/brats20-synthesis-data/prediction/sample_539.npy,1
/kaggle/input/brats20-synthesis-data/prediction/sample_5390.npy,1
/kaggle/input/brats20-synthesis-data/prediction/sample_5391.npy,1
/kaggle/input/brats20-synthesis-data/prediction/sample_5392.npy,1
/kaggle/input/brats20-synthesis-data/prediction/sample_5393.npy,1
/kaggle/input/brats20-synthesis-data/prediction/sample_5394.npy,1
/kaggle/input/brats20-synthesis-data/prediction/sample_5395.npy,1
/kaggle/input/brats20-synthesis-data/prediction/sample_5396.npy,1
/kaggle/input/brats20-synthesis-data/prediction/sample_5397.npy,1
/kaggle/input/brats20-synthesis-data/prediction/sample_5398.npy,1
/kaggle/input/brats20-synthesis-data/prediction/sample_5399.npy,1
/kaggle/input/brats20-synthesis-data/prediction/sample_54.npy,1
/kaggle/input/brats20-synthesis-data/prediction/sample_540.npy,1
/kaggle/input/brats20-synthesis-data/prediction/sample_5400.npy,1
/kaggle/input/brats20-synthesis-data/prediction/sample_5401.npy,1
/kaggle/input/brats20-synthesis-data/prediction/sample_5402.npy,1
/kaggle/input/brats20-synthesis-data/prediction/sample_5403.npy,1
/kaggle/input/brats20-synthesis-data/prediction/sample_5404.npy,1
/kaggle/input/brats20-synthesis-data/prediction/sample_5405.npy,1
/kaggle/input/brats20-synthesis-data/prediction/sample_5406.npy,1
/kaggle/input/brats20-synthesis-data/prediction/sample_5407.npy,1
/kaggle/input/brats20-synthesis-data/prediction/sample_5408.npy,1
/kaggle/input/brats20-synthesis-data/prediction/sample_5409.npy,1
/kaggle/input/brats20-synthesis-data/prediction/sample_541.npy,1
/kaggle/input/brats20-synthesis-data/prediction/sample_5410.npy,1
/kaggle/input/brats20-synthesis-data/prediction/sample_5411.npy,1
/kaggle/input/brats20-synthesis-data/prediction/sample_5412.npy,1
/kaggle/input/brats20-synthesis-data/prediction/sample_5413.npy,1
/kaggle/input/brats20-synthesis-data/prediction/sample_5414.npy,1
/kaggle/input/brats20-synthesis-data/prediction/sample_5415.npy,1
/kaggle/input/brats20-synthesis-data/prediction/sample_5416.npy,1
/kaggle/input/brats20-synthesis-data/prediction/sample_5417.npy,1
/kaggle/input/brats20-synthesis-data/prediction/sample_5418.npy,1
/kaggle/input/brats20-synthesis-data/prediction/sample_5419.npy,1
/kaggle/input/brats20-synthesis-data/prediction/sample_542.npy,1
/kaggle/input/brats20-synthesis-data/prediction/sample_5420.npy,1
/kaggle/input/brats20-synthesis-data/prediction/sample_5421.npy,1
/kaggle/input/brats20-synthesis-data/prediction/sample_5422.npy,1
/kaggle/input/brats20-synthesis-data/prediction/sample_5423.npy,1
/kaggle/input/brats20-synthesis-data/prediction/sample_5424.npy,1
/kaggle/input/brats20-synthesis-data/prediction/sample_5425.npy,1
/kaggle/input/brats20-synthesis-data/prediction/sample_5426.npy,1
/kaggle/input/brats20-synthesis-data/prediction/sample_5427.npy,1
/kaggle/input/brats20-synthesis-data/prediction/sample_5428.npy,1
/kaggle/input/brats20-synthesis-data/prediction/sample_5429.npy,1
/kaggle/input/brats20-synthesis-data/prediction/sample_543.npy,1
/kaggle/input/brats20-synthesis-data/prediction/sample_5430.npy,1
/kaggle/input/brats20-synthesis-data/prediction/sample_5431.npy,1
/kaggle/input/brats20-synthesis-data/prediction/sample_5432.npy,1
/kaggle/input/brats20-synthesis-data/prediction/sample_5433.npy,1
/kaggle/input/brats20-synthesis-data/prediction/sample_5434.npy,1
/kaggle/input/brats20-synthesis-data/prediction/sample_5435.npy,1
/kaggle/input/brats20-synthesis-data/prediction/sample_5436.npy,1
/kaggle/input/brats20-synthesis-data/prediction/sample_5437.npy,1
/kaggle/input/brats20-synthesis-data/prediction/sample_5438.npy,1
/kaggle/input/brats20-synthesis-data/prediction/sample_5439.npy,1
/kaggle/input/brats20-synthesis-data/prediction/sample_544.npy,1
/kaggle/input/brats20-synthesis-data/prediction/sample_5440.npy,1
/kaggle/input/brats20-synthesis-data/prediction/sample_5441.npy,1
/kaggle/input/brats20-synthesis-data/prediction/sample_5442.npy,1
/kaggle/input/brats20-synthesis-data/prediction/sample_5443.npy,1
/kaggle/input/brats20-synthesis-data/prediction/sample_5444.npy,1
/kaggle/input/brats20-synthesis-data/prediction/sample_5445.npy,1
/kaggle/input/brats20-synthesis-data/prediction/sample_5446.npy,1
/kaggle/input/brats20-synthesis-data/prediction/sample_5447.npy,1
/kaggle/input/brats20-synthesis-data/prediction/sample_5448.npy,1
/kaggle/input/brats20-synthesis-data/prediction/sample_5449.npy,1
/kaggle/input/brats20-synthesis-data/prediction/sample_545.npy,1
/kaggle/input/brats20-synthesis-data/prediction/sample_5450.npy,1
/kaggle/input/brats20-synthesis-data/prediction/sample_5451.npy,1
/kaggle/input/brats20-synthesis-data/prediction/sample_5452.npy,1
/kaggle/input/brats20-synthesis-data/prediction/sample_5453.npy,1
/kaggle/input/brats20-synthesis-data/prediction/sample_5454.npy,1
/kaggle/input/brats20-synthesis-data/prediction/sample_5455.npy,1
/kaggle/input/brats20-synthesis-data/prediction/sample_5456.npy,1
/kaggle/input/brats20-synthesis-data/prediction/sample_5457.npy,1
/kaggle/input/brats20-synthesis-data/prediction/sample_5458.npy,1
/kaggle/input/brats20-synthesis-data/prediction/sample_5459.npy,1
/kaggle/input/brats20-synthesis-data/prediction/sample_546.npy,1
/kaggle/input/brats20-synthesis-data/prediction/sample_5460.npy,1
/kaggle/input/brats20-synthesis-data/prediction/sample_5461.npy,1
/kaggle/input/brats20-synthesis-data/prediction/sample_5462.npy,1
/kaggle/input/brats20-synthesis-data/prediction/sample_5463.npy,1
/kaggle/input/brats20-synthesis-data/prediction/sample_5464.npy,1
/kaggle/input/brats20-synthesis-data/prediction/sample_5465.npy,1
/kaggle/input/brats20-synthesis-data/prediction/sample_5466.npy,1
/kaggle/input/brats20-synthesis-data/prediction/sample_5467.npy,1
/kaggle/input/brats20-synthesis-data/prediction/sample_5468.npy,1
/kaggle/input/brats20-synthesis-data/prediction/sample_5469.npy,1
/kaggle/input/brats20-synthesis-data/prediction/sample_547.npy,1
/kaggle/input/brats20-synthesis-data/prediction/sample_5470.npy,1
/kaggle/input/brats20-synthesis-data/prediction/sample_5471.npy,1
/kaggle/input/brats20-synthesis-data/prediction/sample_5472.npy,1
/kaggle/input/brats20-synthesis-data/prediction/sample_5473.npy,1
/kaggle/input/brats20-synthesis-data/prediction/sample_5474.npy,1
/kaggle/input/brats20-synthesis-data/prediction/sample_5475.npy,1
/kaggle/input/brats20-synthesis-data/prediction/sample_5476.npy,1
/kaggle/input/brats20-synthesis-data/prediction/sample_5477.npy,1
/kaggle/input/brats20-synthesis-data/prediction/sample_5478.npy,1
/kaggle/input/brats20-synthesis-data/prediction/sample_5479.npy,1
/kaggle/input/brats20-synthesis-data/prediction/sample_548.npy,1
/kaggle/input/brats20-synthesis-data/prediction/sample_5480.npy,1
/kaggle/input/brats20-synthesis-data/prediction/sample_5481.npy,1
/kaggle/input/brats20-synthesis-data/prediction/sample_5482.npy,1
/kaggle/input/brats20-synthesis-data/prediction/sample_5483.npy,1
/kaggle/input/brats20-synthesis-data/prediction/sample_5484.npy,1
/kaggle/input/brats20-synthesis-data/prediction/sample_5485.npy,1
/kaggle/input/brats20-synthesis-data/prediction/sample_5486.npy,1
/kaggle/input/brats20-synthesis-data/prediction/sample_5487.npy,1
/kaggle/input/brats20-synthesis-data/prediction/sample_5488.npy,1
/kaggle/input/brats20-synthesis-data/prediction/sample_5489.npy,1
/kaggle/input/brats20-synthesis-data/prediction/sample_549.npy,1
/kaggle/input/brats20-synthesis-data/prediction/sample_5490.npy,1
/kaggle/input/brats20-synthesis-data/prediction/sample_5491.npy,1
/kaggle/input/brats20-synthesis-data/prediction/sample_5492.npy,1
/kaggle/input/brats20-synthesis-data/prediction/sample_5493.npy,1
/kaggle/input/brats20-synthesis-data/prediction/sample_5494.npy,1
/kaggle/input/brats20-synthesis-data/prediction/sample_5495.npy,1
/kaggle/input/brats20-synthesis-data/prediction/sample_5496.npy,1
/kaggle/input/brats20-synthesis-data/prediction/sample_5497.npy,1
/kaggle/input/brats20-synthesis-data/prediction/sample_5498.npy,1
/kaggle/input/brats20-synthesis-data/prediction/sample_5499.npy,1
/kaggle/input/brats20-synthesis-data/prediction/sample_55.npy,1
/kaggle/input/brats20-synthesis-data/prediction/sample_550.npy,1
/kaggle/input/brats20-synthesis-data/prediction/sample_5500.npy,1
/kaggle/input/brats20-synthesis-data/prediction/sample_5501.npy,1
/kaggle/input/brats20-synthesis-data/prediction/sample_5502.npy,1
/kaggle/input/brats20-synthesis-data/prediction/sample_5503.npy,1
/kaggle/input/brats20-synthesis-data/prediction/sample_5504.npy,1
/kaggle/input/brats20-synthesis-data/prediction/sample_5505.npy,1
/kaggle/input/brats20-synthesis-data/prediction/sample_5506.npy,1
/kaggle/input/brats20-synthesis-data/prediction/sample_5507.npy,1
/kaggle/input/brats20-synthesis-data/prediction/sample_5508.npy,1
/kaggle/input/brats20-synthesis-data/prediction/sample_5509.npy,1
/kaggle/input/brats20-synthesis-data/prediction/sample_551.npy,1
/kaggle/input/brats20-synthesis-data/prediction/sample_5510.npy,1
/kaggle/input/brats20-synthesis-data/prediction/sample_5511.npy,1
/kaggle/input/brats20-synthesis-data/prediction/sample_5512.npy,1
/kaggle/input/brats20-synthesis-data/prediction/sample_5513.npy,1
/kaggle/input/brats20-synthesis-data/prediction/sample_5514.npy,1
/kaggle/input/brats20-synthesis-data/prediction/sample_5515.npy,1
/kaggle/input/brats20-synthesis-data/prediction/sample_5516.npy,1
/kaggle/input/brats20-synthesis-data/prediction/sample_5517.npy,1
/kaggle/input/brats20-synthesis-data/prediction/sample_5518.npy,1
/kaggle/input/brats20-synthesis-data/prediction/sample_5519.npy,1
/kaggle/input/brats20-synthesis-data/prediction/sample_552.npy,1
/kaggle/input/brats20-synthesis-data/prediction/sample_5520.npy,1
/kaggle/input/brats20-synthesis-data/prediction/sample_5521.npy,1
/kaggle/input/brats20-synthesis-data/prediction/sample_5522.npy,1
/kaggle/input/brats20-synthesis-data/prediction/sample_5523.npy,1
/kaggle/input/brats20-synthesis-data/prediction/sample_5524.npy,1
/kaggle/input/brats20-synthesis-data/prediction/sample_5525.npy,1
/kaggle/input/brats20-synthesis-data/prediction/sample_5526.npy,1
/kaggle/input/brats20-synthesis-data/prediction/sample_5527.npy,1
/kaggle/input/brats20-synthesis-data/prediction/sample_5528.npy,1
/kaggle/input/brats20-synthesis-data/prediction/sample_5529.npy,1
/kaggle/input/brats20-synthesis-data/prediction/sample_553.npy,1
/kaggle/input/brats20-synthesis-data/prediction/sample_5530.npy,1
/kaggle/input/brats20-synthesis-data/prediction/sample_5531.npy,1
/kaggle/input/brats20-synthesis-data/prediction/sample_5532.npy,1
/kaggle/input/brats20-synthesis-data/prediction/sample_5533.npy,1
/kaggle/input/brats20-synthesis-data/prediction/sample_5534.npy,1
/kaggle/input/brats20-synthesis-data/prediction/sample_5535.npy,1
/kaggle/input/brats20-synthesis-data/prediction/sample_5536.npy,1
/kaggle/input/brats20-synthesis-data/prediction/sample_5537.npy,1
/kaggle/input/brats20-synthesis-data/prediction/sample_5538.npy,1
/kaggle/input/brats20-synthesis-data/prediction/sample_5539.npy,1
/kaggle/input/brats20-synthesis-data/prediction/sample_554.npy,1
/kaggle/input/brats20-synthesis-data/prediction/sample_5540.npy,1
/kaggle/input/brats20-synthesis-data/prediction/sample_5541.npy,1
/kaggle/input/brats20-synthesis-data/prediction/sample_5542.npy,1
/kaggle/input/brats20-synthesis-data/prediction/sample_5543.npy,1
/kaggle/input/brats20-synthesis-data/prediction/sample_5544.npy,1
/kaggle/input/brats20-synthesis-data/prediction/sample_5545.npy,1
/kaggle/input/brats20-synthesis-data/prediction/sample_5546.npy,1
/kaggle/input/brats20-synthesis-data/prediction/sample_5547.npy,1
/kaggle/input/brats20-synthesis-data/prediction/sample_5548.npy,1
/kaggle/input/brats20-synthesis-data/prediction/sample_5549.npy,1
/kaggle/input/brats20-synthesis-data/prediction/sample_555.npy,1
/kaggle/input/brats20-synthesis-data/prediction/sample_5550.npy,1
/kaggle/input/brats20-synthesis-data/prediction/sample_5551.npy,1
/kaggle/input/brats20-synthesis-data/prediction/sample_5552.npy,1
/kaggle/input/brats20-synthesis-data/prediction/sample_5553.npy,1
/kaggle/input/brats20-synthesis-data/prediction/sample_5554.npy,1
/kaggle/input/brats20-synthesis-data/prediction/sample_5555.npy,1
/kaggle/input/brats20-synthesis-data/prediction/sample_5556.npy,1
/kaggle/input/brats20-synthesis-data/prediction/sample_5557.npy,1
/kaggle/input/brats20-synthesis-data/prediction/sample_5558.npy,1
/kaggle/input/brats20-synthesis-data/prediction/sample_5559.npy,1
/kaggle/input/brats20-synthesis-data/prediction/sample_556.npy,1
/kaggle/input/brats20-synthesis-data/prediction/sample_5560.npy,1
/kaggle/input/brats20-synthesis-data/prediction/sample_5561.npy,1
/kaggle/input/brats20-synthesis-data/prediction/sample_5562.npy,1
/kaggle/input/brats20-synthesis-data/prediction/sample_5563.npy,1
/kaggle/input/brats20-synthesis-data/prediction/sample_5564.npy,1
/kaggle/input/brats20-synthesis-data/prediction/sample_5565.npy,1
/kaggle/input/brats20-synthesis-data/prediction/sample_5566.npy,1
/kaggle/input/brats20-synthesis-data/prediction/sample_5567.npy,1
/kaggle/input/brats20-synthesis-data/prediction/sample_5568.npy,1
/kaggle/input/brats20-synthesis-data/prediction/sample_5569.npy,1
/kaggle/input/brats20-synthesis-data/prediction/sample_557.npy,1
/kaggle/input/brats20-synthesis-data/prediction/sample_5570.npy,1
/kaggle/input/brats20-synthesis-data/prediction/sample_5571.npy,1
/kaggle/input/brats20-synthesis-data/prediction/sample_5572.npy,1
/kaggle/input/brats20-synthesis-data/prediction/sample_5573.npy,1
/kaggle/input/brats20-synthesis-data/prediction/sample_5574.npy,1
/kaggle/input/brats20-synthesis-data/prediction/sample_5575.npy,1
/kaggle/input/brats20-synthesis-data/prediction/sample_5576.npy,1
/kaggle/input/brats20-synthesis-data/prediction/sample_5577.npy,1
/kaggle/input/brats20-synthesis-data/prediction/sample_5578.npy,1
/kaggle/input/brats20-synthesis-data/prediction/sample_5579.npy,1
/kaggle/input/brats20-synthesis-data/prediction/sample_558.npy,1
/kaggle/input/brats20-synthesis-data/prediction/sample_5580.npy,1
/kaggle/input/brats20-synthesis-data/prediction/sample_5581.npy,1
/kaggle/input/brats20-synthesis-data/prediction/sample_5582.npy,1
/kaggle/input/brats20-synthesis-data/prediction/sample_5583.npy,1
/kaggle/input/brats20-synthesis-data/prediction/sample_5584.npy,1
/kaggle/input/brats20-synthesis-data/prediction/sample_5585.npy,1
/kaggle/input/brats20-synthesis-data/prediction/sample_5586.npy,1
/kaggle/input/brats20-synthesis-data/prediction/sample_5587.npy,1
/kaggle/input/brats20-synthesis-data/prediction/sample_5588.npy,1
/kaggle/input/brats20-synthesis-data/prediction/sample_5589.npy,1
/kaggle/input/brats20-synthesis-data/prediction/sample_559.npy,1
/kaggle/input/brats20-synthesis-data/prediction/sample_5590.npy,1
/kaggle/input/brats20-synthesis-data/prediction/sample_5591.npy,1
/kaggle/input/brats20-synthesis-data/prediction/sample_5592.npy,1
/kaggle/input/brats20-synthesis-data/prediction/sample_5593.npy,1
/kaggle/input/brats20-synthesis-data/prediction/sample_5594.npy,1
/kaggle/input/brats20-synthesis-data/prediction/sample_5595.npy,1
/kaggle/input/brats20-synthesis-data/prediction/sample_5596.npy,1
/kaggle/input/brats20-synthesis-data/prediction/sample_5597.npy,1
/kaggle/input/brats20-synthesis-data/prediction/sample_5598.npy,1
/kaggle/input/brats20-synthesis-data/prediction/sample_5599.npy,1
/kaggle/input/brats20-synthesis-data/prediction/sample_56.npy,1
/kaggle/input/brats20-synthesis-data/prediction/sample_560.npy,1
/kaggle/input/brats20-synthesis-data/prediction/sample_5600.npy,1
/kaggle/input/brats20-synthesis-data/prediction/sample_5601.npy,1
/kaggle/input/brats20-synthesis-data/prediction/sample_5602.npy,1
/kaggle/input/brats20-synthesis-data/prediction/sample_5603.npy,1
/kaggle/input/brats20-synthesis-data/prediction/sample_5604.npy,1
/kaggle/input/brats20-synthesis-data/prediction/sample_5605.npy,1
/kaggle/input/brats20-synthesis-data/prediction/sample_5606.npy,1
/kaggle/input/brats20-synthesis-data/prediction/sample_5607.npy,1
/kaggle/input/brats20-synthesis-data/prediction/sample_5608.npy,1
/kaggle/input/brats20-synthesis-data/prediction/sample_5609.npy,1
/kaggle/input/brats20-synthesis-data/prediction/sample_561.npy,1
/kaggle/input/brats20-synthesis-data/prediction/sample_5610.npy,1
/kaggle/input/brats20-synthesis-data/prediction/sample_5611.npy,1
/kaggle/input/brats20-synthesis-data/prediction/sample_5612.npy,1
/kaggle/input/brats20-synthesis-data/prediction/sample_5613.npy,1
/kaggle/input/brats20-synthesis-data/prediction/sample_5614.npy,1
/kaggle/input/brats20-synthesis-data/prediction/sample_5615.npy,1
/kaggle/input/brats20-synthesis-data/prediction/sample_5616.npy,1
/kaggle/input/brats20-synthesis-data/prediction/sample_5617.npy,1
/kaggle/input/brats20-synthesis-data/prediction/sample_5618.npy,1
/kaggle/input/brats20-synthesis-data/prediction/sample_5619.npy,1
/kaggle/input/brats20-synthesis-data/prediction/sample_562.npy,1
/kaggle/input/brats20-synthesis-data/prediction/sample_5620.npy,1
/kaggle/input/brats20-synthesis-data/prediction/sample_5621.npy,1
/kaggle/input/brats20-synthesis-data/prediction/sample_5622.npy,1
/kaggle/input/brats20-synthesis-data/prediction/sample_5623.npy,1
/kaggle/input/brats20-synthesis-data/prediction/sample_5624.npy,1
/kaggle/input/brats20-synthesis-data/prediction/sample_5625.npy,1
/kaggle/input/brats20-synthesis-data/prediction/sample_5626.npy,1
/kaggle/input/brats20-synthesis-data/prediction/sample_5627.npy,1
/kaggle/input/brats20-synthesis-data/prediction/sample_5628.npy,1
/kaggle/input/brats20-synthesis-data/prediction/sample_5629.npy,1
/kaggle/input/brats20-synthesis-data/prediction/sample_563.npy,1
/kaggle/input/brats20-synthesis-data/prediction/sample_5630.npy,1
/kaggle/input/brats20-synthesis-data/prediction/sample_5631.npy,1
/kaggle/input/brats20-synthesis-data/prediction/sample_5632.npy,1
/kaggle/input/brats20-synthesis-data/prediction/sample_5633.npy,1
/kaggle/input/brats20-synthesis-data/prediction/sample_5634.npy,1
/kaggle/input/brats20-synthesis-data/prediction/sample_5635.npy,1
/kaggle/input/brats20-synthesis-data/prediction/sample_5636.npy,1
/kaggle/input/brats20-synthesis-data/prediction/sample_5637.npy,1
/kaggle/input/brats20-synthesis-data/prediction/sample_5638.npy,1
/kaggle/input/brats20-synthesis-data/prediction/sample_5639.npy,1
/kaggle/input/brats20-synthesis-data/prediction/sample_564.npy,1
/kaggle/input/brats20-synthesis-data/prediction/sample_5640.npy,1
/kaggle/input/brats20-synthesis-data/prediction/sample_5641.npy,1
/kaggle/input/brats20-synthesis-data/prediction/sample_5642.npy,1
/kaggle/input/brats20-synthesis-data/prediction/sample_5643.npy,1
/kaggle/input/brats20-synthesis-data/prediction/sample_5644.npy,1
/kaggle/input/brats20-synthesis-data/prediction/sample_5645.npy,1
/kaggle/input/brats20-synthesis-data/prediction/sample_5646.npy,1
/kaggle/input/brats20-synthesis-data/prediction/sample_5647.npy,1
/kaggle/input/brats20-synthesis-data/prediction/sample_5648.npy,1
/kaggle/input/brats20-synthesis-data/prediction/sample_5649.npy,1
/kaggle/input/brats20-synthesis-data/prediction/sample_565.npy,1
/kaggle/input/brats20-synthesis-data/prediction/sample_5650.npy,1
/kaggle/input/brats20-synthesis-data/prediction/sample_5651.npy,1
/kaggle/input/brats20-synthesis-data/prediction/sample_5652.npy,1
/kaggle/input/brats20-synthesis-data/prediction/sample_5653.npy,1
/kaggle/input/brats20-synthesis-data/prediction/sample_5654.npy,1
/kaggle/input/brats20-synthesis-data/prediction/sample_5655.npy,1
/kaggle/input/brats20-synthesis-data/prediction/sample_5656.npy,1
/kaggle/input/brats20-synthesis-data/prediction/sample_5657.npy,1
/kaggle/input/brats20-synthesis-data/prediction/sample_5658.npy,1
/kaggle/input/brats20-synthesis-data/prediction/sample_5659.npy,1
/kaggle/input/brats20-synthesis-data/prediction/sample_566.npy,1
/kaggle/input/brats20-synthesis-data/prediction/sample_5660.npy,1
/kaggle/input/brats20-synthesis-data/prediction/sample_5661.npy,1
/kaggle/input/brats20-synthesis-data/prediction/sample_5662.npy,1
/kaggle/input/brats20-synthesis-data/prediction/sample_5663.npy,1
/kaggle/input/brats20-synthesis-data/prediction/sample_5664.npy,1
/kaggle/input/brats20-synthesis-data/prediction/sample_5665.npy,1
/kaggle/input/brats20-synthesis-data/prediction/sample_5666.npy,1
/kaggle/input/brats20-synthesis-data/prediction/sample_5667.npy,1
/kaggle/input/brats20-synthesis-data/prediction/sample_5668.npy,1
/kaggle/input/brats20-synthesis-data/prediction/sample_5669.npy,1
/kaggle/input/brats20-synthesis-data/prediction/sample_567.npy,1
/kaggle/input/brats20-synthesis-data/prediction/sample_5670.npy,1
/kaggle/input/brats20-synthesis-data/prediction/sample_5671.npy,1
/kaggle/input/brats20-synthesis-data/prediction/sample_5672.npy,1
/kaggle/input/brats20-synthesis-data/prediction/sample_5673.npy,1
/kaggle/input/brats20-synthesis-data/prediction/sample_5674.npy,1
/kaggle/input/brats20-synthesis-data/prediction/sample_5675.npy,1
/kaggle/input/brats20-synthesis-data/prediction/sample_5676.npy,1
/kaggle/input/brats20-synthesis-data/prediction/sample_5677.npy,1
/kaggle/input/brats20-synthesis-data/prediction/sample_5678.npy,1
/kaggle/input/brats20-synthesis-data/prediction/sample_5679.npy,1
/kaggle/input/brats20-synthesis-data/prediction/sample_568.npy,1
/kaggle/input/brats20-synthesis-data/prediction/sample_5680.npy,1
/kaggle/input/brats20-synthesis-data/prediction/sample_5681.npy,1
/kaggle/input/brats20-synthesis-data/prediction/sample_5682.npy,1
/kaggle/input/brats20-synthesis-data/prediction/sample_5683.npy,1
/kaggle/input/brats20-synthesis-data/prediction/sample_5684.npy,1
/kaggle/input/brats20-synthesis-data/prediction/sample_5685.npy,1
/kaggle/input/brats20-synthesis-data/prediction/sample_5686.npy,1
/kaggle/input/brats20-synthesis-data/prediction/sample_5687.npy,1
/kaggle/input/brats20-synthesis-data/prediction/sample_5688.npy,1
/kaggle/input/brats20-synthesis-data/prediction/sample_5689.npy,1
/kaggle/input/brats20-synthesis-data/prediction/sample_569.npy,1
/kaggle/input/brats20-synthesis-data/prediction/sample_5690.npy,1
/kaggle/input/brats20-synthesis-data/prediction/sample_5691.npy,1
/kaggle/input/brats20-synthesis-data/prediction/sample_5692.npy,1
/kaggle/input/brats20-synthesis-data/prediction/sample_5693.npy,1
/kaggle/input/brats20-synthesis-data/prediction/sample_5694.npy,1
/kaggle/input/brats20-synthesis-data/prediction/sample_5695.npy,1
/kaggle/input/brats20-synthesis-data/prediction/sample_5696.npy,1
/kaggle/input/brats20-synthesis-data/prediction/sample_5697.npy,1
/kaggle/input/brats20-synthesis-data/prediction/sample_5698.npy,1
/kaggle/input/brats20-synthesis-data/prediction/sample_5699.npy,1
/kaggle/input/brats20-synthesis-data/prediction/sample_57.npy,1
/kaggle/input/brats20-synthesis-data/prediction/sample_570.npy,1
/kaggle/input/brats20-synthesis-data/prediction/sample_5700.npy,1
/kaggle/input/brats20-synthesis-data/prediction/sample_5701.npy,1
/kaggle/input/brats20-synthesis-data/prediction/sample_5702.npy,1
/kaggle/input/brats20-synthesis-data/prediction/sample_5703.npy,1
/kaggle/input/brats20-synthesis-data/prediction/sample_5704.npy,1
/kaggle/input/brats20-synthesis-data/prediction/sample_5705.npy,1
/kaggle/input/brats20-synthesis-data/prediction/sample_5706.npy,1
/kaggle/input/brats20-synthesis-data/prediction/sample_5707.npy,1
/kaggle/input/brats20-synthesis-data/prediction/sample_5708.npy,1
/kaggle/input/brats20-synthesis-data/prediction/sample_5709.npy,1
/kaggle/input/brats20-synthesis-data/prediction/sample_571.npy,1
/kaggle/input/brats20-synthesis-data/prediction/sample_5710.npy,1
/kaggle/input/brats20-synthesis-data/prediction/sample_5711.npy,1
/kaggle/input/brats20-synthesis-data/prediction/sample_5712.npy,1
/kaggle/input/brats20-synthesis-data/prediction/sample_5713.npy,1
/kaggle/input/brats20-synthesis-data/prediction/sample_5714.npy,1
/kaggle/input/brats20-synthesis-data/prediction/sample_5715.npy,1
/kaggle/input/brats20-synthesis-data/prediction/sample_5716.npy,1
/kaggle/input/brats20-synthesis-data/prediction/sample_5717.npy,1
/kaggle/input/brats20-synthesis-data/prediction/sample_5718.npy,1
/kaggle/input/brats20-synthesis-data/prediction/sample_5719.npy,1
/kaggle/input/brats20-synthesis-data/prediction/sample_572.npy,1
/kaggle/input/brats20-synthesis-data/prediction/sample_5720.npy,1
/kaggle/input/brats20-synthesis-data/prediction/sample_5721.npy,1
/kaggle/input/brats20-synthesis-data/prediction/sample_5722.npy,1
/kaggle/input/brats20-synthesis-data/prediction/sample_5723.npy,1
/kaggle/input/brats20-synthesis-data/prediction/sample_5724.npy,1
/kaggle/input/brats20-synthesis-data/prediction/sample_5725.npy,1
/kaggle/input/brats20-synthesis-data/prediction/sample_5726.npy,1
/kaggle/input/brats20-synthesis-data/prediction/sample_5727.npy,1
/kaggle/input/brats20-synthesis-data/prediction/sample_5728.npy,1
/kaggle/input/brats20-synthesis-data/prediction/sample_5729.npy,1
/kaggle/input/brats20-synthesis-data/prediction/sample_573.npy,1
/kaggle/input/brats20-synthesis-data/prediction/sample_5730.npy,1
/kaggle/input/brats20-synthesis-data/prediction/sample_5731.npy,1
/kaggle/input/brats20-synthesis-data/prediction/sample_5732.npy,1
/kaggle/input/brats20-synthesis-data/prediction/sample_5733.npy,1
/kaggle/input/brats20-synthesis-data/prediction/sample_5734.npy,1
/kaggle/input/brats20-synthesis-data/prediction/sample_5735.npy,1
/kaggle/input/brats20-synthesis-data/prediction/sample_5736.npy,1
/kaggle/input/brats20-synthesis-data/prediction/sample_5737.npy,1
/kaggle/input/brats20-synthesis-data/prediction/sample_5738.npy,1
/kaggle/input/brats20-synthesis-data/prediction/sample_5739.npy,1
/kaggle/input/brats20-synthesis-data/prediction/sample_574.npy,1
/kaggle/input/brats20-synthesis-data/prediction/sample_5740.npy,1
/kaggle/input/brats20-synthesis-data/prediction/sample_5741.npy,1
/kaggle/input/brats20-synthesis-data/prediction/sample_5742.npy,1
/kaggle/input/brats20-synthesis-data/prediction/sample_5743.npy,1
/kaggle/input/brats20-synthesis-data/prediction/sample_5744.npy,1
/kaggle/input/brats20-synthesis-data/prediction/sample_5745.npy,1
/kaggle/input/brats20-synthesis-data/prediction/sample_5746.npy,1
/kaggle/input/brats20-synthesis-data/prediction/sample_5747.npy,1
/kaggle/input/brats20-synthesis-data/prediction/sample_5748.npy,1
/kaggle/input/brats20-synthesis-data/prediction/sample_5749.npy,1
/kaggle/input/brats20-synthesis-data/prediction/sample_575.npy,1
/kaggle/input/brats20-synthesis-data/prediction/sample_5750.npy,1
/kaggle/input/brats20-synthesis-data/prediction/sample_5751.npy,1
/kaggle/input/brats20-synthesis-data/prediction/sample_5752.npy,1
/kaggle/input/brats20-synthesis-data/prediction/sample_5753.npy,1
/kaggle/input/brats20-synthesis-data/prediction/sample_5754.npy,1
/kaggle/input/brats20-synthesis-data/prediction/sample_5755.npy,1
/kaggle/input/brats20-synthesis-data/prediction/sample_5756.npy,1
/kaggle/input/brats20-synthesis-data/prediction/sample_5757.npy,1
/kaggle/input/brats20-synthesis-data/prediction/sample_5758.npy,1
/kaggle/input/brats20-synthesis-data/prediction/sample_5759.npy,1
/kaggle/input/brats20-synthesis-data/prediction/sample_576.npy,1
/kaggle/input/brats20-synthesis-data/prediction/sample_5760.npy,1
/kaggle/input/brats20-synthesis-data/prediction/sample_5761.npy,1
/kaggle/input/brats20-synthesis-data/prediction/sample_5762.npy,1
/kaggle/input/brats20-synthesis-data/prediction/sample_5763.npy,1
/kaggle/input/brats20-synthesis-data/prediction/sample_5764.npy,1
/kaggle/input/brats20-synthesis-data/prediction/sample_5765.npy,1
/kaggle/input/brats20-synthesis-data/prediction/sample_5766.npy,1
/kaggle/input/brats20-synthesis-data/prediction/sample_5767.npy,1
/kaggle/input/brats20-synthesis-data/prediction/sample_5768.npy,1
/kaggle/input/brats20-synthesis-data/prediction/sample_5769.npy,1
/kaggle/input/brats20-synthesis-data/prediction/sample_577.npy,1
/kaggle/input/brats20-synthesis-data/prediction/sample_5770.npy,1
/kaggle/input/brats20-synthesis-data/prediction/sample_5771.npy,1
/kaggle/input/brats20-synthesis-data/prediction/sample_5772.npy,1
/kaggle/input/brats20-synthesis-data/prediction/sample_5773.npy,1
/kaggle/input/brats20-synthesis-data/prediction/sample_5774.npy,1
/kaggle/input/brats20-synthesis-data/prediction/sample_5775.npy,1
/kaggle/input/brats20-synthesis-data/prediction/sample_5776.npy,1
/kaggle/input/brats20-synthesis-data/prediction/sample_5777.npy,1
/kaggle/input/brats20-synthesis-data/prediction/sample_5778.npy,1
/kaggle/input/brats20-synthesis-data/prediction/sample_5779.npy,1
/kaggle/input/brats20-synthesis-data/prediction/sample_578.npy,1
/kaggle/input/brats20-synthesis-data/prediction/sample_5780.npy,1
/kaggle/input/brats20-synthesis-data/prediction/sample_5781.npy,1
/kaggle/input/brats20-synthesis-data/prediction/sample_5782.npy,1
/kaggle/input/brats20-synthesis-data/prediction/sample_5783.npy,1
/kaggle/input/brats20-synthesis-data/prediction/sample_5784.npy,1
/kaggle/input/brats20-synthesis-data/prediction/sample_5785.npy,1
/kaggle/input/brats20-synthesis-data/prediction/sample_5786.npy,1
/kaggle/input/brats20-synthesis-data/prediction/sample_5787.npy,1
/kaggle/input/brats20-synthesis-data/prediction/sample_5788.npy,1
/kaggle/input/brats20-synthesis-data/prediction/sample_5789.npy,1
/kaggle/input/brats20-synthesis-data/prediction/sample_579.npy,1
/kaggle/input/brats20-synthesis-data/prediction/sample_5790.npy,1
/kaggle/input/brats20-synthesis-data/prediction/sample_5791.npy,1
/kaggle/input/brats20-synthesis-data/prediction/sample_5792.npy,1
/kaggle/input/brats20-synthesis-data/prediction/sample_5793.npy,1
/kaggle/input/brats20-synthesis-data/prediction/sample_5794.npy,1
/kaggle/input/brats20-synthesis-data/prediction/sample_5795.npy,1
/kaggle/input/brats20-synthesis-data/prediction/sample_5796.npy,1
/kaggle/input/brats20-synthesis-data/prediction/sample_5797.npy,1
/kaggle/input/brats20-synthesis-data/prediction/sample_5798.npy,1
/kaggle/input/brats20-synthesis-data/prediction/sample_5799.npy,1
/kaggle/input/brats20-synthesis-data/prediction/sample_58.npy,1
/kaggle/input/brats20-synthesis-data/prediction/sample_580.npy,1
/kaggle/input/brats20-synthesis-data/prediction/sample_5800.npy,1
/kaggle/input/brats20-synthesis-data/prediction/sample_581.npy,1
/kaggle/input/brats20-synthesis-data/prediction/sample_582.npy,1
/kaggle/input/brats20-synthesis-data/prediction/sample_583.npy,1
/kaggle/input/brats20-synthesis-data/prediction/sample_584.npy,1
/kaggle/input/brats20-synthesis-data/prediction/sample_585.npy,1
/kaggle/input/brats20-synthesis-data/prediction/sample_586.npy,1
/kaggle/input/brats20-synthesis-data/prediction/sample_587.npy,1
/kaggle/input/brats20-synthesis-data/prediction/sample_588.npy,1
/kaggle/input/brats20-synthesis-data/prediction/sample_589.npy,1
/kaggle/input/brats20-synthesis-data/prediction/sample_59.npy,1
/kaggle/input/brats20-synthesis-data/prediction/sample_590.npy,1
/kaggle/input/brats20-synthesis-data/prediction/sample_591.npy,1
/kaggle/input/brats20-synthesis-data/prediction/sample_592.npy,1
/kaggle/input/brats20-synthesis-data/prediction/sample_593.npy,1
/kaggle/input/brats20-synthesis-data/prediction/sample_594.npy,1
/kaggle/input/brats20-synthesis-data/prediction/sample_595.npy,1
/kaggle/input/brats20-synthesis-data/prediction/sample_596.npy,1
/kaggle/input/brats20-synthesis-data/prediction/sample_597.npy,1
/kaggle/input/brats20-synthesis-data/prediction/sample_598.npy,1
/kaggle/input/brats20-synthesis-data/prediction/sample_599.npy,1
/kaggle/input/brats20-synthesis-data/prediction/sample_6.npy,1
/kaggle/input/brats20-synthesis-data/prediction/sample_60.npy,1
/kaggle/input/brats20-synthesis-data/prediction/sample_600.npy,1
/kaggle/input/brats20-synthesis-data/prediction/sample_601.npy,1
/kaggle/input/brats20-synthesis-data/prediction/sample_602.npy,1
/kaggle/input/brats20-synthesis-data/prediction/sample_603.npy,1
/kaggle/input/brats20-synthesis-data/prediction/sample_604.npy,1
/kaggle/input/brats20-synthesis-data/prediction/sample_605.npy,1
/kaggle/input/brats20-synthesis-data/prediction/sample_606.npy,1
/kaggle/input/brats20-synthesis-data/prediction/sample_607.npy,1
/kaggle/input/brats20-synthesis-data/prediction/sample_608.npy,1
/kaggle/input/brats20-synthesis-data/prediction/sample_609.npy,1
/kaggle/input/brats20-synthesis-data/prediction/sample_61.npy,1
/kaggle/input/brats20-synthesis-data/prediction/sample_610.npy,1
/kaggle/input/brats20-synthesis-data/prediction/sample_611.npy,1
/kaggle/input/brats20-synthesis-data/prediction/sample_612.npy,1
/kaggle/input/brats20-synthesis-data/prediction/sample_613.npy,1
/kaggle/input/brats20-synthesis-data/prediction/sample_614.npy,1
/kaggle/input/brats20-synthesis-data/prediction/sample_615.npy,1
/kaggle/input/brats20-synthesis-data/prediction/sample_616.npy,1
/kaggle/input/brats20-synthesis-data/prediction/sample_617.npy,1
/kaggle/input/brats20-synthesis-data/prediction/sample_618.npy,1
/kaggle/input/brats20-synthesis-data/prediction/sample_619.npy,1
/kaggle/input/brats20-synthesis-data/prediction/sample_62.npy,1
/kaggle/input/brats20-synthesis-data/prediction/sample_620.npy,1
/kaggle/input/brats20-synthesis-data/prediction/sample_621.npy,1
/kaggle/input/brats20-synthesis-data/prediction/sample_622.npy,1
/kaggle/input/brats20-synthesis-data/prediction/sample_623.npy,1
/kaggle/input/brats20-synthesis-data/prediction/sample_624.npy,1
/kaggle/input/brats20-synthesis-data/prediction/sample_625.npy,1
/kaggle/input/brats20-synthesis-data/prediction/sample_626.npy,1
/kaggle/input/brats20-synthesis-data/prediction/sample_627.npy,1
/kaggle/input/brats20-synthesis-data/prediction/sample_628.npy,1
/kaggle/input/brats20-synthesis-data/prediction/sample_629.npy,1
/kaggle/input/brats20-synthesis-data/prediction/sample_63.npy,1
/kaggle/input/brats20-synthesis-data/prediction/sample_630.npy,1
/kaggle/input/brats20-synthesis-data/prediction/sample_631.npy,1
/kaggle/input/brats20-synthesis-data/prediction/sample_632.npy,1
/kaggle/input/brats20-synthesis-data/prediction/sample_633.npy,1
/kaggle/input/brats20-synthesis-data/prediction/sample_634.npy,1
/kaggle/input/brats20-synthesis-data/prediction/sample_635.npy,1
/kaggle/input/brats20-synthesis-data/prediction/sample_636.npy,1
/kaggle/input/brats20-synthesis-data/prediction/sample_637.npy,1
/kaggle/input/brats20-synthesis-data/prediction/sample_638.npy,1
/kaggle/input/brats20-synthesis-data/prediction/sample_639.npy,1
/kaggle/input/brats20-synthesis-data/prediction/sample_64.npy,1
/kaggle/input/brats20-synthesis-data/prediction/sample_640.npy,1
/kaggle/input/brats20-synthesis-data/prediction/sample_641.npy,1
/kaggle/input/brats20-synthesis-data/prediction/sample_642.npy,1
/kaggle/input/brats20-synthesis-data/prediction/sample_643.npy,1
/kaggle/input/brats20-synthesis-data/prediction/sample_644.npy,1
/kaggle/input/brats20-synthesis-data/prediction/sample_645.npy,1
/kaggle/input/brats20-synthesis-data/prediction/sample_646.npy,1
/kaggle/input/brats20-synthesis-data/prediction/sample_647.npy,1
/kaggle/input/brats20-synthesis-data/prediction/sample_648.npy,1
/kaggle/input/brats20-synthesis-data/prediction/sample_649.npy,1
/kaggle/input/brats20-synthesis-data/prediction/sample_65.npy,1
/kaggle/input/brats20-synthesis-data/prediction/sample_650.npy,1
/kaggle/input/brats20-synthesis-data/prediction/sample_651.npy,1
/kaggle/input/brats20-synthesis-data/prediction/sample_652.npy,1
/kaggle/input/brats20-synthesis-data/prediction/sample_653.npy,1
/kaggle/input/brats20-synthesis-data/prediction/sample_654.npy,1
/kaggle/input/brats20-synthesis-data/prediction/sample_655.npy,1
/kaggle/input/brats20-synthesis-data/prediction/sample_656.npy,1
/kaggle/input/brats20-synthesis-data/prediction/sample_657.npy,1
/kaggle/input/brats20-synthesis-data/prediction/sample_658.npy,1
/kaggle/input/brats20-synthesis-data/prediction/sample_659.npy,1
/kaggle/input/brats20-synthesis-data/prediction/sample_66.npy,1
/kaggle/input/brats20-synthesis-data/prediction/sample_660.npy,1
/kaggle/input/brats20-synthesis-data/prediction/sample_661.npy,1
/kaggle/input/brats20-synthesis-data/prediction/sample_662.npy,1
/kaggle/input/brats20-synthesis-data/prediction/sample_663.npy,1
/kaggle/input/brats20-synthesis-data/prediction/sample_664.npy,1
/kaggle/input/brats20-synthesis-data/prediction/sample_665.npy,1
/kaggle/input/brats20-synthesis-data/prediction/sample_666.npy,1
/kaggle/input/brats20-synthesis-data/prediction/sample_667.npy,1
/kaggle/input/brats20-synthesis-data/prediction/sample_668.npy,1
/kaggle/input/brats20-synthesis-data/prediction/sample_669.npy,1
/kaggle/input/brats20-synthesis-data/prediction/sample_67.npy,1
/kaggle/input/brats20-synthesis-data/prediction/sample_670.npy,1
/kaggle/input/brats20-synthesis-data/prediction/sample_671.npy,1
/kaggle/input/brats20-synthesis-data/prediction/sample_672.npy,1
/kaggle/input/brats20-synthesis-data/prediction/sample_673.npy,1
/kaggle/input/brats20-synthesis-data/prediction/sample_674.npy,1
/kaggle/input/brats20-synthesis-data/prediction/sample_675.npy,1
/kaggle/input/brats20-synthesis-data/prediction/sample_676.npy,1
/kaggle/input/brats20-synthesis-data/prediction/sample_677.npy,1
/kaggle/input/brats20-synthesis-data/prediction/sample_678.npy,1
/kaggle/input/brats20-synthesis-data/prediction/sample_679.npy,1
/kaggle/input/brats20-synthesis-data/prediction/sample_68.npy,1
/kaggle/input/brats20-synthesis-data/prediction/sample_680.npy,1
/kaggle/input/brats20-synthesis-data/prediction/sample_681.npy,1
/kaggle/input/brats20-synthesis-data/prediction/sample_682.npy,1
/kaggle/input/brats20-synthesis-data/prediction/sample_683.npy,1
/kaggle/input/brats20-synthesis-data/prediction/sample_684.npy,1
/kaggle/input/brats20-synthesis-data/prediction/sample_685.npy,1
/kaggle/input/brats20-synthesis-data/prediction/sample_686.npy,1
/kaggle/input/brats20-synthesis-data/prediction/sample_687.npy,1
/kaggle/input/brats20-synthesis-data/prediction/sample_688.npy,1
/kaggle/input/brats20-synthesis-data/prediction/sample_689.npy,1
/kaggle/input/brats20-synthesis-data/prediction/sample_69.npy,1
/kaggle/input/brats20-synthesis-data/prediction/sample_690.npy,1
/kaggle/input/brats20-synthesis-data/prediction/sample_691.npy,1
/kaggle/input/brats20-synthesis-data/prediction/sample_692.npy,1
/kaggle/input/brats20-synthesis-data/prediction/sample_693.npy,1
/kaggle/input/brats20-synthesis-data/prediction/sample_694.npy,1
/kaggle/input/brats20-synthesis-data/prediction/sample_695.npy,1
/kaggle/input/brats20-synthesis-data/prediction/sample_696.npy,1
/kaggle/input/brats20-synthesis-data/prediction/sample_697.npy,1
/kaggle/input/brats20-synthesis-data/prediction/sample_698.npy,1
/kaggle/input/brats20-synthesis-data/prediction/sample_699.npy,1
/kaggle/input/brats20-synthesis-data/prediction/sample_7.npy,1
/kaggle/input/brats20-synthesis-data/prediction/sample_70.npy,1
/kaggle/input/brats20-synthesis-data/prediction/sample_700.npy,1
/kaggle/input/brats20-synthesis-data/prediction/sample_701.npy,1
/kaggle/input/brats20-synthesis-data/prediction/sample_702.npy,1
/kaggle/input/brats20-synthesis-data/prediction/sample_703.npy,1
/kaggle/input/brats20-synthesis-data/prediction/sample_704.npy,1
/kaggle/input/brats20-synthesis-data/prediction/sample_705.npy,1
/kaggle/input/brats20-synthesis-data/prediction/sample_706.npy,1
/kaggle/input/brats20-synthesis-data/prediction/sample_707.npy,1
/kaggle/input/brats20-synthesis-data/prediction/sample_708.npy,1
/kaggle/input/brats20-synthesis-data/prediction/sample_709.npy,1
/kaggle/input/brats20-synthesis-data/prediction/sample_71.npy,1
/kaggle/input/brats20-synthesis-data/prediction/sample_710.npy,1
/kaggle/input/brats20-synthesis-data/prediction/sample_711.npy,1
/kaggle/input/brats20-synthesis-data/prediction/sample_712.npy,1
/kaggle/input/brats20-synthesis-data/prediction/sample_713.npy,1
/kaggle/input/brats20-synthesis-data/prediction/sample_714.npy,1
/kaggle/input/brats20-synthesis-data/prediction/sample_715.npy,1
/kaggle/input/brats20-synthesis-data/prediction/sample_716.npy,1
/kaggle/input/brats20-synthesis-data/prediction/sample_717.npy,1
/kaggle/input/brats20-synthesis-data/prediction/sample_718.npy,1
/kaggle/input/brats20-synthesis-data/prediction/sample_719.npy,1
/kaggle/input/brats20-synthesis-data/prediction/sample_72.npy,1
/kaggle/input/brats20-synthesis-data/prediction/sample_720.npy,1
/kaggle/input/brats20-synthesis-data/prediction/sample_721.npy,1
/kaggle/input/brats20-synthesis-data/prediction/sample_722.npy,1
/kaggle/input/brats20-synthesis-data/prediction/sample_723.npy,1
/kaggle/input/brats20-synthesis-data/prediction/sample_724.npy,1
/kaggle/input/brats20-synthesis-data/prediction/sample_725.npy,1
/kaggle/input/brats20-synthesis-data/prediction/sample_726.npy,1
/kaggle/input/brats20-synthesis-data/prediction/sample_727.npy,1
/kaggle/input/brats20-synthesis-data/prediction/sample_728.npy,1
/kaggle/input/brats20-synthesis-data/prediction/sample_729.npy,1
/kaggle/input/brats20-synthesis-data/prediction/sample_73.npy,1
/kaggle/input/brats20-synthesis-data/prediction/sample_730.npy,1
/kaggle/input/brats20-synthesis-data/prediction/sample_731.npy,1
/kaggle/input/brats20-synthesis-data/prediction/sample_732.npy,1
/kaggle/input/brats20-synthesis-data/prediction/sample_733.npy,1
/kaggle/input/brats20-synthesis-data/prediction/sample_734.npy,1
/kaggle/input/brats20-synthesis-data/prediction/sample_735.npy,1
/kaggle/input/brats20-synthesis-data/prediction/sample_736.npy,1
/kaggle/input/brats20-synthesis-data/prediction/sample_737.npy,1
/kaggle/input/brats20-synthesis-data/prediction/sample_738.npy,1
/kaggle/input/brats20-synthesis-data/prediction/sample_739.npy,1
/kaggle/input/brats20-synthesis-data/prediction/sample_74.npy,1
/kaggle/input/brats20-synthesis-data/prediction/sample_740.npy,1
/kaggle/input/brats20-synthesis-data/prediction/sample_741.npy,1
/kaggle/input/brats20-synthesis-data/prediction/sample_742.npy,1
/kaggle/input/brats20-synthesis-data/prediction/sample_743.npy,1
/kaggle/input/brats20-synthesis-data/prediction/sample_744.npy,1
/kaggle/input/brats20-synthesis-data/prediction/sample_745.npy,1
/kaggle/input/brats20-synthesis-data/prediction/sample_746.npy,1
/kaggle/input/brats20-synthesis-data/prediction/sample_747.npy,1
/kaggle/input/brats20-synthesis-data/prediction/sample_748.npy,1
/kaggle/input/brats20-synthesis-data/prediction/sample_749.npy,1
/kaggle/input/brats20-synthesis-data/prediction/sample_75.npy,1
/kaggle/input/brats20-synthesis-data/prediction/sample_750.npy,1
/kaggle/input/brats20-synthesis-data/prediction/sample_7501.npy,1
/kaggle/input/brats20-synthesis-data/prediction/sample_7502.npy,1
/kaggle/input/brats20-synthesis-data/prediction/sample_7503.npy,1
/kaggle/input/brats20-synthesis-data/prediction/sample_7504.npy,1
/kaggle/input/brats20-synthesis-data/prediction/sample_7505.npy,1
/kaggle/input/brats20-synthesis-data/prediction/sample_7506.npy,1
/kaggle/input/brats20-synthesis-data/prediction/sample_7507.npy,1
/kaggle/input/brats20-synthesis-data/prediction/sample_7508.npy,1
/kaggle/input/brats20-synthesis-data/prediction/sample_7509.npy,1
/kaggle/input/brats20-synthesis-data/prediction/sample_751.npy,1
/kaggle/input/brats20-synthesis-data/prediction/sample_7510.npy,1
/kaggle/input/brats20-synthesis-data/prediction/sample_7511.npy,1
/kaggle/input/brats20-synthesis-data/prediction/sample_7512.npy,1
/kaggle/input/brats20-synthesis-data/prediction/sample_7513.npy,1
/kaggle/input/brats20-synthesis-data/prediction/sample_7514.npy,1
/kaggle/input/brats20-synthesis-data/prediction/sample_7515.npy,1
/kaggle/input/brats20-synthesis-data/prediction/sample_7516.npy,1
/kaggle/input/brats20-synthesis-data/prediction/sample_7517.npy,1
/kaggle/input/brats20-synthesis-data/prediction/sample_7518.npy,1
/kaggle/input/brats20-synthesis-data/prediction/sample_7519.npy,1
/kaggle/input/brats20-synthesis-data/prediction/sample_752.npy,1
/kaggle/input/brats20-synthesis-data/prediction/sample_7520.npy,1
/kaggle/input/brats20-synthesis-data/prediction/sample_7521.npy,1
/kaggle/input/brats20-synthesis-data/prediction/sample_7522.npy,1
/kaggle/input/brats20-synthesis-data/prediction/sample_7523.npy,1
/kaggle/input/brats20-synthesis-data/prediction/sample_7524.npy,1
/kaggle/input/brats20-synthesis-data/prediction/sample_7525.npy,1
/kaggle/input/brats20-synthesis-data/prediction/sample_7526.npy,1
/kaggle/input/brats20-synthesis-data/prediction/sample_7527.npy,1
/kaggle/input/brats20-synthesis-data/prediction/sample_7528.npy,1
/kaggle/input/brats20-synthesis-data/prediction/sample_7529.npy,1
/kaggle/input/brats20-synthesis-data/prediction/sample_753.npy,1
/kaggle/input/brats20-synthesis-data/prediction/sample_7530.npy,1
/kaggle/input/brats20-synthesis-data/prediction/sample_7531.npy,1
/kaggle/input/brats20-synthesis-data/prediction/sample_7532.npy,1
/kaggle/input/brats20-synthesis-data/prediction/sample_7533.npy,1
/kaggle/input/brats20-synthesis-data/prediction/sample_7534.npy,1
/kaggle/input/brats20-synthesis-data/prediction/sample_7535.npy,1
/kaggle/input/brats20-synthesis-data/prediction/sample_7536.npy,1
/kaggle/input/brats20-synthesis-data/prediction/sample_7537.npy,1
/kaggle/input/brats20-synthesis-data/prediction/sample_7538.npy,1
/kaggle/input/brats20-synthesis-data/prediction/sample_7539.npy,1
/kaggle/input/brats20-synthesis-data/prediction/sample_754.npy,1
/kaggle/input/brats20-synthesis-data/prediction/sample_7540.npy,1
/kaggle/input/brats20-synthesis-data/prediction/sample_7541.npy,1
/kaggle/input/brats20-synthesis-data/prediction/sample_7542.npy,1
/kaggle/input/brats20-synthesis-data/prediction/sample_7543.npy,1
/kaggle/input/brats20-synthesis-data/prediction/sample_7544.npy,1
/kaggle/input/brats20-synthesis-data/prediction/sample_7545.npy,1
/kaggle/input/brats20-synthesis-data/prediction/sample_7546.npy,1
/kaggle/input/brats20-synthesis-data/prediction/sample_7547.npy,1
/kaggle/input/brats20-synthesis-data/prediction/sample_7548.npy,1
/kaggle/input/brats20-synthesis-data/prediction/sample_7549.npy,1
/kaggle/input/brats20-synthesis-data/prediction/sample_755.npy,1
/kaggle/input/brats20-synthesis-data/prediction/sample_7550.npy,1
/kaggle/input/brats20-synthesis-data/prediction/sample_7551.npy,1
/kaggle/input/brats20-synthesis-data/prediction/sample_7552.npy,1
/kaggle/input/brats20-synthesis-data/prediction/sample_7553.npy,1
/kaggle/input/brats20-synthesis-data/prediction/sample_7554.npy,1
/kaggle/input/brats20-synthesis-data/prediction/sample_7555.npy,1
/kaggle/input/brats20-synthesis-data/prediction/sample_7556.npy,1
/kaggle/input/brats20-synthesis-data/prediction/sample_7557.npy,1
/kaggle/input/brats20-synthesis-data/prediction/sample_7558.npy,1
/kaggle/input/brats20-synthesis-data/prediction/sample_7559.npy,1
/kaggle/input/brats20-synthesis-data/prediction/sample_756.npy,1
/kaggle/input/brats20-synthesis-data/prediction/sample_7560.npy,1
/kaggle/input/brats20-synthesis-data/prediction/sample_7561.npy,1
/kaggle/input/brats20-synthesis-data/prediction/sample_7562.npy,1
/kaggle/input/brats20-synthesis-data/prediction/sample_7563.npy,1
/kaggle/input/brats20-synthesis-data/prediction/sample_7564.npy,1
/kaggle/input/brats20-synthesis-data/prediction/sample_7565.npy,1
/kaggle/input/brats20-synthesis-data/prediction/sample_7566.npy,1
/kaggle/input/brats20-synthesis-data/prediction/sample_7567.npy,1
/kaggle/input/brats20-synthesis-data/prediction/sample_7568.npy,1
/kaggle/input/brats20-synthesis-data/prediction/sample_7569.npy,1
/kaggle/input/brats20-synthesis-data/prediction/sample_757.npy,1
/kaggle/input/brats20-synthesis-data/prediction/sample_7570.npy,1
/kaggle/input/brats20-synthesis-data/prediction/sample_7571.npy,1
/kaggle/input/brats20-synthesis-data/prediction/sample_7572.npy,1
/kaggle/input/brats20-synthesis-data/prediction/sample_7573.npy,1
/kaggle/input/brats20-synthesis-data/prediction/sample_7574.npy,1
/kaggle/input/brats20-synthesis-data/prediction/sample_7575.npy,1
/kaggle/input/brats20-synthesis-data/prediction/sample_7576.npy,1
/kaggle/input/brats20-synthesis-data/prediction/sample_7577.npy,1
/kaggle/input/brats20-synthesis-data/prediction/sample_7578.npy,1
/kaggle/input/brats20-synthesis-data/prediction/sample_7579.npy,1
/kaggle/input/brats20-synthesis-data/prediction/sample_758.npy,1
/kaggle/input/brats20-synthesis-data/prediction/sample_7580.npy,1
/kaggle/input/brats20-synthesis-data/prediction/sample_7581.npy,1
/kaggle/input/brats20-synthesis-data/prediction/sample_7582.npy,1
/kaggle/input/brats20-synthesis-data/prediction/sample_7583.npy,1
/kaggle/input/brats20-synthesis-data/prediction/sample_7584.npy,1
/kaggle/input/brats20-synthesis-data/prediction/sample_7585.npy,1
/kaggle/input/brats20-synthesis-data/prediction/sample_7586.npy,1
/kaggle/input/brats20-synthesis-data/prediction/sample_7587.npy,1
/kaggle/input/brats20-synthesis-data/prediction/sample_7588.npy,1
/kaggle/input/brats20-synthesis-data/prediction/sample_7589.npy,1
/kaggle/input/brats20-synthesis-data/prediction/sample_759.npy,1
/kaggle/input/brats20-synthesis-data/prediction/sample_7590.npy,1
/kaggle/input/brats20-synthesis-data/prediction/sample_7591.npy,1
/kaggle/input/brats20-synthesis-data/prediction/sample_7592.npy,1
/kaggle/input/brats20-synthesis-data/prediction/sample_7593.npy,1
/kaggle/input/brats20-synthesis-data/prediction/sample_7594.npy,1
/kaggle/input/brats20-synthesis-data/prediction/sample_7595.npy,1
/kaggle/input/brats20-synthesis-data/prediction/sample_7596.npy,1
/kaggle/input/brats20-synthesis-data/prediction/sample_7597.npy,1
/kaggle/input/brats20-synthesis-data/prediction/sample_7598.npy,1
/kaggle/input/brats20-synthesis-data/prediction/sample_7599.npy,1
/kaggle/input/brats20-synthesis-data/prediction/sample_76.npy,1
/kaggle/input/brats20-synthesis-data/prediction/sample_760.npy,1
/kaggle/input/brats20-synthesis-data/prediction/sample_7600.npy,1
/kaggle/input/brats20-synthesis-data/prediction/sample_7601.npy,1
/kaggle/input/brats20-synthesis-data/prediction/sample_7602.npy,1
/kaggle/input/brats20-synthesis-data/prediction/sample_7603.npy,1
/kaggle/input/brats20-synthesis-data/prediction/sample_7604.npy,1
/kaggle/input/brats20-synthesis-data/prediction/sample_7605.npy,1
/kaggle/input/brats20-synthesis-data/prediction/sample_7606.npy,1
/kaggle/input/brats20-synthesis-data/prediction/sample_7607.npy,1
/kaggle/input/brats20-synthesis-data/prediction/sample_7608.npy,1
/kaggle/input/brats20-synthesis-data/prediction/sample_7609.npy,1
/kaggle/input/brats20-synthesis-data/prediction/sample_761.npy,1
/kaggle/input/brats20-synthesis-data/prediction/sample_7610.npy,1
/kaggle/input/brats20-synthesis-data/prediction/sample_7611.npy,1
/kaggle/input/brats20-synthesis-data/prediction/sample_7612.npy,1
/kaggle/input/brats20-synthesis-data/prediction/sample_7613.npy,1
/kaggle/input/brats20-synthesis-data/prediction/sample_7614.npy,1
/kaggle/input/brats20-synthesis-data/prediction/sample_7615.npy,1
/kaggle/input/brats20-synthesis-data/prediction/sample_7616.npy,1
/kaggle/input/brats20-synthesis-data/prediction/sample_7617.npy,1
/kaggle/input/brats20-synthesis-data/prediction/sample_7618.npy,1
/kaggle/input/brats20-synthesis-data/prediction/sample_7619.npy,1
/kaggle/input/brats20-synthesis-data/prediction/sample_762.npy,1
/kaggle/input/brats20-synthesis-data/prediction/sample_7620.npy,1
/kaggle/input/brats20-synthesis-data/prediction/sample_7621.npy,1
/kaggle/input/brats20-synthesis-data/prediction/sample_7622.npy,1
/kaggle/input/brats20-synthesis-data/prediction/sample_7623.npy,1
/kaggle/input/brats20-synthesis-data/prediction/sample_7624.npy,1
/kaggle/input/brats20-synthesis-data/prediction/sample_7625.npy,1
/kaggle/input/brats20-synthesis-data/prediction/sample_7626.npy,1
/kaggle/input/brats20-synthesis-data/prediction/sample_7627.npy,1
/kaggle/input/brats20-synthesis-data/prediction/sample_7628.npy,1
/kaggle/input/brats20-synthesis-data/prediction/sample_7629.npy,1
/kaggle/input/brats20-synthesis-data/prediction/sample_763.npy,1
/kaggle/input/brats20-synthesis-data/prediction/sample_7630.npy,1
/kaggle/input/brats20-synthesis-data/prediction/sample_7631.npy,1
/kaggle/input/brats20-synthesis-data/prediction/sample_7632.npy,1
/kaggle/input/brats20-synthesis-data/prediction/sample_7633.npy,1
/kaggle/input/brats20-synthesis-data/prediction/sample_7634.npy,1
/kaggle/input/brats20-synthesis-data/prediction/sample_7635.npy,1
/kaggle/input/brats20-synthesis-data/prediction/sample_7636.npy,1
/kaggle/input/brats20-synthesis-data/prediction/sample_7637.npy,1
/kaggle/input/brats20-synthesis-data/prediction/sample_7638.npy,1
/kaggle/input/brats20-synthesis-data/prediction/sample_7639.npy,1
/kaggle/input/brats20-synthesis-data/prediction/sample_764.npy,1
/kaggle/input/brats20-synthesis-data/prediction/sample_7640.npy,1
/kaggle/input/brats20-synthesis-data/prediction/sample_7641.npy,1
/kaggle/input/brats20-synthesis-data/prediction/sample_7642.npy,1
/kaggle/input/brats20-synthesis-data/prediction/sample_7643.npy,1
/kaggle/input/brats20-synthesis-data/prediction/sample_7644.npy,1
/kaggle/input/brats20-synthesis-data/prediction/sample_7645.npy,1
/kaggle/input/brats20-synthesis-data/prediction/sample_7646.npy,1
/kaggle/input/brats20-synthesis-data/prediction/sample_7647.npy,1
/kaggle/input/brats20-synthesis-data/prediction/sample_7648.npy,1
/kaggle/input/brats20-synthesis-data/prediction/sample_7649.npy,1
/kaggle/input/brats20-synthesis-data/prediction/sample_765.npy,1
/kaggle/input/brats20-synthesis-data/prediction/sample_7650.npy,1
/kaggle/input/brats20-synthesis-data/prediction/sample_7651.npy,1
/kaggle/input/brats20-synthesis-data/prediction/sample_7652.npy,1
/kaggle/input/brats20-synthesis-data/prediction/sample_7653.npy,1
/kaggle/input/brats20-synthesis-data/prediction/sample_7654.npy,1
/kaggle/input/brats20-synthesis-data/prediction/sample_7655.npy,1
/kaggle/input/brats20-synthesis-data/prediction/sample_7656.npy,1
/kaggle/input/brats20-synthesis-data/prediction/sample_7657.npy,1
/kaggle/input/brats20-synthesis-data/prediction/sample_7658.npy,1
/kaggle/input/brats20-synthesis-data/prediction/sample_7659.npy,1
/kaggle/input/brats20-synthesis-data/prediction/sample_766.npy,1
/kaggle/input/brats20-synthesis-data/prediction/sample_7660.npy,1
/kaggle/input/brats20-synthesis-data/prediction/sample_7661.npy,1
/kaggle/input/brats20-synthesis-data/prediction/sample_7662.npy,1
/kaggle/input/brats20-synthesis-data/prediction/sample_7663.npy,1
/kaggle/input/brats20-synthesis-data/prediction/sample_7664.npy,1
/kaggle/input/brats20-synthesis-data/prediction/sample_7665.npy,1
/kaggle/input/brats20-synthesis-data/prediction/sample_7666.npy,1
/kaggle/input/brats20-synthesis-data/prediction/sample_7667.npy,1
/kaggle/input/brats20-synthesis-data/prediction/sample_7668.npy,1
/kaggle/input/brats20-synthesis-data/prediction/sample_7669.npy,1
/kaggle/input/brats20-synthesis-data/prediction/sample_767.npy,1
/kaggle/input/brats20-synthesis-data/prediction/sample_7670.npy,1
/kaggle/input/brats20-synthesis-data/prediction/sample_7671.npy,1
/kaggle/input/brats20-synthesis-data/prediction/sample_7672.npy,1
/kaggle/input/brats20-synthesis-data/prediction/sample_7673.npy,1
/kaggle/input/brats20-synthesis-data/prediction/sample_7674.npy,1
/kaggle/input/brats20-synthesis-data/prediction/sample_7675.npy,1
/kaggle/input/brats20-synthesis-data/prediction/sample_7676.npy,1
/kaggle/input/brats20-synthesis-data/prediction/sample_7677.npy,1
/kaggle/input/brats20-synthesis-data/prediction/sample_7678.npy,1
/kaggle/input/brats20-synthesis-data/prediction/sample_7679.npy,1
/kaggle/input/brats20-synthesis-data/prediction/sample_768.npy,1
/kaggle/input/brats20-synthesis-data/prediction/sample_7680.npy,1
/kaggle/input/brats20-synthesis-data/prediction/sample_7681.npy,1
/kaggle/input/brats20-synthesis-data/prediction/sample_7682.npy,1
/kaggle/input/brats20-synthesis-data/prediction/sample_7683.npy,1
/kaggle/input/brats20-synthesis-data/prediction/sample_7684.npy,1
/kaggle/input/brats20-synthesis-data/prediction/sample_7685.npy,1
/kaggle/input/brats20-synthesis-data/prediction/sample_7686.npy,1
/kaggle/input/brats20-synthesis-data/prediction/sample_7687.npy,1
/kaggle/input/brats20-synthesis-data/prediction/sample_7688.npy,1
/kaggle/input/brats20-synthesis-data/prediction/sample_7689.npy,1
/kaggle/input/brats20-synthesis-data/prediction/sample_769.npy,1
/kaggle/input/brats20-synthesis-data/prediction/sample_7690.npy,1
/kaggle/input/brats20-synthesis-data/prediction/sample_7691.npy,1
/kaggle/input/brats20-synthesis-data/prediction/sample_7692.npy,1
/kaggle/input/brats20-synthesis-data/prediction/sample_7693.npy,1
/kaggle/input/brats20-synthesis-data/prediction/sample_7694.npy,1
/kaggle/input/brats20-synthesis-data/prediction/sample_7695.npy,1
/kaggle/input/brats20-synthesis-data/prediction/sample_7696.npy,1
/kaggle/input/brats20-synthesis-data/prediction/sample_7697.npy,1
/kaggle/input/brats20-synthesis-data/prediction/sample_7698.npy,1
/kaggle/input/brats20-synthesis-data/prediction/sample_7699.npy,1
/kaggle/input/brats20-synthesis-data/prediction/sample_77.npy,1
/kaggle/input/brats20-synthesis-data/prediction/sample_770.npy,1
/kaggle/input/brats20-synthesis-data/prediction/sample_7700.npy,1
/kaggle/input/brats20-synthesis-data/prediction/sample_7701.npy,1
/kaggle/input/brats20-synthesis-data/prediction/sample_7702.npy,1
/kaggle/input/brats20-synthesis-data/prediction/sample_7703.npy,1
/kaggle/input/brats20-synthesis-data/prediction/sample_7704.npy,1
/kaggle/input/brats20-synthesis-data/prediction/sample_7705.npy,1
/kaggle/input/brats20-synthesis-data/prediction/sample_7706.npy,1
/kaggle/input/brats20-synthesis-data/prediction/sample_7707.npy,1
/kaggle/input/brats20-synthesis-data/prediction/sample_7708.npy,1
/kaggle/input/brats20-synthesis-data/prediction/sample_7709.npy,1
/kaggle/input/brats20-synthesis-data/prediction/sample_771.npy,1
/kaggle/input/brats20-synthesis-data/prediction/sample_7710.npy,1
/kaggle/input/brats20-synthesis-data/prediction/sample_7711.npy,1
/kaggle/input/brats20-synthesis-data/prediction/sample_7712.npy,1
/kaggle/input/brats20-synthesis-data/prediction/sample_7713.npy,1
/kaggle/input/brats20-synthesis-data/prediction/sample_7714.npy,1
/kaggle/input/brats20-synthesis-data/prediction/sample_7715.npy,1
/kaggle/input/brats20-synthesis-data/prediction/sample_7716.npy,1
/kaggle/input/brats20-synthesis-data/prediction/sample_7717.npy,1
/kaggle/input/brats20-synthesis-data/prediction/sample_7718.npy,1
/kaggle/input/brats20-synthesis-data/prediction/sample_7719.npy,1
/kaggle/input/brats20-synthesis-data/prediction/sample_772.npy,1
/kaggle/input/brats20-synthesis-data/prediction/sample_7720.npy,1
/kaggle/input/brats20-synthesis-data/prediction/sample_7721.npy,1
/kaggle/input/brats20-synthesis-data/prediction/sample_7722.npy,1
/kaggle/input/brats20-synthesis-data/prediction/sample_7723.npy,1
/kaggle/input/brats20-synthesis-data/prediction/sample_7724.npy,1
/kaggle/input/brats20-synthesis-data/prediction/sample_7725.npy,1
/kaggle/input/brats20-synthesis-data/prediction/sample_7726.npy,1
/kaggle/input/brats20-synthesis-data/prediction/sample_7727.npy,1
/kaggle/input/brats20-synthesis-data/prediction/sample_7728.npy,1
/kaggle/input/brats20-synthesis-data/prediction/sample_7729.npy,1
/kaggle/input/brats20-synthesis-data/prediction/sample_773.npy,1
/kaggle/input/brats20-synthesis-data/prediction/sample_7730.npy,1
/kaggle/input/brats20-synthesis-data/prediction/sample_7731.npy,1
/kaggle/input/brats20-synthesis-data/prediction/sample_7732.npy,1
/kaggle/input/brats20-synthesis-data/prediction/sample_7733.npy,1
/kaggle/input/brats20-synthesis-data/prediction/sample_7734.npy,1
/kaggle/input/brats20-synthesis-data/prediction/sample_7735.npy,1
/kaggle/input/brats20-synthesis-data/prediction/sample_7736.npy,1
/kaggle/input/brats20-synthesis-data/prediction/sample_7737.npy,1
/kaggle/input/brats20-synthesis-data/prediction/sample_7738.npy,1
/kaggle/input/brats20-synthesis-data/prediction/sample_7739.npy,1
/kaggle/input/brats20-synthesis-data/prediction/sample_774.npy,1
/kaggle/input/brats20-synthesis-data/prediction/sample_7740.npy,1
/kaggle/input/brats20-synthesis-data/prediction/sample_7741.npy,1
/kaggle/input/brats20-synthesis-data/prediction/sample_7742.npy,1
/kaggle/input/brats20-synthesis-data/prediction/sample_7743.npy,1
/kaggle/input/brats20-synthesis-data/prediction/sample_7744.npy,1
/kaggle/input/brats20-synthesis-data/prediction/sample_7745.npy,1
/kaggle/input/brats20-synthesis-data/prediction/sample_7746.npy,1
/kaggle/input/brats20-synthesis-data/prediction/sample_7747.npy,1
/kaggle/input/brats20-synthesis-data/prediction/sample_7748.npy,1
/kaggle/input/brats20-synthesis-data/prediction/sample_7749.npy,1
/kaggle/input/brats20-synthesis-data/prediction/sample_775.npy,1
/kaggle/input/brats20-synthesis-data/prediction/sample_7750.npy,1
/kaggle/input/brats20-synthesis-data/prediction/sample_7751.npy,1
/kaggle/input/brats20-synthesis-data/prediction/sample_7752.npy,1
/kaggle/input/brats20-synthesis-data/prediction/sample_7753.npy,1
/kaggle/input/brats20-synthesis-data/prediction/sample_7754.npy,1
/kaggle/input/brats20-synthesis-data/prediction/sample_7755.npy,1
/kaggle/input/brats20-synthesis-data/prediction/sample_7756.npy,1
/kaggle/input/brats20-synthesis-data/prediction/sample_7757.npy,1
/kaggle/input/brats20-synthesis-data/prediction/sample_7758.npy,1
/kaggle/input/brats20-synthesis-data/prediction/sample_7759.npy,1
/kaggle/input/brats20-synthesis-data/prediction/sample_776.npy,1
/kaggle/input/brats20-synthesis-data/prediction/sample_7760.npy,1
/kaggle/input/brats20-synthesis-data/prediction/sample_7761.npy,1
/kaggle/input/brats20-synthesis-data/prediction/sample_7762.npy,1
/kaggle/input/brats20-synthesis-data/prediction/sample_7763.npy,1
/kaggle/input/brats20-synthesis-data/prediction/sample_7764.npy,1
/kaggle/input/brats20-synthesis-data/prediction/sample_7765.npy,1
/kaggle/input/brats20-synthesis-data/prediction/sample_7766.npy,1
/kaggle/input/brats20-synthesis-data/prediction/sample_7767.npy,1
/kaggle/input/brats20-synthesis-data/prediction/sample_7768.npy,1
/kaggle/input/brats20-synthesis-data/prediction/sample_7769.npy,1
/kaggle/input/brats20-synthesis-data/prediction/sample_777.npy,1
/kaggle/input/brats20-synthesis-data/prediction/sample_7770.npy,1
/kaggle/input/brats20-synthesis-data/prediction/sample_7771.npy,1
/kaggle/input/brats20-synthesis-data/prediction/sample_7772.npy,1
/kaggle/input/brats20-synthesis-data/prediction/sample_7773.npy,1
/kaggle/input/brats20-synthesis-data/prediction/sample_7774.npy,1
/kaggle/input/brats20-synthesis-data/prediction/sample_7775.npy,1
/kaggle/input/brats20-synthesis-data/prediction/sample_7776.npy,1
/kaggle/input/brats20-synthesis-data/prediction/sample_7777.npy,1
/kaggle/input/brats20-synthesis-data/prediction/sample_7778.npy,1
/kaggle/input/brats20-synthesis-data/prediction/sample_7779.npy,1
/kaggle/input/brats20-synthesis-data/prediction/sample_778.npy,1
/kaggle/input/brats20-synthesis-data/prediction/sample_7780.npy,1
/kaggle/input/brats20-synthesis-data/prediction/sample_7781.npy,1
/kaggle/input/brats20-synthesis-data/prediction/sample_7782.npy,1
/kaggle/input/brats20-synthesis-data/prediction/sample_7783.npy,1
/kaggle/input/brats20-synthesis-data/prediction/sample_7784.npy,1
/kaggle/input/brats20-synthesis-data/prediction/sample_7785.npy,1
/kaggle/input/brats20-synthesis-data/prediction/sample_7786.npy,1
/kaggle/input/brats20-synthesis-data/prediction/sample_7787.npy,1
/kaggle/input/brats20-synthesis-data/prediction/sample_7788.npy,1
/kaggle/input/brats20-synthesis-data/prediction/sample_7789.npy,1
/kaggle/input/brats20-synthesis-data/prediction/sample_779.npy,1
/kaggle/input/brats20-synthesis-data/prediction/sample_7790.npy,1
/kaggle/input/brats20-synthesis-data/prediction/sample_7791.npy,1
/kaggle/input/brats20-synthesis-data/prediction/sample_7792.npy,1
/kaggle/input/brats20-synthesis-data/prediction/sample_7793.npy,1
/kaggle/input/brats20-synthesis-data/prediction/sample_7794.npy,1
/kaggle/input/brats20-synthesis-data/prediction/sample_7795.npy,1
/kaggle/input/brats20-synthesis-data/prediction/sample_7796.npy,1
/kaggle/input/brats20-synthesis-data/prediction/sample_7797.npy,1
/kaggle/input/brats20-synthesis-data/prediction/sample_7798.npy,1
/kaggle/input/brats20-synthesis-data/prediction/sample_7799.npy,1
/kaggle/input/brats20-synthesis-data/prediction/sample_78.npy,1
/kaggle/input/brats20-synthesis-data/prediction/sample_780.npy,1
/kaggle/input/brats20-synthesis-data/prediction/sample_7800.npy,1
/kaggle/input/brats20-synthesis-data/prediction/sample_7801.npy,1
/kaggle/input/brats20-synthesis-data/prediction/sample_7802.npy,1
/kaggle/input/brats20-synthesis-data/prediction/sample_7803.npy,1
/kaggle/input/brats20-synthesis-data/prediction/sample_7804.npy,1
/kaggle/input/brats20-synthesis-data/prediction/sample_7805.npy,1
/kaggle/input/brats20-synthesis-data/prediction/sample_7806.npy,1
/kaggle/input/brats20-synthesis-data/prediction/sample_7807.npy,1
/kaggle/input/brats20-synthesis-data/prediction/sample_7808.npy,1
/kaggle/input/brats20-synthesis-data/prediction/sample_7809.npy,1
/kaggle/input/brats20-synthesis-data/prediction/sample_781.npy,1
/kaggle/input/brats20-synthesis-data/prediction/sample_7810.npy,1
/kaggle/input/brats20-synthesis-data/prediction/sample_7811.npy,1
/kaggle/input/brats20-synthesis-data/prediction/sample_7812.npy,1
/kaggle/input/brats20-synthesis-data/prediction/sample_7813.npy,1
/kaggle/input/brats20-synthesis-data/prediction/sample_7814.npy,1
/kaggle/input/brats20-synthesis-data/prediction/sample_7815.npy,1
/kaggle/input/brats20-synthesis-data/prediction/sample_7816.npy,1
/kaggle/input/brats20-synthesis-data/prediction/sample_7817.npy,1
/kaggle/input/brats20-synthesis-data/prediction/sample_7818.npy,1
/kaggle/input/brats20-synthesis-data/prediction/sample_7819.npy,1
/kaggle/input/brats20-synthesis-data/prediction/sample_782.npy,1
/kaggle/input/brats20-synthesis-data/prediction/sample_7820.npy,1
/kaggle/input/brats20-synthesis-data/prediction/sample_7821.npy,1
/kaggle/input/brats20-synthesis-data/prediction/sample_7822.npy,1
/kaggle/input/brats20-synthesis-data/prediction/sample_7823.npy,1
/kaggle/input/brats20-synthesis-data/prediction/sample_7824.npy,1
/kaggle/input/brats20-synthesis-data/prediction/sample_7825.npy,1
/kaggle/input/brats20-synthesis-data/prediction/sample_7826.npy,1
/kaggle/input/brats20-synthesis-data/prediction/sample_7827.npy,1
/kaggle/input/brats20-synthesis-data/prediction/sample_7828.npy,1
/kaggle/input/brats20-synthesis-data/prediction/sample_7829.npy,1
/kaggle/input/brats20-synthesis-data/prediction/sample_783.npy,1
/kaggle/input/brats20-synthesis-data/prediction/sample_7830.npy,1
/kaggle/input/brats20-synthesis-data/prediction/sample_7831.npy,1
/kaggle/input/brats20-synthesis-data/prediction/sample_7832.npy,1
/kaggle/input/brats20-synthesis-data/prediction/sample_7833.npy,1
/kaggle/input/brats20-synthesis-data/prediction/sample_7834.npy,1
/kaggle/input/brats20-synthesis-data/prediction/sample_7835.npy,1
/kaggle/input/brats20-synthesis-data/prediction/sample_7836.npy,1
/kaggle/input/brats20-synthesis-data/prediction/sample_7837.npy,1
/kaggle/input/brats20-synthesis-data/prediction/sample_7838.npy,1
/kaggle/input/brats20-synthesis-data/prediction/sample_7839.npy,1
/kaggle/input/brats20-synthesis-data/prediction/sample_784.npy,1
/kaggle/input/brats20-synthesis-data/prediction/sample_7840.npy,1
/kaggle/input/brats20-synthesis-data/prediction/sample_7841.npy,1
/kaggle/input/brats20-synthesis-data/prediction/sample_7842.npy,1
/kaggle/input/brats20-synthesis-data/prediction/sample_7843.npy,1
/kaggle/input/brats20-synthesis-data/prediction/sample_7844.npy,1
/kaggle/input/brats20-synthesis-data/prediction/sample_7845.npy,1
/kaggle/input/brats20-synthesis-data/prediction/sample_7846.npy,1
/kaggle/input/brats20-synthesis-data/prediction/sample_7847.npy,1
/kaggle/input/brats20-synthesis-data/prediction/sample_7848.npy,1
/kaggle/input/brats20-synthesis-data/prediction/sample_7849.npy,1
/kaggle/input/brats20-synthesis-data/prediction/sample_785.npy,1
/kaggle/input/brats20-synthesis-data/prediction/sample_7850.npy,1
/kaggle/input/brats20-synthesis-data/prediction/sample_7851.npy,1
/kaggle/input/brats20-synthesis-data/prediction/sample_7852.npy,1
/kaggle/input/brats20-synthesis-data/prediction/sample_7853.npy,1
/kaggle/input/brats20-synthesis-data/prediction/sample_7854.npy,1
/kaggle/input/brats20-synthesis-data/prediction/sample_7855.npy,1
/kaggle/input/brats20-synthesis-data/prediction/sample_7856.npy,1
/kaggle/input/brats20-synthesis-data/prediction/sample_7857.npy,1
/kaggle/input/brats20-synthesis-data/prediction/sample_7858.npy,1
/kaggle/input/brats20-synthesis-data/prediction/sample_7859.npy,1
/kaggle/input/brats20-synthesis-data/prediction/sample_786.npy,1
/kaggle/input/brats20-synthesis-data/prediction/sample_7860.npy,1
/kaggle/input/brats20-synthesis-data/prediction/sample_7861.npy,1
/kaggle/input/brats20-synthesis-data/prediction/sample_7862.npy,1
/kaggle/input/brats20-synthesis-data/prediction/sample_7863.npy,1
/kaggle/input/brats20-synthesis-data/prediction/sample_7864.npy,1
/kaggle/input/brats20-synthesis-data/prediction/sample_7865.npy,1
/kaggle/input/brats20-synthesis-data/prediction/sample_7866.npy,1
/kaggle/input/brats20-synthesis-data/prediction/sample_7867.npy,1
/kaggle/input/brats20-synthesis-data/prediction/sample_7868.npy,1
/kaggle/input/brats20-synthesis-data/prediction/sample_7869.npy,1
/kaggle/input/brats20-synthesis-data/prediction/sample_787.npy,1
/kaggle/input/brats20-synthesis-data/prediction/sample_7870.npy,1
/kaggle/input/brats20-synthesis-data/prediction/sample_7871.npy,1
/kaggle/input/brats20-synthesis-data/prediction/sample_7872.npy,1
/kaggle/input/brats20-synthesis-data/prediction/sample_7873.npy,1
/kaggle/input/brats20-synthesis-data/prediction/sample_7874.npy,1
/kaggle/input/brats20-synthesis-data/prediction/sample_7875.npy,1
/kaggle/input/brats20-synthesis-data/prediction/sample_7876.npy,1
/kaggle/input/brats20-synthesis-data/prediction/sample_7877.npy,1
/kaggle/input/brats20-synthesis-data/prediction/sample_7878.npy,1
/kaggle/input/brats20-synthesis-data/prediction/sample_7879.npy,1
/kaggle/input/brats20-synthesis-data/prediction/sample_788.npy,1
/kaggle/input/brats20-synthesis-data/prediction/sample_7880.npy,1
/kaggle/input/brats20-synthesis-data/prediction/sample_7881.npy,1
/kaggle/input/brats20-synthesis-data/prediction/sample_7882.npy,1
/kaggle/input/brats20-synthesis-data/prediction/sample_7883.npy,1
/kaggle/input/brats20-synthesis-data/prediction/sample_7884.npy,1
/kaggle/input/brats20-synthesis-data/prediction/sample_7885.npy,1
/kaggle/input/brats20-synthesis-data/prediction/sample_7886.npy,1
/kaggle/input/brats20-synthesis-data/prediction/sample_7887.npy,1
/kaggle/input/brats20-synthesis-data/prediction/sample_7888.npy,1
/kaggle/input/brats20-synthesis-data/prediction/sample_7889.npy,1
/kaggle/input/brats20-synthesis-data/prediction/sample_789.npy,1
/kaggle/input/brats20-synthesis-data/prediction/sample_7890.npy,1
/kaggle/input/brats20-synthesis-data/prediction/sample_7891.npy,1
/kaggle/input/brats20-synthesis-data/prediction/sample_7892.npy,1
/kaggle/input/brats20-synthesis-data/prediction/sample_7893.npy,1
/kaggle/input/brats20-synthesis-data/prediction/sample_7894.npy,1
/kaggle/input/brats20-synthesis-data/prediction/sample_7895.npy,1
/kaggle/input/brats20-synthesis-data/prediction/sample_7896.npy,1
/kaggle/input/brats20-synthesis-data/prediction/sample_7897.npy,1
/kaggle/input/brats20-synthesis-data/prediction/sample_7898.npy,1
/kaggle/input/brats20-synthesis-data/prediction/sample_7899.npy,1
/kaggle/input/brats20-synthesis-data/prediction/sample_79.npy,1
/kaggle/input/brats20-synthesis-data/prediction/sample_790.npy,1
/kaggle/input/brats20-synthesis-data/prediction/sample_7900.npy,1
/kaggle/input/brats20-synthesis-data/prediction/sample_7901.npy,1
/kaggle/input/brats20-synthesis-data/prediction/sample_7902.npy,1
/kaggle/input/brats20-synthesis-data/prediction/sample_7903.npy,1
/kaggle/input/brats20-synthesis-data/prediction/sample_7904.npy,1
/kaggle/input/brats20-synthesis-data/prediction/sample_7905.npy,1
/kaggle/input/brats20-synthesis-data/prediction/sample_7906.npy,1
/kaggle/input/brats20-synthesis-data/prediction/sample_7907.npy,1
/kaggle/input/brats20-synthesis-data/prediction/sample_7908.npy,1
/kaggle/input/brats20-synthesis-data/prediction/sample_7909.npy,1
/kaggle/input/brats20-synthesis-data/prediction/sample_791.npy,1
/kaggle/input/brats20-synthesis-data/prediction/sample_7910.npy,1
/kaggle/input/brats20-synthesis-data/prediction/sample_7911.npy,1
/kaggle/input/brats20-synthesis-data/prediction/sample_7912.npy,1
/kaggle/input/brats20-synthesis-data/prediction/sample_7913.npy,1
/kaggle/input/brats20-synthesis-data/prediction/sample_7914.npy,1
/kaggle/input/brats20-synthesis-data/prediction/sample_7915.npy,1
/kaggle/input/brats20-synthesis-data/prediction/sample_7916.npy,1
/kaggle/input/brats20-synthesis-data/prediction/sample_7917.npy,1
/kaggle/input/brats20-synthesis-data/prediction/sample_7918.npy,1
/kaggle/input/brats20-synthesis-data/prediction/sample_7919.npy,1
/kaggle/input/brats20-synthesis-data/prediction/sample_792.npy,1
/kaggle/input/brats20-synthesis-data/prediction/sample_7920.npy,1
/kaggle/input/brats20-synthesis-data/prediction/sample_7921.npy,1
/kaggle/input/brats20-synthesis-data/prediction/sample_7922.npy,1
/kaggle/input/brats20-synthesis-data/prediction/sample_7923.npy,1
/kaggle/input/brats20-synthesis-data/prediction/sample_7924.npy,1
/kaggle/input/brats20-synthesis-data/prediction/sample_7925.npy,1
/kaggle/input/brats20-synthesis-data/prediction/sample_7926.npy,1
/kaggle/input/brats20-synthesis-data/prediction/sample_7927.npy,1
/kaggle/input/brats20-synthesis-data/prediction/sample_7928.npy,1
/kaggle/input/brats20-synthesis-data/prediction/sample_7929.npy,1
/kaggle/input/brats20-synthesis-data/prediction/sample_793.npy,1
/kaggle/input/brats20-synthesis-data/prediction/sample_7930.npy,1
/kaggle/input/brats20-synthesis-data/prediction/sample_7931.npy,1
/kaggle/input/brats20-synthesis-data/prediction/sample_7932.npy,1
/kaggle/input/brats20-synthesis-data/prediction/sample_7933.npy,1
/kaggle/input/brats20-synthesis-data/prediction/sample_7934.npy,1
/kaggle/input/brats20-synthesis-data/prediction/sample_7935.npy,1
/kaggle/input/brats20-synthesis-data/prediction/sample_7936.npy,1
/kaggle/input/brats20-synthesis-data/prediction/sample_7937.npy,1
/kaggle/input/brats20-synthesis-data/prediction/sample_7938.npy,1
/kaggle/input/brats20-synthesis-data/prediction/sample_7939.npy,1
/kaggle/input/brats20-synthesis-data/prediction/sample_794.npy,1
/kaggle/input/brats20-synthesis-data/prediction/sample_7940.npy,1
/kaggle/input/brats20-synthesis-data/prediction/sample_7941.npy,1
/kaggle/input/brats20-synthesis-data/prediction/sample_7942.npy,1
/kaggle/input/brats20-synthesis-data/prediction/sample_7943.npy,1
/kaggle/input/brats20-synthesis-data/prediction/sample_7944.npy,1
/kaggle/input/brats20-synthesis-data/prediction/sample_7945.npy,1
/kaggle/input/brats20-synthesis-data/prediction/sample_7946.npy,1
/kaggle/input/brats20-synthesis-data/prediction/sample_7947.npy,1
/kaggle/input/brats20-synthesis-data/prediction/sample_7948.npy,1
/kaggle/input/brats20-synthesis-data/prediction/sample_7949.npy,1
/kaggle/input/brats20-synthesis-data/prediction/sample_795.npy,1
/kaggle/input/brats20-synthesis-data/prediction/sample_7950.npy,1
/kaggle/input/brats20-synthesis-data/prediction/sample_7951.npy,1
/kaggle/input/brats20-synthesis-data/prediction/sample_7952.npy,1
/kaggle/input/brats20-synthesis-data/prediction/sample_7953.npy,1
/kaggle/input/brats20-synthesis-data/prediction/sample_7954.npy,1
/kaggle/input/brats20-synthesis-data/prediction/sample_7955.npy,1
/kaggle/input/brats20-synthesis-data/prediction/sample_7956.npy,1
/kaggle/input/brats20-synthesis-data/prediction/sample_7957.npy,1
/kaggle/input/brats20-synthesis-data/prediction/sample_7958.npy,1
/kaggle/input/brats20-synthesis-data/prediction/sample_7959.npy,1
/kaggle/input/brats20-synthesis-data/prediction/sample_796.npy,1
/kaggle/input/brats20-synthesis-data/prediction/sample_7960.npy,1
/kaggle/input/brats20-synthesis-data/prediction/sample_7961.npy,1
/kaggle/input/brats20-synthesis-data/prediction/sample_7962.npy,1
/kaggle/input/brats20-synthesis-data/prediction/sample_7963.npy,1
/kaggle/input/brats20-synthesis-data/prediction/sample_7964.npy,1
/kaggle/input/brats20-synthesis-data/prediction/sample_7965.npy,1
/kaggle/input/brats20-synthesis-data/prediction/sample_7966.npy,1
/kaggle/input/brats20-synthesis-data/prediction/sample_7967.npy,1
/kaggle/input/brats20-synthesis-data/prediction/sample_7968.npy,1
/kaggle/input/brats20-synthesis-data/prediction/sample_7969.npy,1
/kaggle/input/brats20-synthesis-data/prediction/sample_797.npy,1
/kaggle/input/brats20-synthesis-data/prediction/sample_7970.npy,1
/kaggle/input/brats20-synthesis-data/prediction/sample_7971.npy,1
/kaggle/input/brats20-synthesis-data/prediction/sample_7972.npy,1
/kaggle/input/brats20-synthesis-data/prediction/sample_7973.npy,1
/kaggle/input/brats20-synthesis-data/prediction/sample_7974.npy,1
/kaggle/input/brats20-synthesis-data/prediction/sample_7975.npy,1
/kaggle/input/brats20-synthesis-data/prediction/sample_7976.npy,1
/kaggle/input/brats20-synthesis-data/prediction/sample_7977.npy,1
/kaggle/input/brats20-synthesis-data/prediction/sample_7978.npy,1
/kaggle/input/brats20-synthesis-data/prediction/sample_7979.npy,1
/kaggle/input/brats20-synthesis-data/prediction/sample_798.npy,1
/kaggle/input/brats20-synthesis-data/prediction/sample_7980.npy,1
/kaggle/input/brats20-synthesis-data/prediction/sample_7981.npy,1
/kaggle/input/brats20-synthesis-data/prediction/sample_7982.npy,1
/kaggle/input/brats20-synthesis-data/prediction/sample_7983.npy,1
/kaggle/input/brats20-synthesis-data/prediction/sample_7984.npy,1
/kaggle/input/brats20-synthesis-data/prediction/sample_7985.npy,1
/kaggle/input/brats20-synthesis-data/prediction/sample_7986.npy,1
/kaggle/input/brats20-synthesis-data/prediction/sample_7987.npy,1
/kaggle/input/brats20-synthesis-data/prediction/sample_7988.npy,1
/kaggle/input/brats20-synthesis-data/prediction/sample_7989.npy,1
/kaggle/input/brats20-synthesis-data/prediction/sample_799.npy,1
/kaggle/input/brats20-synthesis-data/prediction/sample_7990.npy,1
/kaggle/input/brats20-synthesis-data/prediction/sample_7991.npy,1
/kaggle/input/brats20-synthesis-data/prediction/sample_7992.npy,1
/kaggle/input/brats20-synthesis-data/prediction/sample_7993.npy,1
/kaggle/input/brats20-synthesis-data/prediction/sample_7994.npy,1
/kaggle/input/brats20-synthesis-data/prediction/sample_7995.npy,1
/kaggle/input/brats20-synthesis-data/prediction/sample_7996.npy,1
/kaggle/input/brats20-synthesis-data/prediction/sample_7997.npy,1
/kaggle/input/brats20-synthesis-data/prediction/sample_7998.npy,1
/kaggle/input/brats20-synthesis-data/prediction/sample_7999.npy,1
/kaggle/input/brats20-synthesis-data/prediction/sample_8.npy,1
/kaggle/input/brats20-synthesis-data/prediction/sample_80.npy,1
/kaggle/input/brats20-synthesis-data/prediction/sample_800.npy,1
/kaggle/input/brats20-synthesis-data/prediction/sample_8000.npy,1
/kaggle/input/brats20-synthesis-data/prediction/sample_8001.npy,1
/kaggle/input/brats20-synthesis-data/prediction/sample_8002.npy,1
/kaggle/input/brats20-synthesis-data/prediction/sample_8003.npy,1
/kaggle/input/brats20-synthesis-data/prediction/sample_8004.npy,1
/kaggle/input/brats20-synthesis-data/prediction/sample_8005.npy,1
/kaggle/input/brats20-synthesis-data/prediction/sample_8006.npy,1
/kaggle/input/brats20-synthesis-data/prediction/sample_8007.npy,1
/kaggle/input/brats20-synthesis-data/prediction/sample_8008.npy,1
/kaggle/input/brats20-synthesis-data/prediction/sample_8009.npy,1
/kaggle/input/brats20-synthesis-data/prediction/sample_8010.npy,1
/kaggle/input/brats20-synthesis-data/prediction/sample_8011.npy,1
/kaggle/input/brats20-synthesis-data/prediction/sample_8012.npy,1
/kaggle/input/brats20-synthesis-data/prediction/sample_8013.npy,1
/kaggle/input/brats20-synthesis-data/prediction/sample_8014.npy,1
/kaggle/input/brats20-synthesis-data/prediction/sample_8015.npy,1
/kaggle/input/brats20-synthesis-data/prediction/sample_8016.npy,1
/kaggle/input/brats20-synthesis-data/prediction/sample_8017.npy,1
/kaggle/input/brats20-synthesis-data/prediction/sample_8018.npy,1
/kaggle/input/brats20-synthesis-data/prediction/sample_8019.npy,1
/kaggle/input/brats20-synthesis-data/prediction/sample_8020.npy,1
/kaggle/input/brats20-synthesis-data/prediction/sample_8021.npy,1
/kaggle/input/brats20-synthesis-data/prediction/sample_8022.npy,1
/kaggle/input/brats20-synthesis-data/prediction/sample_8023.npy,1
/kaggle/input/brats20-synthesis-data/prediction/sample_8024.npy,1
/kaggle/input/brats20-synthesis-data/prediction/sample_8025.npy,1
/kaggle/input/brats20-synthesis-data/prediction/sample_8026.npy,1
/kaggle/input/brats20-synthesis-data/prediction/sample_8027.npy,1
/kaggle/input/brats20-synthesis-data/prediction/sample_8028.npy,1
/kaggle/input/brats20-synthesis-data/prediction/sample_8029.npy,1
/kaggle/input/brats20-synthesis-data/prediction/sample_8030.npy,1
/kaggle/input/brats20-synthesis-data/prediction/sample_8031.npy,1
/kaggle/input/brats20-synthesis-data/prediction/sample_8032.npy,1
/kaggle/input/brats20-synthesis-data/prediction/sample_8033.npy,1
/kaggle/input/brats20-synthesis-data/prediction/sample_8034.npy,1
/kaggle/input/brats20-synthesis-data/prediction/sample_8035.npy,1
/kaggle/input/brats20-synthesis-data/prediction/sample_8036.npy,1
/kaggle/input/brats20-synthesis-data/prediction/sample_8037.npy,1
/kaggle/input/brats20-synthesis-data/prediction/sample_8038.npy,1
/kaggle/input/brats20-synthesis-data/prediction/sample_8039.npy,1
/kaggle/input/brats20-synthesis-data/prediction/sample_8040.npy,1
/kaggle/input/brats20-synthesis-data/prediction/sample_8041.npy,1
/kaggle/input/brats20-synthesis-data/prediction/sample_8042.npy,1
/kaggle/input/brats20-synthesis-data/prediction/sample_8043.npy,1
/kaggle/input/brats20-synthesis-data/prediction/sample_8044.npy,1
/kaggle/input/brats20-synthesis-data/prediction/sample_8045.npy,1
/kaggle/input/brats20-synthesis-data/prediction/sample_8046.npy,1
/kaggle/input/brats20-synthesis-data/prediction/sample_8047.npy,1
/kaggle/input/brats20-synthesis-data/prediction/sample_8048.npy,1
/kaggle/input/brats20-synthesis-data/prediction/sample_8049.npy,1
/kaggle/input/brats20-synthesis-data/prediction/sample_8050.npy,1
/kaggle/input/brats20-synthesis-data/prediction/sample_8051.npy,1
/kaggle/input/brats20-synthesis-data/prediction/sample_8052.npy,1
/kaggle/input/brats20-synthesis-data/prediction/sample_8053.npy,1
/kaggle/input/brats20-synthesis-data/prediction/sample_8054.npy,1
/kaggle/input/brats20-synthesis-data/prediction/sample_8055.npy,1
/kaggle/input/brats20-synthesis-data/prediction/sample_8056.npy,1
/kaggle/input/brats20-synthesis-data/prediction/sample_8057.npy,1
/kaggle/input/brats20-synthesis-data/prediction/sample_8058.npy,1
/kaggle/input/brats20-synthesis-data/prediction/sample_8059.npy,1
/kaggle/input/brats20-synthesis-data/prediction/sample_8060.npy,1
/kaggle/input/brats20-synthesis-data/prediction/sample_8061.npy,1
/kaggle/input/brats20-synthesis-data/prediction/sample_8062.npy,1
/kaggle/input/brats20-synthesis-data/prediction/sample_8063.npy,1
/kaggle/input/brats20-synthesis-data/prediction/sample_8064.npy,1
/kaggle/input/brats20-synthesis-data/prediction/sample_8065.npy,1
/kaggle/input/brats20-synthesis-data/prediction/sample_8066.npy,1
/kaggle/input/brats20-synthesis-data/prediction/sample_8067.npy,1
/kaggle/input/brats20-synthesis-data/prediction/sample_8068.npy,1
/kaggle/input/brats20-synthesis-data/prediction/sample_8069.npy,1
/kaggle/input/brats20-synthesis-data/prediction/sample_8070.npy,1
/kaggle/input/brats20-synthesis-data/prediction/sample_8071.npy,1
/kaggle/input/brats20-synthesis-data/prediction/sample_8072.npy,1
/kaggle/input/brats20-synthesis-data/prediction/sample_8073.npy,1
/kaggle/input/brats20-synthesis-data/prediction/sample_8074.npy,1
/kaggle/input/brats20-synthesis-data/prediction/sample_8075.npy,1
/kaggle/input/brats20-synthesis-data/prediction/sample_8076.npy,1
/kaggle/input/brats20-synthesis-data/prediction/sample_8077.npy,1
/kaggle/input/brats20-synthesis-data/prediction/sample_8078.npy,1
/kaggle/input/brats20-synthesis-data/prediction/sample_8079.npy,1
/kaggle/input/brats20-synthesis-data/prediction/sample_8080.npy,1
/kaggle/input/brats20-synthesis-data/prediction/sample_8081.npy,1
/kaggle/input/brats20-synthesis-data/prediction/sample_8082.npy,1
/kaggle/input/brats20-synthesis-data/prediction/sample_8083.npy,1
/kaggle/input/brats20-synthesis-data/prediction/sample_8084.npy,1
/kaggle/input/brats20-synthesis-data/prediction/sample_8085.npy,1
/kaggle/input/brats20-synthesis-data/prediction/sample_8086.npy,1
/kaggle/input/brats20-synthesis-data/prediction/sample_8087.npy,1
/kaggle/input/brats20-synthesis-data/prediction/sample_8088.npy,1
/kaggle/input/brats20-synthesis-data/prediction/sample_8089.npy,1
/kaggle/input/brats20-synthesis-data/prediction/sample_8090.npy,1
/kaggle/input/brats20-synthesis-data/prediction/sample_8091.npy,1
/kaggle/input/brats20-synthesis-data/prediction/sample_8092.npy,1
/kaggle/input/brats20-synthesis-data/prediction/sample_8093.npy,1
/kaggle/input/brats20-synthesis-data/prediction/sample_8094.npy,1
/kaggle/input/brats20-synthesis-data/prediction/sample_8095.npy,1
/kaggle/input/brats20-synthesis-data/prediction/sample_8096.npy,1
/kaggle/input/brats20-synthesis-data/prediction/sample_8097.npy,1
/kaggle/input/brats20-synthesis-data/prediction/sample_8098.npy,1
/kaggle/input/brats20-synthesis-data/prediction/sample_8099.npy,1
/kaggle/input/brats20-synthesis-data/prediction/sample_81.npy,1
/kaggle/input/brats20-synthesis-data/prediction/sample_8100.npy,1
/kaggle/input/brats20-synthesis-data/prediction/sample_8101.npy,1
/kaggle/input/brats20-synthesis-data/prediction/sample_8102.npy,1
/kaggle/input/brats20-synthesis-data/prediction/sample_8103.npy,1
/kaggle/input/brats20-synthesis-data/prediction/sample_8104.npy,1
/kaggle/input/brats20-synthesis-data/prediction/sample_8105.npy,1
/kaggle/input/brats20-synthesis-data/prediction/sample_8106.npy,1
/kaggle/input/brats20-synthesis-data/prediction/sample_8107.npy,1
/kaggle/input/brats20-synthesis-data/prediction/sample_8108.npy,1
/kaggle/input/brats20-synthesis-data/prediction/sample_8109.npy,1
/kaggle/input/brats20-synthesis-data/prediction/sample_8110.npy,1
/kaggle/input/brats20-synthesis-data/prediction/sample_8111.npy,1
/kaggle/input/brats20-synthesis-data/prediction/sample_8112.npy,1
/kaggle/input/brats20-synthesis-data/prediction/sample_8113.npy,1
/kaggle/input/brats20-synthesis-data/prediction/sample_8114.npy,1
/kaggle/input/brats20-synthesis-data/prediction/sample_8115.npy,1
/kaggle/input/brats20-synthesis-data/prediction/sample_8116.npy,1
/kaggle/input/brats20-synthesis-data/prediction/sample_8117.npy,1
/kaggle/input/brats20-synthesis-data/prediction/sample_8118.npy,1
/kaggle/input/brats20-synthesis-data/prediction/sample_8119.npy,1
/kaggle/input/brats20-synthesis-data/prediction/sample_8120.npy,1
/kaggle/input/brats20-synthesis-data/prediction/sample_8121.npy,1
/kaggle/input/brats20-synthesis-data/prediction/sample_8122.npy,1
/kaggle/input/brats20-synthesis-data/prediction/sample_8123.npy,1
/kaggle/input/brats20-synthesis-data/prediction/sample_8124.npy,1
/kaggle/input/brats20-synthesis-data/prediction/sample_8125.npy,1
/kaggle/input/brats20-synthesis-data/prediction/sample_8126.npy,1
/kaggle/input/brats20-synthesis-data/prediction/sample_8127.npy,1
/kaggle/input/brats20-synthesis-data/prediction/sample_8128.npy,1
/kaggle/input/brats20-synthesis-data/prediction/sample_8129.npy,1
/kaggle/input/brats20-synthesis-data/prediction/sample_8130.npy,1
/kaggle/input/brats20-synthesis-data/prediction/sample_8131.npy,1
/kaggle/input/brats20-synthesis-data/prediction/sample_8132.npy,1
/kaggle/input/brats20-synthesis-data/prediction/sample_8133.npy,1
/kaggle/input/brats20-synthesis-data/prediction/sample_8134.npy,1
/kaggle/input/brats20-synthesis-data/prediction/sample_8135.npy,1
/kaggle/input/brats20-synthesis-data/prediction/sample_8136.npy,1
/kaggle/input/brats20-synthesis-data/prediction/sample_8137.npy,1
/kaggle/input/brats20-synthesis-data/prediction/sample_8138.npy,1
/kaggle/input/brats20-synthesis-data/prediction/sample_8139.npy,1
/kaggle/input/brats20-synthesis-data/prediction/sample_8140.npy,1
/kaggle/input/brats20-synthesis-data/prediction/sample_8141.npy,1
/kaggle/input/brats20-synthesis-data/prediction/sample_8142.npy,1
/kaggle/input/brats20-synthesis-data/prediction/sample_8143.npy,1
/kaggle/input/brats20-synthesis-data/prediction/sample_8144.npy,1
/kaggle/input/brats20-synthesis-data/prediction/sample_8145.npy,1
/kaggle/input/brats20-synthesis-data/prediction/sample_8146.npy,1
/kaggle/input/brats20-synthesis-data/prediction/sample_8147.npy,1
/kaggle/input/brats20-synthesis-data/prediction/sample_8148.npy,1
/kaggle/input/brats20-synthesis-data/prediction/sample_8149.npy,1
/kaggle/input/brats20-synthesis-data/prediction/sample_8150.npy,1
/kaggle/input/brats20-synthesis-data/prediction/sample_8151.npy,1
/kaggle/input/brats20-synthesis-data/prediction/sample_8152.npy,1
/kaggle/input/brats20-synthesis-data/prediction/sample_8153.npy,1
/kaggle/input/brats20-synthesis-data/prediction/sample_8154.npy,1
/kaggle/input/brats20-synthesis-data/prediction/sample_8155.npy,1
/kaggle/input/brats20-synthesis-data/prediction/sample_8156.npy,1
/kaggle/input/brats20-synthesis-data/prediction/sample_8157.npy,1
/kaggle/input/brats20-synthesis-data/prediction/sample_8158.npy,1
/kaggle/input/brats20-synthesis-data/prediction/sample_8159.npy,1
/kaggle/input/brats20-synthesis-data/prediction/sample_8160.npy,1
/kaggle/input/brats20-synthesis-data/prediction/sample_8161.npy,1
/kaggle/input/brats20-synthesis-data/prediction/sample_8162.npy,1
/kaggle/input/brats20-synthesis-data/prediction/sample_8163.npy,1
/kaggle/input/brats20-synthesis-data/prediction/sample_8164.npy,1
/kaggle/input/brats20-synthesis-data/prediction/sample_8165.npy,1
/kaggle/input/brats20-synthesis-data/prediction/sample_8166.npy,1
/kaggle/input/brats20-synthesis-data/prediction/sample_8167.npy,1
/kaggle/input/brats20-synthesis-data/prediction/sample_8168.npy,1
/kaggle/input/brats20-synthesis-data/prediction/sample_8169.npy,1
/kaggle/input/brats20-synthesis-data/prediction/sample_8170.npy,1
/kaggle/input/brats20-synthesis-data/prediction/sample_8171.npy,1
/kaggle/input/brats20-synthesis-data/prediction/sample_8172.npy,1
/kaggle/input/brats20-synthesis-data/prediction/sample_8173.npy,1
/kaggle/input/brats20-synthesis-data/prediction/sample_8174.npy,1
/kaggle/input/brats20-synthesis-data/prediction/sample_8175.npy,1
/kaggle/input/brats20-synthesis-data/prediction/sample_8176.npy,1
/kaggle/input/brats20-synthesis-data/prediction/sample_8177.npy,1
/kaggle/input/brats20-synthesis-data/prediction/sample_8178.npy,1
/kaggle/input/brats20-synthesis-data/prediction/sample_8179.npy,1
/kaggle/input/brats20-synthesis-data/prediction/sample_8180.npy,1
/kaggle/input/brats20-synthesis-data/prediction/sample_8181.npy,1
/kaggle/input/brats20-synthesis-data/prediction/sample_8182.npy,1
/kaggle/input/brats20-synthesis-data/prediction/sample_8183.npy,1
/kaggle/input/brats20-synthesis-data/prediction/sample_8184.npy,1
/kaggle/input/brats20-synthesis-data/prediction/sample_8185.npy,1
/kaggle/input/brats20-synthesis-data/prediction/sample_8186.npy,1
/kaggle/input/brats20-synthesis-data/prediction/sample_8187.npy,1
/kaggle/input/brats20-synthesis-data/prediction/sample_8188.npy,1
/kaggle/input/brats20-synthesis-data/prediction/sample_8189.npy,1
/kaggle/input/brats20-synthesis-data/prediction/sample_8190.npy,1
/kaggle/input/brats20-synthesis-data/prediction/sample_8191.npy,1
/kaggle/input/brats20-synthesis-data/prediction/sample_8192.npy,1
/kaggle/input/brats20-synthesis-data/prediction/sample_8193.npy,1
/kaggle/input/brats20-synthesis-data/prediction/sample_8194.npy,1
/kaggle/input/brats20-synthesis-data/prediction/sample_8195.npy,1
/kaggle/input/brats20-synthesis-data/prediction/sample_8196.npy,1
/kaggle/input/brats20-synthesis-data/prediction/sample_8197.npy,1
/kaggle/input/brats20-synthesis-data/prediction/sample_8198.npy,1
/kaggle/input/brats20-synthesis-data/prediction/sample_8199.npy,1
/kaggle/input/brats20-synthesis-data/prediction/sample_82.npy,1
/kaggle/input/brats20-synthesis-data/prediction/sample_8200.npy,1
/kaggle/input/brats20-synthesis-data/prediction/sample_8201.npy,1
/kaggle/input/brats20-synthesis-data/prediction/sample_8202.npy,1
/kaggle/input/brats20-synthesis-data/prediction/sample_8203.npy,1
/kaggle/input/brats20-synthesis-data/prediction/sample_8204.npy,1
/kaggle/input/brats20-synthesis-data/prediction/sample_8205.npy,1
/kaggle/input/brats20-synthesis-data/prediction/sample_8206.npy,1
