filepath,cluster_label
/kaggle/input/brats20-data/BraTS20/data/volume_41_slice_80.npz,1
/kaggle/input/brats20-data/BraTS20/data/volume_41_slice_81.npz,1
/kaggle/input/brats20-data/BraTS20/data/volume_41_slice_82.npz,1
/kaggle/input/brats20-data/BraTS20/data/volume_41_slice_83.npz,1
/kaggle/input/brats20-data/BraTS20/data/volume_41_slice_84.npz,1
/kaggle/input/brats20-data/BraTS20/data/volume_41_slice_85.npz,1
/kaggle/input/brats20-data/BraTS20/data/volume_41_slice_86.npz,1
/kaggle/input/brats20-data/BraTS20/data/volume_41_slice_87.npz,1
/kaggle/input/brats20-data/BraTS20/data/volume_41_slice_88.npz,1
/kaggle/input/brats20-data/BraTS20/data/volume_41_slice_89.npz,1
/kaggle/input/brats20-data/BraTS20/data/volume_41_slice_90.npz,1
/kaggle/input/brats20-data/BraTS20/data/volume_41_slice_91.npz,1
/kaggle/input/brats20-data/BraTS20/data/volume_41_slice_92.npz,27
/kaggle/input/brats20-data/BraTS20/data/volume_41_slice_93.npz,27
/kaggle/input/brats20-data/BraTS20/data/volume_41_slice_94.npz,27
/kaggle/input/brats20-data/BraTS20/data/volume_41_slice_95.npz,31
/kaggle/input/brats20-data/BraTS20/data/volume_41_slice_96.npz,31
/kaggle/input/brats20-data/BraTS20/data/volume_41_slice_97.npz,31
/kaggle/input/brats20-data/BraTS20/data/volume_41_slice_98.npz,25
/kaggle/input/brats20-data/BraTS20/data/volume_41_slice_99.npz,25
/kaggle/input/brats20-data/BraTS20/data/volume_41_slice_100.npz,25
/kaggle/input/brats20-data/BraTS20/data/volume_41_slice_101.npz,25
/kaggle/input/brats20-data/BraTS20/data/volume_41_slice_102.npz,25
/kaggle/input/brats20-data/BraTS20/data/volume_41_slice_103.npz,2
/kaggle/input/brats20-data/BraTS20/data/volume_41_slice_104.npz,2
/kaggle/input/brats20-data/BraTS20/data/volume_41_slice_105.npz,97
/kaggle/input/brats20-data/BraTS20/data/volume_41_slice_106.npz,97
/kaggle/input/brats20-data/BraTS20/data/volume_41_slice_108.npz,76
/kaggle/input/brats20-data/BraTS20/data/volume_41_slice_109.npz,76
/kaggle/input/brats20-data/BraTS20/data/volume_41_slice_110.npz,76
/kaggle/input/brats20-data/BraTS20/data/volume_41_slice_111.npz,76
/kaggle/input/brats20-data/BraTS20/data/volume_41_slice_112.npz,76
/kaggle/input/brats20-data/BraTS20/data/volume_41_slice_113.npz,76
/kaggle/input/brats20-data/BraTS20/data/volume_41_slice_114.npz,90
/kaggle/input/brats20-data/BraTS20/data/volume_41_slice_115.npz,90
/kaggle/input/brats20-data/BraTS20/data/volume_41_slice_116.npz,90
/kaggle/input/brats20-data/BraTS20/data/volume_41_slice_117.npz,90
/kaggle/input/brats20-data/BraTS20/data/volume_41_slice_118.npz,39
/kaggle/input/brats20-data/BraTS20/data/volume_41_slice_119.npz,39
/kaggle/input/brats20-data/BraTS20/data/volume_41_slice_120.npz,82
/kaggle/input/brats20-data/BraTS20/data/volume_41_slice_121.npz,82
/kaggle/input/brats20-data/BraTS20/data/volume_41_slice_122.npz,89
/kaggle/input/brats20-data/BraTS20/data/volume_41_slice_123.npz,89
/kaggle/input/brats20-data/BraTS20/data/volume_41_slice_124.npz,89
/kaggle/input/brats20-data/BraTS20/data/volume_41_slice_125.npz,89
/kaggle/input/brats20-data/BraTS20/data/volume_41_slice_126.npz,83
/kaggle/input/brats20-data/BraTS20/data/volume_41_slice_127.npz,83
/kaggle/input/brats20-data/BraTS20/data/volume_41_slice_128.npz,83
/kaggle/input/brats20-data/BraTS20/data/volume_185_slice_80.npz,41
/kaggle/input/brats20-data/BraTS20/data/volume_185_slice_81.npz,41
/kaggle/input/brats20-data/BraTS20/data/volume_185_slice_82.npz,41
/kaggle/input/brats20-data/BraTS20/data/volume_185_slice_83.npz,80
/kaggle/input/brats20-data/BraTS20/data/volume_185_slice_84.npz,80
/kaggle/input/brats20-data/BraTS20/data/volume_185_slice_85.npz,30
/kaggle/input/brats20-data/BraTS20/data/volume_185_slice_86.npz,30
/kaggle/input/brats20-data/BraTS20/data/volume_185_slice_87.npz,19
/kaggle/input/brats20-data/BraTS20/data/volume_185_slice_88.npz,19
/kaggle/input/brats20-data/BraTS20/data/volume_185_slice_89.npz,19
/kaggle/input/brats20-data/BraTS20/data/volume_185_slice_90.npz,19
/kaggle/input/brats20-data/BraTS20/data/volume_185_slice_91.npz,19
/kaggle/input/brats20-data/BraTS20/data/volume_185_slice_92.npz,19
/kaggle/input/brats20-data/BraTS20/data/volume_185_slice_93.npz,19
/kaggle/input/brats20-data/BraTS20/data/volume_185_slice_94.npz,94
/kaggle/input/brats20-data/BraTS20/data/volume_185_slice_95.npz,94
/kaggle/input/brats20-data/BraTS20/data/volume_185_slice_96.npz,94
/kaggle/input/brats20-data/BraTS20/data/volume_185_slice_97.npz,16
/kaggle/input/brats20-data/BraTS20/data/volume_185_slice_98.npz,16
/kaggle/input/brats20-data/BraTS20/data/volume_185_slice_99.npz,16
/kaggle/input/brats20-data/BraTS20/data/volume_185_slice_100.npz,16
/kaggle/input/brats20-data/BraTS20/data/volume_185_slice_101.npz,16
/kaggle/input/brats20-data/BraTS20/data/volume_185_slice_102.npz,16
/kaggle/input/brats20-data/BraTS20/data/volume_185_slice_103.npz,70
/kaggle/input/brats20-data/BraTS20/data/volume_185_slice_104.npz,70
/kaggle/input/brats20-data/BraTS20/data/volume_185_slice_105.npz,36
/kaggle/input/brats20-data/BraTS20/data/volume_185_slice_106.npz,36
/kaggle/input/brats20-data/BraTS20/data/volume_185_slice_107.npz,36
/kaggle/input/brats20-data/BraTS20/data/volume_185_slice_108.npz,36
/kaggle/input/brats20-data/BraTS20/data/volume_185_slice_109.npz,36
/kaggle/input/brats20-data/BraTS20/data/volume_185_slice_110.npz,36
/kaggle/input/brats20-data/BraTS20/data/volume_185_slice_111.npz,52
/kaggle/input/brats20-data/BraTS20/data/volume_185_slice_112.npz,52
/kaggle/input/brats20-data/BraTS20/data/volume_185_slice_113.npz,52
/kaggle/input/brats20-data/BraTS20/data/volume_185_slice_115.npz,54
/kaggle/input/brats20-data/BraTS20/data/volume_185_slice_116.npz,54
/kaggle/input/brats20-data/BraTS20/data/volume_185_slice_117.npz,54
/kaggle/input/brats20-data/BraTS20/data/volume_185_slice_118.npz,54
/kaggle/input/brats20-data/BraTS20/data/volume_185_slice_119.npz,69
/kaggle/input/brats20-data/BraTS20/data/volume_185_slice_120.npz,69
/kaggle/input/brats20-data/BraTS20/data/volume_185_slice_121.npz,61
/kaggle/input/brats20-data/BraTS20/data/volume_185_slice_122.npz,78
/kaggle/input/brats20-data/BraTS20/data/volume_185_slice_123.npz,89
/kaggle/input/brats20-data/BraTS20/data/volume_185_slice_124.npz,89
/kaggle/input/brats20-data/BraTS20/data/volume_185_slice_125.npz,89
/kaggle/input/brats20-data/BraTS20/data/volume_185_slice_126.npz,83
/kaggle/input/brats20-data/BraTS20/data/volume_185_slice_127.npz,11
/kaggle/input/brats20-data/BraTS20/data/volume_185_slice_128.npz,43
/kaggle/input/brats20-data/BraTS20/data/volume_135_slice_80.npz,7
/kaggle/input/brats20-data/BraTS20/data/volume_135_slice_81.npz,7
/kaggle/input/brats20-data/BraTS20/data/volume_135_slice_82.npz,7
/kaggle/input/brats20-data/BraTS20/data/volume_135_slice_83.npz,7
/kaggle/input/brats20-data/BraTS20/data/volume_135_slice_84.npz,7
/kaggle/input/brats20-data/BraTS20/data/volume_135_slice_85.npz,7
/kaggle/input/brats20-data/BraTS20/data/volume_135_slice_86.npz,7
/kaggle/input/brats20-data/BraTS20/data/volume_135_slice_87.npz,7
/kaggle/input/brats20-data/BraTS20/data/volume_135_slice_88.npz,7
/kaggle/input/brats20-data/BraTS20/data/volume_135_slice_89.npz,7
/kaggle/input/brats20-data/BraTS20/data/volume_135_slice_90.npz,7
/kaggle/input/brats20-data/BraTS20/data/volume_135_slice_91.npz,7
/kaggle/input/brats20-data/BraTS20/data/volume_135_slice_92.npz,7
/kaggle/input/brats20-data/BraTS20/data/volume_135_slice_93.npz,7
/kaggle/input/brats20-data/BraTS20/data/volume_135_slice_94.npz,7
/kaggle/input/brats20-data/BraTS20/data/volume_135_slice_95.npz,7
/kaggle/input/brats20-data/BraTS20/data/volume_135_slice_96.npz,7
/kaggle/input/brats20-data/BraTS20/data/volume_135_slice_97.npz,7
/kaggle/input/brats20-data/BraTS20/data/volume_135_slice_98.npz,7
/kaggle/input/brats20-data/BraTS20/data/volume_135_slice_99.npz,7
/kaggle/input/brats20-data/BraTS20/data/volume_135_slice_100.npz,7
/kaggle/input/brats20-data/BraTS20/data/volume_135_slice_101.npz,7
/kaggle/input/brats20-data/BraTS20/data/volume_135_slice_102.npz,7
/kaggle/input/brats20-data/BraTS20/data/volume_135_slice_103.npz,6
/kaggle/input/brats20-data/BraTS20/data/volume_135_slice_104.npz,6
/kaggle/input/brats20-data/BraTS20/data/volume_135_slice_105.npz,6
/kaggle/input/brats20-data/BraTS20/data/volume_135_slice_106.npz,6
/kaggle/input/brats20-data/BraTS20/data/volume_135_slice_107.npz,6
/kaggle/input/brats20-data/BraTS20/data/volume_135_slice_108.npz,6
/kaggle/input/brats20-data/BraTS20/data/volume_135_slice_109.npz,6
/kaggle/input/brats20-data/BraTS20/data/volume_135_slice_110.npz,6
/kaggle/input/brats20-data/BraTS20/data/volume_135_slice_111.npz,6
/kaggle/input/brats20-data/BraTS20/data/volume_135_slice_112.npz,17
/kaggle/input/brats20-data/BraTS20/data/volume_135_slice_113.npz,51
/kaggle/input/brats20-data/BraTS20/data/volume_135_slice_114.npz,51
/kaggle/input/brats20-data/BraTS20/data/volume_135_slice_115.npz,51
/kaggle/input/brats20-data/BraTS20/data/volume_135_slice_116.npz,51
/kaggle/input/brats20-data/BraTS20/data/volume_135_slice_117.npz,51
/kaggle/input/brats20-data/BraTS20/data/volume_135_slice_118.npz,51
/kaggle/input/brats20-data/BraTS20/data/volume_135_slice_119.npz,51
/kaggle/input/brats20-data/BraTS20/data/volume_135_slice_120.npz,51
/kaggle/input/brats20-data/BraTS20/data/volume_135_slice_121.npz,51
/kaggle/input/brats20-data/BraTS20/data/volume_135_slice_122.npz,51
/kaggle/input/brats20-data/BraTS20/data/volume_135_slice_123.npz,44
/kaggle/input/brats20-data/BraTS20/data/volume_135_slice_124.npz,44
/kaggle/input/brats20-data/BraTS20/data/volume_135_slice_125.npz,44
/kaggle/input/brats20-data/BraTS20/data/volume_135_slice_126.npz,44
/kaggle/input/brats20-data/BraTS20/data/volume_135_slice_127.npz,44
/kaggle/input/brats20-data/BraTS20/data/volume_135_slice_128.npz,44
/kaggle/input/brats20-data/BraTS20/data/volume_306_slice_80.npz,41
/kaggle/input/brats20-data/BraTS20/data/volume_306_slice_81.npz,41
/kaggle/input/brats20-data/BraTS20/data/volume_306_slice_82.npz,50
/kaggle/input/brats20-data/BraTS20/data/volume_306_slice_83.npz,50
/kaggle/input/brats20-data/BraTS20/data/volume_306_slice_84.npz,50
/kaggle/input/brats20-data/BraTS20/data/volume_306_slice_85.npz,50
/kaggle/input/brats20-data/BraTS20/data/volume_306_slice_86.npz,50
/kaggle/input/brats20-data/BraTS20/data/volume_306_slice_87.npz,50
/kaggle/input/brats20-data/BraTS20/data/volume_306_slice_88.npz,50
/kaggle/input/brats20-data/BraTS20/data/volume_306_slice_89.npz,50
/kaggle/input/brats20-data/BraTS20/data/volume_306_slice_90.npz,50
/kaggle/input/brats20-data/BraTS20/data/volume_306_slice_91.npz,50
/kaggle/input/brats20-data/BraTS20/data/volume_306_slice_92.npz,50
/kaggle/input/brats20-data/BraTS20/data/volume_306_slice_93.npz,50
/kaggle/input/brats20-data/BraTS20/data/volume_306_slice_94.npz,50
/kaggle/input/brats20-data/BraTS20/data/volume_306_slice_95.npz,50
/kaggle/input/brats20-data/BraTS20/data/volume_306_slice_96.npz,50
/kaggle/input/brats20-data/BraTS20/data/volume_306_slice_97.npz,50
/kaggle/input/brats20-data/BraTS20/data/volume_306_slice_98.npz,50
/kaggle/input/brats20-data/BraTS20/data/volume_306_slice_99.npz,4
/kaggle/input/brats20-data/BraTS20/data/volume_306_slice_100.npz,4
/kaggle/input/brats20-data/BraTS20/data/volume_306_slice_101.npz,4
/kaggle/input/brats20-data/BraTS20/data/volume_306_slice_102.npz,4
/kaggle/input/brats20-data/BraTS20/data/volume_306_slice_103.npz,71
/kaggle/input/brats20-data/BraTS20/data/volume_306_slice_104.npz,71
/kaggle/input/brats20-data/BraTS20/data/volume_306_slice_105.npz,71
/kaggle/input/brats20-data/BraTS20/data/volume_306_slice_106.npz,71
/kaggle/input/brats20-data/BraTS20/data/volume_306_slice_107.npz,71
/kaggle/input/brats20-data/BraTS20/data/volume_306_slice_108.npz,71
/kaggle/input/brats20-data/BraTS20/data/volume_306_slice_109.npz,36
/kaggle/input/brats20-data/BraTS20/data/volume_306_slice_110.npz,36
/kaggle/input/brats20-data/BraTS20/data/volume_306_slice_111.npz,36
/kaggle/input/brats20-data/BraTS20/data/volume_306_slice_112.npz,36
/kaggle/input/brats20-data/BraTS20/data/volume_306_slice_113.npz,36
/kaggle/input/brats20-data/BraTS20/data/volume_306_slice_114.npz,36
/kaggle/input/brats20-data/BraTS20/data/volume_306_slice_115.npz,10
/kaggle/input/brats20-data/BraTS20/data/volume_306_slice_116.npz,10
/kaggle/input/brats20-data/BraTS20/data/volume_306_slice_117.npz,10
/kaggle/input/brats20-data/BraTS20/data/volume_306_slice_118.npz,10
/kaggle/input/brats20-data/BraTS20/data/volume_306_slice_119.npz,44
/kaggle/input/brats20-data/BraTS20/data/volume_306_slice_120.npz,69
/kaggle/input/brats20-data/BraTS20/data/volume_306_slice_121.npz,69
/kaggle/input/brats20-data/BraTS20/data/volume_306_slice_122.npz,69
/kaggle/input/brats20-data/BraTS20/data/volume_306_slice_123.npz,69
/kaggle/input/brats20-data/BraTS20/data/volume_306_slice_124.npz,69
/kaggle/input/brats20-data/BraTS20/data/volume_306_slice_125.npz,78
/kaggle/input/brats20-data/BraTS20/data/volume_306_slice_126.npz,65
/kaggle/input/brats20-data/BraTS20/data/volume_306_slice_127.npz,65
/kaggle/input/brats20-data/BraTS20/data/volume_306_slice_128.npz,83
/kaggle/input/brats20-data/BraTS20/data/volume_40_slice_80.npz,20
/kaggle/input/brats20-data/BraTS20/data/volume_40_slice_81.npz,20
/kaggle/input/brats20-data/BraTS20/data/volume_40_slice_82.npz,20
/kaggle/input/brats20-data/BraTS20/data/volume_40_slice_83.npz,20
/kaggle/input/brats20-data/BraTS20/data/volume_40_slice_84.npz,20
/kaggle/input/brats20-data/BraTS20/data/volume_40_slice_85.npz,20
/kaggle/input/brats20-data/BraTS20/data/volume_40_slice_86.npz,20
/kaggle/input/brats20-data/BraTS20/data/volume_40_slice_87.npz,20
/kaggle/input/brats20-data/BraTS20/data/volume_40_slice_88.npz,20
/kaggle/input/brats20-data/BraTS20/data/volume_40_slice_89.npz,30
/kaggle/input/brats20-data/BraTS20/data/volume_40_slice_90.npz,74
/kaggle/input/brats20-data/BraTS20/data/volume_40_slice_91.npz,57
/kaggle/input/brats20-data/BraTS20/data/volume_40_slice_92.npz,45
/kaggle/input/brats20-data/BraTS20/data/volume_40_slice_93.npz,57
/kaggle/input/brats20-data/BraTS20/data/volume_40_slice_94.npz,57
/kaggle/input/brats20-data/BraTS20/data/volume_40_slice_95.npz,57
/kaggle/input/brats20-data/BraTS20/data/volume_40_slice_96.npz,16
/kaggle/input/brats20-data/BraTS20/data/volume_40_slice_97.npz,16
/kaggle/input/brats20-data/BraTS20/data/volume_40_slice_98.npz,16
/kaggle/input/brats20-data/BraTS20/data/volume_40_slice_99.npz,16
/kaggle/input/brats20-data/BraTS20/data/volume_40_slice_100.npz,16
/kaggle/input/brats20-data/BraTS20/data/volume_40_slice_101.npz,16
/kaggle/input/brats20-data/BraTS20/data/volume_40_slice_102.npz,16
/kaggle/input/brats20-data/BraTS20/data/volume_40_slice_103.npz,16
/kaggle/input/brats20-data/BraTS20/data/volume_40_slice_104.npz,16
/kaggle/input/brats20-data/BraTS20/data/volume_40_slice_105.npz,22
/kaggle/input/brats20-data/BraTS20/data/volume_40_slice_106.npz,22
/kaggle/input/brats20-data/BraTS20/data/volume_40_slice_107.npz,76
/kaggle/input/brats20-data/BraTS20/data/volume_40_slice_108.npz,76
/kaggle/input/brats20-data/BraTS20/data/volume_40_slice_109.npz,76
/kaggle/input/brats20-data/BraTS20/data/volume_40_slice_110.npz,76
/kaggle/input/brats20-data/BraTS20/data/volume_40_slice_111.npz,76
/kaggle/input/brats20-data/BraTS20/data/volume_40_slice_112.npz,76
/kaggle/input/brats20-data/BraTS20/data/volume_40_slice_113.npz,90
/kaggle/input/brats20-data/BraTS20/data/volume_40_slice_114.npz,90
/kaggle/input/brats20-data/BraTS20/data/volume_40_slice_115.npz,98
/kaggle/input/brats20-data/BraTS20/data/volume_40_slice_116.npz,98
/kaggle/input/brats20-data/BraTS20/data/volume_40_slice_117.npz,69
/kaggle/input/brats20-data/BraTS20/data/volume_40_slice_118.npz,69
/kaggle/input/brats20-data/BraTS20/data/volume_40_slice_119.npz,69
/kaggle/input/brats20-data/BraTS20/data/volume_40_slice_120.npz,61
/kaggle/input/brats20-data/BraTS20/data/volume_40_slice_121.npz,89
/kaggle/input/brats20-data/BraTS20/data/volume_40_slice_122.npz,89
/kaggle/input/brats20-data/BraTS20/data/volume_40_slice_123.npz,83
/kaggle/input/brats20-data/BraTS20/data/volume_40_slice_124.npz,83
/kaggle/input/brats20-data/BraTS20/data/volume_40_slice_125.npz,83
/kaggle/input/brats20-data/BraTS20/data/volume_40_slice_126.npz,83
/kaggle/input/brats20-data/BraTS20/data/volume_40_slice_127.npz,83
/kaggle/input/brats20-data/BraTS20/data/volume_40_slice_128.npz,83
/kaggle/input/brats20-data/BraTS20/data/volume_359_slice_80.npz,38
/kaggle/input/brats20-data/BraTS20/data/volume_359_slice_81.npz,38
/kaggle/input/brats20-data/BraTS20/data/volume_359_slice_82.npz,38
/kaggle/input/brats20-data/BraTS20/data/volume_359_slice_83.npz,38
/kaggle/input/brats20-data/BraTS20/data/volume_359_slice_84.npz,38
/kaggle/input/brats20-data/BraTS20/data/volume_359_slice_85.npz,38
/kaggle/input/brats20-data/BraTS20/data/volume_359_slice_86.npz,38
/kaggle/input/brats20-data/BraTS20/data/volume_359_slice_87.npz,38
/kaggle/input/brats20-data/BraTS20/data/volume_359_slice_88.npz,38
/kaggle/input/brats20-data/BraTS20/data/volume_359_slice_89.npz,38
/kaggle/input/brats20-data/BraTS20/data/volume_359_slice_90.npz,47
/kaggle/input/brats20-data/BraTS20/data/volume_359_slice_91.npz,47
/kaggle/input/brats20-data/BraTS20/data/volume_359_slice_92.npz,47
/kaggle/input/brats20-data/BraTS20/data/volume_359_slice_93.npz,47
/kaggle/input/brats20-data/BraTS20/data/volume_359_slice_94.npz,47
/kaggle/input/brats20-data/BraTS20/data/volume_359_slice_95.npz,47
/kaggle/input/brats20-data/BraTS20/data/volume_359_slice_96.npz,35
/kaggle/input/brats20-data/BraTS20/data/volume_359_slice_97.npz,56
/kaggle/input/brats20-data/BraTS20/data/volume_359_slice_98.npz,56
/kaggle/input/brats20-data/BraTS20/data/volume_359_slice_99.npz,56
/kaggle/input/brats20-data/BraTS20/data/volume_359_slice_100.npz,56
/kaggle/input/brats20-data/BraTS20/data/volume_359_slice_101.npz,56
/kaggle/input/brats20-data/BraTS20/data/volume_359_slice_102.npz,56
/kaggle/input/brats20-data/BraTS20/data/volume_359_slice_103.npz,56
/kaggle/input/brats20-data/BraTS20/data/volume_359_slice_104.npz,56
/kaggle/input/brats20-data/BraTS20/data/volume_359_slice_105.npz,56
/kaggle/input/brats20-data/BraTS20/data/volume_359_slice_106.npz,56
/kaggle/input/brats20-data/BraTS20/data/volume_359_slice_107.npz,56
/kaggle/input/brats20-data/BraTS20/data/volume_359_slice_108.npz,56
/kaggle/input/brats20-data/BraTS20/data/volume_359_slice_109.npz,56
/kaggle/input/brats20-data/BraTS20/data/volume_359_slice_110.npz,2
/kaggle/input/brats20-data/BraTS20/data/volume_359_slice_111.npz,2
/kaggle/input/brats20-data/BraTS20/data/volume_359_slice_112.npz,2
/kaggle/input/brats20-data/BraTS20/data/volume_359_slice_113.npz,2
/kaggle/input/brats20-data/BraTS20/data/volume_359_slice_114.npz,76
/kaggle/input/brats20-data/BraTS20/data/volume_359_slice_115.npz,76
/kaggle/input/brats20-data/BraTS20/data/volume_359_slice_116.npz,76
/kaggle/input/brats20-data/BraTS20/data/volume_359_slice_117.npz,86
/kaggle/input/brats20-data/BraTS20/data/volume_359_slice_118.npz,90
/kaggle/input/brats20-data/BraTS20/data/volume_359_slice_119.npz,90
/kaggle/input/brats20-data/BraTS20/data/volume_359_slice_120.npz,90
/kaggle/input/brats20-data/BraTS20/data/volume_359_slice_121.npz,98
/kaggle/input/brats20-data/BraTS20/data/volume_359_slice_122.npz,98
/kaggle/input/brats20-data/BraTS20/data/volume_359_slice_123.npz,61
/kaggle/input/brats20-data/BraTS20/data/volume_359_slice_124.npz,61
/kaggle/input/brats20-data/BraTS20/data/volume_359_slice_125.npz,61
/kaggle/input/brats20-data/BraTS20/data/volume_359_slice_126.npz,89
/kaggle/input/brats20-data/BraTS20/data/volume_359_slice_127.npz,89
/kaggle/input/brats20-data/BraTS20/data/volume_359_slice_128.npz,83
/kaggle/input/brats20-data/BraTS20/data/volume_310_slice_80.npz,20
/kaggle/input/brats20-data/BraTS20/data/volume_310_slice_81.npz,20
/kaggle/input/brats20-data/BraTS20/data/volume_310_slice_82.npz,20
/kaggle/input/brats20-data/BraTS20/data/volume_310_slice_83.npz,20
/kaggle/input/brats20-data/BraTS20/data/volume_310_slice_84.npz,20
/kaggle/input/brats20-data/BraTS20/data/volume_310_slice_85.npz,20
/kaggle/input/brats20-data/BraTS20/data/volume_310_slice_86.npz,20
/kaggle/input/brats20-data/BraTS20/data/volume_310_slice_87.npz,20
/kaggle/input/brats20-data/BraTS20/data/volume_310_slice_88.npz,20
/kaggle/input/brats20-data/BraTS20/data/volume_310_slice_89.npz,20
/kaggle/input/brats20-data/BraTS20/data/volume_310_slice_90.npz,20
/kaggle/input/brats20-data/BraTS20/data/volume_310_slice_91.npz,20
/kaggle/input/brats20-data/BraTS20/data/volume_310_slice_92.npz,20
/kaggle/input/brats20-data/BraTS20/data/volume_310_slice_93.npz,20
/kaggle/input/brats20-data/BraTS20/data/volume_310_slice_94.npz,20
/kaggle/input/brats20-data/BraTS20/data/volume_310_slice_95.npz,20
/kaggle/input/brats20-data/BraTS20/data/volume_310_slice_96.npz,20
/kaggle/input/brats20-data/BraTS20/data/volume_310_slice_97.npz,20
/kaggle/input/brats20-data/BraTS20/data/volume_310_slice_98.npz,20
/kaggle/input/brats20-data/BraTS20/data/volume_310_slice_99.npz,56
/kaggle/input/brats20-data/BraTS20/data/volume_310_slice_100.npz,56
/kaggle/input/brats20-data/BraTS20/data/volume_310_slice_101.npz,56
/kaggle/input/brats20-data/BraTS20/data/volume_310_slice_102.npz,56
/kaggle/input/brats20-data/BraTS20/data/volume_310_slice_103.npz,56
/kaggle/input/brats20-data/BraTS20/data/volume_310_slice_105.npz,56
/kaggle/input/brats20-data/BraTS20/data/volume_310_slice_106.npz,56
/kaggle/input/brats20-data/BraTS20/data/volume_310_slice_107.npz,56
/kaggle/input/brats20-data/BraTS20/data/volume_310_slice_108.npz,56
/kaggle/input/brats20-data/BraTS20/data/volume_310_slice_109.npz,14
/kaggle/input/brats20-data/BraTS20/data/volume_310_slice_110.npz,14
/kaggle/input/brats20-data/BraTS20/data/volume_310_slice_111.npz,14
/kaggle/input/brats20-data/BraTS20/data/volume_310_slice_112.npz,14
/kaggle/input/brats20-data/BraTS20/data/volume_310_slice_113.npz,14
/kaggle/input/brats20-data/BraTS20/data/volume_310_slice_114.npz,14
/kaggle/input/brats20-data/BraTS20/data/volume_310_slice_115.npz,14
/kaggle/input/brats20-data/BraTS20/data/volume_310_slice_116.npz,14
/kaggle/input/brats20-data/BraTS20/data/volume_310_slice_117.npz,14
/kaggle/input/brats20-data/BraTS20/data/volume_310_slice_118.npz,14
/kaggle/input/brats20-data/BraTS20/data/volume_310_slice_119.npz,14
/kaggle/input/brats20-data/BraTS20/data/volume_310_slice_120.npz,14
/kaggle/input/brats20-data/BraTS20/data/volume_310_slice_121.npz,44
/kaggle/input/brats20-data/BraTS20/data/volume_310_slice_122.npz,44
/kaggle/input/brats20-data/BraTS20/data/volume_310_slice_123.npz,44
/kaggle/input/brats20-data/BraTS20/data/volume_310_slice_124.npz,44
/kaggle/input/brats20-data/BraTS20/data/volume_310_slice_125.npz,44
/kaggle/input/brats20-data/BraTS20/data/volume_310_slice_126.npz,23
/kaggle/input/brats20-data/BraTS20/data/volume_310_slice_127.npz,23
/kaggle/input/brats20-data/BraTS20/data/volume_310_slice_128.npz,23
/kaggle/input/brats20-data/BraTS20/data/volume_249_slice_80.npz,41
/kaggle/input/brats20-data/BraTS20/data/volume_249_slice_81.npz,41
/kaggle/input/brats20-data/BraTS20/data/volume_249_slice_82.npz,41
/kaggle/input/brats20-data/BraTS20/data/volume_249_slice_83.npz,41
/kaggle/input/brats20-data/BraTS20/data/volume_249_slice_84.npz,41
/kaggle/input/brats20-data/BraTS20/data/volume_249_slice_85.npz,41
/kaggle/input/brats20-data/BraTS20/data/volume_249_slice_86.npz,41
/kaggle/input/brats20-data/BraTS20/data/volume_249_slice_87.npz,41
/kaggle/input/brats20-data/BraTS20/data/volume_249_slice_88.npz,41
/kaggle/input/brats20-data/BraTS20/data/volume_249_slice_89.npz,41
/kaggle/input/brats20-data/BraTS20/data/volume_249_slice_90.npz,50
/kaggle/input/brats20-data/BraTS20/data/volume_249_slice_91.npz,50
/kaggle/input/brats20-data/BraTS20/data/volume_249_slice_92.npz,50
/kaggle/input/brats20-data/BraTS20/data/volume_249_slice_93.npz,84
/kaggle/input/brats20-data/BraTS20/data/volume_249_slice_94.npz,84
/kaggle/input/brats20-data/BraTS20/data/volume_249_slice_95.npz,94
/kaggle/input/brats20-data/BraTS20/data/volume_249_slice_96.npz,94
/kaggle/input/brats20-data/BraTS20/data/volume_249_slice_97.npz,4
/kaggle/input/brats20-data/BraTS20/data/volume_249_slice_98.npz,4
/kaggle/input/brats20-data/BraTS20/data/volume_249_slice_99.npz,4
/kaggle/input/brats20-data/BraTS20/data/volume_249_slice_100.npz,55
/kaggle/input/brats20-data/BraTS20/data/volume_249_slice_101.npz,55
/kaggle/input/brats20-data/BraTS20/data/volume_249_slice_102.npz,55
/kaggle/input/brats20-data/BraTS20/data/volume_249_slice_103.npz,70
/kaggle/input/brats20-data/BraTS20/data/volume_249_slice_104.npz,70
/kaggle/input/brats20-data/BraTS20/data/volume_249_slice_105.npz,70
/kaggle/input/brats20-data/BraTS20/data/volume_249_slice_106.npz,70
/kaggle/input/brats20-data/BraTS20/data/volume_249_slice_107.npz,70
/kaggle/input/brats20-data/BraTS20/data/volume_249_slice_108.npz,70
/kaggle/input/brats20-data/BraTS20/data/volume_249_slice_109.npz,72
/kaggle/input/brats20-data/BraTS20/data/volume_249_slice_110.npz,72
/kaggle/input/brats20-data/BraTS20/data/volume_249_slice_111.npz,36
/kaggle/input/brats20-data/BraTS20/data/volume_249_slice_112.npz,52
/kaggle/input/brats20-data/BraTS20/data/volume_249_slice_113.npz,52
/kaggle/input/brats20-data/BraTS20/data/volume_249_slice_114.npz,52
/kaggle/input/brats20-data/BraTS20/data/volume_249_slice_115.npz,52
/kaggle/input/brats20-data/BraTS20/data/volume_249_slice_116.npz,54
/kaggle/input/brats20-data/BraTS20/data/volume_249_slice_117.npz,54
/kaggle/input/brats20-data/BraTS20/data/volume_249_slice_118.npz,87
/kaggle/input/brats20-data/BraTS20/data/volume_249_slice_119.npz,69
/kaggle/input/brats20-data/BraTS20/data/volume_249_slice_120.npz,69
/kaggle/input/brats20-data/BraTS20/data/volume_249_slice_121.npz,78
/kaggle/input/brats20-data/BraTS20/data/volume_249_slice_122.npz,78
/kaggle/input/brats20-data/BraTS20/data/volume_249_slice_123.npz,75
/kaggle/input/brats20-data/BraTS20/data/volume_249_slice_124.npz,83
/kaggle/input/brats20-data/BraTS20/data/volume_249_slice_125.npz,83
/kaggle/input/brats20-data/BraTS20/data/volume_249_slice_126.npz,83
/kaggle/input/brats20-data/BraTS20/data/volume_249_slice_127.npz,43
/kaggle/input/brats20-data/BraTS20/data/volume_249_slice_128.npz,43
/kaggle/input/brats20-data/BraTS20/data/volume_95_slice_80.npz,1
/kaggle/input/brats20-data/BraTS20/data/volume_95_slice_81.npz,1
/kaggle/input/brats20-data/BraTS20/data/volume_95_slice_82.npz,1
/kaggle/input/brats20-data/BraTS20/data/volume_95_slice_83.npz,1
/kaggle/input/brats20-data/BraTS20/data/volume_95_slice_84.npz,1
/kaggle/input/brats20-data/BraTS20/data/volume_95_slice_85.npz,1
/kaggle/input/brats20-data/BraTS20/data/volume_95_slice_86.npz,1
/kaggle/input/brats20-data/BraTS20/data/volume_95_slice_87.npz,1
/kaggle/input/brats20-data/BraTS20/data/volume_95_slice_88.npz,1
/kaggle/input/brats20-data/BraTS20/data/volume_95_slice_89.npz,15
/kaggle/input/brats20-data/BraTS20/data/volume_95_slice_90.npz,15
/kaggle/input/brats20-data/BraTS20/data/volume_95_slice_91.npz,15
/kaggle/input/brats20-data/BraTS20/data/volume_95_slice_92.npz,6
/kaggle/input/brats20-data/BraTS20/data/volume_95_slice_93.npz,6
/kaggle/input/brats20-data/BraTS20/data/volume_95_slice_94.npz,6
/kaggle/input/brats20-data/BraTS20/data/volume_95_slice_95.npz,6
/kaggle/input/brats20-data/BraTS20/data/volume_95_slice_96.npz,12
/kaggle/input/brats20-data/BraTS20/data/volume_95_slice_97.npz,12
/kaggle/input/brats20-data/BraTS20/data/volume_95_slice_98.npz,12
/kaggle/input/brats20-data/BraTS20/data/volume_95_slice_99.npz,12
/kaggle/input/brats20-data/BraTS20/data/volume_95_slice_100.npz,12
/kaggle/input/brats20-data/BraTS20/data/volume_95_slice_101.npz,16
/kaggle/input/brats20-data/BraTS20/data/volume_95_slice_102.npz,16
/kaggle/input/brats20-data/BraTS20/data/volume_95_slice_103.npz,16
/kaggle/input/brats20-data/BraTS20/data/volume_95_slice_104.npz,16
/kaggle/input/brats20-data/BraTS20/data/volume_95_slice_105.npz,16
/kaggle/input/brats20-data/BraTS20/data/volume_95_slice_106.npz,16
/kaggle/input/brats20-data/BraTS20/data/volume_95_slice_107.npz,16
/kaggle/input/brats20-data/BraTS20/data/volume_95_slice_108.npz,16
/kaggle/input/brats20-data/BraTS20/data/volume_95_slice_109.npz,16
/kaggle/input/brats20-data/BraTS20/data/volume_95_slice_110.npz,16
/kaggle/input/brats20-data/BraTS20/data/volume_95_slice_111.npz,36
/kaggle/input/brats20-data/BraTS20/data/volume_95_slice_112.npz,36
/kaggle/input/brats20-data/BraTS20/data/volume_95_slice_113.npz,36
/kaggle/input/brats20-data/BraTS20/data/volume_95_slice_114.npz,36
/kaggle/input/brats20-data/BraTS20/data/volume_95_slice_115.npz,36
/kaggle/input/brats20-data/BraTS20/data/volume_95_slice_116.npz,36
/kaggle/input/brats20-data/BraTS20/data/volume_95_slice_117.npz,36
/kaggle/input/brats20-data/BraTS20/data/volume_95_slice_118.npz,36
/kaggle/input/brats20-data/BraTS20/data/volume_95_slice_119.npz,44
/kaggle/input/brats20-data/BraTS20/data/volume_95_slice_120.npz,44
/kaggle/input/brats20-data/BraTS20/data/volume_95_slice_121.npz,44
/kaggle/input/brats20-data/BraTS20/data/volume_95_slice_122.npz,44
/kaggle/input/brats20-data/BraTS20/data/volume_95_slice_123.npz,44
/kaggle/input/brats20-data/BraTS20/data/volume_95_slice_124.npz,39
/kaggle/input/brats20-data/BraTS20/data/volume_95_slice_125.npz,62
/kaggle/input/brats20-data/BraTS20/data/volume_95_slice_126.npz,89
/kaggle/input/brats20-data/BraTS20/data/volume_95_slice_127.npz,89
/kaggle/input/brats20-data/BraTS20/data/volume_95_slice_128.npz,75
/kaggle/input/brats20-data/BraTS20/data/volume_235_slice_80.npz,14
/kaggle/input/brats20-data/BraTS20/data/volume_235_slice_81.npz,20
/kaggle/input/brats20-data/BraTS20/data/volume_235_slice_82.npz,20
/kaggle/input/brats20-data/BraTS20/data/volume_235_slice_83.npz,19
/kaggle/input/brats20-data/BraTS20/data/volume_235_slice_84.npz,19
/kaggle/input/brats20-data/BraTS20/data/volume_235_slice_85.npz,19
/kaggle/input/brats20-data/BraTS20/data/volume_235_slice_86.npz,19
/kaggle/input/brats20-data/BraTS20/data/volume_235_slice_87.npz,45
/kaggle/input/brats20-data/BraTS20/data/volume_235_slice_88.npz,45
/kaggle/input/brats20-data/BraTS20/data/volume_235_slice_89.npz,45
/kaggle/input/brats20-data/BraTS20/data/volume_235_slice_90.npz,45
/kaggle/input/brats20-data/BraTS20/data/volume_235_slice_91.npz,45
/kaggle/input/brats20-data/BraTS20/data/volume_235_slice_92.npz,45
/kaggle/input/brats20-data/BraTS20/data/volume_235_slice_93.npz,16
/kaggle/input/brats20-data/BraTS20/data/volume_235_slice_94.npz,16
/kaggle/input/brats20-data/BraTS20/data/volume_235_slice_95.npz,16
/kaggle/input/brats20-data/BraTS20/data/volume_235_slice_96.npz,14
/kaggle/input/brats20-data/BraTS20/data/volume_235_slice_97.npz,14
/kaggle/input/brats20-data/BraTS20/data/volume_235_slice_98.npz,14
/kaggle/input/brats20-data/BraTS20/data/volume_235_slice_99.npz,14
/kaggle/input/brats20-data/BraTS20/data/volume_235_slice_100.npz,14
/kaggle/input/brats20-data/BraTS20/data/volume_235_slice_101.npz,14
/kaggle/input/brats20-data/BraTS20/data/volume_235_slice_102.npz,14
/kaggle/input/brats20-data/BraTS20/data/volume_235_slice_103.npz,14
/kaggle/input/brats20-data/BraTS20/data/volume_235_slice_104.npz,14
/kaggle/input/brats20-data/BraTS20/data/volume_235_slice_105.npz,14
/kaggle/input/brats20-data/BraTS20/data/volume_235_slice_106.npz,14
/kaggle/input/brats20-data/BraTS20/data/volume_235_slice_107.npz,14
/kaggle/input/brats20-data/BraTS20/data/volume_235_slice_108.npz,14
/kaggle/input/brats20-data/BraTS20/data/volume_235_slice_109.npz,14
/kaggle/input/brats20-data/BraTS20/data/volume_235_slice_110.npz,14
/kaggle/input/brats20-data/BraTS20/data/volume_235_slice_111.npz,14
/kaggle/input/brats20-data/BraTS20/data/volume_235_slice_112.npz,14
/kaggle/input/brats20-data/BraTS20/data/volume_235_slice_113.npz,62
/kaggle/input/brats20-data/BraTS20/data/volume_235_slice_114.npz,62
/kaggle/input/brats20-data/BraTS20/data/volume_235_slice_115.npz,62
/kaggle/input/brats20-data/BraTS20/data/volume_235_slice_116.npz,62
/kaggle/input/brats20-data/BraTS20/data/volume_235_slice_117.npz,75
/kaggle/input/brats20-data/BraTS20/data/volume_235_slice_118.npz,75
/kaggle/input/brats20-data/BraTS20/data/volume_235_slice_119.npz,75
/kaggle/input/brats20-data/BraTS20/data/volume_235_slice_120.npz,43
/kaggle/input/brats20-data/BraTS20/data/volume_235_slice_121.npz,43
/kaggle/input/brats20-data/BraTS20/data/volume_235_slice_122.npz,43
/kaggle/input/brats20-data/BraTS20/data/volume_235_slice_123.npz,43
/kaggle/input/brats20-data/BraTS20/data/volume_235_slice_124.npz,43
/kaggle/input/brats20-data/BraTS20/data/volume_235_slice_125.npz,43
/kaggle/input/brats20-data/BraTS20/data/volume_235_slice_126.npz,43
/kaggle/input/brats20-data/BraTS20/data/volume_235_slice_127.npz,43
/kaggle/input/brats20-data/BraTS20/data/volume_235_slice_128.npz,43
/kaggle/input/brats20-data/BraTS20/data/volume_28_slice_80.npz,46
/kaggle/input/brats20-data/BraTS20/data/volume_28_slice_81.npz,46
/kaggle/input/brats20-data/BraTS20/data/volume_28_slice_82.npz,46
/kaggle/input/brats20-data/BraTS20/data/volume_28_slice_83.npz,46
/kaggle/input/brats20-data/BraTS20/data/volume_28_slice_84.npz,1
/kaggle/input/brats20-data/BraTS20/data/volume_28_slice_85.npz,1
/kaggle/input/brats20-data/BraTS20/data/volume_28_slice_86.npz,1
/kaggle/input/brats20-data/BraTS20/data/volume_28_slice_87.npz,1
/kaggle/input/brats20-data/BraTS20/data/volume_28_slice_88.npz,15
/kaggle/input/brats20-data/BraTS20/data/volume_28_slice_89.npz,15
/kaggle/input/brats20-data/BraTS20/data/volume_28_slice_90.npz,15
/kaggle/input/brats20-data/BraTS20/data/volume_28_slice_91.npz,15
/kaggle/input/brats20-data/BraTS20/data/volume_28_slice_92.npz,15
/kaggle/input/brats20-data/BraTS20/data/volume_28_slice_93.npz,74
/kaggle/input/brats20-data/BraTS20/data/volume_28_slice_94.npz,12
/kaggle/input/brats20-data/BraTS20/data/volume_28_slice_95.npz,12
/kaggle/input/brats20-data/BraTS20/data/volume_28_slice_96.npz,84
/kaggle/input/brats20-data/BraTS20/data/volume_28_slice_97.npz,84
/kaggle/input/brats20-data/BraTS20/data/volume_28_slice_98.npz,84
/kaggle/input/brats20-data/BraTS20/data/volume_28_slice_99.npz,84
/kaggle/input/brats20-data/BraTS20/data/volume_28_slice_100.npz,56
/kaggle/input/brats20-data/BraTS20/data/volume_28_slice_101.npz,56
/kaggle/input/brats20-data/BraTS20/data/volume_28_slice_102.npz,56
/kaggle/input/brats20-data/BraTS20/data/volume_28_slice_103.npz,96
/kaggle/input/brats20-data/BraTS20/data/volume_28_slice_104.npz,96
/kaggle/input/brats20-data/BraTS20/data/volume_28_slice_105.npz,96
/kaggle/input/brats20-data/BraTS20/data/volume_28_slice_106.npz,96
/kaggle/input/brats20-data/BraTS20/data/volume_28_slice_107.npz,96
/kaggle/input/brats20-data/BraTS20/data/volume_28_slice_108.npz,96
/kaggle/input/brats20-data/BraTS20/data/volume_28_slice_109.npz,96
/kaggle/input/brats20-data/BraTS20/data/volume_28_slice_110.npz,96
/kaggle/input/brats20-data/BraTS20/data/volume_28_slice_111.npz,96
/kaggle/input/brats20-data/BraTS20/data/volume_28_slice_112.npz,96
/kaggle/input/brats20-data/BraTS20/data/volume_28_slice_113.npz,96
/kaggle/input/brats20-data/BraTS20/data/volume_28_slice_114.npz,36
/kaggle/input/brats20-data/BraTS20/data/volume_28_slice_115.npz,36
/kaggle/input/brats20-data/BraTS20/data/volume_28_slice_116.npz,36
/kaggle/input/brats20-data/BraTS20/data/volume_28_slice_117.npz,51
/kaggle/input/brats20-data/BraTS20/data/volume_28_slice_118.npz,51
/kaggle/input/brats20-data/BraTS20/data/volume_28_slice_119.npz,93
/kaggle/input/brats20-data/BraTS20/data/volume_28_slice_120.npz,93
/kaggle/input/brats20-data/BraTS20/data/volume_28_slice_121.npz,93
/kaggle/input/brats20-data/BraTS20/data/volume_28_slice_122.npz,67
/kaggle/input/brats20-data/BraTS20/data/volume_28_slice_123.npz,67
/kaggle/input/brats20-data/BraTS20/data/volume_28_slice_124.npz,67
/kaggle/input/brats20-data/BraTS20/data/volume_28_slice_125.npz,67
/kaggle/input/brats20-data/BraTS20/data/volume_28_slice_126.npz,67
/kaggle/input/brats20-data/BraTS20/data/volume_28_slice_127.npz,67
/kaggle/input/brats20-data/BraTS20/data/volume_28_slice_128.npz,67
/kaggle/input/brats20-data/BraTS20/data/volume_159_slice_80.npz,24
/kaggle/input/brats20-data/BraTS20/data/volume_159_slice_81.npz,24
/kaggle/input/brats20-data/BraTS20/data/volume_159_slice_82.npz,24
/kaggle/input/brats20-data/BraTS20/data/volume_159_slice_83.npz,24
/kaggle/input/brats20-data/BraTS20/data/volume_159_slice_84.npz,24
/kaggle/input/brats20-data/BraTS20/data/volume_159_slice_85.npz,24
/kaggle/input/brats20-data/BraTS20/data/volume_159_slice_86.npz,24
/kaggle/input/brats20-data/BraTS20/data/volume_159_slice_87.npz,24
/kaggle/input/brats20-data/BraTS20/data/volume_159_slice_88.npz,24
/kaggle/input/brats20-data/BraTS20/data/volume_159_slice_89.npz,24
/kaggle/input/brats20-data/BraTS20/data/volume_159_slice_90.npz,24
/kaggle/input/brats20-data/BraTS20/data/volume_159_slice_91.npz,24
/kaggle/input/brats20-data/BraTS20/data/volume_159_slice_92.npz,24
/kaggle/input/brats20-data/BraTS20/data/volume_159_slice_93.npz,24
/kaggle/input/brats20-data/BraTS20/data/volume_159_slice_94.npz,24
/kaggle/input/brats20-data/BraTS20/data/volume_159_slice_95.npz,24
/kaggle/input/brats20-data/BraTS20/data/volume_159_slice_96.npz,24
/kaggle/input/brats20-data/BraTS20/data/volume_159_slice_97.npz,24
/kaggle/input/brats20-data/BraTS20/data/volume_159_slice_98.npz,24
/kaggle/input/brats20-data/BraTS20/data/volume_159_slice_99.npz,24
/kaggle/input/brats20-data/BraTS20/data/volume_159_slice_100.npz,24
/kaggle/input/brats20-data/BraTS20/data/volume_159_slice_101.npz,60
/kaggle/input/brats20-data/BraTS20/data/volume_159_slice_102.npz,60
/kaggle/input/brats20-data/BraTS20/data/volume_159_slice_103.npz,36
/kaggle/input/brats20-data/BraTS20/data/volume_159_slice_104.npz,36
/kaggle/input/brats20-data/BraTS20/data/volume_159_slice_105.npz,36
/kaggle/input/brats20-data/BraTS20/data/volume_159_slice_106.npz,36
/kaggle/input/brats20-data/BraTS20/data/volume_159_slice_107.npz,36
/kaggle/input/brats20-data/BraTS20/data/volume_159_slice_108.npz,36
/kaggle/input/brats20-data/BraTS20/data/volume_159_slice_109.npz,36
/kaggle/input/brats20-data/BraTS20/data/volume_159_slice_110.npz,36
/kaggle/input/brats20-data/BraTS20/data/volume_159_slice_111.npz,36
/kaggle/input/brats20-data/BraTS20/data/volume_159_slice_112.npz,36
/kaggle/input/brats20-data/BraTS20/data/volume_159_slice_113.npz,36
/kaggle/input/brats20-data/BraTS20/data/volume_159_slice_114.npz,36
/kaggle/input/brats20-data/BraTS20/data/volume_159_slice_115.npz,36
/kaggle/input/brats20-data/BraTS20/data/volume_159_slice_116.npz,64
/kaggle/input/brats20-data/BraTS20/data/volume_159_slice_117.npz,64
/kaggle/input/brats20-data/BraTS20/data/volume_159_slice_118.npz,79
/kaggle/input/brats20-data/BraTS20/data/volume_159_slice_119.npz,79
/kaggle/input/brats20-data/BraTS20/data/volume_159_slice_120.npz,79
/kaggle/input/brats20-data/BraTS20/data/volume_159_slice_121.npz,79
/kaggle/input/brats20-data/BraTS20/data/volume_159_slice_122.npz,79
/kaggle/input/brats20-data/BraTS20/data/volume_159_slice_123.npz,85
/kaggle/input/brats20-data/BraTS20/data/volume_159_slice_124.npz,61
/kaggle/input/brats20-data/BraTS20/data/volume_159_slice_125.npz,61
/kaggle/input/brats20-data/BraTS20/data/volume_159_slice_126.npz,78
/kaggle/input/brats20-data/BraTS20/data/volume_159_slice_127.npz,75
/kaggle/input/brats20-data/BraTS20/data/volume_159_slice_128.npz,75
/kaggle/input/brats20-data/BraTS20/data/volume_251_slice_80.npz,19
/kaggle/input/brats20-data/BraTS20/data/volume_251_slice_81.npz,19
/kaggle/input/brats20-data/BraTS20/data/volume_251_slice_82.npz,19
/kaggle/input/brats20-data/BraTS20/data/volume_251_slice_83.npz,19
/kaggle/input/brats20-data/BraTS20/data/volume_251_slice_84.npz,19
/kaggle/input/brats20-data/BraTS20/data/volume_251_slice_85.npz,19
/kaggle/input/brats20-data/BraTS20/data/volume_251_slice_86.npz,19
/kaggle/input/brats20-data/BraTS20/data/volume_251_slice_87.npz,19
/kaggle/input/brats20-data/BraTS20/data/volume_251_slice_88.npz,19
/kaggle/input/brats20-data/BraTS20/data/volume_251_slice_89.npz,19
/kaggle/input/brats20-data/BraTS20/data/volume_251_slice_90.npz,19
/kaggle/input/brats20-data/BraTS20/data/volume_251_slice_91.npz,19
/kaggle/input/brats20-data/BraTS20/data/volume_251_slice_92.npz,19
/kaggle/input/brats20-data/BraTS20/data/volume_251_slice_93.npz,19
/kaggle/input/brats20-data/BraTS20/data/volume_251_slice_94.npz,19
/kaggle/input/brats20-data/BraTS20/data/volume_251_slice_95.npz,19
/kaggle/input/brats20-data/BraTS20/data/volume_251_slice_96.npz,19
/kaggle/input/brats20-data/BraTS20/data/volume_251_slice_97.npz,25
/kaggle/input/brats20-data/BraTS20/data/volume_251_slice_98.npz,25
/kaggle/input/brats20-data/BraTS20/data/volume_251_slice_99.npz,25
/kaggle/input/brats20-data/BraTS20/data/volume_251_slice_100.npz,25
/kaggle/input/brats20-data/BraTS20/data/volume_251_slice_101.npz,25
/kaggle/input/brats20-data/BraTS20/data/volume_251_slice_102.npz,25
/kaggle/input/brats20-data/BraTS20/data/volume_251_slice_103.npz,36
/kaggle/input/brats20-data/BraTS20/data/volume_251_slice_104.npz,36
/kaggle/input/brats20-data/BraTS20/data/volume_251_slice_105.npz,36
/kaggle/input/brats20-data/BraTS20/data/volume_251_slice_106.npz,36
/kaggle/input/brats20-data/BraTS20/data/volume_251_slice_107.npz,36
/kaggle/input/brats20-data/BraTS20/data/volume_251_slice_108.npz,36
/kaggle/input/brats20-data/BraTS20/data/volume_251_slice_109.npz,36
/kaggle/input/brats20-data/BraTS20/data/volume_251_slice_110.npz,36
/kaggle/input/brats20-data/BraTS20/data/volume_251_slice_111.npz,36
/kaggle/input/brats20-data/BraTS20/data/volume_251_slice_112.npz,52
/kaggle/input/brats20-data/BraTS20/data/volume_251_slice_113.npz,52
/kaggle/input/brats20-data/BraTS20/data/volume_251_slice_114.npz,52
/kaggle/input/brats20-data/BraTS20/data/volume_251_slice_115.npz,52
/kaggle/input/brats20-data/BraTS20/data/volume_251_slice_116.npz,54
/kaggle/input/brats20-data/BraTS20/data/volume_251_slice_117.npz,54
/kaggle/input/brats20-data/BraTS20/data/volume_251_slice_118.npz,54
/kaggle/input/brats20-data/BraTS20/data/volume_251_slice_119.npz,87
/kaggle/input/brats20-data/BraTS20/data/volume_251_slice_120.npz,87
/kaggle/input/brats20-data/BraTS20/data/volume_251_slice_121.npz,69
/kaggle/input/brats20-data/BraTS20/data/volume_251_slice_122.npz,69
/kaggle/input/brats20-data/BraTS20/data/volume_251_slice_123.npz,78
/kaggle/input/brats20-data/BraTS20/data/volume_251_slice_124.npz,78
/kaggle/input/brats20-data/BraTS20/data/volume_251_slice_125.npz,65
/kaggle/input/brats20-data/BraTS20/data/volume_251_slice_126.npz,65
/kaggle/input/brats20-data/BraTS20/data/volume_251_slice_127.npz,83
/kaggle/input/brats20-data/BraTS20/data/volume_251_slice_128.npz,83
/kaggle/input/brats20-data/BraTS20/data/volume_265_slice_80.npz,41
/kaggle/input/brats20-data/BraTS20/data/volume_265_slice_81.npz,28
/kaggle/input/brats20-data/BraTS20/data/volume_265_slice_82.npz,28
/kaggle/input/brats20-data/BraTS20/data/volume_265_slice_83.npz,28
/kaggle/input/brats20-data/BraTS20/data/volume_265_slice_84.npz,28
/kaggle/input/brats20-data/BraTS20/data/volume_265_slice_85.npz,28
/kaggle/input/brats20-data/BraTS20/data/volume_265_slice_86.npz,28
/kaggle/input/brats20-data/BraTS20/data/volume_265_slice_87.npz,4
/kaggle/input/brats20-data/BraTS20/data/volume_265_slice_88.npz,4
/kaggle/input/brats20-data/BraTS20/data/volume_265_slice_89.npz,4
/kaggle/input/brats20-data/BraTS20/data/volume_265_slice_90.npz,4
/kaggle/input/brats20-data/BraTS20/data/volume_265_slice_91.npz,4
/kaggle/input/brats20-data/BraTS20/data/volume_265_slice_92.npz,4
/kaggle/input/brats20-data/BraTS20/data/volume_265_slice_93.npz,4
/kaggle/input/brats20-data/BraTS20/data/volume_265_slice_94.npz,4
/kaggle/input/brats20-data/BraTS20/data/volume_265_slice_95.npz,4
/kaggle/input/brats20-data/BraTS20/data/volume_265_slice_96.npz,4
/kaggle/input/brats20-data/BraTS20/data/volume_265_slice_97.npz,4
/kaggle/input/brats20-data/BraTS20/data/volume_265_slice_98.npz,4
/kaggle/input/brats20-data/BraTS20/data/volume_265_slice_99.npz,4
/kaggle/input/brats20-data/BraTS20/data/volume_265_slice_100.npz,4
/kaggle/input/brats20-data/BraTS20/data/volume_265_slice_101.npz,4
/kaggle/input/brats20-data/BraTS20/data/volume_265_slice_102.npz,4
/kaggle/input/brats20-data/BraTS20/data/volume_265_slice_103.npz,70
/kaggle/input/brats20-data/BraTS20/data/volume_265_slice_104.npz,70
/kaggle/input/brats20-data/BraTS20/data/volume_265_slice_105.npz,36
/kaggle/input/brats20-data/BraTS20/data/volume_265_slice_106.npz,36
/kaggle/input/brats20-data/BraTS20/data/volume_265_slice_107.npz,36
/kaggle/input/brats20-data/BraTS20/data/volume_265_slice_108.npz,72
/kaggle/input/brats20-data/BraTS20/data/volume_265_slice_109.npz,72
/kaggle/input/brats20-data/BraTS20/data/volume_265_slice_110.npz,72
/kaggle/input/brats20-data/BraTS20/data/volume_265_slice_111.npz,64
/kaggle/input/brats20-data/BraTS20/data/volume_265_slice_112.npz,64
/kaggle/input/brats20-data/BraTS20/data/volume_265_slice_113.npz,64
/kaggle/input/brats20-data/BraTS20/data/volume_265_slice_114.npz,64
/kaggle/input/brats20-data/BraTS20/data/volume_265_slice_115.npz,64
/kaggle/input/brats20-data/BraTS20/data/volume_265_slice_116.npz,64
/kaggle/input/brats20-data/BraTS20/data/volume_265_slice_117.npz,64
/kaggle/input/brats20-data/BraTS20/data/volume_265_slice_118.npz,93
/kaggle/input/brats20-data/BraTS20/data/volume_265_slice_119.npz,93
/kaggle/input/brats20-data/BraTS20/data/volume_265_slice_120.npz,93
/kaggle/input/brats20-data/BraTS20/data/volume_265_slice_121.npz,78
/kaggle/input/brats20-data/BraTS20/data/volume_265_slice_122.npz,78
/kaggle/input/brats20-data/BraTS20/data/volume_265_slice_123.npz,78
/kaggle/input/brats20-data/BraTS20/data/volume_265_slice_124.npz,78
/kaggle/input/brats20-data/BraTS20/data/volume_265_slice_125.npz,65
/kaggle/input/brats20-data/BraTS20/data/volume_265_slice_126.npz,65
/kaggle/input/brats20-data/BraTS20/data/volume_265_slice_127.npz,83
/kaggle/input/brats20-data/BraTS20/data/volume_265_slice_128.npz,83
/kaggle/input/brats20-data/BraTS20/data/volume_9_slice_80.npz,5
/kaggle/input/brats20-data/BraTS20/data/volume_9_slice_81.npz,5
/kaggle/input/brats20-data/BraTS20/data/volume_9_slice_82.npz,5
/kaggle/input/brats20-data/BraTS20/data/volume_9_slice_83.npz,46
/kaggle/input/brats20-data/BraTS20/data/volume_9_slice_84.npz,46
/kaggle/input/brats20-data/BraTS20/data/volume_9_slice_85.npz,46
/kaggle/input/brats20-data/BraTS20/data/volume_9_slice_86.npz,46
/kaggle/input/brats20-data/BraTS20/data/volume_9_slice_87.npz,46
/kaggle/input/brats20-data/BraTS20/data/volume_9_slice_88.npz,46
/kaggle/input/brats20-data/BraTS20/data/volume_9_slice_89.npz,46
/kaggle/input/brats20-data/BraTS20/data/volume_9_slice_90.npz,46
/kaggle/input/brats20-data/BraTS20/data/volume_9_slice_91.npz,46
/kaggle/input/brats20-data/BraTS20/data/volume_9_slice_92.npz,59
/kaggle/input/brats20-data/BraTS20/data/volume_9_slice_93.npz,59
/kaggle/input/brats20-data/BraTS20/data/volume_9_slice_94.npz,59
/kaggle/input/brats20-data/BraTS20/data/volume_9_slice_95.npz,59
/kaggle/input/brats20-data/BraTS20/data/volume_9_slice_96.npz,59
/kaggle/input/brats20-data/BraTS20/data/volume_9_slice_97.npz,59
/kaggle/input/brats20-data/BraTS20/data/volume_9_slice_98.npz,59
/kaggle/input/brats20-data/BraTS20/data/volume_9_slice_99.npz,5
/kaggle/input/brats20-data/BraTS20/data/volume_9_slice_100.npz,5
/kaggle/input/brats20-data/BraTS20/data/volume_9_slice_101.npz,5
/kaggle/input/brats20-data/BraTS20/data/volume_9_slice_102.npz,5
/kaggle/input/brats20-data/BraTS20/data/volume_9_slice_103.npz,16
/kaggle/input/brats20-data/BraTS20/data/volume_9_slice_104.npz,16
/kaggle/input/brats20-data/BraTS20/data/volume_9_slice_105.npz,16
/kaggle/input/brats20-data/BraTS20/data/volume_9_slice_106.npz,16
/kaggle/input/brats20-data/BraTS20/data/volume_9_slice_107.npz,16
/kaggle/input/brats20-data/BraTS20/data/volume_9_slice_108.npz,16
/kaggle/input/brats20-data/BraTS20/data/volume_9_slice_109.npz,16
/kaggle/input/brats20-data/BraTS20/data/volume_9_slice_111.npz,36
/kaggle/input/brats20-data/BraTS20/data/volume_9_slice_112.npz,76
/kaggle/input/brats20-data/BraTS20/data/volume_9_slice_113.npz,76
/kaggle/input/brats20-data/BraTS20/data/volume_9_slice_114.npz,76
/kaggle/input/brats20-data/BraTS20/data/volume_9_slice_115.npz,76
/kaggle/input/brats20-data/BraTS20/data/volume_9_slice_116.npz,76
/kaggle/input/brats20-data/BraTS20/data/volume_9_slice_117.npz,63
/kaggle/input/brats20-data/BraTS20/data/volume_9_slice_118.npz,63
/kaggle/input/brats20-data/BraTS20/data/volume_9_slice_119.npz,63
/kaggle/input/brats20-data/BraTS20/data/volume_9_slice_120.npz,63
/kaggle/input/brats20-data/BraTS20/data/volume_9_slice_121.npz,98
/kaggle/input/brats20-data/BraTS20/data/volume_9_slice_122.npz,98
/kaggle/input/brats20-data/BraTS20/data/volume_9_slice_123.npz,98
/kaggle/input/brats20-data/BraTS20/data/volume_9_slice_124.npz,69
/kaggle/input/brats20-data/BraTS20/data/volume_9_slice_125.npz,61
/kaggle/input/brats20-data/BraTS20/data/volume_9_slice_126.npz,61
/kaggle/input/brats20-data/BraTS20/data/volume_9_slice_127.npz,78
/kaggle/input/brats20-data/BraTS20/data/volume_9_slice_128.npz,78
/kaggle/input/brats20-data/BraTS20/data/volume_325_slice_80.npz,41
/kaggle/input/brats20-data/BraTS20/data/volume_325_slice_81.npz,41
/kaggle/input/brats20-data/BraTS20/data/volume_325_slice_82.npz,41
/kaggle/input/brats20-data/BraTS20/data/volume_325_slice_83.npz,41
/kaggle/input/brats20-data/BraTS20/data/volume_325_slice_84.npz,41
/kaggle/input/brats20-data/BraTS20/data/volume_325_slice_85.npz,41
/kaggle/input/brats20-data/BraTS20/data/volume_325_slice_86.npz,41
/kaggle/input/brats20-data/BraTS20/data/volume_325_slice_87.npz,41
/kaggle/input/brats20-data/BraTS20/data/volume_325_slice_88.npz,41
/kaggle/input/brats20-data/BraTS20/data/volume_325_slice_89.npz,41
/kaggle/input/brats20-data/BraTS20/data/volume_325_slice_90.npz,41
/kaggle/input/brats20-data/BraTS20/data/volume_325_slice_91.npz,41
/kaggle/input/brats20-data/BraTS20/data/volume_325_slice_92.npz,41
/kaggle/input/brats20-data/BraTS20/data/volume_325_slice_93.npz,41
/kaggle/input/brats20-data/BraTS20/data/volume_325_slice_94.npz,35
/kaggle/input/brats20-data/BraTS20/data/volume_325_slice_95.npz,35
/kaggle/input/brats20-data/BraTS20/data/volume_325_slice_96.npz,4
/kaggle/input/brats20-data/BraTS20/data/volume_325_slice_97.npz,4
/kaggle/input/brats20-data/BraTS20/data/volume_325_slice_98.npz,4
/kaggle/input/brats20-data/BraTS20/data/volume_325_slice_99.npz,4
/kaggle/input/brats20-data/BraTS20/data/volume_325_slice_100.npz,4
/kaggle/input/brats20-data/BraTS20/data/volume_325_slice_101.npz,4
/kaggle/input/brats20-data/BraTS20/data/volume_325_slice_102.npz,4
/kaggle/input/brats20-data/BraTS20/data/volume_325_slice_103.npz,4
/kaggle/input/brats20-data/BraTS20/data/volume_325_slice_104.npz,4
/kaggle/input/brats20-data/BraTS20/data/volume_325_slice_105.npz,48
/kaggle/input/brats20-data/BraTS20/data/volume_325_slice_106.npz,48
/kaggle/input/brats20-data/BraTS20/data/volume_325_slice_107.npz,48
/kaggle/input/brats20-data/BraTS20/data/volume_325_slice_108.npz,48
/kaggle/input/brats20-data/BraTS20/data/volume_325_slice_109.npz,36
/kaggle/input/brats20-data/BraTS20/data/volume_325_slice_110.npz,36
/kaggle/input/brats20-data/BraTS20/data/volume_325_slice_111.npz,36
/kaggle/input/brats20-data/BraTS20/data/volume_325_slice_112.npz,36
/kaggle/input/brats20-data/BraTS20/data/volume_325_slice_113.npz,36
/kaggle/input/brats20-data/BraTS20/data/volume_325_slice_114.npz,64
/kaggle/input/brats20-data/BraTS20/data/volume_325_slice_115.npz,64
/kaggle/input/brats20-data/BraTS20/data/volume_325_slice_116.npz,64
/kaggle/input/brats20-data/BraTS20/data/volume_325_slice_117.npz,64
/kaggle/input/brats20-data/BraTS20/data/volume_325_slice_118.npz,64
/kaggle/input/brats20-data/BraTS20/data/volume_325_slice_119.npz,98
/kaggle/input/brats20-data/BraTS20/data/volume_325_slice_120.npz,98
/kaggle/input/brats20-data/BraTS20/data/volume_325_slice_121.npz,61
/kaggle/input/brats20-data/BraTS20/data/volume_325_slice_122.npz,61
/kaggle/input/brats20-data/BraTS20/data/volume_325_slice_123.npz,78
/kaggle/input/brats20-data/BraTS20/data/volume_325_slice_124.npz,78
/kaggle/input/brats20-data/BraTS20/data/volume_325_slice_125.npz,78
/kaggle/input/brats20-data/BraTS20/data/volume_325_slice_126.npz,83
/kaggle/input/brats20-data/BraTS20/data/volume_325_slice_127.npz,83
/kaggle/input/brats20-data/BraTS20/data/volume_325_slice_128.npz,83
/kaggle/input/brats20-data/BraTS20/data/volume_155_slice_80.npz,45
/kaggle/input/brats20-data/BraTS20/data/volume_155_slice_81.npz,45
/kaggle/input/brats20-data/BraTS20/data/volume_155_slice_82.npz,45
/kaggle/input/brats20-data/BraTS20/data/volume_155_slice_83.npz,45
/kaggle/input/brats20-data/BraTS20/data/volume_155_slice_84.npz,57
/kaggle/input/brats20-data/BraTS20/data/volume_155_slice_85.npz,57
/kaggle/input/brats20-data/BraTS20/data/volume_155_slice_86.npz,57
/kaggle/input/brats20-data/BraTS20/data/volume_155_slice_87.npz,57
/kaggle/input/brats20-data/BraTS20/data/volume_155_slice_88.npz,57
/kaggle/input/brats20-data/BraTS20/data/volume_155_slice_89.npz,57
/kaggle/input/brats20-data/BraTS20/data/volume_155_slice_90.npz,57
/kaggle/input/brats20-data/BraTS20/data/volume_155_slice_91.npz,57
/kaggle/input/brats20-data/BraTS20/data/volume_155_slice_92.npz,57
/kaggle/input/brats20-data/BraTS20/data/volume_155_slice_93.npz,57
/kaggle/input/brats20-data/BraTS20/data/volume_155_slice_94.npz,2
/kaggle/input/brats20-data/BraTS20/data/volume_155_slice_95.npz,2
/kaggle/input/brats20-data/BraTS20/data/volume_155_slice_96.npz,2
/kaggle/input/brats20-data/BraTS20/data/volume_155_slice_97.npz,2
/kaggle/input/brats20-data/BraTS20/data/volume_155_slice_98.npz,2
/kaggle/input/brats20-data/BraTS20/data/volume_155_slice_99.npz,2
/kaggle/input/brats20-data/BraTS20/data/volume_155_slice_100.npz,2
/kaggle/input/brats20-data/BraTS20/data/volume_155_slice_101.npz,2
/kaggle/input/brats20-data/BraTS20/data/volume_155_slice_102.npz,2
/kaggle/input/brats20-data/BraTS20/data/volume_155_slice_103.npz,2
/kaggle/input/brats20-data/BraTS20/data/volume_155_slice_104.npz,2
/kaggle/input/brats20-data/BraTS20/data/volume_155_slice_105.npz,2
/kaggle/input/brats20-data/BraTS20/data/volume_155_slice_106.npz,2
/kaggle/input/brats20-data/BraTS20/data/volume_155_slice_107.npz,51
/kaggle/input/brats20-data/BraTS20/data/volume_155_slice_108.npz,51
/kaggle/input/brats20-data/BraTS20/data/volume_155_slice_109.npz,51
/kaggle/input/brats20-data/BraTS20/data/volume_155_slice_110.npz,98
/kaggle/input/brats20-data/BraTS20/data/volume_155_slice_111.npz,98
/kaggle/input/brats20-data/BraTS20/data/volume_155_slice_112.npz,98
/kaggle/input/brats20-data/BraTS20/data/volume_155_slice_113.npz,98
/kaggle/input/brats20-data/BraTS20/data/volume_155_slice_114.npz,98
/kaggle/input/brats20-data/BraTS20/data/volume_155_slice_115.npz,98
/kaggle/input/brats20-data/BraTS20/data/volume_155_slice_116.npz,98
/kaggle/input/brats20-data/BraTS20/data/volume_155_slice_117.npz,98
/kaggle/input/brats20-data/BraTS20/data/volume_155_slice_118.npz,98
/kaggle/input/brats20-data/BraTS20/data/volume_155_slice_119.npz,61
/kaggle/input/brats20-data/BraTS20/data/volume_155_slice_120.npz,78
/kaggle/input/brats20-data/BraTS20/data/volume_155_slice_121.npz,78
/kaggle/input/brats20-data/BraTS20/data/volume_155_slice_122.npz,83
/kaggle/input/brats20-data/BraTS20/data/volume_155_slice_123.npz,83
/kaggle/input/brats20-data/BraTS20/data/volume_155_slice_124.npz,83
/kaggle/input/brats20-data/BraTS20/data/volume_155_slice_125.npz,83
/kaggle/input/brats20-data/BraTS20/data/volume_155_slice_126.npz,11
/kaggle/input/brats20-data/BraTS20/data/volume_155_slice_127.npz,11
/kaggle/input/brats20-data/BraTS20/data/volume_155_slice_128.npz,11
/kaggle/input/brats20-data/BraTS20/data/volume_64_slice_80.npz,46
/kaggle/input/brats20-data/BraTS20/data/volume_64_slice_81.npz,46
/kaggle/input/brats20-data/BraTS20/data/volume_64_slice_82.npz,46
/kaggle/input/brats20-data/BraTS20/data/volume_64_slice_83.npz,46
/kaggle/input/brats20-data/BraTS20/data/volume_64_slice_84.npz,46
/kaggle/input/brats20-data/BraTS20/data/volume_64_slice_85.npz,1
/kaggle/input/brats20-data/BraTS20/data/volume_64_slice_86.npz,1
/kaggle/input/brats20-data/BraTS20/data/volume_64_slice_87.npz,1
/kaggle/input/brats20-data/BraTS20/data/volume_64_slice_88.npz,1
/kaggle/input/brats20-data/BraTS20/data/volume_64_slice_89.npz,1
/kaggle/input/brats20-data/BraTS20/data/volume_64_slice_90.npz,19
/kaggle/input/brats20-data/BraTS20/data/volume_64_slice_91.npz,19
/kaggle/input/brats20-data/BraTS20/data/volume_64_slice_92.npz,19
/kaggle/input/brats20-data/BraTS20/data/volume_64_slice_93.npz,19
/kaggle/input/brats20-data/BraTS20/data/volume_64_slice_94.npz,19
/kaggle/input/brats20-data/BraTS20/data/volume_64_slice_95.npz,5
/kaggle/input/brats20-data/BraTS20/data/volume_64_slice_96.npz,25
/kaggle/input/brats20-data/BraTS20/data/volume_64_slice_97.npz,25
/kaggle/input/brats20-data/BraTS20/data/volume_64_slice_98.npz,25
/kaggle/input/brats20-data/BraTS20/data/volume_64_slice_99.npz,25
/kaggle/input/brats20-data/BraTS20/data/volume_64_slice_100.npz,25
/kaggle/input/brats20-data/BraTS20/data/volume_64_slice_101.npz,25
/kaggle/input/brats20-data/BraTS20/data/volume_64_slice_102.npz,25
/kaggle/input/brats20-data/BraTS20/data/volume_64_slice_103.npz,16
/kaggle/input/brats20-data/BraTS20/data/volume_64_slice_104.npz,2
/kaggle/input/brats20-data/BraTS20/data/volume_64_slice_105.npz,2
/kaggle/input/brats20-data/BraTS20/data/volume_64_slice_106.npz,2
/kaggle/input/brats20-data/BraTS20/data/volume_64_slice_107.npz,2
/kaggle/input/brats20-data/BraTS20/data/volume_64_slice_108.npz,36
/kaggle/input/brats20-data/BraTS20/data/volume_64_slice_109.npz,36
/kaggle/input/brats20-data/BraTS20/data/volume_64_slice_110.npz,36
/kaggle/input/brats20-data/BraTS20/data/volume_64_slice_111.npz,36
/kaggle/input/brats20-data/BraTS20/data/volume_64_slice_112.npz,36
/kaggle/input/brats20-data/BraTS20/data/volume_64_slice_113.npz,36
/kaggle/input/brats20-data/BraTS20/data/volume_64_slice_114.npz,36
/kaggle/input/brats20-data/BraTS20/data/volume_64_slice_115.npz,44
/kaggle/input/brats20-data/BraTS20/data/volume_64_slice_116.npz,44
/kaggle/input/brats20-data/BraTS20/data/volume_64_slice_117.npz,44
/kaggle/input/brats20-data/BraTS20/data/volume_64_slice_118.npz,69
/kaggle/input/brats20-data/BraTS20/data/volume_64_slice_121.npz,69
/kaggle/input/brats20-data/BraTS20/data/volume_64_slice_122.npz,61
/kaggle/input/brats20-data/BraTS20/data/volume_64_slice_123.npz,89
/kaggle/input/brats20-data/BraTS20/data/volume_64_slice_124.npz,89
/kaggle/input/brats20-data/BraTS20/data/volume_64_slice_125.npz,83
/kaggle/input/brats20-data/BraTS20/data/volume_64_slice_126.npz,11
/kaggle/input/brats20-data/BraTS20/data/volume_64_slice_127.npz,11
/kaggle/input/brats20-data/BraTS20/data/volume_64_slice_128.npz,11
/kaggle/input/brats20-data/BraTS20/data/volume_291_slice_80.npz,53
/kaggle/input/brats20-data/BraTS20/data/volume_291_slice_81.npz,53
/kaggle/input/brats20-data/BraTS20/data/volume_291_slice_82.npz,53
/kaggle/input/brats20-data/BraTS20/data/volume_291_slice_83.npz,53
/kaggle/input/brats20-data/BraTS20/data/volume_291_slice_84.npz,53
/kaggle/input/brats20-data/BraTS20/data/volume_291_slice_85.npz,53
/kaggle/input/brats20-data/BraTS20/data/volume_291_slice_86.npz,53
/kaggle/input/brats20-data/BraTS20/data/volume_291_slice_87.npz,53
/kaggle/input/brats20-data/BraTS20/data/volume_291_slice_88.npz,53
/kaggle/input/brats20-data/BraTS20/data/volume_291_slice_89.npz,53
/kaggle/input/brats20-data/BraTS20/data/volume_291_slice_90.npz,53
/kaggle/input/brats20-data/BraTS20/data/volume_291_slice_91.npz,53
/kaggle/input/brats20-data/BraTS20/data/volume_291_slice_92.npz,53
/kaggle/input/brats20-data/BraTS20/data/volume_291_slice_93.npz,53
/kaggle/input/brats20-data/BraTS20/data/volume_291_slice_94.npz,53
/kaggle/input/brats20-data/BraTS20/data/volume_291_slice_95.npz,53
/kaggle/input/brats20-data/BraTS20/data/volume_291_slice_96.npz,53
/kaggle/input/brats20-data/BraTS20/data/volume_291_slice_97.npz,60
/kaggle/input/brats20-data/BraTS20/data/volume_291_slice_98.npz,60
/kaggle/input/brats20-data/BraTS20/data/volume_291_slice_99.npz,60
/kaggle/input/brats20-data/BraTS20/data/volume_291_slice_100.npz,60
/kaggle/input/brats20-data/BraTS20/data/volume_291_slice_101.npz,55
/kaggle/input/brats20-data/BraTS20/data/volume_291_slice_102.npz,60
/kaggle/input/brats20-data/BraTS20/data/volume_291_slice_103.npz,60
/kaggle/input/brats20-data/BraTS20/data/volume_291_slice_104.npz,60
/kaggle/input/brats20-data/BraTS20/data/volume_291_slice_105.npz,60
/kaggle/input/brats20-data/BraTS20/data/volume_291_slice_106.npz,60
/kaggle/input/brats20-data/BraTS20/data/volume_291_slice_107.npz,36
/kaggle/input/brats20-data/BraTS20/data/volume_291_slice_108.npz,36
/kaggle/input/brats20-data/BraTS20/data/volume_291_slice_109.npz,36
/kaggle/input/brats20-data/BraTS20/data/volume_291_slice_110.npz,36
/kaggle/input/brats20-data/BraTS20/data/volume_291_slice_111.npz,36
/kaggle/input/brats20-data/BraTS20/data/volume_291_slice_112.npz,36
/kaggle/input/brats20-data/BraTS20/data/volume_291_slice_113.npz,36
/kaggle/input/brats20-data/BraTS20/data/volume_291_slice_114.npz,36
/kaggle/input/brats20-data/BraTS20/data/volume_291_slice_115.npz,36
/kaggle/input/brats20-data/BraTS20/data/volume_291_slice_116.npz,36
/kaggle/input/brats20-data/BraTS20/data/volume_291_slice_117.npz,54
/kaggle/input/brats20-data/BraTS20/data/volume_291_slice_118.npz,54
/kaggle/input/brats20-data/BraTS20/data/volume_291_slice_119.npz,54
/kaggle/input/brats20-data/BraTS20/data/volume_291_slice_120.npz,85
/kaggle/input/brats20-data/BraTS20/data/volume_291_slice_121.npz,85
/kaggle/input/brats20-data/BraTS20/data/volume_291_slice_122.npz,85
/kaggle/input/brats20-data/BraTS20/data/volume_291_slice_123.npz,75
/kaggle/input/brats20-data/BraTS20/data/volume_291_slice_124.npz,75
/kaggle/input/brats20-data/BraTS20/data/volume_291_slice_126.npz,75
/kaggle/input/brats20-data/BraTS20/data/volume_291_slice_127.npz,75
/kaggle/input/brats20-data/BraTS20/data/volume_291_slice_128.npz,43
/kaggle/input/brats20-data/BraTS20/data/volume_264_slice_80.npz,53
/kaggle/input/brats20-data/BraTS20/data/volume_264_slice_81.npz,53
/kaggle/input/brats20-data/BraTS20/data/volume_264_slice_82.npz,53
/kaggle/input/brats20-data/BraTS20/data/volume_264_slice_83.npz,53
/kaggle/input/brats20-data/BraTS20/data/volume_264_slice_84.npz,53
/kaggle/input/brats20-data/BraTS20/data/volume_264_slice_85.npz,53
/kaggle/input/brats20-data/BraTS20/data/volume_264_slice_86.npz,53
/kaggle/input/brats20-data/BraTS20/data/volume_264_slice_87.npz,53
/kaggle/input/brats20-data/BraTS20/data/volume_264_slice_88.npz,53
/kaggle/input/brats20-data/BraTS20/data/volume_264_slice_89.npz,53
/kaggle/input/brats20-data/BraTS20/data/volume_264_slice_90.npz,7
/kaggle/input/brats20-data/BraTS20/data/volume_264_slice_91.npz,7
/kaggle/input/brats20-data/BraTS20/data/volume_264_slice_92.npz,7
/kaggle/input/brats20-data/BraTS20/data/volume_264_slice_93.npz,7
/kaggle/input/brats20-data/BraTS20/data/volume_264_slice_94.npz,7
/kaggle/input/brats20-data/BraTS20/data/volume_264_slice_95.npz,7
/kaggle/input/brats20-data/BraTS20/data/volume_264_slice_96.npz,7
/kaggle/input/brats20-data/BraTS20/data/volume_264_slice_97.npz,7
/kaggle/input/brats20-data/BraTS20/data/volume_264_slice_98.npz,7
/kaggle/input/brats20-data/BraTS20/data/volume_264_slice_99.npz,7
/kaggle/input/brats20-data/BraTS20/data/volume_264_slice_100.npz,7
/kaggle/input/brats20-data/BraTS20/data/volume_264_slice_101.npz,7
/kaggle/input/brats20-data/BraTS20/data/volume_264_slice_102.npz,7
/kaggle/input/brats20-data/BraTS20/data/volume_264_slice_103.npz,7
/kaggle/input/brats20-data/BraTS20/data/volume_264_slice_104.npz,7
/kaggle/input/brats20-data/BraTS20/data/volume_264_slice_105.npz,7
/kaggle/input/brats20-data/BraTS20/data/volume_264_slice_106.npz,53
/kaggle/input/brats20-data/BraTS20/data/volume_264_slice_107.npz,53
/kaggle/input/brats20-data/BraTS20/data/volume_264_slice_108.npz,53
/kaggle/input/brats20-data/BraTS20/data/volume_264_slice_109.npz,53
/kaggle/input/brats20-data/BraTS20/data/volume_264_slice_110.npz,53
/kaggle/input/brats20-data/BraTS20/data/volume_264_slice_111.npz,36
/kaggle/input/brats20-data/BraTS20/data/volume_264_slice_112.npz,36
/kaggle/input/brats20-data/BraTS20/data/volume_264_slice_113.npz,36
/kaggle/input/brats20-data/BraTS20/data/volume_264_slice_114.npz,36
/kaggle/input/brats20-data/BraTS20/data/volume_264_slice_115.npz,36
/kaggle/input/brats20-data/BraTS20/data/volume_264_slice_116.npz,36
/kaggle/input/brats20-data/BraTS20/data/volume_264_slice_117.npz,36
/kaggle/input/brats20-data/BraTS20/data/volume_264_slice_118.npz,36
/kaggle/input/brats20-data/BraTS20/data/volume_264_slice_119.npz,36
/kaggle/input/brats20-data/BraTS20/data/volume_264_slice_120.npz,64
/kaggle/input/brats20-data/BraTS20/data/volume_264_slice_121.npz,64
/kaggle/input/brats20-data/BraTS20/data/volume_264_slice_122.npz,64
/kaggle/input/brats20-data/BraTS20/data/volume_264_slice_123.npz,44
/kaggle/input/brats20-data/BraTS20/data/volume_264_slice_124.npz,44
/kaggle/input/brats20-data/BraTS20/data/volume_264_slice_125.npz,44
/kaggle/input/brats20-data/BraTS20/data/volume_264_slice_126.npz,44
/kaggle/input/brats20-data/BraTS20/data/volume_264_slice_127.npz,78
/kaggle/input/brats20-data/BraTS20/data/volume_264_slice_128.npz,78
/kaggle/input/brats20-data/BraTS20/data/volume_358_slice_80.npz,13
/kaggle/input/brats20-data/BraTS20/data/volume_358_slice_81.npz,13
/kaggle/input/brats20-data/BraTS20/data/volume_358_slice_82.npz,56
/kaggle/input/brats20-data/BraTS20/data/volume_358_slice_83.npz,56
/kaggle/input/brats20-data/BraTS20/data/volume_358_slice_84.npz,56
/kaggle/input/brats20-data/BraTS20/data/volume_358_slice_85.npz,56
/kaggle/input/brats20-data/BraTS20/data/volume_358_slice_86.npz,56
/kaggle/input/brats20-data/BraTS20/data/volume_358_slice_87.npz,25
/kaggle/input/brats20-data/BraTS20/data/volume_358_slice_88.npz,25
/kaggle/input/brats20-data/BraTS20/data/volume_358_slice_89.npz,25
/kaggle/input/brats20-data/BraTS20/data/volume_358_slice_90.npz,25
/kaggle/input/brats20-data/BraTS20/data/volume_358_slice_91.npz,25
/kaggle/input/brats20-data/BraTS20/data/volume_358_slice_92.npz,25
/kaggle/input/brats20-data/BraTS20/data/volume_358_slice_93.npz,25
/kaggle/input/brats20-data/BraTS20/data/volume_358_slice_94.npz,25
/kaggle/input/brats20-data/BraTS20/data/volume_358_slice_95.npz,25
/kaggle/input/brats20-data/BraTS20/data/volume_358_slice_96.npz,25
/kaggle/input/brats20-data/BraTS20/data/volume_358_slice_97.npz,25
/kaggle/input/brats20-data/BraTS20/data/volume_358_slice_98.npz,25
/kaggle/input/brats20-data/BraTS20/data/volume_358_slice_99.npz,2
/kaggle/input/brats20-data/BraTS20/data/volume_358_slice_100.npz,2
/kaggle/input/brats20-data/BraTS20/data/volume_358_slice_101.npz,2
/kaggle/input/brats20-data/BraTS20/data/volume_358_slice_102.npz,2
/kaggle/input/brats20-data/BraTS20/data/volume_358_slice_103.npz,2
/kaggle/input/brats20-data/BraTS20/data/volume_358_slice_104.npz,2
/kaggle/input/brats20-data/BraTS20/data/volume_358_slice_105.npz,2
/kaggle/input/brats20-data/BraTS20/data/volume_358_slice_106.npz,36
/kaggle/input/brats20-data/BraTS20/data/volume_358_slice_107.npz,36
/kaggle/input/brats20-data/BraTS20/data/volume_358_slice_108.npz,86
/kaggle/input/brats20-data/BraTS20/data/volume_358_slice_109.npz,86
/kaggle/input/brats20-data/BraTS20/data/volume_358_slice_110.npz,90
/kaggle/input/brats20-data/BraTS20/data/volume_358_slice_111.npz,90
/kaggle/input/brats20-data/BraTS20/data/volume_358_slice_113.npz,63
/kaggle/input/brats20-data/BraTS20/data/volume_358_slice_114.npz,63
/kaggle/input/brats20-data/BraTS20/data/volume_358_slice_115.npz,69
/kaggle/input/brats20-data/BraTS20/data/volume_358_slice_116.npz,69
/kaggle/input/brats20-data/BraTS20/data/volume_358_slice_117.npz,69
/kaggle/input/brats20-data/BraTS20/data/volume_358_slice_118.npz,61
/kaggle/input/brats20-data/BraTS20/data/volume_358_slice_119.npz,61
/kaggle/input/brats20-data/BraTS20/data/volume_358_slice_120.npz,61
/kaggle/input/brats20-data/BraTS20/data/volume_358_slice_121.npz,89
/kaggle/input/brats20-data/BraTS20/data/volume_358_slice_122.npz,89
/kaggle/input/brats20-data/BraTS20/data/volume_358_slice_123.npz,11
/kaggle/input/brats20-data/BraTS20/data/volume_358_slice_124.npz,11
/kaggle/input/brats20-data/BraTS20/data/volume_358_slice_125.npz,11
/kaggle/input/brats20-data/BraTS20/data/volume_358_slice_126.npz,11
/kaggle/input/brats20-data/BraTS20/data/volume_358_slice_127.npz,11
/kaggle/input/brats20-data/BraTS20/data/volume_358_slice_128.npz,43
/kaggle/input/brats20-data/BraTS20/data/volume_122_slice_80.npz,45
/kaggle/input/brats20-data/BraTS20/data/volume_122_slice_81.npz,45
/kaggle/input/brats20-data/BraTS20/data/volume_122_slice_82.npz,45
/kaggle/input/brats20-data/BraTS20/data/volume_122_slice_83.npz,45
/kaggle/input/brats20-data/BraTS20/data/volume_122_slice_84.npz,45
/kaggle/input/brats20-data/BraTS20/data/volume_122_slice_85.npz,19
/kaggle/input/brats20-data/BraTS20/data/volume_122_slice_86.npz,45
/kaggle/input/brats20-data/BraTS20/data/volume_122_slice_87.npz,45
/kaggle/input/brats20-data/BraTS20/data/volume_122_slice_88.npz,57
/kaggle/input/brats20-data/BraTS20/data/volume_122_slice_89.npz,57
/kaggle/input/brats20-data/BraTS20/data/volume_122_slice_90.npz,57
/kaggle/input/brats20-data/BraTS20/data/volume_122_slice_91.npz,57
/kaggle/input/brats20-data/BraTS20/data/volume_122_slice_92.npz,57
/kaggle/input/brats20-data/BraTS20/data/volume_122_slice_93.npz,37
/kaggle/input/brats20-data/BraTS20/data/volume_122_slice_94.npz,37
/kaggle/input/brats20-data/BraTS20/data/volume_122_slice_95.npz,37
/kaggle/input/brats20-data/BraTS20/data/volume_122_slice_96.npz,37
/kaggle/input/brats20-data/BraTS20/data/volume_122_slice_97.npz,37
/kaggle/input/brats20-data/BraTS20/data/volume_122_slice_98.npz,37
/kaggle/input/brats20-data/BraTS20/data/volume_122_slice_99.npz,16
/kaggle/input/brats20-data/BraTS20/data/volume_122_slice_100.npz,97
/kaggle/input/brats20-data/BraTS20/data/volume_122_slice_101.npz,97
/kaggle/input/brats20-data/BraTS20/data/volume_122_slice_102.npz,97
/kaggle/input/brats20-data/BraTS20/data/volume_122_slice_103.npz,97
/kaggle/input/brats20-data/BraTS20/data/volume_122_slice_104.npz,95
/kaggle/input/brats20-data/BraTS20/data/volume_122_slice_105.npz,95
/kaggle/input/brats20-data/BraTS20/data/volume_122_slice_106.npz,95
/kaggle/input/brats20-data/BraTS20/data/volume_122_slice_107.npz,95
/kaggle/input/brats20-data/BraTS20/data/volume_122_slice_108.npz,95
/kaggle/input/brats20-data/BraTS20/data/volume_122_slice_109.npz,76
/kaggle/input/brats20-data/BraTS20/data/volume_122_slice_110.npz,76
/kaggle/input/brats20-data/BraTS20/data/volume_122_slice_111.npz,76
/kaggle/input/brats20-data/BraTS20/data/volume_122_slice_112.npz,76
/kaggle/input/brats20-data/BraTS20/data/volume_122_slice_113.npz,76
/kaggle/input/brats20-data/BraTS20/data/volume_122_slice_114.npz,76
/kaggle/input/brats20-data/BraTS20/data/volume_122_slice_115.npz,63
/kaggle/input/brats20-data/BraTS20/data/volume_122_slice_116.npz,63
/kaggle/input/brats20-data/BraTS20/data/volume_122_slice_117.npz,93
/kaggle/input/brats20-data/BraTS20/data/volume_122_slice_118.npz,93
/kaggle/input/brats20-data/BraTS20/data/volume_122_slice_119.npz,93
/kaggle/input/brats20-data/BraTS20/data/volume_122_slice_120.npz,61
/kaggle/input/brats20-data/BraTS20/data/volume_122_slice_121.npz,61
/kaggle/input/brats20-data/BraTS20/data/volume_122_slice_122.npz,61
/kaggle/input/brats20-data/BraTS20/data/volume_122_slice_123.npz,78
/kaggle/input/brats20-data/BraTS20/data/volume_122_slice_124.npz,78
/kaggle/input/brats20-data/BraTS20/data/volume_122_slice_125.npz,75
/kaggle/input/brats20-data/BraTS20/data/volume_122_slice_126.npz,75
/kaggle/input/brats20-data/BraTS20/data/volume_122_slice_127.npz,75
/kaggle/input/brats20-data/BraTS20/data/volume_122_slice_128.npz,11
/kaggle/input/brats20-data/BraTS20/data/volume_50_slice_80.npz,46
/kaggle/input/brats20-data/BraTS20/data/volume_50_slice_81.npz,46
/kaggle/input/brats20-data/BraTS20/data/volume_50_slice_82.npz,1
/kaggle/input/brats20-data/BraTS20/data/volume_50_slice_83.npz,1
/kaggle/input/brats20-data/BraTS20/data/volume_50_slice_84.npz,1
/kaggle/input/brats20-data/BraTS20/data/volume_50_slice_85.npz,1
/kaggle/input/brats20-data/BraTS20/data/volume_50_slice_86.npz,1
/kaggle/input/brats20-data/BraTS20/data/volume_50_slice_87.npz,1
/kaggle/input/brats20-data/BraTS20/data/volume_50_slice_88.npz,1
/kaggle/input/brats20-data/BraTS20/data/volume_50_slice_89.npz,1
/kaggle/input/brats20-data/BraTS20/data/volume_50_slice_90.npz,1
/kaggle/input/brats20-data/BraTS20/data/volume_50_slice_91.npz,1
/kaggle/input/brats20-data/BraTS20/data/volume_50_slice_92.npz,27
/kaggle/input/brats20-data/BraTS20/data/volume_50_slice_93.npz,27
/kaggle/input/brats20-data/BraTS20/data/volume_50_slice_94.npz,27
/kaggle/input/brats20-data/BraTS20/data/volume_50_slice_95.npz,27
/kaggle/input/brats20-data/BraTS20/data/volume_50_slice_96.npz,26
/kaggle/input/brats20-data/BraTS20/data/volume_50_slice_97.npz,26
/kaggle/input/brats20-data/BraTS20/data/volume_50_slice_98.npz,25
/kaggle/input/brats20-data/BraTS20/data/volume_50_slice_99.npz,25
/kaggle/input/brats20-data/BraTS20/data/volume_50_slice_100.npz,25
/kaggle/input/brats20-data/BraTS20/data/volume_50_slice_101.npz,25
/kaggle/input/brats20-data/BraTS20/data/volume_50_slice_102.npz,25
/kaggle/input/brats20-data/BraTS20/data/volume_50_slice_103.npz,25
/kaggle/input/brats20-data/BraTS20/data/volume_50_slice_104.npz,2
/kaggle/input/brats20-data/BraTS20/data/volume_50_slice_105.npz,2
/kaggle/input/brats20-data/BraTS20/data/volume_50_slice_106.npz,2
/kaggle/input/brats20-data/BraTS20/data/volume_50_slice_108.npz,2
/kaggle/input/brats20-data/BraTS20/data/volume_50_slice_109.npz,2
/kaggle/input/brats20-data/BraTS20/data/volume_50_slice_110.npz,2
/kaggle/input/brats20-data/BraTS20/data/volume_50_slice_111.npz,2
/kaggle/input/brats20-data/BraTS20/data/volume_50_slice_112.npz,51
/kaggle/input/brats20-data/BraTS20/data/volume_50_slice_113.npz,51
/kaggle/input/brats20-data/BraTS20/data/volume_50_slice_114.npz,51
/kaggle/input/brats20-data/BraTS20/data/volume_50_slice_115.npz,51
/kaggle/input/brats20-data/BraTS20/data/volume_50_slice_116.npz,51
/kaggle/input/brats20-data/BraTS20/data/volume_50_slice_117.npz,98
/kaggle/input/brats20-data/BraTS20/data/volume_50_slice_118.npz,98
/kaggle/input/brats20-data/BraTS20/data/volume_50_slice_119.npz,98
/kaggle/input/brats20-data/BraTS20/data/volume_50_slice_120.npz,98
/kaggle/input/brats20-data/BraTS20/data/volume_50_slice_121.npz,82
/kaggle/input/brats20-data/BraTS20/data/volume_50_slice_122.npz,82
/kaggle/input/brats20-data/BraTS20/data/volume_50_slice_123.npz,82
/kaggle/input/brats20-data/BraTS20/data/volume_50_slice_124.npz,82
/kaggle/input/brats20-data/BraTS20/data/volume_50_slice_125.npz,83
/kaggle/input/brats20-data/BraTS20/data/volume_50_slice_126.npz,83
/kaggle/input/brats20-data/BraTS20/data/volume_50_slice_127.npz,83
/kaggle/input/brats20-data/BraTS20/data/volume_50_slice_128.npz,83
/kaggle/input/brats20-data/BraTS20/data/volume_278_slice_80.npz,12
/kaggle/input/brats20-data/BraTS20/data/volume_278_slice_81.npz,31
/kaggle/input/brats20-data/BraTS20/data/volume_278_slice_82.npz,59
/kaggle/input/brats20-data/BraTS20/data/volume_278_slice_83.npz,59
/kaggle/input/brats20-data/BraTS20/data/volume_278_slice_84.npz,31
/kaggle/input/brats20-data/BraTS20/data/volume_278_slice_85.npz,31
/kaggle/input/brats20-data/BraTS20/data/volume_278_slice_86.npz,31
/kaggle/input/brats20-data/BraTS20/data/volume_278_slice_87.npz,31
/kaggle/input/brats20-data/BraTS20/data/volume_278_slice_88.npz,31
/kaggle/input/brats20-data/BraTS20/data/volume_278_slice_89.npz,31
/kaggle/input/brats20-data/BraTS20/data/volume_278_slice_90.npz,25
/kaggle/input/brats20-data/BraTS20/data/volume_278_slice_91.npz,25
/kaggle/input/brats20-data/BraTS20/data/volume_278_slice_92.npz,25
/kaggle/input/brats20-data/BraTS20/data/volume_278_slice_93.npz,25
/kaggle/input/brats20-data/BraTS20/data/volume_278_slice_94.npz,25
/kaggle/input/brats20-data/BraTS20/data/volume_278_slice_95.npz,25
/kaggle/input/brats20-data/BraTS20/data/volume_278_slice_96.npz,25
/kaggle/input/brats20-data/BraTS20/data/volume_278_slice_97.npz,25
/kaggle/input/brats20-data/BraTS20/data/volume_278_slice_98.npz,25
/kaggle/input/brats20-data/BraTS20/data/volume_278_slice_99.npz,25
/kaggle/input/brats20-data/BraTS20/data/volume_278_slice_100.npz,25
/kaggle/input/brats20-data/BraTS20/data/volume_278_slice_101.npz,36
/kaggle/input/brats20-data/BraTS20/data/volume_278_slice_102.npz,36
/kaggle/input/brats20-data/BraTS20/data/volume_278_slice_103.npz,36
/kaggle/input/brats20-data/BraTS20/data/volume_278_slice_104.npz,36
/kaggle/input/brats20-data/BraTS20/data/volume_278_slice_105.npz,36
/kaggle/input/brats20-data/BraTS20/data/volume_278_slice_106.npz,36
/kaggle/input/brats20-data/BraTS20/data/volume_278_slice_107.npz,36
/kaggle/input/brats20-data/BraTS20/data/volume_278_slice_109.npz,52
/kaggle/input/brats20-data/BraTS20/data/volume_278_slice_110.npz,52
/kaggle/input/brats20-data/BraTS20/data/volume_278_slice_111.npz,52
/kaggle/input/brats20-data/BraTS20/data/volume_278_slice_112.npz,54
/kaggle/input/brats20-data/BraTS20/data/volume_278_slice_113.npz,85
/kaggle/input/brats20-data/BraTS20/data/volume_278_slice_114.npz,85
/kaggle/input/brats20-data/BraTS20/data/volume_278_slice_115.npz,85
/kaggle/input/brats20-data/BraTS20/data/volume_278_slice_116.npz,85
/kaggle/input/brats20-data/BraTS20/data/volume_278_slice_117.npz,85
/kaggle/input/brats20-data/BraTS20/data/volume_278_slice_118.npz,85
/kaggle/input/brats20-data/BraTS20/data/volume_278_slice_119.npz,85
/kaggle/input/brats20-data/BraTS20/data/volume_278_slice_120.npz,85
/kaggle/input/brats20-data/BraTS20/data/volume_278_slice_121.npz,75
/kaggle/input/brats20-data/BraTS20/data/volume_278_slice_122.npz,75
/kaggle/input/brats20-data/BraTS20/data/volume_278_slice_123.npz,43
/kaggle/input/brats20-data/BraTS20/data/volume_278_slice_124.npz,43
/kaggle/input/brats20-data/BraTS20/data/volume_278_slice_125.npz,43
/kaggle/input/brats20-data/BraTS20/data/volume_278_slice_126.npz,43
/kaggle/input/brats20-data/BraTS20/data/volume_278_slice_127.npz,43
/kaggle/input/brats20-data/BraTS20/data/volume_278_slice_128.npz,43
/kaggle/input/brats20-data/BraTS20/data/volume_214_slice_80.npz,32
/kaggle/input/brats20-data/BraTS20/data/volume_214_slice_81.npz,32
/kaggle/input/brats20-data/BraTS20/data/volume_214_slice_82.npz,32
/kaggle/input/brats20-data/BraTS20/data/volume_214_slice_83.npz,32
/kaggle/input/brats20-data/BraTS20/data/volume_214_slice_84.npz,32
/kaggle/input/brats20-data/BraTS20/data/volume_214_slice_85.npz,32
/kaggle/input/brats20-data/BraTS20/data/volume_214_slice_86.npz,32
/kaggle/input/brats20-data/BraTS20/data/volume_214_slice_87.npz,25
/kaggle/input/brats20-data/BraTS20/data/volume_214_slice_88.npz,25
/kaggle/input/brats20-data/BraTS20/data/volume_214_slice_89.npz,25
/kaggle/input/brats20-data/BraTS20/data/volume_214_slice_90.npz,25
/kaggle/input/brats20-data/BraTS20/data/volume_214_slice_91.npz,25
/kaggle/input/brats20-data/BraTS20/data/volume_214_slice_92.npz,25
/kaggle/input/brats20-data/BraTS20/data/volume_214_slice_93.npz,25
/kaggle/input/brats20-data/BraTS20/data/volume_214_slice_94.npz,25
/kaggle/input/brats20-data/BraTS20/data/volume_214_slice_95.npz,25
/kaggle/input/brats20-data/BraTS20/data/volume_214_slice_96.npz,2
/kaggle/input/brats20-data/BraTS20/data/volume_214_slice_97.npz,2
/kaggle/input/brats20-data/BraTS20/data/volume_214_slice_98.npz,2
/kaggle/input/brats20-data/BraTS20/data/volume_214_slice_99.npz,2
/kaggle/input/brats20-data/BraTS20/data/volume_214_slice_100.npz,2
/kaggle/input/brats20-data/BraTS20/data/volume_214_slice_101.npz,2
/kaggle/input/brats20-data/BraTS20/data/volume_214_slice_102.npz,2
/kaggle/input/brats20-data/BraTS20/data/volume_214_slice_103.npz,2
/kaggle/input/brats20-data/BraTS20/data/volume_214_slice_104.npz,2
/kaggle/input/brats20-data/BraTS20/data/volume_214_slice_105.npz,2
/kaggle/input/brats20-data/BraTS20/data/volume_214_slice_106.npz,2
/kaggle/input/brats20-data/BraTS20/data/volume_214_slice_107.npz,2
/kaggle/input/brats20-data/BraTS20/data/volume_214_slice_108.npz,77
/kaggle/input/brats20-data/BraTS20/data/volume_214_slice_109.npz,77
/kaggle/input/brats20-data/BraTS20/data/volume_214_slice_110.npz,77
/kaggle/input/brats20-data/BraTS20/data/volume_214_slice_111.npz,77
/kaggle/input/brats20-data/BraTS20/data/volume_214_slice_112.npz,77
/kaggle/input/brats20-data/BraTS20/data/volume_214_slice_113.npz,90
/kaggle/input/brats20-data/BraTS20/data/volume_214_slice_114.npz,90
/kaggle/input/brats20-data/BraTS20/data/volume_214_slice_115.npz,98
/kaggle/input/brats20-data/BraTS20/data/volume_214_slice_116.npz,98
/kaggle/input/brats20-data/BraTS20/data/volume_214_slice_117.npz,98
/kaggle/input/brats20-data/BraTS20/data/volume_214_slice_118.npz,98
/kaggle/input/brats20-data/BraTS20/data/volume_214_slice_119.npz,98
/kaggle/input/brats20-data/BraTS20/data/volume_214_slice_120.npz,82
/kaggle/input/brats20-data/BraTS20/data/volume_214_slice_121.npz,61
/kaggle/input/brats20-data/BraTS20/data/volume_214_slice_122.npz,75
/kaggle/input/brats20-data/BraTS20/data/volume_214_slice_123.npz,75
/kaggle/input/brats20-data/BraTS20/data/volume_214_slice_124.npz,75
/kaggle/input/brats20-data/BraTS20/data/volume_214_slice_125.npz,83
/kaggle/input/brats20-data/BraTS20/data/volume_214_slice_126.npz,83
/kaggle/input/brats20-data/BraTS20/data/volume_214_slice_127.npz,83
/kaggle/input/brats20-data/BraTS20/data/volume_214_slice_128.npz,83
/kaggle/input/brats20-data/BraTS20/data/volume_169_slice_80.npz,99
/kaggle/input/brats20-data/BraTS20/data/volume_169_slice_81.npz,99
/kaggle/input/brats20-data/BraTS20/data/volume_169_slice_82.npz,15
/kaggle/input/brats20-data/BraTS20/data/volume_169_slice_83.npz,15
/kaggle/input/brats20-data/BraTS20/data/volume_169_slice_84.npz,15
/kaggle/input/brats20-data/BraTS20/data/volume_169_slice_85.npz,15
/kaggle/input/brats20-data/BraTS20/data/volume_169_slice_86.npz,15
/kaggle/input/brats20-data/BraTS20/data/volume_169_slice_87.npz,50
/kaggle/input/brats20-data/BraTS20/data/volume_169_slice_88.npz,50
/kaggle/input/brats20-data/BraTS20/data/volume_169_slice_89.npz,84
/kaggle/input/brats20-data/BraTS20/data/volume_169_slice_90.npz,84
/kaggle/input/brats20-data/BraTS20/data/volume_169_slice_91.npz,84
/kaggle/input/brats20-data/BraTS20/data/volume_169_slice_92.npz,84
/kaggle/input/brats20-data/BraTS20/data/volume_169_slice_93.npz,94
/kaggle/input/brats20-data/BraTS20/data/volume_169_slice_94.npz,94
/kaggle/input/brats20-data/BraTS20/data/volume_169_slice_95.npz,94
/kaggle/input/brats20-data/BraTS20/data/volume_169_slice_96.npz,94
/kaggle/input/brats20-data/BraTS20/data/volume_169_slice_97.npz,94
/kaggle/input/brats20-data/BraTS20/data/volume_169_slice_98.npz,94
/kaggle/input/brats20-data/BraTS20/data/volume_169_slice_99.npz,94
/kaggle/input/brats20-data/BraTS20/data/volume_169_slice_100.npz,16
/kaggle/input/brats20-data/BraTS20/data/volume_169_slice_101.npz,16
/kaggle/input/brats20-data/BraTS20/data/volume_169_slice_102.npz,16
/kaggle/input/brats20-data/BraTS20/data/volume_169_slice_103.npz,71
/kaggle/input/brats20-data/BraTS20/data/volume_169_slice_104.npz,71
/kaggle/input/brats20-data/BraTS20/data/volume_169_slice_105.npz,71
/kaggle/input/brats20-data/BraTS20/data/volume_169_slice_106.npz,71
/kaggle/input/brats20-data/BraTS20/data/volume_169_slice_107.npz,29
/kaggle/input/brats20-data/BraTS20/data/volume_169_slice_108.npz,76
/kaggle/input/brats20-data/BraTS20/data/volume_169_slice_109.npz,76
/kaggle/input/brats20-data/BraTS20/data/volume_169_slice_110.npz,76
/kaggle/input/brats20-data/BraTS20/data/volume_169_slice_111.npz,76
/kaggle/input/brats20-data/BraTS20/data/volume_169_slice_112.npz,76
/kaggle/input/brats20-data/BraTS20/data/volume_169_slice_113.npz,76
/kaggle/input/brats20-data/BraTS20/data/volume_169_slice_114.npz,76
/kaggle/input/brats20-data/BraTS20/data/volume_169_slice_115.npz,69
/kaggle/input/brats20-data/BraTS20/data/volume_169_slice_116.npz,69
/kaggle/input/brats20-data/BraTS20/data/volume_169_slice_117.npz,69
/kaggle/input/brats20-data/BraTS20/data/volume_169_slice_118.npz,69
/kaggle/input/brats20-data/BraTS20/data/volume_169_slice_119.npz,69
/kaggle/input/brats20-data/BraTS20/data/volume_169_slice_120.npz,69
/kaggle/input/brats20-data/BraTS20/data/volume_169_slice_121.npz,69
/kaggle/input/brats20-data/BraTS20/data/volume_169_slice_122.npz,69
/kaggle/input/brats20-data/BraTS20/data/volume_169_slice_123.npz,69
/kaggle/input/brats20-data/BraTS20/data/volume_169_slice_124.npz,89
/kaggle/input/brats20-data/BraTS20/data/volume_169_slice_125.npz,89
/kaggle/input/brats20-data/BraTS20/data/volume_169_slice_126.npz,75
/kaggle/input/brats20-data/BraTS20/data/volume_169_slice_127.npz,83
/kaggle/input/brats20-data/BraTS20/data/volume_169_slice_128.npz,83
/kaggle/input/brats20-data/BraTS20/data/volume_88_slice_80.npz,46
/kaggle/input/brats20-data/BraTS20/data/volume_88_slice_81.npz,46
/kaggle/input/brats20-data/BraTS20/data/volume_88_slice_82.npz,46
/kaggle/input/brats20-data/BraTS20/data/volume_88_slice_83.npz,46
/kaggle/input/brats20-data/BraTS20/data/volume_88_slice_84.npz,46
/kaggle/input/brats20-data/BraTS20/data/volume_88_slice_85.npz,46
/kaggle/input/brats20-data/BraTS20/data/volume_88_slice_86.npz,46
/kaggle/input/brats20-data/BraTS20/data/volume_88_slice_87.npz,46
/kaggle/input/brats20-data/BraTS20/data/volume_88_slice_88.npz,30
/kaggle/input/brats20-data/BraTS20/data/volume_88_slice_89.npz,30
/kaggle/input/brats20-data/BraTS20/data/volume_88_slice_90.npz,30
/kaggle/input/brats20-data/BraTS20/data/volume_88_slice_91.npz,30
/kaggle/input/brats20-data/BraTS20/data/volume_88_slice_93.npz,74
/kaggle/input/brats20-data/BraTS20/data/volume_88_slice_94.npz,74
/kaggle/input/brats20-data/BraTS20/data/volume_88_slice_95.npz,74
/kaggle/input/brats20-data/BraTS20/data/volume_88_slice_96.npz,74
/kaggle/input/brats20-data/BraTS20/data/volume_88_slice_97.npz,74
/kaggle/input/brats20-data/BraTS20/data/volume_88_slice_98.npz,74
/kaggle/input/brats20-data/BraTS20/data/volume_88_slice_99.npz,74
/kaggle/input/brats20-data/BraTS20/data/volume_88_slice_100.npz,74
/kaggle/input/brats20-data/BraTS20/data/volume_88_slice_101.npz,94
/kaggle/input/brats20-data/BraTS20/data/volume_88_slice_102.npz,56
/kaggle/input/brats20-data/BraTS20/data/volume_88_slice_103.npz,56
/kaggle/input/brats20-data/BraTS20/data/volume_88_slice_105.npz,16
/kaggle/input/brats20-data/BraTS20/data/volume_88_slice_106.npz,16
/kaggle/input/brats20-data/BraTS20/data/volume_88_slice_107.npz,16
/kaggle/input/brats20-data/BraTS20/data/volume_88_slice_108.npz,16
/kaggle/input/brats20-data/BraTS20/data/volume_88_slice_109.npz,16
/kaggle/input/brats20-data/BraTS20/data/volume_88_slice_110.npz,16
/kaggle/input/brats20-data/BraTS20/data/volume_88_slice_111.npz,16
/kaggle/input/brats20-data/BraTS20/data/volume_88_slice_112.npz,22
/kaggle/input/brats20-data/BraTS20/data/volume_88_slice_113.npz,36
/kaggle/input/brats20-data/BraTS20/data/volume_88_slice_114.npz,36
/kaggle/input/brats20-data/BraTS20/data/volume_88_slice_115.npz,36
/kaggle/input/brats20-data/BraTS20/data/volume_88_slice_116.npz,36
/kaggle/input/brats20-data/BraTS20/data/volume_88_slice_117.npz,36
/kaggle/input/brats20-data/BraTS20/data/volume_88_slice_118.npz,63
/kaggle/input/brats20-data/BraTS20/data/volume_88_slice_119.npz,63
/kaggle/input/brats20-data/BraTS20/data/volume_88_slice_120.npz,44
/kaggle/input/brats20-data/BraTS20/data/volume_88_slice_121.npz,44
/kaggle/input/brats20-data/BraTS20/data/volume_88_slice_122.npz,44
/kaggle/input/brats20-data/BraTS20/data/volume_88_slice_123.npz,44
/kaggle/input/brats20-data/BraTS20/data/volume_88_slice_124.npz,44
/kaggle/input/brats20-data/BraTS20/data/volume_88_slice_125.npz,61
/kaggle/input/brats20-data/BraTS20/data/volume_88_slice_126.npz,61
/kaggle/input/brats20-data/BraTS20/data/volume_88_slice_127.npz,89
/kaggle/input/brats20-data/BraTS20/data/volume_88_slice_128.npz,89
/kaggle/input/brats20-data/BraTS20/data/volume_352_slice_80.npz,32
/kaggle/input/brats20-data/BraTS20/data/volume_352_slice_81.npz,32
/kaggle/input/brats20-data/BraTS20/data/volume_352_slice_82.npz,41
/kaggle/input/brats20-data/BraTS20/data/volume_352_slice_83.npz,41
/kaggle/input/brats20-data/BraTS20/data/volume_352_slice_84.npz,41
/kaggle/input/brats20-data/BraTS20/data/volume_352_slice_85.npz,41
/kaggle/input/brats20-data/BraTS20/data/volume_352_slice_86.npz,41
/kaggle/input/brats20-data/BraTS20/data/volume_352_slice_87.npz,41
/kaggle/input/brats20-data/BraTS20/data/volume_352_slice_88.npz,32
/kaggle/input/brats20-data/BraTS20/data/volume_352_slice_89.npz,38
/kaggle/input/brats20-data/BraTS20/data/volume_352_slice_90.npz,38
/kaggle/input/brats20-data/BraTS20/data/volume_352_slice_91.npz,38
/kaggle/input/brats20-data/BraTS20/data/volume_352_slice_92.npz,38
/kaggle/input/brats20-data/BraTS20/data/volume_352_slice_93.npz,38
/kaggle/input/brats20-data/BraTS20/data/volume_352_slice_94.npz,38
/kaggle/input/brats20-data/BraTS20/data/volume_352_slice_95.npz,38
/kaggle/input/brats20-data/BraTS20/data/volume_352_slice_96.npz,12
/kaggle/input/brats20-data/BraTS20/data/volume_352_slice_97.npz,12
/kaggle/input/brats20-data/BraTS20/data/volume_352_slice_98.npz,26
/kaggle/input/brats20-data/BraTS20/data/volume_352_slice_99.npz,26
/kaggle/input/brats20-data/BraTS20/data/volume_352_slice_100.npz,56
/kaggle/input/brats20-data/BraTS20/data/volume_352_slice_101.npz,56
/kaggle/input/brats20-data/BraTS20/data/volume_352_slice_102.npz,56
/kaggle/input/brats20-data/BraTS20/data/volume_352_slice_103.npz,56
/kaggle/input/brats20-data/BraTS20/data/volume_352_slice_104.npz,56
/kaggle/input/brats20-data/BraTS20/data/volume_352_slice_105.npz,56
/kaggle/input/brats20-data/BraTS20/data/volume_352_slice_106.npz,56
/kaggle/input/brats20-data/BraTS20/data/volume_352_slice_107.npz,56
/kaggle/input/brats20-data/BraTS20/data/volume_352_slice_108.npz,56
/kaggle/input/brats20-data/BraTS20/data/volume_352_slice_109.npz,56
/kaggle/input/brats20-data/BraTS20/data/volume_352_slice_110.npz,2
/kaggle/input/brats20-data/BraTS20/data/volume_352_slice_111.npz,2
/kaggle/input/brats20-data/BraTS20/data/volume_352_slice_112.npz,2
/kaggle/input/brats20-data/BraTS20/data/volume_352_slice_113.npz,2
/kaggle/input/brats20-data/BraTS20/data/volume_352_slice_114.npz,2
/kaggle/input/brats20-data/BraTS20/data/volume_352_slice_115.npz,2
/kaggle/input/brats20-data/BraTS20/data/volume_352_slice_116.npz,2
/kaggle/input/brats20-data/BraTS20/data/volume_352_slice_117.npz,51
/kaggle/input/brats20-data/BraTS20/data/volume_352_slice_118.npz,51
/kaggle/input/brats20-data/BraTS20/data/volume_352_slice_119.npz,51
/kaggle/input/brats20-data/BraTS20/data/volume_352_slice_120.npz,51
/kaggle/input/brats20-data/BraTS20/data/volume_352_slice_121.npz,51
/kaggle/input/brats20-data/BraTS20/data/volume_352_slice_122.npz,98
/kaggle/input/brats20-data/BraTS20/data/volume_352_slice_123.npz,98
/kaggle/input/brats20-data/BraTS20/data/volume_352_slice_124.npz,98
/kaggle/input/brats20-data/BraTS20/data/volume_352_slice_125.npz,98
/kaggle/input/brats20-data/BraTS20/data/volume_352_slice_126.npz,98
/kaggle/input/brats20-data/BraTS20/data/volume_352_slice_127.npz,98
/kaggle/input/brats20-data/BraTS20/data/volume_352_slice_128.npz,98
/kaggle/input/brats20-data/BraTS20/data/volume_323_slice_80.npz,38
/kaggle/input/brats20-data/BraTS20/data/volume_323_slice_81.npz,38
/kaggle/input/brats20-data/BraTS20/data/volume_323_slice_82.npz,38
/kaggle/input/brats20-data/BraTS20/data/volume_323_slice_83.npz,38
/kaggle/input/brats20-data/BraTS20/data/volume_323_slice_84.npz,38
/kaggle/input/brats20-data/BraTS20/data/volume_323_slice_85.npz,38
/kaggle/input/brats20-data/BraTS20/data/volume_323_slice_86.npz,35
/kaggle/input/brats20-data/BraTS20/data/volume_323_slice_87.npz,35
/kaggle/input/brats20-data/BraTS20/data/volume_323_slice_88.npz,35
/kaggle/input/brats20-data/BraTS20/data/volume_323_slice_89.npz,31
/kaggle/input/brats20-data/BraTS20/data/volume_323_slice_90.npz,31
/kaggle/input/brats20-data/BraTS20/data/volume_323_slice_91.npz,31
/kaggle/input/brats20-data/BraTS20/data/volume_323_slice_92.npz,55
/kaggle/input/brats20-data/BraTS20/data/volume_323_slice_93.npz,55
/kaggle/input/brats20-data/BraTS20/data/volume_323_slice_94.npz,55
/kaggle/input/brats20-data/BraTS20/data/volume_323_slice_95.npz,55
/kaggle/input/brats20-data/BraTS20/data/volume_323_slice_96.npz,55
/kaggle/input/brats20-data/BraTS20/data/volume_323_slice_97.npz,55
/kaggle/input/brats20-data/BraTS20/data/volume_323_slice_98.npz,55
/kaggle/input/brats20-data/BraTS20/data/volume_323_slice_99.npz,55
/kaggle/input/brats20-data/BraTS20/data/volume_323_slice_100.npz,55
/kaggle/input/brats20-data/BraTS20/data/volume_323_slice_101.npz,55
/kaggle/input/brats20-data/BraTS20/data/volume_323_slice_102.npz,55
/kaggle/input/brats20-data/BraTS20/data/volume_323_slice_103.npz,48
/kaggle/input/brats20-data/BraTS20/data/volume_323_slice_105.npz,48
/kaggle/input/brats20-data/BraTS20/data/volume_323_slice_106.npz,48
/kaggle/input/brats20-data/BraTS20/data/volume_323_slice_107.npz,36
/kaggle/input/brats20-data/BraTS20/data/volume_323_slice_108.npz,36
/kaggle/input/brats20-data/BraTS20/data/volume_323_slice_109.npz,36
/kaggle/input/brats20-data/BraTS20/data/volume_323_slice_110.npz,36
/kaggle/input/brats20-data/BraTS20/data/volume_323_slice_111.npz,66
/kaggle/input/brats20-data/BraTS20/data/volume_323_slice_112.npz,66
/kaggle/input/brats20-data/BraTS20/data/volume_323_slice_113.npz,66
/kaggle/input/brats20-data/BraTS20/data/volume_323_slice_114.npz,66
/kaggle/input/brats20-data/BraTS20/data/volume_323_slice_115.npz,51
/kaggle/input/brats20-data/BraTS20/data/volume_323_slice_116.npz,93
/kaggle/input/brats20-data/BraTS20/data/volume_323_slice_117.npz,93
/kaggle/input/brats20-data/BraTS20/data/volume_323_slice_118.npz,93
/kaggle/input/brats20-data/BraTS20/data/volume_323_slice_119.npz,93
/kaggle/input/brats20-data/BraTS20/data/volume_323_slice_120.npz,78
/kaggle/input/brats20-data/BraTS20/data/volume_323_slice_121.npz,78
/kaggle/input/brats20-data/BraTS20/data/volume_323_slice_122.npz,78
/kaggle/input/brats20-data/BraTS20/data/volume_323_slice_123.npz,78
/kaggle/input/brats20-data/BraTS20/data/volume_323_slice_124.npz,78
/kaggle/input/brats20-data/BraTS20/data/volume_323_slice_125.npz,65
/kaggle/input/brats20-data/BraTS20/data/volume_323_slice_126.npz,83
/kaggle/input/brats20-data/BraTS20/data/volume_323_slice_127.npz,83
/kaggle/input/brats20-data/BraTS20/data/volume_323_slice_128.npz,83
/kaggle/input/brats20-data/BraTS20/data/volume_299_slice_80.npz,41
/kaggle/input/brats20-data/BraTS20/data/volume_299_slice_81.npz,41
/kaggle/input/brats20-data/BraTS20/data/volume_299_slice_82.npz,28
/kaggle/input/brats20-data/BraTS20/data/volume_299_slice_83.npz,28
/kaggle/input/brats20-data/BraTS20/data/volume_299_slice_84.npz,19
/kaggle/input/brats20-data/BraTS20/data/volume_299_slice_85.npz,19
/kaggle/input/brats20-data/BraTS20/data/volume_299_slice_86.npz,19
/kaggle/input/brats20-data/BraTS20/data/volume_299_slice_87.npz,28
/kaggle/input/brats20-data/BraTS20/data/volume_299_slice_88.npz,28
/kaggle/input/brats20-data/BraTS20/data/volume_299_slice_89.npz,28
/kaggle/input/brats20-data/BraTS20/data/volume_299_slice_90.npz,28
/kaggle/input/brats20-data/BraTS20/data/volume_299_slice_91.npz,40
/kaggle/input/brats20-data/BraTS20/data/volume_299_slice_92.npz,40
/kaggle/input/brats20-data/BraTS20/data/volume_299_slice_93.npz,40
/kaggle/input/brats20-data/BraTS20/data/volume_299_slice_94.npz,40
/kaggle/input/brats20-data/BraTS20/data/volume_299_slice_95.npz,40
/kaggle/input/brats20-data/BraTS20/data/volume_299_slice_96.npz,40
/kaggle/input/brats20-data/BraTS20/data/volume_299_slice_97.npz,55
/kaggle/input/brats20-data/BraTS20/data/volume_299_slice_98.npz,55
/kaggle/input/brats20-data/BraTS20/data/volume_299_slice_99.npz,71
/kaggle/input/brats20-data/BraTS20/data/volume_299_slice_100.npz,71
/kaggle/input/brats20-data/BraTS20/data/volume_299_slice_101.npz,71
/kaggle/input/brats20-data/BraTS20/data/volume_299_slice_102.npz,71
/kaggle/input/brats20-data/BraTS20/data/volume_299_slice_103.npz,36
/kaggle/input/brats20-data/BraTS20/data/volume_299_slice_104.npz,36
/kaggle/input/brats20-data/BraTS20/data/volume_299_slice_105.npz,10
/kaggle/input/brats20-data/BraTS20/data/volume_299_slice_106.npz,10
/kaggle/input/brats20-data/BraTS20/data/volume_299_slice_107.npz,10
/kaggle/input/brats20-data/BraTS20/data/volume_299_slice_108.npz,10
/kaggle/input/brats20-data/BraTS20/data/volume_299_slice_109.npz,10
/kaggle/input/brats20-data/BraTS20/data/volume_299_slice_110.npz,10
/kaggle/input/brats20-data/BraTS20/data/volume_299_slice_111.npz,10
/kaggle/input/brats20-data/BraTS20/data/volume_299_slice_112.npz,10
/kaggle/input/brats20-data/BraTS20/data/volume_299_slice_113.npz,10
/kaggle/input/brats20-data/BraTS20/data/volume_299_slice_114.npz,10
/kaggle/input/brats20-data/BraTS20/data/volume_299_slice_115.npz,10
/kaggle/input/brats20-data/BraTS20/data/volume_299_slice_116.npz,10
/kaggle/input/brats20-data/BraTS20/data/volume_299_slice_117.npz,69
/kaggle/input/brats20-data/BraTS20/data/volume_299_slice_118.npz,69
/kaggle/input/brats20-data/BraTS20/data/volume_299_slice_119.npz,69
/kaggle/input/brats20-data/BraTS20/data/volume_299_slice_120.npz,69
/kaggle/input/brats20-data/BraTS20/data/volume_299_slice_121.npz,78
/kaggle/input/brats20-data/BraTS20/data/volume_299_slice_123.npz,78
/kaggle/input/brats20-data/BraTS20/data/volume_299_slice_124.npz,65
/kaggle/input/brats20-data/BraTS20/data/volume_299_slice_125.npz,65
/kaggle/input/brats20-data/BraTS20/data/volume_299_slice_126.npz,65
/kaggle/input/brats20-data/BraTS20/data/volume_299_slice_127.npz,11
/kaggle/input/brats20-data/BraTS20/data/volume_299_slice_128.npz,11
/kaggle/input/brats20-data/BraTS20/data/volume_92_slice_80.npz,46
/kaggle/input/brats20-data/BraTS20/data/volume_92_slice_81.npz,46
/kaggle/input/brats20-data/BraTS20/data/volume_92_slice_82.npz,46
/kaggle/input/brats20-data/BraTS20/data/volume_92_slice_83.npz,19
/kaggle/input/brats20-data/BraTS20/data/volume_92_slice_84.npz,19
/kaggle/input/brats20-data/BraTS20/data/volume_92_slice_85.npz,8
/kaggle/input/brats20-data/BraTS20/data/volume_92_slice_86.npz,8
/kaggle/input/brats20-data/BraTS20/data/volume_92_slice_87.npz,8
/kaggle/input/brats20-data/BraTS20/data/volume_92_slice_88.npz,8
/kaggle/input/brats20-data/BraTS20/data/volume_92_slice_89.npz,8
/kaggle/input/brats20-data/BraTS20/data/volume_92_slice_90.npz,8
/kaggle/input/brats20-data/BraTS20/data/volume_92_slice_91.npz,8
/kaggle/input/brats20-data/BraTS20/data/volume_92_slice_92.npz,33
/kaggle/input/brats20-data/BraTS20/data/volume_92_slice_93.npz,33
/kaggle/input/brats20-data/BraTS20/data/volume_92_slice_94.npz,33
/kaggle/input/brats20-data/BraTS20/data/volume_92_slice_95.npz,33
/kaggle/input/brats20-data/BraTS20/data/volume_92_slice_96.npz,33
/kaggle/input/brats20-data/BraTS20/data/volume_92_slice_97.npz,33
/kaggle/input/brats20-data/BraTS20/data/volume_92_slice_98.npz,26
/kaggle/input/brats20-data/BraTS20/data/volume_92_slice_99.npz,26
/kaggle/input/brats20-data/BraTS20/data/volume_92_slice_100.npz,26
/kaggle/input/brats20-data/BraTS20/data/volume_92_slice_101.npz,26
/kaggle/input/brats20-data/BraTS20/data/volume_92_slice_102.npz,37
/kaggle/input/brats20-data/BraTS20/data/volume_92_slice_103.npz,37
/kaggle/input/brats20-data/BraTS20/data/volume_92_slice_104.npz,37
/kaggle/input/brats20-data/BraTS20/data/volume_92_slice_105.npz,37
/kaggle/input/brats20-data/BraTS20/data/volume_92_slice_106.npz,37
/kaggle/input/brats20-data/BraTS20/data/volume_92_slice_107.npz,2
/kaggle/input/brats20-data/BraTS20/data/volume_92_slice_108.npz,2
/kaggle/input/brats20-data/BraTS20/data/volume_92_slice_109.npz,2
/kaggle/input/brats20-data/BraTS20/data/volume_92_slice_110.npz,2
/kaggle/input/brats20-data/BraTS20/data/volume_92_slice_111.npz,2
/kaggle/input/brats20-data/BraTS20/data/volume_92_slice_112.npz,22
/kaggle/input/brats20-data/BraTS20/data/volume_92_slice_113.npz,2
/kaggle/input/brats20-data/BraTS20/data/volume_92_slice_114.npz,2
/kaggle/input/brats20-data/BraTS20/data/volume_92_slice_115.npz,22
/kaggle/input/brats20-data/BraTS20/data/volume_92_slice_116.npz,21
/kaggle/input/brats20-data/BraTS20/data/volume_92_slice_117.npz,21
/kaggle/input/brats20-data/BraTS20/data/volume_92_slice_118.npz,14
/kaggle/input/brats20-data/BraTS20/data/volume_92_slice_119.npz,63
/kaggle/input/brats20-data/BraTS20/data/volume_92_slice_120.npz,63
/kaggle/input/brats20-data/BraTS20/data/volume_92_slice_121.npz,98
/kaggle/input/brats20-data/BraTS20/data/volume_92_slice_122.npz,44
/kaggle/input/brats20-data/BraTS20/data/volume_92_slice_123.npz,98
/kaggle/input/brats20-data/BraTS20/data/volume_92_slice_124.npz,98
/kaggle/input/brats20-data/BraTS20/data/volume_92_slice_125.npz,69
/kaggle/input/brats20-data/BraTS20/data/volume_92_slice_126.npz,61
/kaggle/input/brats20-data/BraTS20/data/volume_92_slice_127.npz,61
/kaggle/input/brats20-data/BraTS20/data/volume_92_slice_128.npz,61
/kaggle/input/brats20-data/BraTS20/data/volume_2_slice_80.npz,99
/kaggle/input/brats20-data/BraTS20/data/volume_2_slice_81.npz,99
/kaggle/input/brats20-data/BraTS20/data/volume_2_slice_82.npz,99
/kaggle/input/brats20-data/BraTS20/data/volume_2_slice_83.npz,99
/kaggle/input/brats20-data/BraTS20/data/volume_2_slice_84.npz,99
/kaggle/input/brats20-data/BraTS20/data/volume_2_slice_85.npz,99
/kaggle/input/brats20-data/BraTS20/data/volume_2_slice_86.npz,99
/kaggle/input/brats20-data/BraTS20/data/volume_2_slice_87.npz,99
/kaggle/input/brats20-data/BraTS20/data/volume_2_slice_88.npz,99
/kaggle/input/brats20-data/BraTS20/data/volume_2_slice_89.npz,99
/kaggle/input/brats20-data/BraTS20/data/volume_2_slice_90.npz,99
/kaggle/input/brats20-data/BraTS20/data/volume_2_slice_91.npz,99
/kaggle/input/brats20-data/BraTS20/data/volume_2_slice_92.npz,99
/kaggle/input/brats20-data/BraTS20/data/volume_2_slice_93.npz,84
/kaggle/input/brats20-data/BraTS20/data/volume_2_slice_94.npz,84
/kaggle/input/brats20-data/BraTS20/data/volume_2_slice_95.npz,84
/kaggle/input/brats20-data/BraTS20/data/volume_2_slice_96.npz,84
/kaggle/input/brats20-data/BraTS20/data/volume_2_slice_97.npz,84
/kaggle/input/brats20-data/BraTS20/data/volume_2_slice_98.npz,84
/kaggle/input/brats20-data/BraTS20/data/volume_2_slice_99.npz,94
/kaggle/input/brats20-data/BraTS20/data/volume_2_slice_100.npz,94
/kaggle/input/brats20-data/BraTS20/data/volume_2_slice_101.npz,94
/kaggle/input/brats20-data/BraTS20/data/volume_2_slice_102.npz,16
/kaggle/input/brats20-data/BraTS20/data/volume_2_slice_103.npz,16
/kaggle/input/brats20-data/BraTS20/data/volume_2_slice_104.npz,16
/kaggle/input/brats20-data/BraTS20/data/volume_2_slice_105.npz,16
/kaggle/input/brats20-data/BraTS20/data/volume_2_slice_106.npz,16
/kaggle/input/brats20-data/BraTS20/data/volume_2_slice_107.npz,16
/kaggle/input/brats20-data/BraTS20/data/volume_2_slice_108.npz,48
/kaggle/input/brats20-data/BraTS20/data/volume_2_slice_109.npz,86
/kaggle/input/brats20-data/BraTS20/data/volume_2_slice_110.npz,86
/kaggle/input/brats20-data/BraTS20/data/volume_2_slice_111.npz,86
/kaggle/input/brats20-data/BraTS20/data/volume_2_slice_112.npz,86
/kaggle/input/brats20-data/BraTS20/data/volume_2_slice_113.npz,86
/kaggle/input/brats20-data/BraTS20/data/volume_2_slice_114.npz,86
/kaggle/input/brats20-data/BraTS20/data/volume_2_slice_115.npz,90
/kaggle/input/brats20-data/BraTS20/data/volume_2_slice_116.npz,90
/kaggle/input/brats20-data/BraTS20/data/volume_2_slice_117.npz,90
/kaggle/input/brats20-data/BraTS20/data/volume_2_slice_118.npz,90
/kaggle/input/brats20-data/BraTS20/data/volume_2_slice_119.npz,90
/kaggle/input/brats20-data/BraTS20/data/volume_2_slice_120.npz,61
/kaggle/input/brats20-data/BraTS20/data/volume_2_slice_121.npz,61
/kaggle/input/brats20-data/BraTS20/data/volume_2_slice_122.npz,75
/kaggle/input/brats20-data/BraTS20/data/volume_2_slice_123.npz,75
/kaggle/input/brats20-data/BraTS20/data/volume_2_slice_124.npz,75
/kaggle/input/brats20-data/BraTS20/data/volume_2_slice_125.npz,75
/kaggle/input/brats20-data/BraTS20/data/volume_2_slice_126.npz,83
/kaggle/input/brats20-data/BraTS20/data/volume_2_slice_127.npz,83
/kaggle/input/brats20-data/BraTS20/data/volume_2_slice_128.npz,83
/kaggle/input/brats20-data/BraTS20/data/volume_163_slice_80.npz,19
/kaggle/input/brats20-data/BraTS20/data/volume_163_slice_81.npz,19
/kaggle/input/brats20-data/BraTS20/data/volume_163_slice_82.npz,19
/kaggle/input/brats20-data/BraTS20/data/volume_163_slice_83.npz,19
/kaggle/input/brats20-data/BraTS20/data/volume_163_slice_84.npz,19
/kaggle/input/brats20-data/BraTS20/data/volume_163_slice_85.npz,19
/kaggle/input/brats20-data/BraTS20/data/volume_163_slice_86.npz,19
/kaggle/input/brats20-data/BraTS20/data/volume_163_slice_87.npz,19
/kaggle/input/brats20-data/BraTS20/data/volume_163_slice_88.npz,19
/kaggle/input/brats20-data/BraTS20/data/volume_163_slice_89.npz,19
/kaggle/input/brats20-data/BraTS20/data/volume_163_slice_90.npz,19
/kaggle/input/brats20-data/BraTS20/data/volume_163_slice_91.npz,19
/kaggle/input/brats20-data/BraTS20/data/volume_163_slice_92.npz,19
/kaggle/input/brats20-data/BraTS20/data/volume_163_slice_93.npz,19
/kaggle/input/brats20-data/BraTS20/data/volume_163_slice_94.npz,19
/kaggle/input/brats20-data/BraTS20/data/volume_163_slice_95.npz,19
/kaggle/input/brats20-data/BraTS20/data/volume_163_slice_96.npz,19
/kaggle/input/brats20-data/BraTS20/data/volume_163_slice_97.npz,19
/kaggle/input/brats20-data/BraTS20/data/volume_163_slice_98.npz,19
/kaggle/input/brats20-data/BraTS20/data/volume_163_slice_99.npz,49
/kaggle/input/brats20-data/BraTS20/data/volume_163_slice_100.npz,49
/kaggle/input/brats20-data/BraTS20/data/volume_163_slice_101.npz,49
/kaggle/input/brats20-data/BraTS20/data/volume_163_slice_102.npz,2
/kaggle/input/brats20-data/BraTS20/data/volume_163_slice_103.npz,2
/kaggle/input/brats20-data/BraTS20/data/volume_163_slice_104.npz,2
/kaggle/input/brats20-data/BraTS20/data/volume_163_slice_105.npz,36
/kaggle/input/brats20-data/BraTS20/data/volume_163_slice_106.npz,36
/kaggle/input/brats20-data/BraTS20/data/volume_163_slice_107.npz,10
/kaggle/input/brats20-data/BraTS20/data/volume_163_slice_108.npz,44
/kaggle/input/brats20-data/BraTS20/data/volume_163_slice_109.npz,44
/kaggle/input/brats20-data/BraTS20/data/volume_163_slice_110.npz,44
/kaggle/input/brats20-data/BraTS20/data/volume_163_slice_111.npz,44
/kaggle/input/brats20-data/BraTS20/data/volume_163_slice_112.npz,44
/kaggle/input/brats20-data/BraTS20/data/volume_163_slice_113.npz,44
/kaggle/input/brats20-data/BraTS20/data/volume_163_slice_114.npz,44
/kaggle/input/brats20-data/BraTS20/data/volume_163_slice_115.npz,61
/kaggle/input/brats20-data/BraTS20/data/volume_163_slice_116.npz,61
/kaggle/input/brats20-data/BraTS20/data/volume_163_slice_117.npz,62
/kaggle/input/brats20-data/BraTS20/data/volume_163_slice_118.npz,89
/kaggle/input/brats20-data/BraTS20/data/volume_163_slice_119.npz,89
/kaggle/input/brats20-data/BraTS20/data/volume_163_slice_120.npz,11
/kaggle/input/brats20-data/BraTS20/data/volume_163_slice_121.npz,11
/kaggle/input/brats20-data/BraTS20/data/volume_163_slice_122.npz,11
/kaggle/input/brats20-data/BraTS20/data/volume_163_slice_123.npz,11
/kaggle/input/brats20-data/BraTS20/data/volume_163_slice_124.npz,11
/kaggle/input/brats20-data/BraTS20/data/volume_163_slice_125.npz,43
/kaggle/input/brats20-data/BraTS20/data/volume_163_slice_126.npz,43
/kaggle/input/brats20-data/BraTS20/data/volume_163_slice_127.npz,43
/kaggle/input/brats20-data/BraTS20/data/volume_163_slice_128.npz,43
/kaggle/input/brats20-data/BraTS20/data/volume_341_slice_80.npz,41
/kaggle/input/brats20-data/BraTS20/data/volume_341_slice_81.npz,41
/kaggle/input/brats20-data/BraTS20/data/volume_341_slice_82.npz,41
/kaggle/input/brats20-data/BraTS20/data/volume_341_slice_83.npz,41
/kaggle/input/brats20-data/BraTS20/data/volume_341_slice_84.npz,41
/kaggle/input/brats20-data/BraTS20/data/volume_341_slice_85.npz,41
/kaggle/input/brats20-data/BraTS20/data/volume_341_slice_86.npz,41
/kaggle/input/brats20-data/BraTS20/data/volume_341_slice_87.npz,9
/kaggle/input/brats20-data/BraTS20/data/volume_341_slice_88.npz,9
/kaggle/input/brats20-data/BraTS20/data/volume_341_slice_89.npz,84
/kaggle/input/brats20-data/BraTS20/data/volume_341_slice_90.npz,84
/kaggle/input/brats20-data/BraTS20/data/volume_341_slice_91.npz,94
/kaggle/input/brats20-data/BraTS20/data/volume_341_slice_92.npz,94
/kaggle/input/brats20-data/BraTS20/data/volume_341_slice_93.npz,94
/kaggle/input/brats20-data/BraTS20/data/volume_341_slice_94.npz,94
/kaggle/input/brats20-data/BraTS20/data/volume_341_slice_95.npz,94
/kaggle/input/brats20-data/BraTS20/data/volume_341_slice_96.npz,94
/kaggle/input/brats20-data/BraTS20/data/volume_341_slice_97.npz,94
/kaggle/input/brats20-data/BraTS20/data/volume_341_slice_98.npz,71
/kaggle/input/brats20-data/BraTS20/data/volume_341_slice_99.npz,71
/kaggle/input/brats20-data/BraTS20/data/volume_341_slice_100.npz,71
/kaggle/input/brats20-data/BraTS20/data/volume_341_slice_101.npz,71
/kaggle/input/brats20-data/BraTS20/data/volume_341_slice_102.npz,72
/kaggle/input/brats20-data/BraTS20/data/volume_341_slice_103.npz,72
/kaggle/input/brats20-data/BraTS20/data/volume_341_slice_104.npz,72
/kaggle/input/brats20-data/BraTS20/data/volume_341_slice_105.npz,72
/kaggle/input/brats20-data/BraTS20/data/volume_341_slice_106.npz,72
/kaggle/input/brats20-data/BraTS20/data/volume_341_slice_107.npz,72
/kaggle/input/brats20-data/BraTS20/data/volume_341_slice_108.npz,72
/kaggle/input/brats20-data/BraTS20/data/volume_341_slice_109.npz,72
/kaggle/input/brats20-data/BraTS20/data/volume_341_slice_110.npz,72
/kaggle/input/brats20-data/BraTS20/data/volume_341_slice_111.npz,72
/kaggle/input/brats20-data/BraTS20/data/volume_341_slice_112.npz,72
/kaggle/input/brats20-data/BraTS20/data/volume_341_slice_113.npz,72
/kaggle/input/brats20-data/BraTS20/data/volume_341_slice_114.npz,72
/kaggle/input/brats20-data/BraTS20/data/volume_341_slice_115.npz,54
/kaggle/input/brats20-data/BraTS20/data/volume_341_slice_116.npz,93
/kaggle/input/brats20-data/BraTS20/data/volume_341_slice_117.npz,93
/kaggle/input/brats20-data/BraTS20/data/volume_341_slice_118.npz,93
/kaggle/input/brats20-data/BraTS20/data/volume_341_slice_119.npz,93
/kaggle/input/brats20-data/BraTS20/data/volume_341_slice_120.npz,93
/kaggle/input/brats20-data/BraTS20/data/volume_341_slice_121.npz,93
/kaggle/input/brats20-data/BraTS20/data/volume_341_slice_122.npz,61
/kaggle/input/brats20-data/BraTS20/data/volume_341_slice_123.npz,78
/kaggle/input/brats20-data/BraTS20/data/volume_341_slice_124.npz,78
/kaggle/input/brats20-data/BraTS20/data/volume_341_slice_125.npz,78
/kaggle/input/brats20-data/BraTS20/data/volume_341_slice_126.npz,65
/kaggle/input/brats20-data/BraTS20/data/volume_341_slice_127.npz,83
/kaggle/input/brats20-data/BraTS20/data/volume_341_slice_128.npz,83
/kaggle/input/brats20-data/BraTS20/data/volume_56_slice_80.npz,26
/kaggle/input/brats20-data/BraTS20/data/volume_56_slice_81.npz,26
/kaggle/input/brats20-data/BraTS20/data/volume_56_slice_82.npz,26
/kaggle/input/brats20-data/BraTS20/data/volume_56_slice_83.npz,26
/kaggle/input/brats20-data/BraTS20/data/volume_56_slice_84.npz,26
/kaggle/input/brats20-data/BraTS20/data/volume_56_slice_85.npz,26
/kaggle/input/brats20-data/BraTS20/data/volume_56_slice_86.npz,26
/kaggle/input/brats20-data/BraTS20/data/volume_56_slice_87.npz,26
/kaggle/input/brats20-data/BraTS20/data/volume_56_slice_88.npz,59
/kaggle/input/brats20-data/BraTS20/data/volume_56_slice_89.npz,59
/kaggle/input/brats20-data/BraTS20/data/volume_56_slice_90.npz,59
/kaggle/input/brats20-data/BraTS20/data/volume_56_slice_91.npz,59
/kaggle/input/brats20-data/BraTS20/data/volume_56_slice_92.npz,59
/kaggle/input/brats20-data/BraTS20/data/volume_56_slice_93.npz,59
/kaggle/input/brats20-data/BraTS20/data/volume_56_slice_94.npz,59
/kaggle/input/brats20-data/BraTS20/data/volume_56_slice_95.npz,18
/kaggle/input/brats20-data/BraTS20/data/volume_56_slice_96.npz,18
/kaggle/input/brats20-data/BraTS20/data/volume_56_slice_97.npz,18
/kaggle/input/brats20-data/BraTS20/data/volume_56_slice_98.npz,57
/kaggle/input/brats20-data/BraTS20/data/volume_56_slice_99.npz,57
/kaggle/input/brats20-data/BraTS20/data/volume_56_slice_100.npz,2
/kaggle/input/brats20-data/BraTS20/data/volume_56_slice_101.npz,2
/kaggle/input/brats20-data/BraTS20/data/volume_56_slice_102.npz,2
/kaggle/input/brats20-data/BraTS20/data/volume_56_slice_103.npz,2
/kaggle/input/brats20-data/BraTS20/data/volume_56_slice_104.npz,2
/kaggle/input/brats20-data/BraTS20/data/volume_56_slice_105.npz,2
/kaggle/input/brats20-data/BraTS20/data/volume_56_slice_106.npz,2
/kaggle/input/brats20-data/BraTS20/data/volume_56_slice_107.npz,76
/kaggle/input/brats20-data/BraTS20/data/volume_56_slice_108.npz,76
/kaggle/input/brats20-data/BraTS20/data/volume_56_slice_109.npz,76
/kaggle/input/brats20-data/BraTS20/data/volume_56_slice_110.npz,76
/kaggle/input/brats20-data/BraTS20/data/volume_56_slice_111.npz,98
/kaggle/input/brats20-data/BraTS20/data/volume_56_slice_112.npz,98
/kaggle/input/brats20-data/BraTS20/data/volume_56_slice_113.npz,98
/kaggle/input/brats20-data/BraTS20/data/volume_56_slice_114.npz,98
/kaggle/input/brats20-data/BraTS20/data/volume_56_slice_115.npz,98
/kaggle/input/brats20-data/BraTS20/data/volume_56_slice_116.npz,98
/kaggle/input/brats20-data/BraTS20/data/volume_56_slice_117.npz,98
/kaggle/input/brats20-data/BraTS20/data/volume_56_slice_118.npz,98
/kaggle/input/brats20-data/BraTS20/data/volume_56_slice_119.npz,98
/kaggle/input/brats20-data/BraTS20/data/volume_56_slice_120.npz,61
/kaggle/input/brats20-data/BraTS20/data/volume_56_slice_121.npz,61
/kaggle/input/brats20-data/BraTS20/data/volume_56_slice_122.npz,61
/kaggle/input/brats20-data/BraTS20/data/volume_56_slice_123.npz,61
/kaggle/input/brats20-data/BraTS20/data/volume_56_slice_124.npz,61
/kaggle/input/brats20-data/BraTS20/data/volume_56_slice_125.npz,83
/kaggle/input/brats20-data/BraTS20/data/volume_56_slice_126.npz,83
/kaggle/input/brats20-data/BraTS20/data/volume_56_slice_127.npz,83
/kaggle/input/brats20-data/BraTS20/data/volume_56_slice_128.npz,83
/kaggle/input/brats20-data/BraTS20/data/volume_314_slice_80.npz,48
/kaggle/input/brats20-data/BraTS20/data/volume_314_slice_81.npz,48
/kaggle/input/brats20-data/BraTS20/data/volume_314_slice_82.npz,48
/kaggle/input/brats20-data/BraTS20/data/volume_314_slice_83.npz,24
/kaggle/input/brats20-data/BraTS20/data/volume_314_slice_84.npz,24
/kaggle/input/brats20-data/BraTS20/data/volume_314_slice_85.npz,24
/kaggle/input/brats20-data/BraTS20/data/volume_314_slice_86.npz,24
/kaggle/input/brats20-data/BraTS20/data/volume_314_slice_87.npz,24
/kaggle/input/brats20-data/BraTS20/data/volume_314_slice_88.npz,24
/kaggle/input/brats20-data/BraTS20/data/volume_314_slice_89.npz,24
/kaggle/input/brats20-data/BraTS20/data/volume_314_slice_90.npz,24
/kaggle/input/brats20-data/BraTS20/data/volume_314_slice_91.npz,24
/kaggle/input/brats20-data/BraTS20/data/volume_314_slice_92.npz,24
/kaggle/input/brats20-data/BraTS20/data/volume_314_slice_93.npz,84
/kaggle/input/brats20-data/BraTS20/data/volume_314_slice_94.npz,84
/kaggle/input/brats20-data/BraTS20/data/volume_314_slice_95.npz,84
/kaggle/input/brats20-data/BraTS20/data/volume_314_slice_96.npz,84
/kaggle/input/brats20-data/BraTS20/data/volume_314_slice_97.npz,84
/kaggle/input/brats20-data/BraTS20/data/volume_314_slice_98.npz,94
/kaggle/input/brats20-data/BraTS20/data/volume_314_slice_99.npz,94
/kaggle/input/brats20-data/BraTS20/data/volume_314_slice_100.npz,70
/kaggle/input/brats20-data/BraTS20/data/volume_314_slice_101.npz,70
/kaggle/input/brats20-data/BraTS20/data/volume_314_slice_102.npz,70
/kaggle/input/brats20-data/BraTS20/data/volume_314_slice_103.npz,70
/kaggle/input/brats20-data/BraTS20/data/volume_314_slice_104.npz,70
/kaggle/input/brats20-data/BraTS20/data/volume_314_slice_105.npz,70
/kaggle/input/brats20-data/BraTS20/data/volume_314_slice_106.npz,70
/kaggle/input/brats20-data/BraTS20/data/volume_314_slice_108.npz,70
/kaggle/input/brats20-data/BraTS20/data/volume_314_slice_109.npz,70
/kaggle/input/brats20-data/BraTS20/data/volume_314_slice_110.npz,70
/kaggle/input/brats20-data/BraTS20/data/volume_314_slice_111.npz,70
/kaggle/input/brats20-data/BraTS20/data/volume_314_slice_112.npz,70
/kaggle/input/brats20-data/BraTS20/data/volume_314_slice_113.npz,51
/kaggle/input/brats20-data/BraTS20/data/volume_314_slice_114.npz,51
/kaggle/input/brats20-data/BraTS20/data/volume_314_slice_115.npz,51
/kaggle/input/brats20-data/BraTS20/data/volume_314_slice_116.npz,51
/kaggle/input/brats20-data/BraTS20/data/volume_314_slice_117.npz,51
/kaggle/input/brats20-data/BraTS20/data/volume_314_slice_118.npz,51
/kaggle/input/brats20-data/BraTS20/data/volume_314_slice_119.npz,51
/kaggle/input/brats20-data/BraTS20/data/volume_314_slice_120.npz,54
/kaggle/input/brats20-data/BraTS20/data/volume_314_slice_121.npz,44
/kaggle/input/brats20-data/BraTS20/data/volume_314_slice_122.npz,44
/kaggle/input/brats20-data/BraTS20/data/volume_314_slice_123.npz,44
/kaggle/input/brats20-data/BraTS20/data/volume_314_slice_124.npz,61
/kaggle/input/brats20-data/BraTS20/data/volume_314_slice_125.npz,61
/kaggle/input/brats20-data/BraTS20/data/volume_314_slice_126.npz,78
/kaggle/input/brats20-data/BraTS20/data/volume_314_slice_127.npz,89
/kaggle/input/brats20-data/BraTS20/data/volume_314_slice_128.npz,65
/kaggle/input/brats20-data/BraTS20/data/volume_7_slice_80.npz,46
/kaggle/input/brats20-data/BraTS20/data/volume_7_slice_81.npz,46
/kaggle/input/brats20-data/BraTS20/data/volume_7_slice_82.npz,46
/kaggle/input/brats20-data/BraTS20/data/volume_7_slice_83.npz,46
/kaggle/input/brats20-data/BraTS20/data/volume_7_slice_84.npz,46
/kaggle/input/brats20-data/BraTS20/data/volume_7_slice_85.npz,46
/kaggle/input/brats20-data/BraTS20/data/volume_7_slice_86.npz,46
/kaggle/input/brats20-data/BraTS20/data/volume_7_slice_87.npz,46
/kaggle/input/brats20-data/BraTS20/data/volume_7_slice_89.npz,46
/kaggle/input/brats20-data/BraTS20/data/volume_7_slice_90.npz,46
/kaggle/input/brats20-data/BraTS20/data/volume_7_slice_91.npz,46
/kaggle/input/brats20-data/BraTS20/data/volume_7_slice_92.npz,46
/kaggle/input/brats20-data/BraTS20/data/volume_7_slice_93.npz,46
/kaggle/input/brats20-data/BraTS20/data/volume_7_slice_94.npz,46
/kaggle/input/brats20-data/BraTS20/data/volume_7_slice_95.npz,46
/kaggle/input/brats20-data/BraTS20/data/volume_7_slice_96.npz,46
/kaggle/input/brats20-data/BraTS20/data/volume_7_slice_97.npz,84
/kaggle/input/brats20-data/BraTS20/data/volume_7_slice_98.npz,84
/kaggle/input/brats20-data/BraTS20/data/volume_7_slice_99.npz,94
/kaggle/input/brats20-data/BraTS20/data/volume_7_slice_100.npz,94
/kaggle/input/brats20-data/BraTS20/data/volume_7_slice_101.npz,16
/kaggle/input/brats20-data/BraTS20/data/volume_7_slice_102.npz,16
/kaggle/input/brats20-data/BraTS20/data/volume_7_slice_103.npz,16
/kaggle/input/brats20-data/BraTS20/data/volume_7_slice_104.npz,16
/kaggle/input/brats20-data/BraTS20/data/volume_7_slice_105.npz,16
/kaggle/input/brats20-data/BraTS20/data/volume_7_slice_106.npz,16
/kaggle/input/brats20-data/BraTS20/data/volume_7_slice_107.npz,70
/kaggle/input/brats20-data/BraTS20/data/volume_7_slice_108.npz,70
/kaggle/input/brats20-data/BraTS20/data/volume_7_slice_109.npz,70
/kaggle/input/brats20-data/BraTS20/data/volume_7_slice_110.npz,70
/kaggle/input/brats20-data/BraTS20/data/volume_7_slice_111.npz,70
/kaggle/input/brats20-data/BraTS20/data/volume_7_slice_112.npz,76
/kaggle/input/brats20-data/BraTS20/data/volume_7_slice_113.npz,76
/kaggle/input/brats20-data/BraTS20/data/volume_7_slice_114.npz,76
/kaggle/input/brats20-data/BraTS20/data/volume_7_slice_115.npz,76
/kaggle/input/brats20-data/BraTS20/data/volume_7_slice_116.npz,90
/kaggle/input/brats20-data/BraTS20/data/volume_7_slice_117.npz,63
/kaggle/input/brats20-data/BraTS20/data/volume_7_slice_118.npz,44
/kaggle/input/brats20-data/BraTS20/data/volume_7_slice_119.npz,93
/kaggle/input/brats20-data/BraTS20/data/volume_7_slice_120.npz,93
/kaggle/input/brats20-data/BraTS20/data/volume_7_slice_121.npz,69
/kaggle/input/brats20-data/BraTS20/data/volume_7_slice_122.npz,69
/kaggle/input/brats20-data/BraTS20/data/volume_7_slice_123.npz,61
/kaggle/input/brats20-data/BraTS20/data/volume_7_slice_124.npz,78
/kaggle/input/brats20-data/BraTS20/data/volume_7_slice_125.npz,78
/kaggle/input/brats20-data/BraTS20/data/volume_7_slice_126.npz,83
/kaggle/input/brats20-data/BraTS20/data/volume_7_slice_127.npz,11
/kaggle/input/brats20-data/BraTS20/data/volume_7_slice_128.npz,11
/kaggle/input/brats20-data/BraTS20/data/volume_100_slice_80.npz,59
/kaggle/input/brats20-data/BraTS20/data/volume_100_slice_81.npz,59
/kaggle/input/brats20-data/BraTS20/data/volume_100_slice_82.npz,59
/kaggle/input/brats20-data/BraTS20/data/volume_100_slice_83.npz,59
/kaggle/input/brats20-data/BraTS20/data/volume_100_slice_84.npz,59
/kaggle/input/brats20-data/BraTS20/data/volume_100_slice_85.npz,59
/kaggle/input/brats20-data/BraTS20/data/volume_100_slice_86.npz,59
/kaggle/input/brats20-data/BraTS20/data/volume_100_slice_87.npz,59
/kaggle/input/brats20-data/BraTS20/data/volume_100_slice_88.npz,59
/kaggle/input/brats20-data/BraTS20/data/volume_100_slice_89.npz,59
/kaggle/input/brats20-data/BraTS20/data/volume_100_slice_90.npz,59
/kaggle/input/brats20-data/BraTS20/data/volume_100_slice_91.npz,59
/kaggle/input/brats20-data/BraTS20/data/volume_100_slice_92.npz,59
/kaggle/input/brats20-data/BraTS20/data/volume_100_slice_93.npz,59
/kaggle/input/brats20-data/BraTS20/data/volume_100_slice_94.npz,59
/kaggle/input/brats20-data/BraTS20/data/volume_100_slice_95.npz,59
/kaggle/input/brats20-data/BraTS20/data/volume_100_slice_96.npz,59
/kaggle/input/brats20-data/BraTS20/data/volume_100_slice_97.npz,59
/kaggle/input/brats20-data/BraTS20/data/volume_100_slice_98.npz,59
/kaggle/input/brats20-data/BraTS20/data/volume_100_slice_99.npz,59
/kaggle/input/brats20-data/BraTS20/data/volume_100_slice_100.npz,59
/kaggle/input/brats20-data/BraTS20/data/volume_100_slice_101.npz,25
/kaggle/input/brats20-data/BraTS20/data/volume_100_slice_102.npz,25
/kaggle/input/brats20-data/BraTS20/data/volume_100_slice_103.npz,25
/kaggle/input/brats20-data/BraTS20/data/volume_100_slice_104.npz,25
/kaggle/input/brats20-data/BraTS20/data/volume_100_slice_105.npz,25
/kaggle/input/brats20-data/BraTS20/data/volume_100_slice_106.npz,2
/kaggle/input/brats20-data/BraTS20/data/volume_100_slice_107.npz,2
/kaggle/input/brats20-data/BraTS20/data/volume_100_slice_108.npz,2
/kaggle/input/brats20-data/BraTS20/data/volume_100_slice_109.npz,66
/kaggle/input/brats20-data/BraTS20/data/volume_100_slice_110.npz,66
/kaggle/input/brats20-data/BraTS20/data/volume_100_slice_111.npz,66
/kaggle/input/brats20-data/BraTS20/data/volume_100_slice_112.npz,66
/kaggle/input/brats20-data/BraTS20/data/volume_100_slice_113.npz,66
/kaggle/input/brats20-data/BraTS20/data/volume_100_slice_114.npz,66
/kaggle/input/brats20-data/BraTS20/data/volume_100_slice_115.npz,66
/kaggle/input/brats20-data/BraTS20/data/volume_100_slice_116.npz,66
/kaggle/input/brats20-data/BraTS20/data/volume_100_slice_117.npz,66
/kaggle/input/brats20-data/BraTS20/data/volume_100_slice_118.npz,66
/kaggle/input/brats20-data/BraTS20/data/volume_100_slice_119.npz,66
/kaggle/input/brats20-data/BraTS20/data/volume_100_slice_120.npz,66
/kaggle/input/brats20-data/BraTS20/data/volume_100_slice_121.npz,69
/kaggle/input/brats20-data/BraTS20/data/volume_100_slice_122.npz,69
/kaggle/input/brats20-data/BraTS20/data/volume_100_slice_123.npz,75
/kaggle/input/brats20-data/BraTS20/data/volume_100_slice_124.npz,75
/kaggle/input/brats20-data/BraTS20/data/volume_100_slice_125.npz,75
/kaggle/input/brats20-data/BraTS20/data/volume_100_slice_126.npz,75
/kaggle/input/brats20-data/BraTS20/data/volume_100_slice_127.npz,75
/kaggle/input/brats20-data/BraTS20/data/volume_100_slice_128.npz,75
/kaggle/input/brats20-data/BraTS20/data/volume_107_slice_80.npz,26
/kaggle/input/brats20-data/BraTS20/data/volume_107_slice_81.npz,26
/kaggle/input/brats20-data/BraTS20/data/volume_107_slice_82.npz,26
/kaggle/input/brats20-data/BraTS20/data/volume_107_slice_83.npz,26
/kaggle/input/brats20-data/BraTS20/data/volume_107_slice_84.npz,26
/kaggle/input/brats20-data/BraTS20/data/volume_107_slice_85.npz,26
/kaggle/input/brats20-data/BraTS20/data/volume_107_slice_86.npz,26
/kaggle/input/brats20-data/BraTS20/data/volume_107_slice_87.npz,18
/kaggle/input/brats20-data/BraTS20/data/volume_107_slice_88.npz,18
/kaggle/input/brats20-data/BraTS20/data/volume_107_slice_89.npz,18
/kaggle/input/brats20-data/BraTS20/data/volume_107_slice_90.npz,18
/kaggle/input/brats20-data/BraTS20/data/volume_107_slice_91.npz,18
/kaggle/input/brats20-data/BraTS20/data/volume_107_slice_92.npz,57
/kaggle/input/brats20-data/BraTS20/data/volume_107_slice_93.npz,57
/kaggle/input/brats20-data/BraTS20/data/volume_107_slice_94.npz,57
/kaggle/input/brats20-data/BraTS20/data/volume_107_slice_95.npz,57
/kaggle/input/brats20-data/BraTS20/data/volume_107_slice_96.npz,57
/kaggle/input/brats20-data/BraTS20/data/volume_107_slice_97.npz,57
/kaggle/input/brats20-data/BraTS20/data/volume_107_slice_98.npz,57
/kaggle/input/brats20-data/BraTS20/data/volume_107_slice_99.npz,57
/kaggle/input/brats20-data/BraTS20/data/volume_107_slice_100.npz,57
/kaggle/input/brats20-data/BraTS20/data/volume_107_slice_101.npz,57
/kaggle/input/brats20-data/BraTS20/data/volume_107_slice_102.npz,2
/kaggle/input/brats20-data/BraTS20/data/volume_107_slice_103.npz,2
/kaggle/input/brats20-data/BraTS20/data/volume_107_slice_104.npz,2
/kaggle/input/brats20-data/BraTS20/data/volume_107_slice_105.npz,2
/kaggle/input/brats20-data/BraTS20/data/volume_107_slice_106.npz,2
/kaggle/input/brats20-data/BraTS20/data/volume_107_slice_107.npz,2
/kaggle/input/brats20-data/BraTS20/data/volume_107_slice_108.npz,2
/kaggle/input/brats20-data/BraTS20/data/volume_107_slice_109.npz,2
/kaggle/input/brats20-data/BraTS20/data/volume_107_slice_110.npz,48
/kaggle/input/brats20-data/BraTS20/data/volume_107_slice_111.npz,48
/kaggle/input/brats20-data/BraTS20/data/volume_107_slice_112.npz,76
/kaggle/input/brats20-data/BraTS20/data/volume_107_slice_114.npz,76
/kaggle/input/brats20-data/BraTS20/data/volume_107_slice_115.npz,76
/kaggle/input/brats20-data/BraTS20/data/volume_107_slice_116.npz,76
/kaggle/input/brats20-data/BraTS20/data/volume_107_slice_117.npz,76
/kaggle/input/brats20-data/BraTS20/data/volume_107_slice_118.npz,98
/kaggle/input/brats20-data/BraTS20/data/volume_107_slice_119.npz,98
/kaggle/input/brats20-data/BraTS20/data/volume_107_slice_120.npz,98
/kaggle/input/brats20-data/BraTS20/data/volume_107_slice_121.npz,82
/kaggle/input/brats20-data/BraTS20/data/volume_107_slice_122.npz,82
/kaggle/input/brats20-data/BraTS20/data/volume_107_slice_123.npz,61
/kaggle/input/brats20-data/BraTS20/data/volume_107_slice_124.npz,61
/kaggle/input/brats20-data/BraTS20/data/volume_107_slice_125.npz,83
/kaggle/input/brats20-data/BraTS20/data/volume_107_slice_126.npz,83
/kaggle/input/brats20-data/BraTS20/data/volume_107_slice_127.npz,83
/kaggle/input/brats20-data/BraTS20/data/volume_107_slice_128.npz,83
/kaggle/input/brats20-data/BraTS20/data/volume_259_slice_80.npz,48
/kaggle/input/brats20-data/BraTS20/data/volume_259_slice_81.npz,48
/kaggle/input/brats20-data/BraTS20/data/volume_259_slice_82.npz,48
/kaggle/input/brats20-data/BraTS20/data/volume_259_slice_83.npz,48
/kaggle/input/brats20-data/BraTS20/data/volume_259_slice_84.npz,48
/kaggle/input/brats20-data/BraTS20/data/volume_259_slice_85.npz,60
/kaggle/input/brats20-data/BraTS20/data/volume_259_slice_86.npz,60
/kaggle/input/brats20-data/BraTS20/data/volume_259_slice_87.npz,48
/kaggle/input/brats20-data/BraTS20/data/volume_259_slice_88.npz,48
/kaggle/input/brats20-data/BraTS20/data/volume_259_slice_89.npz,14
/kaggle/input/brats20-data/BraTS20/data/volume_259_slice_90.npz,14
/kaggle/input/brats20-data/BraTS20/data/volume_259_slice_91.npz,14
/kaggle/input/brats20-data/BraTS20/data/volume_259_slice_92.npz,14
/kaggle/input/brats20-data/BraTS20/data/volume_259_slice_93.npz,14
/kaggle/input/brats20-data/BraTS20/data/volume_259_slice_94.npz,14
/kaggle/input/brats20-data/BraTS20/data/volume_259_slice_95.npz,14
/kaggle/input/brats20-data/BraTS20/data/volume_259_slice_96.npz,14
/kaggle/input/brats20-data/BraTS20/data/volume_259_slice_97.npz,14
/kaggle/input/brats20-data/BraTS20/data/volume_259_slice_98.npz,14
/kaggle/input/brats20-data/BraTS20/data/volume_259_slice_99.npz,14
/kaggle/input/brats20-data/BraTS20/data/volume_259_slice_100.npz,14
/kaggle/input/brats20-data/BraTS20/data/volume_259_slice_101.npz,14
/kaggle/input/brats20-data/BraTS20/data/volume_259_slice_102.npz,14
/kaggle/input/brats20-data/BraTS20/data/volume_259_slice_103.npz,14
/kaggle/input/brats20-data/BraTS20/data/volume_259_slice_104.npz,14
/kaggle/input/brats20-data/BraTS20/data/volume_259_slice_105.npz,14
/kaggle/input/brats20-data/BraTS20/data/volume_259_slice_106.npz,14
/kaggle/input/brats20-data/BraTS20/data/volume_259_slice_107.npz,14
/kaggle/input/brats20-data/BraTS20/data/volume_259_slice_108.npz,14
/kaggle/input/brats20-data/BraTS20/data/volume_259_slice_109.npz,14
/kaggle/input/brats20-data/BraTS20/data/volume_259_slice_110.npz,14
/kaggle/input/brats20-data/BraTS20/data/volume_259_slice_111.npz,14
/kaggle/input/brats20-data/BraTS20/data/volume_259_slice_112.npz,14
/kaggle/input/brats20-data/BraTS20/data/volume_259_slice_113.npz,14
/kaggle/input/brats20-data/BraTS20/data/volume_259_slice_114.npz,14
/kaggle/input/brats20-data/BraTS20/data/volume_259_slice_115.npz,44
/kaggle/input/brats20-data/BraTS20/data/volume_259_slice_116.npz,44
/kaggle/input/brats20-data/BraTS20/data/volume_259_slice_117.npz,44
/kaggle/input/brats20-data/BraTS20/data/volume_259_slice_118.npz,61
/kaggle/input/brats20-data/BraTS20/data/volume_259_slice_119.npz,61
/kaggle/input/brats20-data/BraTS20/data/volume_259_slice_120.npz,61
/kaggle/input/brats20-data/BraTS20/data/volume_259_slice_121.npz,78
/kaggle/input/brats20-data/BraTS20/data/volume_259_slice_122.npz,78
/kaggle/input/brats20-data/BraTS20/data/volume_259_slice_123.npz,65
/kaggle/input/brats20-data/BraTS20/data/volume_259_slice_124.npz,65
/kaggle/input/brats20-data/BraTS20/data/volume_259_slice_125.npz,83
/kaggle/input/brats20-data/BraTS20/data/volume_259_slice_126.npz,83
/kaggle/input/brats20-data/BraTS20/data/volume_259_slice_127.npz,83
/kaggle/input/brats20-data/BraTS20/data/volume_259_slice_128.npz,11
/kaggle/input/brats20-data/BraTS20/data/volume_26_slice_80.npz,38
/kaggle/input/brats20-data/BraTS20/data/volume_26_slice_81.npz,38
/kaggle/input/brats20-data/BraTS20/data/volume_26_slice_82.npz,38
/kaggle/input/brats20-data/BraTS20/data/volume_26_slice_83.npz,38
/kaggle/input/brats20-data/BraTS20/data/volume_26_slice_84.npz,38
/kaggle/input/brats20-data/BraTS20/data/volume_26_slice_85.npz,38
/kaggle/input/brats20-data/BraTS20/data/volume_26_slice_86.npz,38
/kaggle/input/brats20-data/BraTS20/data/volume_26_slice_87.npz,38
/kaggle/input/brats20-data/BraTS20/data/volume_26_slice_88.npz,38
/kaggle/input/brats20-data/BraTS20/data/volume_26_slice_89.npz,38
/kaggle/input/brats20-data/BraTS20/data/volume_26_slice_90.npz,38
/kaggle/input/brats20-data/BraTS20/data/volume_26_slice_91.npz,38
/kaggle/input/brats20-data/BraTS20/data/volume_26_slice_92.npz,38
/kaggle/input/brats20-data/BraTS20/data/volume_26_slice_93.npz,38
/kaggle/input/brats20-data/BraTS20/data/volume_26_slice_94.npz,38
/kaggle/input/brats20-data/BraTS20/data/volume_26_slice_95.npz,38
/kaggle/input/brats20-data/BraTS20/data/volume_26_slice_96.npz,38
/kaggle/input/brats20-data/BraTS20/data/volume_26_slice_97.npz,38
/kaggle/input/brats20-data/BraTS20/data/volume_26_slice_98.npz,38
/kaggle/input/brats20-data/BraTS20/data/volume_26_slice_99.npz,45
/kaggle/input/brats20-data/BraTS20/data/volume_26_slice_100.npz,45
/kaggle/input/brats20-data/BraTS20/data/volume_26_slice_101.npz,45
/kaggle/input/brats20-data/BraTS20/data/volume_26_slice_102.npz,57
/kaggle/input/brats20-data/BraTS20/data/volume_26_slice_103.npz,57
/kaggle/input/brats20-data/BraTS20/data/volume_26_slice_104.npz,57
/kaggle/input/brats20-data/BraTS20/data/volume_26_slice_105.npz,16
/kaggle/input/brats20-data/BraTS20/data/volume_26_slice_106.npz,16
/kaggle/input/brats20-data/BraTS20/data/volume_26_slice_107.npz,16
/kaggle/input/brats20-data/BraTS20/data/volume_26_slice_108.npz,2
/kaggle/input/brats20-data/BraTS20/data/volume_26_slice_109.npz,2
/kaggle/input/brats20-data/BraTS20/data/volume_26_slice_110.npz,2
/kaggle/input/brats20-data/BraTS20/data/volume_26_slice_111.npz,2
/kaggle/input/brats20-data/BraTS20/data/volume_26_slice_112.npz,21
/kaggle/input/brats20-data/BraTS20/data/volume_26_slice_113.npz,21
/kaggle/input/brats20-data/BraTS20/data/volume_26_slice_114.npz,21
/kaggle/input/brats20-data/BraTS20/data/volume_26_slice_115.npz,86
/kaggle/input/brats20-data/BraTS20/data/volume_26_slice_116.npz,86
/kaggle/input/brats20-data/BraTS20/data/volume_26_slice_117.npz,63
/kaggle/input/brats20-data/BraTS20/data/volume_26_slice_118.npz,63
/kaggle/input/brats20-data/BraTS20/data/volume_26_slice_119.npz,44
/kaggle/input/brats20-data/BraTS20/data/volume_26_slice_120.npz,44
/kaggle/input/brats20-data/BraTS20/data/volume_26_slice_121.npz,44
/kaggle/input/brats20-data/BraTS20/data/volume_26_slice_122.npz,44
/kaggle/input/brats20-data/BraTS20/data/volume_26_slice_123.npz,62
/kaggle/input/brats20-data/BraTS20/data/volume_26_slice_124.npz,62
/kaggle/input/brats20-data/BraTS20/data/volume_26_slice_125.npz,62
/kaggle/input/brats20-data/BraTS20/data/volume_26_slice_126.npz,89
/kaggle/input/brats20-data/BraTS20/data/volume_26_slice_127.npz,89
/kaggle/input/brats20-data/BraTS20/data/volume_26_slice_128.npz,89
/kaggle/input/brats20-data/BraTS20/data/volume_33_slice_80.npz,34
/kaggle/input/brats20-data/BraTS20/data/volume_33_slice_81.npz,34
/kaggle/input/brats20-data/BraTS20/data/volume_33_slice_82.npz,34
/kaggle/input/brats20-data/BraTS20/data/volume_33_slice_83.npz,34
/kaggle/input/brats20-data/BraTS20/data/volume_33_slice_84.npz,34
/kaggle/input/brats20-data/BraTS20/data/volume_33_slice_85.npz,59
/kaggle/input/brats20-data/BraTS20/data/volume_33_slice_86.npz,59
/kaggle/input/brats20-data/BraTS20/data/volume_33_slice_87.npz,59
/kaggle/input/brats20-data/BraTS20/data/volume_33_slice_88.npz,59
/kaggle/input/brats20-data/BraTS20/data/volume_33_slice_89.npz,59
/kaggle/input/brats20-data/BraTS20/data/volume_33_slice_90.npz,59
/kaggle/input/brats20-data/BraTS20/data/volume_33_slice_91.npz,59
/kaggle/input/brats20-data/BraTS20/data/volume_33_slice_92.npz,59
/kaggle/input/brats20-data/BraTS20/data/volume_33_slice_93.npz,59
/kaggle/input/brats20-data/BraTS20/data/volume_33_slice_94.npz,27
/kaggle/input/brats20-data/BraTS20/data/volume_33_slice_95.npz,34
/kaggle/input/brats20-data/BraTS20/data/volume_33_slice_96.npz,25
/kaggle/input/brats20-data/BraTS20/data/volume_33_slice_97.npz,25
/kaggle/input/brats20-data/BraTS20/data/volume_33_slice_98.npz,25
/kaggle/input/brats20-data/BraTS20/data/volume_33_slice_99.npz,25
/kaggle/input/brats20-data/BraTS20/data/volume_33_slice_100.npz,25
/kaggle/input/brats20-data/BraTS20/data/volume_33_slice_101.npz,25
/kaggle/input/brats20-data/BraTS20/data/volume_33_slice_102.npz,25
/kaggle/input/brats20-data/BraTS20/data/volume_33_slice_103.npz,14
/kaggle/input/brats20-data/BraTS20/data/volume_33_slice_104.npz,14
/kaggle/input/brats20-data/BraTS20/data/volume_33_slice_105.npz,14
/kaggle/input/brats20-data/BraTS20/data/volume_33_slice_106.npz,14
/kaggle/input/brats20-data/BraTS20/data/volume_33_slice_107.npz,14
/kaggle/input/brats20-data/BraTS20/data/volume_33_slice_108.npz,14
/kaggle/input/brats20-data/BraTS20/data/volume_33_slice_109.npz,14
/kaggle/input/brats20-data/BraTS20/data/volume_33_slice_110.npz,14
/kaggle/input/brats20-data/BraTS20/data/volume_33_slice_111.npz,14
/kaggle/input/brats20-data/BraTS20/data/volume_33_slice_112.npz,14
/kaggle/input/brats20-data/BraTS20/data/volume_33_slice_113.npz,14
/kaggle/input/brats20-data/BraTS20/data/volume_33_slice_114.npz,39
/kaggle/input/brats20-data/BraTS20/data/volume_33_slice_115.npz,39
/kaggle/input/brats20-data/BraTS20/data/volume_33_slice_116.npz,39
/kaggle/input/brats20-data/BraTS20/data/volume_33_slice_117.npz,39
/kaggle/input/brats20-data/BraTS20/data/volume_33_slice_118.npz,39
/kaggle/input/brats20-data/BraTS20/data/volume_33_slice_119.npz,39
/kaggle/input/brats20-data/BraTS20/data/volume_33_slice_120.npz,39
/kaggle/input/brats20-data/BraTS20/data/volume_33_slice_121.npz,39
/kaggle/input/brats20-data/BraTS20/data/volume_33_slice_122.npz,62
/kaggle/input/brats20-data/BraTS20/data/volume_33_slice_123.npz,62
/kaggle/input/brats20-data/BraTS20/data/volume_33_slice_124.npz,75
/kaggle/input/brats20-data/BraTS20/data/volume_33_slice_125.npz,75
/kaggle/input/brats20-data/BraTS20/data/volume_33_slice_126.npz,75
/kaggle/input/brats20-data/BraTS20/data/volume_33_slice_127.npz,75
/kaggle/input/brats20-data/BraTS20/data/volume_33_slice_128.npz,75
/kaggle/input/brats20-data/BraTS20/data/volume_168_slice_80.npz,35
/kaggle/input/brats20-data/BraTS20/data/volume_168_slice_81.npz,35
/kaggle/input/brats20-data/BraTS20/data/volume_168_slice_82.npz,35
/kaggle/input/brats20-data/BraTS20/data/volume_168_slice_83.npz,35
/kaggle/input/brats20-data/BraTS20/data/volume_168_slice_84.npz,35
/kaggle/input/brats20-data/BraTS20/data/volume_168_slice_85.npz,35
/kaggle/input/brats20-data/BraTS20/data/volume_168_slice_86.npz,35
/kaggle/input/brats20-data/BraTS20/data/volume_168_slice_87.npz,35
/kaggle/input/brats20-data/BraTS20/data/volume_168_slice_88.npz,35
/kaggle/input/brats20-data/BraTS20/data/volume_168_slice_89.npz,35
/kaggle/input/brats20-data/BraTS20/data/volume_168_slice_90.npz,35
/kaggle/input/brats20-data/BraTS20/data/volume_168_slice_91.npz,35
/kaggle/input/brats20-data/BraTS20/data/volume_168_slice_92.npz,35
/kaggle/input/brats20-data/BraTS20/data/volume_168_slice_93.npz,35
/kaggle/input/brats20-data/BraTS20/data/volume_168_slice_94.npz,35
/kaggle/input/brats20-data/BraTS20/data/volume_168_slice_95.npz,35
/kaggle/input/brats20-data/BraTS20/data/volume_168_slice_96.npz,35
/kaggle/input/brats20-data/BraTS20/data/volume_168_slice_97.npz,35
/kaggle/input/brats20-data/BraTS20/data/volume_168_slice_98.npz,35
/kaggle/input/brats20-data/BraTS20/data/volume_168_slice_99.npz,35
/kaggle/input/brats20-data/BraTS20/data/volume_168_slice_100.npz,35
/kaggle/input/brats20-data/BraTS20/data/volume_168_slice_101.npz,35
/kaggle/input/brats20-data/BraTS20/data/volume_168_slice_102.npz,35
/kaggle/input/brats20-data/BraTS20/data/volume_168_slice_103.npz,35
/kaggle/input/brats20-data/BraTS20/data/volume_168_slice_104.npz,35
/kaggle/input/brats20-data/BraTS20/data/volume_168_slice_105.npz,35
/kaggle/input/brats20-data/BraTS20/data/volume_168_slice_106.npz,35
/kaggle/input/brats20-data/BraTS20/data/volume_168_slice_107.npz,35
/kaggle/input/brats20-data/BraTS20/data/volume_168_slice_108.npz,48
/kaggle/input/brats20-data/BraTS20/data/volume_168_slice_109.npz,48
/kaggle/input/brats20-data/BraTS20/data/volume_168_slice_110.npz,48
/kaggle/input/brats20-data/BraTS20/data/volume_168_slice_111.npz,36
/kaggle/input/brats20-data/BraTS20/data/volume_168_slice_112.npz,36
/kaggle/input/brats20-data/BraTS20/data/volume_168_slice_113.npz,36
/kaggle/input/brats20-data/BraTS20/data/volume_168_slice_114.npz,36
/kaggle/input/brats20-data/BraTS20/data/volume_168_slice_115.npz,36
/kaggle/input/brats20-data/BraTS20/data/volume_168_slice_116.npz,36
/kaggle/input/brats20-data/BraTS20/data/volume_168_slice_117.npz,36
/kaggle/input/brats20-data/BraTS20/data/volume_168_slice_118.npz,36
/kaggle/input/brats20-data/BraTS20/data/volume_168_slice_119.npz,36
/kaggle/input/brats20-data/BraTS20/data/volume_168_slice_120.npz,90
/kaggle/input/brats20-data/BraTS20/data/volume_168_slice_121.npz,90
/kaggle/input/brats20-data/BraTS20/data/volume_168_slice_122.npz,90
/kaggle/input/brats20-data/BraTS20/data/volume_168_slice_123.npz,54
/kaggle/input/brats20-data/BraTS20/data/volume_168_slice_124.npz,54
/kaggle/input/brats20-data/BraTS20/data/volume_168_slice_125.npz,69
/kaggle/input/brats20-data/BraTS20/data/volume_168_slice_126.npz,69
/kaggle/input/brats20-data/BraTS20/data/volume_168_slice_127.npz,69
/kaggle/input/brats20-data/BraTS20/data/volume_168_slice_128.npz,61
/kaggle/input/brats20-data/BraTS20/data/volume_326_slice_80.npz,53
/kaggle/input/brats20-data/BraTS20/data/volume_326_slice_81.npz,53
/kaggle/input/brats20-data/BraTS20/data/volume_326_slice_82.npz,53
/kaggle/input/brats20-data/BraTS20/data/volume_326_slice_83.npz,53
/kaggle/input/brats20-data/BraTS20/data/volume_326_slice_84.npz,53
/kaggle/input/brats20-data/BraTS20/data/volume_326_slice_85.npz,53
/kaggle/input/brats20-data/BraTS20/data/volume_326_slice_86.npz,53
/kaggle/input/brats20-data/BraTS20/data/volume_326_slice_87.npz,53
/kaggle/input/brats20-data/BraTS20/data/volume_326_slice_88.npz,53
/kaggle/input/brats20-data/BraTS20/data/volume_326_slice_89.npz,53
/kaggle/input/brats20-data/BraTS20/data/volume_326_slice_90.npz,53
/kaggle/input/brats20-data/BraTS20/data/volume_326_slice_91.npz,53
/kaggle/input/brats20-data/BraTS20/data/volume_326_slice_92.npz,53
/kaggle/input/brats20-data/BraTS20/data/volume_326_slice_93.npz,53
/kaggle/input/brats20-data/BraTS20/data/volume_326_slice_94.npz,31
/kaggle/input/brats20-data/BraTS20/data/volume_326_slice_95.npz,31
/kaggle/input/brats20-data/BraTS20/data/volume_326_slice_96.npz,31
/kaggle/input/brats20-data/BraTS20/data/volume_326_slice_97.npz,31
/kaggle/input/brats20-data/BraTS20/data/volume_326_slice_98.npz,31
/kaggle/input/brats20-data/BraTS20/data/volume_326_slice_99.npz,31
/kaggle/input/brats20-data/BraTS20/data/volume_326_slice_100.npz,31
/kaggle/input/brats20-data/BraTS20/data/volume_326_slice_101.npz,31
/kaggle/input/brats20-data/BraTS20/data/volume_326_slice_102.npz,17
/kaggle/input/brats20-data/BraTS20/data/volume_326_slice_103.npz,17
/kaggle/input/brats20-data/BraTS20/data/volume_326_slice_104.npz,17
/kaggle/input/brats20-data/BraTS20/data/volume_326_slice_105.npz,17
/kaggle/input/brats20-data/BraTS20/data/volume_326_slice_106.npz,51
/kaggle/input/brats20-data/BraTS20/data/volume_326_slice_107.npz,51
/kaggle/input/brats20-data/BraTS20/data/volume_326_slice_108.npz,51
/kaggle/input/brats20-data/BraTS20/data/volume_326_slice_109.npz,51
/kaggle/input/brats20-data/BraTS20/data/volume_326_slice_110.npz,51
/kaggle/input/brats20-data/BraTS20/data/volume_326_slice_111.npz,51
/kaggle/input/brats20-data/BraTS20/data/volume_326_slice_112.npz,51
/kaggle/input/brats20-data/BraTS20/data/volume_326_slice_113.npz,51
/kaggle/input/brats20-data/BraTS20/data/volume_326_slice_114.npz,51
/kaggle/input/brats20-data/BraTS20/data/volume_326_slice_115.npz,51
/kaggle/input/brats20-data/BraTS20/data/volume_326_slice_116.npz,98
/kaggle/input/brats20-data/BraTS20/data/volume_326_slice_117.npz,98
/kaggle/input/brats20-data/BraTS20/data/volume_326_slice_118.npz,98
/kaggle/input/brats20-data/BraTS20/data/volume_326_slice_119.npz,98
/kaggle/input/brats20-data/BraTS20/data/volume_326_slice_120.npz,98
/kaggle/input/brats20-data/BraTS20/data/volume_326_slice_121.npz,98
/kaggle/input/brats20-data/BraTS20/data/volume_326_slice_122.npz,78
/kaggle/input/brats20-data/BraTS20/data/volume_326_slice_123.npz,78
/kaggle/input/brats20-data/BraTS20/data/volume_326_slice_124.npz,78
/kaggle/input/brats20-data/BraTS20/data/volume_326_slice_125.npz,78
/kaggle/input/brats20-data/BraTS20/data/volume_326_slice_126.npz,65
/kaggle/input/brats20-data/BraTS20/data/volume_326_slice_127.npz,83
/kaggle/input/brats20-data/BraTS20/data/volume_326_slice_128.npz,83
/kaggle/input/brats20-data/BraTS20/data/volume_238_slice_80.npz,19
/kaggle/input/brats20-data/BraTS20/data/volume_238_slice_81.npz,19
/kaggle/input/brats20-data/BraTS20/data/volume_238_slice_82.npz,19
/kaggle/input/brats20-data/BraTS20/data/volume_238_slice_83.npz,19
/kaggle/input/brats20-data/BraTS20/data/volume_238_slice_84.npz,19
/kaggle/input/brats20-data/BraTS20/data/volume_238_slice_85.npz,19
/kaggle/input/brats20-data/BraTS20/data/volume_238_slice_86.npz,19
/kaggle/input/brats20-data/BraTS20/data/volume_238_slice_87.npz,19
/kaggle/input/brats20-data/BraTS20/data/volume_238_slice_88.npz,19
/kaggle/input/brats20-data/BraTS20/data/volume_238_slice_89.npz,19
/kaggle/input/brats20-data/BraTS20/data/volume_238_slice_90.npz,19
/kaggle/input/brats20-data/BraTS20/data/volume_238_slice_91.npz,19
/kaggle/input/brats20-data/BraTS20/data/volume_238_slice_92.npz,15
/kaggle/input/brats20-data/BraTS20/data/volume_238_slice_93.npz,15
/kaggle/input/brats20-data/BraTS20/data/volume_238_slice_94.npz,15
/kaggle/input/brats20-data/BraTS20/data/volume_238_slice_95.npz,15
/kaggle/input/brats20-data/BraTS20/data/volume_238_slice_96.npz,50
/kaggle/input/brats20-data/BraTS20/data/volume_238_slice_97.npz,50
/kaggle/input/brats20-data/BraTS20/data/volume_238_slice_98.npz,50
/kaggle/input/brats20-data/BraTS20/data/volume_238_slice_99.npz,50
/kaggle/input/brats20-data/BraTS20/data/volume_238_slice_100.npz,50
/kaggle/input/brats20-data/BraTS20/data/volume_238_slice_101.npz,50
/kaggle/input/brats20-data/BraTS20/data/volume_238_slice_103.npz,94
/kaggle/input/brats20-data/BraTS20/data/volume_238_slice_104.npz,94
/kaggle/input/brats20-data/BraTS20/data/volume_238_slice_105.npz,94
/kaggle/input/brats20-data/BraTS20/data/volume_238_slice_106.npz,94
/kaggle/input/brats20-data/BraTS20/data/volume_238_slice_107.npz,94
/kaggle/input/brats20-data/BraTS20/data/volume_238_slice_108.npz,94
/kaggle/input/brats20-data/BraTS20/data/volume_238_slice_109.npz,94
/kaggle/input/brats20-data/BraTS20/data/volume_238_slice_110.npz,48
/kaggle/input/brats20-data/BraTS20/data/volume_238_slice_111.npz,70
/kaggle/input/brats20-data/BraTS20/data/volume_238_slice_112.npz,70
/kaggle/input/brats20-data/BraTS20/data/volume_238_slice_113.npz,70
/kaggle/input/brats20-data/BraTS20/data/volume_238_slice_114.npz,48
/kaggle/input/brats20-data/BraTS20/data/volume_238_slice_115.npz,48
/kaggle/input/brats20-data/BraTS20/data/volume_238_slice_116.npz,48
/kaggle/input/brats20-data/BraTS20/data/volume_238_slice_117.npz,48
/kaggle/input/brats20-data/BraTS20/data/volume_238_slice_118.npz,76
/kaggle/input/brats20-data/BraTS20/data/volume_238_slice_119.npz,76
/kaggle/input/brats20-data/BraTS20/data/volume_238_slice_120.npz,76
/kaggle/input/brats20-data/BraTS20/data/volume_238_slice_121.npz,51
/kaggle/input/brats20-data/BraTS20/data/volume_238_slice_122.npz,66
/kaggle/input/brats20-data/BraTS20/data/volume_238_slice_123.npz,86
/kaggle/input/brats20-data/BraTS20/data/volume_238_slice_124.npz,90
/kaggle/input/brats20-data/BraTS20/data/volume_238_slice_125.npz,93
/kaggle/input/brats20-data/BraTS20/data/volume_238_slice_126.npz,93
/kaggle/input/brats20-data/BraTS20/data/volume_238_slice_127.npz,93
/kaggle/input/brats20-data/BraTS20/data/volume_238_slice_128.npz,69
/kaggle/input/brats20-data/BraTS20/data/volume_295_slice_80.npz,24
/kaggle/input/brats20-data/BraTS20/data/volume_295_slice_81.npz,24
/kaggle/input/brats20-data/BraTS20/data/volume_295_slice_82.npz,24
/kaggle/input/brats20-data/BraTS20/data/volume_295_slice_83.npz,24
/kaggle/input/brats20-data/BraTS20/data/volume_295_slice_84.npz,24
/kaggle/input/brats20-data/BraTS20/data/volume_295_slice_85.npz,24
/kaggle/input/brats20-data/BraTS20/data/volume_295_slice_86.npz,24
/kaggle/input/brats20-data/BraTS20/data/volume_295_slice_87.npz,24
/kaggle/input/brats20-data/BraTS20/data/volume_295_slice_88.npz,24
/kaggle/input/brats20-data/BraTS20/data/volume_295_slice_89.npz,9
/kaggle/input/brats20-data/BraTS20/data/volume_295_slice_90.npz,9
/kaggle/input/brats20-data/BraTS20/data/volume_295_slice_91.npz,9
/kaggle/input/brats20-data/BraTS20/data/volume_295_slice_92.npz,9
/kaggle/input/brats20-data/BraTS20/data/volume_295_slice_93.npz,71
/kaggle/input/brats20-data/BraTS20/data/volume_295_slice_94.npz,71
/kaggle/input/brats20-data/BraTS20/data/volume_295_slice_95.npz,48
/kaggle/input/brats20-data/BraTS20/data/volume_295_slice_97.npz,36
/kaggle/input/brats20-data/BraTS20/data/volume_295_slice_98.npz,36
/kaggle/input/brats20-data/BraTS20/data/volume_295_slice_99.npz,36
/kaggle/input/brats20-data/BraTS20/data/volume_295_slice_100.npz,36
/kaggle/input/brats20-data/BraTS20/data/volume_295_slice_101.npz,36
/kaggle/input/brats20-data/BraTS20/data/volume_295_slice_102.npz,36
/kaggle/input/brats20-data/BraTS20/data/volume_295_slice_103.npz,36
/kaggle/input/brats20-data/BraTS20/data/volume_295_slice_104.npz,36
/kaggle/input/brats20-data/BraTS20/data/volume_295_slice_105.npz,36
/kaggle/input/brats20-data/BraTS20/data/volume_295_slice_106.npz,36
/kaggle/input/brats20-data/BraTS20/data/volume_295_slice_107.npz,36
/kaggle/input/brats20-data/BraTS20/data/volume_295_slice_108.npz,36
/kaggle/input/brats20-data/BraTS20/data/volume_295_slice_109.npz,36
/kaggle/input/brats20-data/BraTS20/data/volume_295_slice_110.npz,36
/kaggle/input/brats20-data/BraTS20/data/volume_295_slice_111.npz,54
/kaggle/input/brats20-data/BraTS20/data/volume_295_slice_112.npz,54
/kaggle/input/brats20-data/BraTS20/data/volume_295_slice_113.npz,54
/kaggle/input/brats20-data/BraTS20/data/volume_295_slice_114.npz,93
/kaggle/input/brats20-data/BraTS20/data/volume_295_slice_115.npz,93
/kaggle/input/brats20-data/BraTS20/data/volume_295_slice_116.npz,61
/kaggle/input/brats20-data/BraTS20/data/volume_295_slice_117.npz,78
/kaggle/input/brats20-data/BraTS20/data/volume_295_slice_118.npz,78
/kaggle/input/brats20-data/BraTS20/data/volume_295_slice_119.npz,78
/kaggle/input/brats20-data/BraTS20/data/volume_295_slice_120.npz,78
/kaggle/input/brats20-data/BraTS20/data/volume_295_slice_121.npz,75
/kaggle/input/brats20-data/BraTS20/data/volume_295_slice_122.npz,75
/kaggle/input/brats20-data/BraTS20/data/volume_295_slice_123.npz,83
/kaggle/input/brats20-data/BraTS20/data/volume_295_slice_124.npz,83
/kaggle/input/brats20-data/BraTS20/data/volume_295_slice_125.npz,83
/kaggle/input/brats20-data/BraTS20/data/volume_295_slice_126.npz,83
/kaggle/input/brats20-data/BraTS20/data/volume_295_slice_127.npz,43
/kaggle/input/brats20-data/BraTS20/data/volume_295_slice_128.npz,43
/kaggle/input/brats20-data/BraTS20/data/volume_23_slice_80.npz,26
/kaggle/input/brats20-data/BraTS20/data/volume_23_slice_81.npz,26
/kaggle/input/brats20-data/BraTS20/data/volume_23_slice_82.npz,26
/kaggle/input/brats20-data/BraTS20/data/volume_23_slice_83.npz,26
/kaggle/input/brats20-data/BraTS20/data/volume_23_slice_84.npz,26
/kaggle/input/brats20-data/BraTS20/data/volume_23_slice_85.npz,26
/kaggle/input/brats20-data/BraTS20/data/volume_23_slice_86.npz,26
/kaggle/input/brats20-data/BraTS20/data/volume_23_slice_87.npz,26
/kaggle/input/brats20-data/BraTS20/data/volume_23_slice_88.npz,26
/kaggle/input/brats20-data/BraTS20/data/volume_23_slice_89.npz,26
/kaggle/input/brats20-data/BraTS20/data/volume_23_slice_90.npz,18
/kaggle/input/brats20-data/BraTS20/data/volume_23_slice_91.npz,18
/kaggle/input/brats20-data/BraTS20/data/volume_23_slice_92.npz,18
/kaggle/input/brats20-data/BraTS20/data/volume_23_slice_93.npz,18
/kaggle/input/brats20-data/BraTS20/data/volume_23_slice_94.npz,18
/kaggle/input/brats20-data/BraTS20/data/volume_23_slice_95.npz,18
/kaggle/input/brats20-data/BraTS20/data/volume_23_slice_96.npz,18
/kaggle/input/brats20-data/BraTS20/data/volume_23_slice_97.npz,18
/kaggle/input/brats20-data/BraTS20/data/volume_23_slice_98.npz,57
/kaggle/input/brats20-data/BraTS20/data/volume_23_slice_99.npz,2
/kaggle/input/brats20-data/BraTS20/data/volume_23_slice_100.npz,2
/kaggle/input/brats20-data/BraTS20/data/volume_23_slice_101.npz,2
/kaggle/input/brats20-data/BraTS20/data/volume_23_slice_102.npz,2
/kaggle/input/brats20-data/BraTS20/data/volume_23_slice_103.npz,2
/kaggle/input/brats20-data/BraTS20/data/volume_23_slice_104.npz,2
/kaggle/input/brats20-data/BraTS20/data/volume_23_slice_105.npz,2
/kaggle/input/brats20-data/BraTS20/data/volume_23_slice_106.npz,2
/kaggle/input/brats20-data/BraTS20/data/volume_23_slice_107.npz,2
/kaggle/input/brats20-data/BraTS20/data/volume_23_slice_108.npz,2
/kaggle/input/brats20-data/BraTS20/data/volume_23_slice_109.npz,2
/kaggle/input/brats20-data/BraTS20/data/volume_23_slice_110.npz,2
/kaggle/input/brats20-data/BraTS20/data/volume_23_slice_111.npz,2
/kaggle/input/brats20-data/BraTS20/data/volume_23_slice_112.npz,36
/kaggle/input/brats20-data/BraTS20/data/volume_23_slice_113.npz,51
/kaggle/input/brats20-data/BraTS20/data/volume_23_slice_114.npz,51
/kaggle/input/brats20-data/BraTS20/data/volume_23_slice_115.npz,51
/kaggle/input/brats20-data/BraTS20/data/volume_23_slice_116.npz,90
/kaggle/input/brats20-data/BraTS20/data/volume_23_slice_117.npz,44
/kaggle/input/brats20-data/BraTS20/data/volume_23_slice_118.npz,44
/kaggle/input/brats20-data/BraTS20/data/volume_23_slice_119.npz,98
/kaggle/input/brats20-data/BraTS20/data/volume_23_slice_120.npz,98
/kaggle/input/brats20-data/BraTS20/data/volume_23_slice_121.npz,98
/kaggle/input/brats20-data/BraTS20/data/volume_23_slice_122.npz,69
/kaggle/input/brats20-data/BraTS20/data/volume_23_slice_123.npz,61
/kaggle/input/brats20-data/BraTS20/data/volume_23_slice_124.npz,61
/kaggle/input/brats20-data/BraTS20/data/volume_23_slice_127.npz,83
/kaggle/input/brats20-data/BraTS20/data/volume_23_slice_128.npz,83
/kaggle/input/brats20-data/BraTS20/data/volume_29_slice_80.npz,59
/kaggle/input/brats20-data/BraTS20/data/volume_29_slice_81.npz,59
/kaggle/input/brats20-data/BraTS20/data/volume_29_slice_82.npz,59
/kaggle/input/brats20-data/BraTS20/data/volume_29_slice_83.npz,59
/kaggle/input/brats20-data/BraTS20/data/volume_29_slice_84.npz,1
/kaggle/input/brats20-data/BraTS20/data/volume_29_slice_85.npz,1
/kaggle/input/brats20-data/BraTS20/data/volume_29_slice_86.npz,59
/kaggle/input/brats20-data/BraTS20/data/volume_29_slice_87.npz,59
/kaggle/input/brats20-data/BraTS20/data/volume_29_slice_88.npz,59
/kaggle/input/brats20-data/BraTS20/data/volume_29_slice_89.npz,59
/kaggle/input/brats20-data/BraTS20/data/volume_29_slice_90.npz,59
/kaggle/input/brats20-data/BraTS20/data/volume_29_slice_91.npz,27
/kaggle/input/brats20-data/BraTS20/data/volume_29_slice_92.npz,27
/kaggle/input/brats20-data/BraTS20/data/volume_29_slice_93.npz,16
/kaggle/input/brats20-data/BraTS20/data/volume_29_slice_94.npz,25
/kaggle/input/brats20-data/BraTS20/data/volume_29_slice_95.npz,25
/kaggle/input/brats20-data/BraTS20/data/volume_29_slice_96.npz,25
/kaggle/input/brats20-data/BraTS20/data/volume_29_slice_97.npz,25
/kaggle/input/brats20-data/BraTS20/data/volume_29_slice_98.npz,22
/kaggle/input/brats20-data/BraTS20/data/volume_29_slice_99.npz,36
/kaggle/input/brats20-data/BraTS20/data/volume_29_slice_100.npz,36
/kaggle/input/brats20-data/BraTS20/data/volume_29_slice_101.npz,36
/kaggle/input/brats20-data/BraTS20/data/volume_29_slice_102.npz,36
/kaggle/input/brats20-data/BraTS20/data/volume_29_slice_103.npz,36
/kaggle/input/brats20-data/BraTS20/data/volume_29_slice_104.npz,63
/kaggle/input/brats20-data/BraTS20/data/volume_29_slice_105.npz,63
/kaggle/input/brats20-data/BraTS20/data/volume_29_slice_106.npz,63
/kaggle/input/brats20-data/BraTS20/data/volume_29_slice_107.npz,63
/kaggle/input/brats20-data/BraTS20/data/volume_29_slice_108.npz,63
/kaggle/input/brats20-data/BraTS20/data/volume_29_slice_109.npz,63
/kaggle/input/brats20-data/BraTS20/data/volume_29_slice_110.npz,63
/kaggle/input/brats20-data/BraTS20/data/volume_29_slice_111.npz,63
/kaggle/input/brats20-data/BraTS20/data/volume_29_slice_112.npz,63
/kaggle/input/brats20-data/BraTS20/data/volume_29_slice_113.npz,63
/kaggle/input/brats20-data/BraTS20/data/volume_29_slice_114.npz,63
/kaggle/input/brats20-data/BraTS20/data/volume_29_slice_115.npz,63
/kaggle/input/brats20-data/BraTS20/data/volume_29_slice_116.npz,61
/kaggle/input/brats20-data/BraTS20/data/volume_29_slice_117.npz,61
/kaggle/input/brats20-data/BraTS20/data/volume_29_slice_118.npz,61
/kaggle/input/brats20-data/BraTS20/data/volume_29_slice_119.npz,61
/kaggle/input/brats20-data/BraTS20/data/volume_29_slice_120.npz,89
/kaggle/input/brats20-data/BraTS20/data/volume_29_slice_121.npz,89
/kaggle/input/brats20-data/BraTS20/data/volume_29_slice_122.npz,89
/kaggle/input/brats20-data/BraTS20/data/volume_29_slice_123.npz,89
/kaggle/input/brats20-data/BraTS20/data/volume_29_slice_124.npz,11
/kaggle/input/brats20-data/BraTS20/data/volume_29_slice_125.npz,11
/kaggle/input/brats20-data/BraTS20/data/volume_29_slice_126.npz,11
/kaggle/input/brats20-data/BraTS20/data/volume_29_slice_127.npz,11
/kaggle/input/brats20-data/BraTS20/data/volume_29_slice_128.npz,11
/kaggle/input/brats20-data/BraTS20/data/volume_37_slice_80.npz,59
/kaggle/input/brats20-data/BraTS20/data/volume_37_slice_81.npz,59
/kaggle/input/brats20-data/BraTS20/data/volume_37_slice_82.npz,59
/kaggle/input/brats20-data/BraTS20/data/volume_37_slice_83.npz,59
/kaggle/input/brats20-data/BraTS20/data/volume_37_slice_84.npz,59
/kaggle/input/brats20-data/BraTS20/data/volume_37_slice_85.npz,59
/kaggle/input/brats20-data/BraTS20/data/volume_37_slice_86.npz,59
/kaggle/input/brats20-data/BraTS20/data/volume_37_slice_87.npz,59
/kaggle/input/brats20-data/BraTS20/data/volume_37_slice_88.npz,59
/kaggle/input/brats20-data/BraTS20/data/volume_37_slice_89.npz,59
/kaggle/input/brats20-data/BraTS20/data/volume_37_slice_90.npz,59
/kaggle/input/brats20-data/BraTS20/data/volume_37_slice_91.npz,59
/kaggle/input/brats20-data/BraTS20/data/volume_37_slice_92.npz,59
/kaggle/input/brats20-data/BraTS20/data/volume_37_slice_93.npz,59
/kaggle/input/brats20-data/BraTS20/data/volume_37_slice_94.npz,59
/kaggle/input/brats20-data/BraTS20/data/volume_37_slice_95.npz,59
/kaggle/input/brats20-data/BraTS20/data/volume_37_slice_96.npz,59
/kaggle/input/brats20-data/BraTS20/data/volume_37_slice_97.npz,35
/kaggle/input/brats20-data/BraTS20/data/volume_37_slice_98.npz,35
/kaggle/input/brats20-data/BraTS20/data/volume_37_slice_99.npz,35
/kaggle/input/brats20-data/BraTS20/data/volume_37_slice_100.npz,56
/kaggle/input/brats20-data/BraTS20/data/volume_37_slice_101.npz,48
/kaggle/input/brats20-data/BraTS20/data/volume_37_slice_102.npz,48
/kaggle/input/brats20-data/BraTS20/data/volume_37_slice_103.npz,48
/kaggle/input/brats20-data/BraTS20/data/volume_37_slice_104.npz,48
/kaggle/input/brats20-data/BraTS20/data/volume_37_slice_105.npz,48
/kaggle/input/brats20-data/BraTS20/data/volume_37_slice_106.npz,95
/kaggle/input/brats20-data/BraTS20/data/volume_37_slice_107.npz,95
/kaggle/input/brats20-data/BraTS20/data/volume_37_slice_108.npz,95
/kaggle/input/brats20-data/BraTS20/data/volume_37_slice_109.npz,95
/kaggle/input/brats20-data/BraTS20/data/volume_37_slice_110.npz,76
/kaggle/input/brats20-data/BraTS20/data/volume_37_slice_111.npz,76
/kaggle/input/brats20-data/BraTS20/data/volume_37_slice_112.npz,66
/kaggle/input/brats20-data/BraTS20/data/volume_37_slice_113.npz,66
/kaggle/input/brats20-data/BraTS20/data/volume_37_slice_114.npz,66
/kaggle/input/brats20-data/BraTS20/data/volume_37_slice_115.npz,90
/kaggle/input/brats20-data/BraTS20/data/volume_37_slice_116.npz,90
/kaggle/input/brats20-data/BraTS20/data/volume_37_slice_117.npz,39
/kaggle/input/brats20-data/BraTS20/data/volume_37_slice_118.npz,39
/kaggle/input/brats20-data/BraTS20/data/volume_37_slice_119.npz,82
/kaggle/input/brats20-data/BraTS20/data/volume_37_slice_120.npz,82
/kaggle/input/brats20-data/BraTS20/data/volume_37_slice_121.npz,82
/kaggle/input/brats20-data/BraTS20/data/volume_37_slice_122.npz,75
/kaggle/input/brats20-data/BraTS20/data/volume_37_slice_123.npz,75
/kaggle/input/brats20-data/BraTS20/data/volume_37_slice_124.npz,75
/kaggle/input/brats20-data/BraTS20/data/volume_37_slice_125.npz,75
/kaggle/input/brats20-data/BraTS20/data/volume_37_slice_126.npz,75
/kaggle/input/brats20-data/BraTS20/data/volume_37_slice_127.npz,83
/kaggle/input/brats20-data/BraTS20/data/volume_37_slice_128.npz,11
/kaggle/input/brats20-data/BraTS20/data/volume_228_slice_80.npz,41
/kaggle/input/brats20-data/BraTS20/data/volume_228_slice_81.npz,41
/kaggle/input/brats20-data/BraTS20/data/volume_228_slice_82.npz,41
/kaggle/input/brats20-data/BraTS20/data/volume_228_slice_83.npz,41
/kaggle/input/brats20-data/BraTS20/data/volume_228_slice_84.npz,41
/kaggle/input/brats20-data/BraTS20/data/volume_228_slice_85.npz,41
/kaggle/input/brats20-data/BraTS20/data/volume_228_slice_86.npz,41
/kaggle/input/brats20-data/BraTS20/data/volume_228_slice_87.npz,41
/kaggle/input/brats20-data/BraTS20/data/volume_228_slice_88.npz,41
/kaggle/input/brats20-data/BraTS20/data/volume_228_slice_89.npz,41
/kaggle/input/brats20-data/BraTS20/data/volume_228_slice_91.npz,41
/kaggle/input/brats20-data/BraTS20/data/volume_228_slice_92.npz,41
/kaggle/input/brats20-data/BraTS20/data/volume_228_slice_93.npz,94
/kaggle/input/brats20-data/BraTS20/data/volume_228_slice_94.npz,94
/kaggle/input/brats20-data/BraTS20/data/volume_228_slice_95.npz,94
/kaggle/input/brats20-data/BraTS20/data/volume_228_slice_96.npz,94
/kaggle/input/brats20-data/BraTS20/data/volume_228_slice_97.npz,55
/kaggle/input/brats20-data/BraTS20/data/volume_228_slice_98.npz,55
/kaggle/input/brats20-data/BraTS20/data/volume_228_slice_99.npz,55
/kaggle/input/brats20-data/BraTS20/data/volume_228_slice_100.npz,71
/kaggle/input/brats20-data/BraTS20/data/volume_228_slice_101.npz,71
/kaggle/input/brats20-data/BraTS20/data/volume_228_slice_102.npz,71
/kaggle/input/brats20-data/BraTS20/data/volume_228_slice_103.npz,71
/kaggle/input/brats20-data/BraTS20/data/volume_228_slice_104.npz,71
/kaggle/input/brats20-data/BraTS20/data/volume_228_slice_105.npz,71
/kaggle/input/brats20-data/BraTS20/data/volume_228_slice_106.npz,36
/kaggle/input/brats20-data/BraTS20/data/volume_228_slice_107.npz,36
/kaggle/input/brats20-data/BraTS20/data/volume_228_slice_108.npz,36
/kaggle/input/brats20-data/BraTS20/data/volume_228_slice_109.npz,36
/kaggle/input/brats20-data/BraTS20/data/volume_228_slice_110.npz,79
/kaggle/input/brats20-data/BraTS20/data/volume_228_slice_111.npz,79
/kaggle/input/brats20-data/BraTS20/data/volume_228_slice_112.npz,79
/kaggle/input/brats20-data/BraTS20/data/volume_228_slice_113.npz,79
/kaggle/input/brats20-data/BraTS20/data/volume_228_slice_114.npz,79
/kaggle/input/brats20-data/BraTS20/data/volume_228_slice_115.npz,79
/kaggle/input/brats20-data/BraTS20/data/volume_228_slice_116.npz,79
/kaggle/input/brats20-data/BraTS20/data/volume_228_slice_117.npz,79
/kaggle/input/brats20-data/BraTS20/data/volume_228_slice_118.npz,79
/kaggle/input/brats20-data/BraTS20/data/volume_228_slice_119.npz,79
/kaggle/input/brats20-data/BraTS20/data/volume_228_slice_120.npz,79
/kaggle/input/brats20-data/BraTS20/data/volume_228_slice_121.npz,78
/kaggle/input/brats20-data/BraTS20/data/volume_228_slice_122.npz,75
/kaggle/input/brats20-data/BraTS20/data/volume_228_slice_123.npz,75
/kaggle/input/brats20-data/BraTS20/data/volume_228_slice_124.npz,83
/kaggle/input/brats20-data/BraTS20/data/volume_228_slice_125.npz,83
/kaggle/input/brats20-data/BraTS20/data/volume_228_slice_126.npz,43
/kaggle/input/brats20-data/BraTS20/data/volume_228_slice_127.npz,43
/kaggle/input/brats20-data/BraTS20/data/volume_228_slice_128.npz,43
/kaggle/input/brats20-data/BraTS20/data/volume_1_slice_80.npz,38
/kaggle/input/brats20-data/BraTS20/data/volume_1_slice_81.npz,38
/kaggle/input/brats20-data/BraTS20/data/volume_1_slice_82.npz,38
/kaggle/input/brats20-data/BraTS20/data/volume_1_slice_83.npz,38
/kaggle/input/brats20-data/BraTS20/data/volume_1_slice_84.npz,38
/kaggle/input/brats20-data/BraTS20/data/volume_1_slice_85.npz,38
/kaggle/input/brats20-data/BraTS20/data/volume_1_slice_86.npz,38
/kaggle/input/brats20-data/BraTS20/data/volume_1_slice_87.npz,38
/kaggle/input/brats20-data/BraTS20/data/volume_1_slice_88.npz,38
/kaggle/input/brats20-data/BraTS20/data/volume_1_slice_89.npz,38
/kaggle/input/brats20-data/BraTS20/data/volume_1_slice_90.npz,38
/kaggle/input/brats20-data/BraTS20/data/volume_1_slice_91.npz,38
/kaggle/input/brats20-data/BraTS20/data/volume_1_slice_92.npz,38
/kaggle/input/brats20-data/BraTS20/data/volume_1_slice_93.npz,38
/kaggle/input/brats20-data/BraTS20/data/volume_1_slice_94.npz,38
/kaggle/input/brats20-data/BraTS20/data/volume_1_slice_95.npz,60
/kaggle/input/brats20-data/BraTS20/data/volume_1_slice_96.npz,17
/kaggle/input/brats20-data/BraTS20/data/volume_1_slice_97.npz,17
/kaggle/input/brats20-data/BraTS20/data/volume_1_slice_98.npz,17
/kaggle/input/brats20-data/BraTS20/data/volume_1_slice_99.npz,17
/kaggle/input/brats20-data/BraTS20/data/volume_1_slice_100.npz,17
/kaggle/input/brats20-data/BraTS20/data/volume_1_slice_101.npz,17
/kaggle/input/brats20-data/BraTS20/data/volume_1_slice_102.npz,17
/kaggle/input/brats20-data/BraTS20/data/volume_1_slice_103.npz,17
/kaggle/input/brats20-data/BraTS20/data/volume_1_slice_104.npz,17
/kaggle/input/brats20-data/BraTS20/data/volume_1_slice_105.npz,17
/kaggle/input/brats20-data/BraTS20/data/volume_1_slice_106.npz,17
/kaggle/input/brats20-data/BraTS20/data/volume_1_slice_107.npz,17
/kaggle/input/brats20-data/BraTS20/data/volume_1_slice_108.npz,17
/kaggle/input/brats20-data/BraTS20/data/volume_1_slice_109.npz,17
/kaggle/input/brats20-data/BraTS20/data/volume_1_slice_110.npz,51
/kaggle/input/brats20-data/BraTS20/data/volume_1_slice_111.npz,51
/kaggle/input/brats20-data/BraTS20/data/volume_1_slice_112.npz,51
/kaggle/input/brats20-data/BraTS20/data/volume_1_slice_113.npz,98
/kaggle/input/brats20-data/BraTS20/data/volume_1_slice_114.npz,98
/kaggle/input/brats20-data/BraTS20/data/volume_1_slice_115.npz,98
/kaggle/input/brats20-data/BraTS20/data/volume_1_slice_116.npz,98
/kaggle/input/brats20-data/BraTS20/data/volume_1_slice_117.npz,98
/kaggle/input/brats20-data/BraTS20/data/volume_1_slice_118.npz,98
/kaggle/input/brats20-data/BraTS20/data/volume_1_slice_119.npz,98
/kaggle/input/brats20-data/BraTS20/data/volume_1_slice_120.npz,82
/kaggle/input/brats20-data/BraTS20/data/volume_1_slice_121.npz,61
/kaggle/input/brats20-data/BraTS20/data/volume_1_slice_122.npz,61
/kaggle/input/brats20-data/BraTS20/data/volume_1_slice_123.npz,75
/kaggle/input/brats20-data/BraTS20/data/volume_1_slice_124.npz,83
/kaggle/input/brats20-data/BraTS20/data/volume_1_slice_125.npz,83
/kaggle/input/brats20-data/BraTS20/data/volume_1_slice_126.npz,83
/kaggle/input/brats20-data/BraTS20/data/volume_1_slice_127.npz,83
/kaggle/input/brats20-data/BraTS20/data/volume_1_slice_128.npz,11
/kaggle/input/brats20-data/BraTS20/data/volume_156_slice_80.npz,19
/kaggle/input/brats20-data/BraTS20/data/volume_156_slice_81.npz,19
/kaggle/input/brats20-data/BraTS20/data/volume_156_slice_82.npz,9
/kaggle/input/brats20-data/BraTS20/data/volume_156_slice_83.npz,9
/kaggle/input/brats20-data/BraTS20/data/volume_156_slice_84.npz,9
/kaggle/input/brats20-data/BraTS20/data/volume_156_slice_85.npz,9
/kaggle/input/brats20-data/BraTS20/data/volume_156_slice_86.npz,9
/kaggle/input/brats20-data/BraTS20/data/volume_156_slice_87.npz,9
/kaggle/input/brats20-data/BraTS20/data/volume_156_slice_88.npz,9
/kaggle/input/brats20-data/BraTS20/data/volume_156_slice_89.npz,9
/kaggle/input/brats20-data/BraTS20/data/volume_156_slice_90.npz,9
/kaggle/input/brats20-data/BraTS20/data/volume_156_slice_91.npz,9
/kaggle/input/brats20-data/BraTS20/data/volume_156_slice_92.npz,18
/kaggle/input/brats20-data/BraTS20/data/volume_156_slice_93.npz,2
/kaggle/input/brats20-data/BraTS20/data/volume_156_slice_94.npz,55
/kaggle/input/brats20-data/BraTS20/data/volume_156_slice_95.npz,55
/kaggle/input/brats20-data/BraTS20/data/volume_156_slice_96.npz,55
/kaggle/input/brats20-data/BraTS20/data/volume_156_slice_97.npz,55
/kaggle/input/brats20-data/BraTS20/data/volume_156_slice_98.npz,55
/kaggle/input/brats20-data/BraTS20/data/volume_156_slice_100.npz,70
/kaggle/input/brats20-data/BraTS20/data/volume_156_slice_101.npz,70
/kaggle/input/brats20-data/BraTS20/data/volume_156_slice_102.npz,70
/kaggle/input/brats20-data/BraTS20/data/volume_156_slice_103.npz,70
/kaggle/input/brats20-data/BraTS20/data/volume_156_slice_104.npz,70
/kaggle/input/brats20-data/BraTS20/data/volume_156_slice_105.npz,70
/kaggle/input/brats20-data/BraTS20/data/volume_156_slice_106.npz,70
/kaggle/input/brats20-data/BraTS20/data/volume_156_slice_107.npz,70
/kaggle/input/brats20-data/BraTS20/data/volume_156_slice_108.npz,77
/kaggle/input/brats20-data/BraTS20/data/volume_156_slice_109.npz,77
/kaggle/input/brats20-data/BraTS20/data/volume_156_slice_110.npz,51
/kaggle/input/brats20-data/BraTS20/data/volume_156_slice_111.npz,51
/kaggle/input/brats20-data/BraTS20/data/volume_156_slice_112.npz,64
/kaggle/input/brats20-data/BraTS20/data/volume_156_slice_113.npz,64
/kaggle/input/brats20-data/BraTS20/data/volume_156_slice_114.npz,98
/kaggle/input/brats20-data/BraTS20/data/volume_156_slice_115.npz,98
/kaggle/input/brats20-data/BraTS20/data/volume_156_slice_116.npz,98
/kaggle/input/brats20-data/BraTS20/data/volume_156_slice_117.npz,98
/kaggle/input/brats20-data/BraTS20/data/volume_156_slice_118.npz,98
/kaggle/input/brats20-data/BraTS20/data/volume_156_slice_119.npz,98
/kaggle/input/brats20-data/BraTS20/data/volume_156_slice_120.npz,61
/kaggle/input/brats20-data/BraTS20/data/volume_156_slice_121.npz,61
/kaggle/input/brats20-data/BraTS20/data/volume_156_slice_122.npz,78
/kaggle/input/brats20-data/BraTS20/data/volume_156_slice_123.npz,78
/kaggle/input/brats20-data/BraTS20/data/volume_156_slice_124.npz,78
/kaggle/input/brats20-data/BraTS20/data/volume_156_slice_125.npz,83
/kaggle/input/brats20-data/BraTS20/data/volume_156_slice_126.npz,83
/kaggle/input/brats20-data/BraTS20/data/volume_156_slice_127.npz,83
/kaggle/input/brats20-data/BraTS20/data/volume_156_slice_128.npz,83
/kaggle/input/brats20-data/BraTS20/data/volume_129_slice_80.npz,13
/kaggle/input/brats20-data/BraTS20/data/volume_129_slice_81.npz,13
/kaggle/input/brats20-data/BraTS20/data/volume_129_slice_82.npz,13
/kaggle/input/brats20-data/BraTS20/data/volume_129_slice_83.npz,13
/kaggle/input/brats20-data/BraTS20/data/volume_129_slice_84.npz,13
/kaggle/input/brats20-data/BraTS20/data/volume_129_slice_85.npz,13
/kaggle/input/brats20-data/BraTS20/data/volume_129_slice_86.npz,13
/kaggle/input/brats20-data/BraTS20/data/volume_129_slice_87.npz,13
/kaggle/input/brats20-data/BraTS20/data/volume_129_slice_88.npz,13
/kaggle/input/brats20-data/BraTS20/data/volume_129_slice_89.npz,13
/kaggle/input/brats20-data/BraTS20/data/volume_129_slice_90.npz,13
/kaggle/input/brats20-data/BraTS20/data/volume_129_slice_91.npz,13
/kaggle/input/brats20-data/BraTS20/data/volume_129_slice_92.npz,13
/kaggle/input/brats20-data/BraTS20/data/volume_129_slice_93.npz,13
/kaggle/input/brats20-data/BraTS20/data/volume_129_slice_94.npz,27
/kaggle/input/brats20-data/BraTS20/data/volume_129_slice_95.npz,31
/kaggle/input/brats20-data/BraTS20/data/volume_129_slice_96.npz,31
/kaggle/input/brats20-data/BraTS20/data/volume_129_slice_97.npz,31
/kaggle/input/brats20-data/BraTS20/data/volume_129_slice_98.npz,31
/kaggle/input/brats20-data/BraTS20/data/volume_129_slice_99.npz,94
/kaggle/input/brats20-data/BraTS20/data/volume_129_slice_100.npz,94
/kaggle/input/brats20-data/BraTS20/data/volume_129_slice_101.npz,94
/kaggle/input/brats20-data/BraTS20/data/volume_129_slice_102.npz,94
/kaggle/input/brats20-data/BraTS20/data/volume_129_slice_103.npz,71
/kaggle/input/brats20-data/BraTS20/data/volume_129_slice_104.npz,71
/kaggle/input/brats20-data/BraTS20/data/volume_129_slice_105.npz,48
/kaggle/input/brats20-data/BraTS20/data/volume_129_slice_106.npz,48
/kaggle/input/brats20-data/BraTS20/data/volume_129_slice_107.npz,95
/kaggle/input/brats20-data/BraTS20/data/volume_129_slice_108.npz,95
/kaggle/input/brats20-data/BraTS20/data/volume_129_slice_109.npz,36
/kaggle/input/brats20-data/BraTS20/data/volume_129_slice_110.npz,36
/kaggle/input/brats20-data/BraTS20/data/volume_129_slice_111.npz,36
/kaggle/input/brats20-data/BraTS20/data/volume_129_slice_112.npz,36
/kaggle/input/brats20-data/BraTS20/data/volume_129_slice_113.npz,76
/kaggle/input/brats20-data/BraTS20/data/volume_129_slice_114.npz,76
/kaggle/input/brats20-data/BraTS20/data/volume_129_slice_115.npz,76
/kaggle/input/brats20-data/BraTS20/data/volume_129_slice_116.npz,76
/kaggle/input/brats20-data/BraTS20/data/volume_129_slice_117.npz,76
/kaggle/input/brats20-data/BraTS20/data/volume_129_slice_118.npz,90
/kaggle/input/brats20-data/BraTS20/data/volume_129_slice_119.npz,93
/kaggle/input/brats20-data/BraTS20/data/volume_129_slice_120.npz,93
/kaggle/input/brats20-data/BraTS20/data/volume_129_slice_121.npz,93
/kaggle/input/brats20-data/BraTS20/data/volume_129_slice_122.npz,82
/kaggle/input/brats20-data/BraTS20/data/volume_129_slice_123.npz,82
/kaggle/input/brats20-data/BraTS20/data/volume_129_slice_124.npz,82
/kaggle/input/brats20-data/BraTS20/data/volume_129_slice_125.npz,89
/kaggle/input/brats20-data/BraTS20/data/volume_129_slice_126.npz,89
/kaggle/input/brats20-data/BraTS20/data/volume_129_slice_127.npz,89
/kaggle/input/brats20-data/BraTS20/data/volume_129_slice_128.npz,89
/kaggle/input/brats20-data/BraTS20/data/volume_307_slice_80.npz,38
/kaggle/input/brats20-data/BraTS20/data/volume_307_slice_81.npz,38
/kaggle/input/brats20-data/BraTS20/data/volume_307_slice_82.npz,38
/kaggle/input/brats20-data/BraTS20/data/volume_307_slice_83.npz,38
/kaggle/input/brats20-data/BraTS20/data/volume_307_slice_84.npz,41
/kaggle/input/brats20-data/BraTS20/data/volume_307_slice_85.npz,41
/kaggle/input/brats20-data/BraTS20/data/volume_307_slice_86.npz,41
/kaggle/input/brats20-data/BraTS20/data/volume_307_slice_87.npz,41
/kaggle/input/brats20-data/BraTS20/data/volume_307_slice_88.npz,41
/kaggle/input/brats20-data/BraTS20/data/volume_307_slice_89.npz,41
/kaggle/input/brats20-data/BraTS20/data/volume_307_slice_90.npz,41
/kaggle/input/brats20-data/BraTS20/data/volume_307_slice_91.npz,55
/kaggle/input/brats20-data/BraTS20/data/volume_307_slice_92.npz,55
/kaggle/input/brats20-data/BraTS20/data/volume_307_slice_93.npz,55
/kaggle/input/brats20-data/BraTS20/data/volume_307_slice_94.npz,55
/kaggle/input/brats20-data/BraTS20/data/volume_307_slice_95.npz,55
/kaggle/input/brats20-data/BraTS20/data/volume_307_slice_96.npz,55
/kaggle/input/brats20-data/BraTS20/data/volume_307_slice_97.npz,55
/kaggle/input/brats20-data/BraTS20/data/volume_307_slice_98.npz,55
/kaggle/input/brats20-data/BraTS20/data/volume_307_slice_99.npz,71
/kaggle/input/brats20-data/BraTS20/data/volume_307_slice_100.npz,71
/kaggle/input/brats20-data/BraTS20/data/volume_307_slice_101.npz,71
/kaggle/input/brats20-data/BraTS20/data/volume_307_slice_102.npz,71
/kaggle/input/brats20-data/BraTS20/data/volume_307_slice_103.npz,71
/kaggle/input/brats20-data/BraTS20/data/volume_307_slice_104.npz,91
/kaggle/input/brats20-data/BraTS20/data/volume_307_slice_105.npz,91
/kaggle/input/brats20-data/BraTS20/data/volume_307_slice_106.npz,91
/kaggle/input/brats20-data/BraTS20/data/volume_307_slice_107.npz,91
/kaggle/input/brats20-data/BraTS20/data/volume_307_slice_108.npz,91
/kaggle/input/brats20-data/BraTS20/data/volume_307_slice_111.npz,52
/kaggle/input/brats20-data/BraTS20/data/volume_307_slice_112.npz,52
/kaggle/input/brats20-data/BraTS20/data/volume_307_slice_113.npz,52
/kaggle/input/brats20-data/BraTS20/data/volume_307_slice_114.npz,54
/kaggle/input/brats20-data/BraTS20/data/volume_307_slice_115.npz,54
/kaggle/input/brats20-data/BraTS20/data/volume_307_slice_116.npz,54
/kaggle/input/brats20-data/BraTS20/data/volume_307_slice_117.npz,54
/kaggle/input/brats20-data/BraTS20/data/volume_307_slice_118.npz,54
/kaggle/input/brats20-data/BraTS20/data/volume_307_slice_119.npz,85
/kaggle/input/brats20-data/BraTS20/data/volume_307_slice_120.npz,85
/kaggle/input/brats20-data/BraTS20/data/volume_307_slice_121.npz,78
/kaggle/input/brats20-data/BraTS20/data/volume_307_slice_122.npz,89
/kaggle/input/brats20-data/BraTS20/data/volume_307_slice_123.npz,75
/kaggle/input/brats20-data/BraTS20/data/volume_307_slice_124.npz,75
/kaggle/input/brats20-data/BraTS20/data/volume_307_slice_125.npz,83
/kaggle/input/brats20-data/BraTS20/data/volume_307_slice_126.npz,83
/kaggle/input/brats20-data/BraTS20/data/volume_307_slice_127.npz,43
/kaggle/input/brats20-data/BraTS20/data/volume_307_slice_128.npz,43
/kaggle/input/brats20-data/BraTS20/data/volume_173_slice_80.npz,31
/kaggle/input/brats20-data/BraTS20/data/volume_173_slice_81.npz,31
/kaggle/input/brats20-data/BraTS20/data/volume_173_slice_82.npz,31
/kaggle/input/brats20-data/BraTS20/data/volume_173_slice_83.npz,19
/kaggle/input/brats20-data/BraTS20/data/volume_173_slice_84.npz,19
/kaggle/input/brats20-data/BraTS20/data/volume_173_slice_85.npz,19
/kaggle/input/brats20-data/BraTS20/data/volume_173_slice_86.npz,19
/kaggle/input/brats20-data/BraTS20/data/volume_173_slice_87.npz,19
/kaggle/input/brats20-data/BraTS20/data/volume_173_slice_88.npz,19
/kaggle/input/brats20-data/BraTS20/data/volume_173_slice_89.npz,19
/kaggle/input/brats20-data/BraTS20/data/volume_173_slice_90.npz,19
/kaggle/input/brats20-data/BraTS20/data/volume_173_slice_91.npz,19
/kaggle/input/brats20-data/BraTS20/data/volume_173_slice_92.npz,18
/kaggle/input/brats20-data/BraTS20/data/volume_173_slice_93.npz,18
/kaggle/input/brats20-data/BraTS20/data/volume_173_slice_94.npz,18
/kaggle/input/brats20-data/BraTS20/data/volume_173_slice_95.npz,18
/kaggle/input/brats20-data/BraTS20/data/volume_173_slice_96.npz,18
/kaggle/input/brats20-data/BraTS20/data/volume_173_slice_97.npz,18
/kaggle/input/brats20-data/BraTS20/data/volume_173_slice_98.npz,18
/kaggle/input/brats20-data/BraTS20/data/volume_173_slice_99.npz,18
/kaggle/input/brats20-data/BraTS20/data/volume_173_slice_100.npz,2
/kaggle/input/brats20-data/BraTS20/data/volume_173_slice_101.npz,2
/kaggle/input/brats20-data/BraTS20/data/volume_173_slice_102.npz,2
/kaggle/input/brats20-data/BraTS20/data/volume_173_slice_103.npz,2
/kaggle/input/brats20-data/BraTS20/data/volume_173_slice_104.npz,2
/kaggle/input/brats20-data/BraTS20/data/volume_173_slice_105.npz,2
/kaggle/input/brats20-data/BraTS20/data/volume_173_slice_106.npz,2
/kaggle/input/brats20-data/BraTS20/data/volume_173_slice_107.npz,70
/kaggle/input/brats20-data/BraTS20/data/volume_173_slice_108.npz,70
/kaggle/input/brats20-data/BraTS20/data/volume_173_slice_109.npz,70
/kaggle/input/brats20-data/BraTS20/data/volume_173_slice_110.npz,70
/kaggle/input/brats20-data/BraTS20/data/volume_173_slice_111.npz,70
/kaggle/input/brats20-data/BraTS20/data/volume_173_slice_112.npz,70
/kaggle/input/brats20-data/BraTS20/data/volume_173_slice_113.npz,36
/kaggle/input/brats20-data/BraTS20/data/volume_173_slice_114.npz,51
/kaggle/input/brats20-data/BraTS20/data/volume_173_slice_115.npz,51
/kaggle/input/brats20-data/BraTS20/data/volume_173_slice_116.npz,51
/kaggle/input/brats20-data/BraTS20/data/volume_173_slice_117.npz,51
/kaggle/input/brats20-data/BraTS20/data/volume_173_slice_118.npz,51
/kaggle/input/brats20-data/BraTS20/data/volume_173_slice_119.npz,51
/kaggle/input/brats20-data/BraTS20/data/volume_173_slice_120.npz,51
/kaggle/input/brats20-data/BraTS20/data/volume_173_slice_121.npz,98
/kaggle/input/brats20-data/BraTS20/data/volume_173_slice_122.npz,98
/kaggle/input/brats20-data/BraTS20/data/volume_173_slice_123.npz,93
/kaggle/input/brats20-data/BraTS20/data/volume_173_slice_124.npz,44
/kaggle/input/brats20-data/BraTS20/data/volume_173_slice_125.npz,44
/kaggle/input/brats20-data/BraTS20/data/volume_173_slice_126.npz,44
/kaggle/input/brats20-data/BraTS20/data/volume_173_slice_127.npz,78
/kaggle/input/brats20-data/BraTS20/data/volume_173_slice_128.npz,78
/kaggle/input/brats20-data/BraTS20/data/volume_27_slice_80.npz,19
/kaggle/input/brats20-data/BraTS20/data/volume_27_slice_81.npz,19
/kaggle/input/brats20-data/BraTS20/data/volume_27_slice_82.npz,19
/kaggle/input/brats20-data/BraTS20/data/volume_27_slice_83.npz,19
/kaggle/input/brats20-data/BraTS20/data/volume_27_slice_84.npz,19
/kaggle/input/brats20-data/BraTS20/data/volume_27_slice_85.npz,19
/kaggle/input/brats20-data/BraTS20/data/volume_27_slice_86.npz,19
/kaggle/input/brats20-data/BraTS20/data/volume_27_slice_87.npz,19
/kaggle/input/brats20-data/BraTS20/data/volume_27_slice_88.npz,19
/kaggle/input/brats20-data/BraTS20/data/volume_27_slice_89.npz,19
/kaggle/input/brats20-data/BraTS20/data/volume_27_slice_90.npz,19
/kaggle/input/brats20-data/BraTS20/data/volume_27_slice_91.npz,19
/kaggle/input/brats20-data/BraTS20/data/volume_27_slice_92.npz,19
/kaggle/input/brats20-data/BraTS20/data/volume_27_slice_93.npz,19
/kaggle/input/brats20-data/BraTS20/data/volume_27_slice_94.npz,19
/kaggle/input/brats20-data/BraTS20/data/volume_27_slice_95.npz,19
/kaggle/input/brats20-data/BraTS20/data/volume_27_slice_96.npz,12
/kaggle/input/brats20-data/BraTS20/data/volume_27_slice_97.npz,12
/kaggle/input/brats20-data/BraTS20/data/volume_27_slice_98.npz,25
/kaggle/input/brats20-data/BraTS20/data/volume_27_slice_99.npz,25
/kaggle/input/brats20-data/BraTS20/data/volume_27_slice_100.npz,16
/kaggle/input/brats20-data/BraTS20/data/volume_27_slice_101.npz,16
/kaggle/input/brats20-data/BraTS20/data/volume_27_slice_102.npz,70
/kaggle/input/brats20-data/BraTS20/data/volume_27_slice_104.npz,70
/kaggle/input/brats20-data/BraTS20/data/volume_27_slice_105.npz,70
/kaggle/input/brats20-data/BraTS20/data/volume_27_slice_106.npz,70
/kaggle/input/brats20-data/BraTS20/data/volume_27_slice_107.npz,70
/kaggle/input/brats20-data/BraTS20/data/volume_27_slice_108.npz,70
/kaggle/input/brats20-data/BraTS20/data/volume_27_slice_109.npz,70
/kaggle/input/brats20-data/BraTS20/data/volume_27_slice_110.npz,70
/kaggle/input/brats20-data/BraTS20/data/volume_27_slice_111.npz,70
/kaggle/input/brats20-data/BraTS20/data/volume_27_slice_112.npz,76
/kaggle/input/brats20-data/BraTS20/data/volume_27_slice_113.npz,51
/kaggle/input/brats20-data/BraTS20/data/volume_27_slice_114.npz,51
/kaggle/input/brats20-data/BraTS20/data/volume_27_slice_115.npz,51
/kaggle/input/brats20-data/BraTS20/data/volume_27_slice_116.npz,51
/kaggle/input/brats20-data/BraTS20/data/volume_27_slice_117.npz,51
/kaggle/input/brats20-data/BraTS20/data/volume_27_slice_118.npz,98
/kaggle/input/brats20-data/BraTS20/data/volume_27_slice_119.npz,98
/kaggle/input/brats20-data/BraTS20/data/volume_27_slice_120.npz,93
/kaggle/input/brats20-data/BraTS20/data/volume_27_slice_121.npz,93
/kaggle/input/brats20-data/BraTS20/data/volume_27_slice_122.npz,93
/kaggle/input/brats20-data/BraTS20/data/volume_27_slice_123.npz,61
/kaggle/input/brats20-data/BraTS20/data/volume_27_slice_124.npz,61
/kaggle/input/brats20-data/BraTS20/data/volume_27_slice_125.npz,61
/kaggle/input/brats20-data/BraTS20/data/volume_27_slice_126.npz,61
/kaggle/input/brats20-data/BraTS20/data/volume_27_slice_127.npz,61
/kaggle/input/brats20-data/BraTS20/data/volume_27_slice_128.npz,83
/kaggle/input/brats20-data/BraTS20/data/volume_172_slice_80.npz,50
/kaggle/input/brats20-data/BraTS20/data/volume_172_slice_81.npz,50
/kaggle/input/brats20-data/BraTS20/data/volume_172_slice_82.npz,50
/kaggle/input/brats20-data/BraTS20/data/volume_172_slice_83.npz,50
/kaggle/input/brats20-data/BraTS20/data/volume_172_slice_84.npz,50
/kaggle/input/brats20-data/BraTS20/data/volume_172_slice_85.npz,50
/kaggle/input/brats20-data/BraTS20/data/volume_172_slice_86.npz,50
/kaggle/input/brats20-data/BraTS20/data/volume_172_slice_87.npz,50
/kaggle/input/brats20-data/BraTS20/data/volume_172_slice_88.npz,50
/kaggle/input/brats20-data/BraTS20/data/volume_172_slice_89.npz,47
/kaggle/input/brats20-data/BraTS20/data/volume_172_slice_90.npz,19
/kaggle/input/brats20-data/BraTS20/data/volume_172_slice_91.npz,19
/kaggle/input/brats20-data/BraTS20/data/volume_172_slice_92.npz,19
/kaggle/input/brats20-data/BraTS20/data/volume_172_slice_93.npz,55
/kaggle/input/brats20-data/BraTS20/data/volume_172_slice_94.npz,55
/kaggle/input/brats20-data/BraTS20/data/volume_172_slice_95.npz,55
/kaggle/input/brats20-data/BraTS20/data/volume_172_slice_96.npz,97
/kaggle/input/brats20-data/BraTS20/data/volume_172_slice_97.npz,97
/kaggle/input/brats20-data/BraTS20/data/volume_172_slice_98.npz,97
/kaggle/input/brats20-data/BraTS20/data/volume_172_slice_99.npz,97
/kaggle/input/brats20-data/BraTS20/data/volume_172_slice_100.npz,97
/kaggle/input/brats20-data/BraTS20/data/volume_172_slice_101.npz,97
/kaggle/input/brats20-data/BraTS20/data/volume_172_slice_102.npz,97
/kaggle/input/brats20-data/BraTS20/data/volume_172_slice_103.npz,36
/kaggle/input/brats20-data/BraTS20/data/volume_172_slice_104.npz,36
/kaggle/input/brats20-data/BraTS20/data/volume_172_slice_105.npz,36
/kaggle/input/brats20-data/BraTS20/data/volume_172_slice_106.npz,36
/kaggle/input/brats20-data/BraTS20/data/volume_172_slice_107.npz,36
/kaggle/input/brats20-data/BraTS20/data/volume_172_slice_108.npz,36
/kaggle/input/brats20-data/BraTS20/data/volume_172_slice_109.npz,36
/kaggle/input/brats20-data/BraTS20/data/volume_172_slice_110.npz,52
/kaggle/input/brats20-data/BraTS20/data/volume_172_slice_111.npz,52
/kaggle/input/brats20-data/BraTS20/data/volume_172_slice_112.npz,54
/kaggle/input/brats20-data/BraTS20/data/volume_172_slice_113.npz,54
/kaggle/input/brats20-data/BraTS20/data/volume_172_slice_114.npz,69
/kaggle/input/brats20-data/BraTS20/data/volume_172_slice_115.npz,85
/kaggle/input/brats20-data/BraTS20/data/volume_172_slice_116.npz,85
/kaggle/input/brats20-data/BraTS20/data/volume_172_slice_117.npz,85
/kaggle/input/brats20-data/BraTS20/data/volume_172_slice_118.npz,78
/kaggle/input/brats20-data/BraTS20/data/volume_172_slice_119.npz,75
/kaggle/input/brats20-data/BraTS20/data/volume_172_slice_120.npz,75
/kaggle/input/brats20-data/BraTS20/data/volume_172_slice_121.npz,83
/kaggle/input/brats20-data/BraTS20/data/volume_172_slice_122.npz,43
/kaggle/input/brats20-data/BraTS20/data/volume_172_slice_123.npz,43
/kaggle/input/brats20-data/BraTS20/data/volume_172_slice_124.npz,43
/kaggle/input/brats20-data/BraTS20/data/volume_172_slice_125.npz,43
/kaggle/input/brats20-data/BraTS20/data/volume_172_slice_126.npz,43
/kaggle/input/brats20-data/BraTS20/data/volume_172_slice_127.npz,43
/kaggle/input/brats20-data/BraTS20/data/volume_172_slice_128.npz,43
/kaggle/input/brats20-data/BraTS20/data/volume_25_slice_80.npz,26
/kaggle/input/brats20-data/BraTS20/data/volume_25_slice_81.npz,26
/kaggle/input/brats20-data/BraTS20/data/volume_25_slice_82.npz,26
/kaggle/input/brats20-data/BraTS20/data/volume_25_slice_83.npz,26
/kaggle/input/brats20-data/BraTS20/data/volume_25_slice_84.npz,26
/kaggle/input/brats20-data/BraTS20/data/volume_25_slice_85.npz,45
/kaggle/input/brats20-data/BraTS20/data/volume_25_slice_86.npz,45
/kaggle/input/brats20-data/BraTS20/data/volume_25_slice_87.npz,18
/kaggle/input/brats20-data/BraTS20/data/volume_25_slice_88.npz,18
/kaggle/input/brats20-data/BraTS20/data/volume_25_slice_89.npz,18
/kaggle/input/brats20-data/BraTS20/data/volume_25_slice_90.npz,18
/kaggle/input/brats20-data/BraTS20/data/volume_25_slice_91.npz,18
/kaggle/input/brats20-data/BraTS20/data/volume_25_slice_92.npz,2
/kaggle/input/brats20-data/BraTS20/data/volume_25_slice_93.npz,2
/kaggle/input/brats20-data/BraTS20/data/volume_25_slice_94.npz,2
/kaggle/input/brats20-data/BraTS20/data/volume_25_slice_95.npz,2
/kaggle/input/brats20-data/BraTS20/data/volume_25_slice_96.npz,2
/kaggle/input/brats20-data/BraTS20/data/volume_25_slice_97.npz,2
/kaggle/input/brats20-data/BraTS20/data/volume_25_slice_98.npz,2
/kaggle/input/brats20-data/BraTS20/data/volume_25_slice_99.npz,2
/kaggle/input/brats20-data/BraTS20/data/volume_25_slice_100.npz,2
/kaggle/input/brats20-data/BraTS20/data/volume_25_slice_101.npz,21
/kaggle/input/brats20-data/BraTS20/data/volume_25_slice_102.npz,21
/kaggle/input/brats20-data/BraTS20/data/volume_25_slice_103.npz,21
/kaggle/input/brats20-data/BraTS20/data/volume_25_slice_104.npz,21
/kaggle/input/brats20-data/BraTS20/data/volume_25_slice_105.npz,21
/kaggle/input/brats20-data/BraTS20/data/volume_25_slice_106.npz,21
/kaggle/input/brats20-data/BraTS20/data/volume_25_slice_107.npz,21
/kaggle/input/brats20-data/BraTS20/data/volume_25_slice_108.npz,90
/kaggle/input/brats20-data/BraTS20/data/volume_25_slice_109.npz,90
/kaggle/input/brats20-data/BraTS20/data/volume_25_slice_110.npz,90
/kaggle/input/brats20-data/BraTS20/data/volume_25_slice_111.npz,90
/kaggle/input/brats20-data/BraTS20/data/volume_25_slice_112.npz,39
/kaggle/input/brats20-data/BraTS20/data/volume_25_slice_113.npz,39
/kaggle/input/brats20-data/BraTS20/data/volume_25_slice_114.npz,39
/kaggle/input/brats20-data/BraTS20/data/volume_25_slice_115.npz,39
/kaggle/input/brats20-data/BraTS20/data/volume_25_slice_116.npz,39
/kaggle/input/brats20-data/BraTS20/data/volume_25_slice_117.npz,39
/kaggle/input/brats20-data/BraTS20/data/volume_25_slice_118.npz,62
/kaggle/input/brats20-data/BraTS20/data/volume_25_slice_119.npz,62
/kaggle/input/brats20-data/BraTS20/data/volume_25_slice_120.npz,62
/kaggle/input/brats20-data/BraTS20/data/volume_25_slice_121.npz,62
/kaggle/input/brats20-data/BraTS20/data/volume_25_slice_122.npz,89
/kaggle/input/brats20-data/BraTS20/data/volume_25_slice_123.npz,83
/kaggle/input/brats20-data/BraTS20/data/volume_25_slice_124.npz,83
/kaggle/input/brats20-data/BraTS20/data/volume_25_slice_125.npz,83
/kaggle/input/brats20-data/BraTS20/data/volume_25_slice_126.npz,83
/kaggle/input/brats20-data/BraTS20/data/volume_25_slice_127.npz,83
/kaggle/input/brats20-data/BraTS20/data/volume_25_slice_128.npz,83
/kaggle/input/brats20-data/BraTS20/data/volume_83_slice_80.npz,46
/kaggle/input/brats20-data/BraTS20/data/volume_83_slice_81.npz,46
/kaggle/input/brats20-data/BraTS20/data/volume_83_slice_82.npz,46
/kaggle/input/brats20-data/BraTS20/data/volume_83_slice_83.npz,46
/kaggle/input/brats20-data/BraTS20/data/volume_83_slice_84.npz,15
/kaggle/input/brats20-data/BraTS20/data/volume_83_slice_85.npz,15
/kaggle/input/brats20-data/BraTS20/data/volume_83_slice_86.npz,15
/kaggle/input/brats20-data/BraTS20/data/volume_83_slice_87.npz,5
/kaggle/input/brats20-data/BraTS20/data/volume_83_slice_88.npz,5
/kaggle/input/brats20-data/BraTS20/data/volume_83_slice_89.npz,5
/kaggle/input/brats20-data/BraTS20/data/volume_83_slice_90.npz,5
/kaggle/input/brats20-data/BraTS20/data/volume_83_slice_91.npz,5
/kaggle/input/brats20-data/BraTS20/data/volume_83_slice_92.npz,5
/kaggle/input/brats20-data/BraTS20/data/volume_83_slice_93.npz,5
/kaggle/input/brats20-data/BraTS20/data/volume_83_slice_94.npz,5
/kaggle/input/brats20-data/BraTS20/data/volume_83_slice_95.npz,84
/kaggle/input/brats20-data/BraTS20/data/volume_83_slice_96.npz,84
/kaggle/input/brats20-data/BraTS20/data/volume_83_slice_97.npz,94
/kaggle/input/brats20-data/BraTS20/data/volume_83_slice_98.npz,94
/kaggle/input/brats20-data/BraTS20/data/volume_83_slice_99.npz,5
/kaggle/input/brats20-data/BraTS20/data/volume_83_slice_100.npz,5
/kaggle/input/brats20-data/BraTS20/data/volume_83_slice_101.npz,5
/kaggle/input/brats20-data/BraTS20/data/volume_83_slice_102.npz,16
/kaggle/input/brats20-data/BraTS20/data/volume_83_slice_103.npz,16
/kaggle/input/brats20-data/BraTS20/data/volume_83_slice_104.npz,70
/kaggle/input/brats20-data/BraTS20/data/volume_83_slice_105.npz,70
/kaggle/input/brats20-data/BraTS20/data/volume_83_slice_106.npz,70
/kaggle/input/brats20-data/BraTS20/data/volume_83_slice_107.npz,70
/kaggle/input/brats20-data/BraTS20/data/volume_83_slice_108.npz,70
/kaggle/input/brats20-data/BraTS20/data/volume_83_slice_109.npz,70
/kaggle/input/brats20-data/BraTS20/data/volume_83_slice_110.npz,70
/kaggle/input/brats20-data/BraTS20/data/volume_83_slice_111.npz,70
/kaggle/input/brats20-data/BraTS20/data/volume_83_slice_112.npz,70
/kaggle/input/brats20-data/BraTS20/data/volume_83_slice_113.npz,70
/kaggle/input/brats20-data/BraTS20/data/volume_83_slice_114.npz,51
/kaggle/input/brats20-data/BraTS20/data/volume_83_slice_115.npz,51
/kaggle/input/brats20-data/BraTS20/data/volume_83_slice_116.npz,51
/kaggle/input/brats20-data/BraTS20/data/volume_83_slice_117.npz,93
/kaggle/input/brats20-data/BraTS20/data/volume_83_slice_118.npz,93
/kaggle/input/brats20-data/BraTS20/data/volume_83_slice_119.npz,93
/kaggle/input/brats20-data/BraTS20/data/volume_83_slice_120.npz,98
/kaggle/input/brats20-data/BraTS20/data/volume_83_slice_121.npz,98
/kaggle/input/brats20-data/BraTS20/data/volume_83_slice_122.npz,61
/kaggle/input/brats20-data/BraTS20/data/volume_83_slice_123.npz,61
/kaggle/input/brats20-data/BraTS20/data/volume_83_slice_124.npz,61
/kaggle/input/brats20-data/BraTS20/data/volume_83_slice_125.npz,61
/kaggle/input/brats20-data/BraTS20/data/volume_83_slice_126.npz,83
/kaggle/input/brats20-data/BraTS20/data/volume_83_slice_127.npz,83
/kaggle/input/brats20-data/BraTS20/data/volume_83_slice_128.npz,83
/kaggle/input/brats20-data/BraTS20/data/volume_15_slice_80.npz,46
/kaggle/input/brats20-data/BraTS20/data/volume_15_slice_81.npz,46
/kaggle/input/brats20-data/BraTS20/data/volume_15_slice_82.npz,46
/kaggle/input/brats20-data/BraTS20/data/volume_15_slice_83.npz,46
/kaggle/input/brats20-data/BraTS20/data/volume_15_slice_84.npz,46
/kaggle/input/brats20-data/BraTS20/data/volume_15_slice_85.npz,46
/kaggle/input/brats20-data/BraTS20/data/volume_15_slice_86.npz,46
/kaggle/input/brats20-data/BraTS20/data/volume_15_slice_87.npz,46
/kaggle/input/brats20-data/BraTS20/data/volume_15_slice_88.npz,46
/kaggle/input/brats20-data/BraTS20/data/volume_15_slice_89.npz,46
/kaggle/input/brats20-data/BraTS20/data/volume_15_slice_90.npz,46
/kaggle/input/brats20-data/BraTS20/data/volume_15_slice_91.npz,19
/kaggle/input/brats20-data/BraTS20/data/volume_15_slice_92.npz,19
/kaggle/input/brats20-data/BraTS20/data/volume_15_slice_93.npz,19
/kaggle/input/brats20-data/BraTS20/data/volume_15_slice_94.npz,19
/kaggle/input/brats20-data/BraTS20/data/volume_15_slice_95.npz,19
/kaggle/input/brats20-data/BraTS20/data/volume_15_slice_96.npz,19
/kaggle/input/brats20-data/BraTS20/data/volume_15_slice_97.npz,5
/kaggle/input/brats20-data/BraTS20/data/volume_15_slice_98.npz,5
/kaggle/input/brats20-data/BraTS20/data/volume_15_slice_99.npz,5
/kaggle/input/brats20-data/BraTS20/data/volume_15_slice_100.npz,5
/kaggle/input/brats20-data/BraTS20/data/volume_15_slice_101.npz,5
/kaggle/input/brats20-data/BraTS20/data/volume_15_slice_102.npz,5
/kaggle/input/brats20-data/BraTS20/data/volume_15_slice_103.npz,5
/kaggle/input/brats20-data/BraTS20/data/volume_15_slice_104.npz,2
/kaggle/input/brats20-data/BraTS20/data/volume_15_slice_105.npz,2
/kaggle/input/brats20-data/BraTS20/data/volume_15_slice_106.npz,2
/kaggle/input/brats20-data/BraTS20/data/volume_15_slice_107.npz,2
/kaggle/input/brats20-data/BraTS20/data/volume_15_slice_108.npz,2
/kaggle/input/brats20-data/BraTS20/data/volume_15_slice_109.npz,2
/kaggle/input/brats20-data/BraTS20/data/volume_15_slice_110.npz,51
/kaggle/input/brats20-data/BraTS20/data/volume_15_slice_111.npz,76
/kaggle/input/brats20-data/BraTS20/data/volume_15_slice_112.npz,76
/kaggle/input/brats20-data/BraTS20/data/volume_15_slice_113.npz,76
/kaggle/input/brats20-data/BraTS20/data/volume_15_slice_114.npz,76
/kaggle/input/brats20-data/BraTS20/data/volume_15_slice_116.npz,98
/kaggle/input/brats20-data/BraTS20/data/volume_15_slice_117.npz,98
/kaggle/input/brats20-data/BraTS20/data/volume_15_slice_118.npz,98
/kaggle/input/brats20-data/BraTS20/data/volume_15_slice_119.npz,98
/kaggle/input/brats20-data/BraTS20/data/volume_15_slice_120.npz,98
/kaggle/input/brats20-data/BraTS20/data/volume_15_slice_121.npz,69
/kaggle/input/brats20-data/BraTS20/data/volume_15_slice_122.npz,61
/kaggle/input/brats20-data/BraTS20/data/volume_15_slice_123.npz,61
/kaggle/input/brats20-data/BraTS20/data/volume_15_slice_124.npz,61
/kaggle/input/brats20-data/BraTS20/data/volume_15_slice_125.npz,61
/kaggle/input/brats20-data/BraTS20/data/volume_15_slice_126.npz,83
/kaggle/input/brats20-data/BraTS20/data/volume_15_slice_127.npz,83
/kaggle/input/brats20-data/BraTS20/data/volume_15_slice_128.npz,83
/kaggle/input/brats20-data/BraTS20/data/volume_93_slice_80.npz,34
/kaggle/input/brats20-data/BraTS20/data/volume_93_slice_81.npz,34
/kaggle/input/brats20-data/BraTS20/data/volume_93_slice_82.npz,1
/kaggle/input/brats20-data/BraTS20/data/volume_93_slice_83.npz,1
/kaggle/input/brats20-data/BraTS20/data/volume_93_slice_84.npz,1
/kaggle/input/brats20-data/BraTS20/data/volume_93_slice_85.npz,1
/kaggle/input/brats20-data/BraTS20/data/volume_93_slice_86.npz,1
/kaggle/input/brats20-data/BraTS20/data/volume_93_slice_87.npz,1
/kaggle/input/brats20-data/BraTS20/data/volume_93_slice_88.npz,1
/kaggle/input/brats20-data/BraTS20/data/volume_93_slice_89.npz,1
/kaggle/input/brats20-data/BraTS20/data/volume_93_slice_90.npz,1
/kaggle/input/brats20-data/BraTS20/data/volume_93_slice_91.npz,1
/kaggle/input/brats20-data/BraTS20/data/volume_93_slice_92.npz,47
/kaggle/input/brats20-data/BraTS20/data/volume_93_slice_93.npz,19
/kaggle/input/brats20-data/BraTS20/data/volume_93_slice_95.npz,19
/kaggle/input/brats20-data/BraTS20/data/volume_93_slice_96.npz,19
/kaggle/input/brats20-data/BraTS20/data/volume_93_slice_97.npz,19
/kaggle/input/brats20-data/BraTS20/data/volume_93_slice_98.npz,19
/kaggle/input/brats20-data/BraTS20/data/volume_93_slice_99.npz,31
/kaggle/input/brats20-data/BraTS20/data/volume_93_slice_100.npz,31
/kaggle/input/brats20-data/BraTS20/data/volume_93_slice_101.npz,56
/kaggle/input/brats20-data/BraTS20/data/volume_93_slice_102.npz,56
/kaggle/input/brats20-data/BraTS20/data/volume_93_slice_103.npz,37
/kaggle/input/brats20-data/BraTS20/data/volume_93_slice_104.npz,2
/kaggle/input/brats20-data/BraTS20/data/volume_93_slice_105.npz,2
/kaggle/input/brats20-data/BraTS20/data/volume_93_slice_106.npz,2
/kaggle/input/brats20-data/BraTS20/data/volume_93_slice_107.npz,2
/kaggle/input/brats20-data/BraTS20/data/volume_93_slice_108.npz,95
/kaggle/input/brats20-data/BraTS20/data/volume_93_slice_109.npz,95
/kaggle/input/brats20-data/BraTS20/data/volume_93_slice_113.npz,76
/kaggle/input/brats20-data/BraTS20/data/volume_93_slice_114.npz,66
/kaggle/input/brats20-data/BraTS20/data/volume_93_slice_115.npz,66
/kaggle/input/brats20-data/BraTS20/data/volume_93_slice_116.npz,66
/kaggle/input/brats20-data/BraTS20/data/volume_93_slice_117.npz,66
/kaggle/input/brats20-data/BraTS20/data/volume_93_slice_118.npz,90
/kaggle/input/brats20-data/BraTS20/data/volume_93_slice_119.npz,39
/kaggle/input/brats20-data/BraTS20/data/volume_93_slice_120.npz,39
/kaggle/input/brats20-data/BraTS20/data/volume_93_slice_121.npz,39
/kaggle/input/brats20-data/BraTS20/data/volume_93_slice_122.npz,82
/kaggle/input/brats20-data/BraTS20/data/volume_93_slice_123.npz,82
/kaggle/input/brats20-data/BraTS20/data/volume_93_slice_124.npz,75
/kaggle/input/brats20-data/BraTS20/data/volume_93_slice_125.npz,75
/kaggle/input/brats20-data/BraTS20/data/volume_93_slice_126.npz,75
/kaggle/input/brats20-data/BraTS20/data/volume_93_slice_127.npz,75
/kaggle/input/brats20-data/BraTS20/data/volume_93_slice_128.npz,75
/kaggle/input/brats20-data/BraTS20/data/volume_63_slice_80.npz,46
/kaggle/input/brats20-data/BraTS20/data/volume_63_slice_81.npz,46
/kaggle/input/brats20-data/BraTS20/data/volume_63_slice_82.npz,46
/kaggle/input/brats20-data/BraTS20/data/volume_63_slice_83.npz,46
/kaggle/input/brats20-data/BraTS20/data/volume_63_slice_84.npz,30
/kaggle/input/brats20-data/BraTS20/data/volume_63_slice_85.npz,30
/kaggle/input/brats20-data/BraTS20/data/volume_63_slice_86.npz,30
/kaggle/input/brats20-data/BraTS20/data/volume_63_slice_87.npz,30
/kaggle/input/brats20-data/BraTS20/data/volume_63_slice_88.npz,30
/kaggle/input/brats20-data/BraTS20/data/volume_63_slice_89.npz,30
/kaggle/input/brats20-data/BraTS20/data/volume_63_slice_90.npz,5
/kaggle/input/brats20-data/BraTS20/data/volume_63_slice_91.npz,5
/kaggle/input/brats20-data/BraTS20/data/volume_63_slice_92.npz,5
/kaggle/input/brats20-data/BraTS20/data/volume_63_slice_93.npz,5
/kaggle/input/brats20-data/BraTS20/data/volume_63_slice_94.npz,5
/kaggle/input/brats20-data/BraTS20/data/volume_63_slice_95.npz,5
/kaggle/input/brats20-data/BraTS20/data/volume_63_slice_96.npz,5
/kaggle/input/brats20-data/BraTS20/data/volume_63_slice_97.npz,25
/kaggle/input/brats20-data/BraTS20/data/volume_63_slice_98.npz,56
/kaggle/input/brats20-data/BraTS20/data/volume_63_slice_99.npz,56
/kaggle/input/brats20-data/BraTS20/data/volume_63_slice_100.npz,56
/kaggle/input/brats20-data/BraTS20/data/volume_63_slice_101.npz,16
/kaggle/input/brats20-data/BraTS20/data/volume_63_slice_102.npz,16
/kaggle/input/brats20-data/BraTS20/data/volume_63_slice_103.npz,16
/kaggle/input/brats20-data/BraTS20/data/volume_63_slice_104.npz,2
/kaggle/input/brats20-data/BraTS20/data/volume_63_slice_105.npz,2
/kaggle/input/brats20-data/BraTS20/data/volume_63_slice_106.npz,70
/kaggle/input/brats20-data/BraTS20/data/volume_63_slice_107.npz,70
/kaggle/input/brats20-data/BraTS20/data/volume_63_slice_108.npz,70
/kaggle/input/brats20-data/BraTS20/data/volume_63_slice_109.npz,70
/kaggle/input/brats20-data/BraTS20/data/volume_63_slice_110.npz,70
/kaggle/input/brats20-data/BraTS20/data/volume_63_slice_111.npz,51
/kaggle/input/brats20-data/BraTS20/data/volume_63_slice_112.npz,51
/kaggle/input/brats20-data/BraTS20/data/volume_63_slice_113.npz,51
/kaggle/input/brats20-data/BraTS20/data/volume_63_slice_114.npz,51
/kaggle/input/brats20-data/BraTS20/data/volume_63_slice_115.npz,51
/kaggle/input/brats20-data/BraTS20/data/volume_63_slice_116.npz,98
/kaggle/input/brats20-data/BraTS20/data/volume_63_slice_117.npz,98
/kaggle/input/brats20-data/BraTS20/data/volume_63_slice_118.npz,98
/kaggle/input/brats20-data/BraTS20/data/volume_63_slice_119.npz,98
/kaggle/input/brats20-data/BraTS20/data/volume_63_slice_120.npz,88
/kaggle/input/brats20-data/BraTS20/data/volume_63_slice_121.npz,88
/kaggle/input/brats20-data/BraTS20/data/volume_63_slice_122.npz,88
/kaggle/input/brats20-data/BraTS20/data/volume_63_slice_123.npz,88
/kaggle/input/brats20-data/BraTS20/data/volume_63_slice_124.npz,88
/kaggle/input/brats20-data/BraTS20/data/volume_63_slice_125.npz,88
/kaggle/input/brats20-data/BraTS20/data/volume_63_slice_126.npz,88
/kaggle/input/brats20-data/BraTS20/data/volume_63_slice_127.npz,88
/kaggle/input/brats20-data/BraTS20/data/volume_63_slice_128.npz,83
/kaggle/input/brats20-data/BraTS20/data/volume_354_slice_80.npz,35
/kaggle/input/brats20-data/BraTS20/data/volume_354_slice_81.npz,35
/kaggle/input/brats20-data/BraTS20/data/volume_354_slice_82.npz,35
/kaggle/input/brats20-data/BraTS20/data/volume_354_slice_83.npz,35
/kaggle/input/brats20-data/BraTS20/data/volume_354_slice_84.npz,35
/kaggle/input/brats20-data/BraTS20/data/volume_354_slice_85.npz,47
/kaggle/input/brats20-data/BraTS20/data/volume_354_slice_86.npz,47
/kaggle/input/brats20-data/BraTS20/data/volume_354_slice_87.npz,47
/kaggle/input/brats20-data/BraTS20/data/volume_354_slice_88.npz,47
/kaggle/input/brats20-data/BraTS20/data/volume_354_slice_89.npz,47
/kaggle/input/brats20-data/BraTS20/data/volume_354_slice_90.npz,35
/kaggle/input/brats20-data/BraTS20/data/volume_354_slice_91.npz,35
/kaggle/input/brats20-data/BraTS20/data/volume_354_slice_92.npz,35
/kaggle/input/brats20-data/BraTS20/data/volume_354_slice_93.npz,56
/kaggle/input/brats20-data/BraTS20/data/volume_354_slice_94.npz,56
/kaggle/input/brats20-data/BraTS20/data/volume_354_slice_95.npz,56
/kaggle/input/brats20-data/BraTS20/data/volume_354_slice_96.npz,56
/kaggle/input/brats20-data/BraTS20/data/volume_354_slice_97.npz,56
/kaggle/input/brats20-data/BraTS20/data/volume_354_slice_98.npz,56
/kaggle/input/brats20-data/BraTS20/data/volume_354_slice_99.npz,56
/kaggle/input/brats20-data/BraTS20/data/volume_354_slice_100.npz,56
/kaggle/input/brats20-data/BraTS20/data/volume_354_slice_101.npz,56
/kaggle/input/brats20-data/BraTS20/data/volume_354_slice_102.npz,56
/kaggle/input/brats20-data/BraTS20/data/volume_354_slice_103.npz,56
/kaggle/input/brats20-data/BraTS20/data/volume_354_slice_104.npz,56
/kaggle/input/brats20-data/BraTS20/data/volume_354_slice_105.npz,56
/kaggle/input/brats20-data/BraTS20/data/volume_354_slice_106.npz,16
/kaggle/input/brats20-data/BraTS20/data/volume_354_slice_107.npz,16
/kaggle/input/brats20-data/BraTS20/data/volume_354_slice_108.npz,36
/kaggle/input/brats20-data/BraTS20/data/volume_354_slice_109.npz,36
/kaggle/input/brats20-data/BraTS20/data/volume_354_slice_110.npz,36
/kaggle/input/brats20-data/BraTS20/data/volume_354_slice_111.npz,36
/kaggle/input/brats20-data/BraTS20/data/volume_354_slice_112.npz,63
/kaggle/input/brats20-data/BraTS20/data/volume_354_slice_113.npz,63
/kaggle/input/brats20-data/BraTS20/data/volume_354_slice_114.npz,63
/kaggle/input/brats20-data/BraTS20/data/volume_354_slice_115.npz,90
/kaggle/input/brats20-data/BraTS20/data/volume_354_slice_116.npz,90
/kaggle/input/brats20-data/BraTS20/data/volume_354_slice_117.npz,90
/kaggle/input/brats20-data/BraTS20/data/volume_354_slice_118.npz,90
/kaggle/input/brats20-data/BraTS20/data/volume_354_slice_119.npz,69
/kaggle/input/brats20-data/BraTS20/data/volume_354_slice_120.npz,61
/kaggle/input/brats20-data/BraTS20/data/volume_354_slice_121.npz,75
/kaggle/input/brats20-data/BraTS20/data/volume_354_slice_122.npz,75
/kaggle/input/brats20-data/BraTS20/data/volume_354_slice_123.npz,75
/kaggle/input/brats20-data/BraTS20/data/volume_354_slice_124.npz,75
/kaggle/input/brats20-data/BraTS20/data/volume_354_slice_125.npz,75
/kaggle/input/brats20-data/BraTS20/data/volume_354_slice_126.npz,75
/kaggle/input/brats20-data/BraTS20/data/volume_354_slice_127.npz,11
/kaggle/input/brats20-data/BraTS20/data/volume_354_slice_128.npz,11
/kaggle/input/brats20-data/BraTS20/data/volume_322_slice_80.npz,41
/kaggle/input/brats20-data/BraTS20/data/volume_322_slice_81.npz,41
/kaggle/input/brats20-data/BraTS20/data/volume_322_slice_82.npz,41
/kaggle/input/brats20-data/BraTS20/data/volume_322_slice_83.npz,41
/kaggle/input/brats20-data/BraTS20/data/volume_322_slice_84.npz,41
/kaggle/input/brats20-data/BraTS20/data/volume_322_slice_85.npz,41
/kaggle/input/brats20-data/BraTS20/data/volume_322_slice_86.npz,41
/kaggle/input/brats20-data/BraTS20/data/volume_322_slice_87.npz,41
/kaggle/input/brats20-data/BraTS20/data/volume_322_slice_88.npz,41
/kaggle/input/brats20-data/BraTS20/data/volume_322_slice_89.npz,41
/kaggle/input/brats20-data/BraTS20/data/volume_322_slice_90.npz,41
/kaggle/input/brats20-data/BraTS20/data/volume_322_slice_91.npz,50
/kaggle/input/brats20-data/BraTS20/data/volume_322_slice_92.npz,84
/kaggle/input/brats20-data/BraTS20/data/volume_322_slice_93.npz,84
/kaggle/input/brats20-data/BraTS20/data/volume_322_slice_94.npz,84
/kaggle/input/brats20-data/BraTS20/data/volume_322_slice_95.npz,94
/kaggle/input/brats20-data/BraTS20/data/volume_322_slice_96.npz,94
/kaggle/input/brats20-data/BraTS20/data/volume_322_slice_97.npz,56
/kaggle/input/brats20-data/BraTS20/data/volume_322_slice_98.npz,56
/kaggle/input/brats20-data/BraTS20/data/volume_322_slice_99.npz,2
/kaggle/input/brats20-data/BraTS20/data/volume_322_slice_100.npz,2
/kaggle/input/brats20-data/BraTS20/data/volume_322_slice_101.npz,2
/kaggle/input/brats20-data/BraTS20/data/volume_322_slice_102.npz,2
/kaggle/input/brats20-data/BraTS20/data/volume_322_slice_103.npz,2
/kaggle/input/brats20-data/BraTS20/data/volume_322_slice_104.npz,70
/kaggle/input/brats20-data/BraTS20/data/volume_322_slice_105.npz,70
/kaggle/input/brats20-data/BraTS20/data/volume_322_slice_106.npz,70
/kaggle/input/brats20-data/BraTS20/data/volume_322_slice_107.npz,70
/kaggle/input/brats20-data/BraTS20/data/volume_322_slice_108.npz,70
/kaggle/input/brats20-data/BraTS20/data/volume_322_slice_109.npz,76
/kaggle/input/brats20-data/BraTS20/data/volume_322_slice_110.npz,76
/kaggle/input/brats20-data/BraTS20/data/volume_322_slice_111.npz,76
/kaggle/input/brats20-data/BraTS20/data/volume_322_slice_112.npz,76
/kaggle/input/brats20-data/BraTS20/data/volume_322_slice_113.npz,76
/kaggle/input/brats20-data/BraTS20/data/volume_322_slice_114.npz,51
/kaggle/input/brats20-data/BraTS20/data/volume_322_slice_115.npz,98
/kaggle/input/brats20-data/BraTS20/data/volume_322_slice_116.npz,93
/kaggle/input/brats20-data/BraTS20/data/volume_322_slice_117.npz,98
/kaggle/input/brats20-data/BraTS20/data/volume_322_slice_118.npz,98
/kaggle/input/brats20-data/BraTS20/data/volume_322_slice_119.npz,98
/kaggle/input/brats20-data/BraTS20/data/volume_322_slice_120.npz,98
/kaggle/input/brats20-data/BraTS20/data/volume_322_slice_121.npz,93
/kaggle/input/brats20-data/BraTS20/data/volume_322_slice_122.npz,61
/kaggle/input/brats20-data/BraTS20/data/volume_322_slice_123.npz,78
/kaggle/input/brats20-data/BraTS20/data/volume_322_slice_124.npz,78
/kaggle/input/brats20-data/BraTS20/data/volume_322_slice_125.npz,78
/kaggle/input/brats20-data/BraTS20/data/volume_322_slice_126.npz,78
/kaggle/input/brats20-data/BraTS20/data/volume_322_slice_127.npz,65
/kaggle/input/brats20-data/BraTS20/data/volume_322_slice_128.npz,83
/kaggle/input/brats20-data/BraTS20/data/volume_151_slice_80.npz,41
/kaggle/input/brats20-data/BraTS20/data/volume_151_slice_81.npz,41
/kaggle/input/brats20-data/BraTS20/data/volume_151_slice_82.npz,41
/kaggle/input/brats20-data/BraTS20/data/volume_151_slice_83.npz,41
/kaggle/input/brats20-data/BraTS20/data/volume_151_slice_84.npz,41
/kaggle/input/brats20-data/BraTS20/data/volume_151_slice_85.npz,41
/kaggle/input/brats20-data/BraTS20/data/volume_151_slice_86.npz,41
/kaggle/input/brats20-data/BraTS20/data/volume_151_slice_87.npz,41
/kaggle/input/brats20-data/BraTS20/data/volume_151_slice_88.npz,41
/kaggle/input/brats20-data/BraTS20/data/volume_151_slice_89.npz,41
/kaggle/input/brats20-data/BraTS20/data/volume_151_slice_90.npz,41
/kaggle/input/brats20-data/BraTS20/data/volume_151_slice_91.npz,41
/kaggle/input/brats20-data/BraTS20/data/volume_151_slice_92.npz,41
/kaggle/input/brats20-data/BraTS20/data/volume_151_slice_93.npz,50
/kaggle/input/brats20-data/BraTS20/data/volume_151_slice_94.npz,50
/kaggle/input/brats20-data/BraTS20/data/volume_151_slice_95.npz,50
/kaggle/input/brats20-data/BraTS20/data/volume_151_slice_96.npz,50
/kaggle/input/brats20-data/BraTS20/data/volume_151_slice_97.npz,50
/kaggle/input/brats20-data/BraTS20/data/volume_151_slice_98.npz,50
/kaggle/input/brats20-data/BraTS20/data/volume_151_slice_99.npz,50
/kaggle/input/brats20-data/BraTS20/data/volume_151_slice_100.npz,94
/kaggle/input/brats20-data/BraTS20/data/volume_151_slice_101.npz,4
/kaggle/input/brats20-data/BraTS20/data/volume_151_slice_102.npz,4
/kaggle/input/brats20-data/BraTS20/data/volume_151_slice_103.npz,4
/kaggle/input/brats20-data/BraTS20/data/volume_151_slice_104.npz,4
/kaggle/input/brats20-data/BraTS20/data/volume_151_slice_105.npz,4
/kaggle/input/brats20-data/BraTS20/data/volume_151_slice_106.npz,55
/kaggle/input/brats20-data/BraTS20/data/volume_151_slice_107.npz,55
/kaggle/input/brats20-data/BraTS20/data/volume_151_slice_108.npz,16
/kaggle/input/brats20-data/BraTS20/data/volume_151_slice_109.npz,2
/kaggle/input/brats20-data/BraTS20/data/volume_151_slice_110.npz,2
/kaggle/input/brats20-data/BraTS20/data/volume_151_slice_111.npz,70
/kaggle/input/brats20-data/BraTS20/data/volume_151_slice_112.npz,36
/kaggle/input/brats20-data/BraTS20/data/volume_151_slice_113.npz,36
/kaggle/input/brats20-data/BraTS20/data/volume_151_slice_114.npz,36
/kaggle/input/brats20-data/BraTS20/data/volume_151_slice_115.npz,36
/kaggle/input/brats20-data/BraTS20/data/volume_151_slice_116.npz,36
/kaggle/input/brats20-data/BraTS20/data/volume_151_slice_117.npz,44
/kaggle/input/brats20-data/BraTS20/data/volume_151_slice_118.npz,44
/kaggle/input/brats20-data/BraTS20/data/volume_151_slice_119.npz,44
/kaggle/input/brats20-data/BraTS20/data/volume_151_slice_120.npz,44
/kaggle/input/brats20-data/BraTS20/data/volume_151_slice_121.npz,44
/kaggle/input/brats20-data/BraTS20/data/volume_151_slice_122.npz,87
/kaggle/input/brats20-data/BraTS20/data/volume_151_slice_123.npz,87
/kaggle/input/brats20-data/BraTS20/data/volume_151_slice_124.npz,78
/kaggle/input/brats20-data/BraTS20/data/volume_151_slice_125.npz,78
/kaggle/input/brats20-data/BraTS20/data/volume_151_slice_126.npz,89
/kaggle/input/brats20-data/BraTS20/data/volume_151_slice_127.npz,11
/kaggle/input/brats20-data/BraTS20/data/volume_151_slice_128.npz,11
/kaggle/input/brats20-data/BraTS20/data/volume_105_slice_80.npz,13
/kaggle/input/brats20-data/BraTS20/data/volume_105_slice_81.npz,13
/kaggle/input/brats20-data/BraTS20/data/volume_105_slice_82.npz,13
/kaggle/input/brats20-data/BraTS20/data/volume_105_slice_83.npz,13
/kaggle/input/brats20-data/BraTS20/data/volume_105_slice_84.npz,13
/kaggle/input/brats20-data/BraTS20/data/volume_105_slice_85.npz,13
/kaggle/input/brats20-data/BraTS20/data/volume_105_slice_86.npz,19
/kaggle/input/brats20-data/BraTS20/data/volume_105_slice_87.npz,19
/kaggle/input/brats20-data/BraTS20/data/volume_105_slice_88.npz,19
/kaggle/input/brats20-data/BraTS20/data/volume_105_slice_89.npz,19
/kaggle/input/brats20-data/BraTS20/data/volume_105_slice_90.npz,35
/kaggle/input/brats20-data/BraTS20/data/volume_105_slice_91.npz,35
/kaggle/input/brats20-data/BraTS20/data/volume_105_slice_92.npz,31
/kaggle/input/brats20-data/BraTS20/data/volume_105_slice_93.npz,31
/kaggle/input/brats20-data/BraTS20/data/volume_105_slice_94.npz,94
/kaggle/input/brats20-data/BraTS20/data/volume_105_slice_95.npz,94
/kaggle/input/brats20-data/BraTS20/data/volume_105_slice_96.npz,31
/kaggle/input/brats20-data/BraTS20/data/volume_105_slice_97.npz,94
/kaggle/input/brats20-data/BraTS20/data/volume_105_slice_100.npz,25
/kaggle/input/brats20-data/BraTS20/data/volume_105_slice_102.npz,97
/kaggle/input/brats20-data/BraTS20/data/volume_105_slice_103.npz,97
/kaggle/input/brats20-data/BraTS20/data/volume_105_slice_104.npz,97
/kaggle/input/brats20-data/BraTS20/data/volume_105_slice_105.npz,97
/kaggle/input/brats20-data/BraTS20/data/volume_105_slice_106.npz,95
/kaggle/input/brats20-data/BraTS20/data/volume_105_slice_107.npz,95
/kaggle/input/brats20-data/BraTS20/data/volume_105_slice_108.npz,95
/kaggle/input/brats20-data/BraTS20/data/volume_105_slice_109.npz,95
/kaggle/input/brats20-data/BraTS20/data/volume_105_slice_110.npz,76
/kaggle/input/brats20-data/BraTS20/data/volume_105_slice_111.npz,76
/kaggle/input/brats20-data/BraTS20/data/volume_105_slice_112.npz,76
/kaggle/input/brats20-data/BraTS20/data/volume_105_slice_113.npz,76
/kaggle/input/brats20-data/BraTS20/data/volume_105_slice_114.npz,76
/kaggle/input/brats20-data/BraTS20/data/volume_105_slice_115.npz,76
/kaggle/input/brats20-data/BraTS20/data/volume_105_slice_116.npz,76
/kaggle/input/brats20-data/BraTS20/data/volume_105_slice_117.npz,76
/kaggle/input/brats20-data/BraTS20/data/volume_105_slice_118.npz,93
/kaggle/input/brats20-data/BraTS20/data/volume_105_slice_119.npz,93
/kaggle/input/brats20-data/BraTS20/data/volume_105_slice_120.npz,93
/kaggle/input/brats20-data/BraTS20/data/volume_105_slice_121.npz,82
/kaggle/input/brats20-data/BraTS20/data/volume_105_slice_122.npz,82
/kaggle/input/brats20-data/BraTS20/data/volume_105_slice_123.npz,82
/kaggle/input/brats20-data/BraTS20/data/volume_105_slice_124.npz,82
/kaggle/input/brats20-data/BraTS20/data/volume_105_slice_125.npz,88
/kaggle/input/brats20-data/BraTS20/data/volume_105_slice_126.npz,78
/kaggle/input/brats20-data/BraTS20/data/volume_105_slice_127.npz,83
/kaggle/input/brats20-data/BraTS20/data/volume_105_slice_128.npz,83
/kaggle/input/brats20-data/BraTS20/data/volume_17_slice_80.npz,46
/kaggle/input/brats20-data/BraTS20/data/volume_17_slice_81.npz,46
/kaggle/input/brats20-data/BraTS20/data/volume_17_slice_82.npz,46
/kaggle/input/brats20-data/BraTS20/data/volume_17_slice_83.npz,46
/kaggle/input/brats20-data/BraTS20/data/volume_17_slice_84.npz,46
/kaggle/input/brats20-data/BraTS20/data/volume_17_slice_85.npz,46
/kaggle/input/brats20-data/BraTS20/data/volume_17_slice_86.npz,46
/kaggle/input/brats20-data/BraTS20/data/volume_17_slice_87.npz,46
/kaggle/input/brats20-data/BraTS20/data/volume_17_slice_88.npz,46
/kaggle/input/brats20-data/BraTS20/data/volume_17_slice_89.npz,46
/kaggle/input/brats20-data/BraTS20/data/volume_17_slice_90.npz,15
/kaggle/input/brats20-data/BraTS20/data/volume_17_slice_91.npz,15
/kaggle/input/brats20-data/BraTS20/data/volume_17_slice_92.npz,15
/kaggle/input/brats20-data/BraTS20/data/volume_17_slice_93.npz,15
/kaggle/input/brats20-data/BraTS20/data/volume_17_slice_94.npz,15
/kaggle/input/brats20-data/BraTS20/data/volume_17_slice_95.npz,15
/kaggle/input/brats20-data/BraTS20/data/volume_17_slice_96.npz,15
/kaggle/input/brats20-data/BraTS20/data/volume_17_slice_97.npz,15
/kaggle/input/brats20-data/BraTS20/data/volume_17_slice_98.npz,15
/kaggle/input/brats20-data/BraTS20/data/volume_17_slice_99.npz,5
/kaggle/input/brats20-data/BraTS20/data/volume_17_slice_100.npz,12
/kaggle/input/brats20-data/BraTS20/data/volume_17_slice_101.npz,31
/kaggle/input/brats20-data/BraTS20/data/volume_17_slice_102.npz,31
/kaggle/input/brats20-data/BraTS20/data/volume_17_slice_103.npz,12
/kaggle/input/brats20-data/BraTS20/data/volume_17_slice_104.npz,25
/kaggle/input/brats20-data/BraTS20/data/volume_17_slice_105.npz,25
/kaggle/input/brats20-data/BraTS20/data/volume_17_slice_106.npz,25
/kaggle/input/brats20-data/BraTS20/data/volume_17_slice_107.npz,2
/kaggle/input/brats20-data/BraTS20/data/volume_17_slice_108.npz,2
/kaggle/input/brats20-data/BraTS20/data/volume_17_slice_109.npz,2
/kaggle/input/brats20-data/BraTS20/data/volume_17_slice_110.npz,2
/kaggle/input/brats20-data/BraTS20/data/volume_17_slice_111.npz,2
/kaggle/input/brats20-data/BraTS20/data/volume_17_slice_112.npz,2
/kaggle/input/brats20-data/BraTS20/data/volume_17_slice_113.npz,2
/kaggle/input/brats20-data/BraTS20/data/volume_17_slice_114.npz,36
/kaggle/input/brats20-data/BraTS20/data/volume_17_slice_115.npz,76
/kaggle/input/brats20-data/BraTS20/data/volume_17_slice_116.npz,76
/kaggle/input/brats20-data/BraTS20/data/volume_17_slice_119.npz,76
/kaggle/input/brats20-data/BraTS20/data/volume_17_slice_120.npz,86
/kaggle/input/brats20-data/BraTS20/data/volume_17_slice_121.npz,90
/kaggle/input/brats20-data/BraTS20/data/volume_17_slice_122.npz,93
/kaggle/input/brats20-data/BraTS20/data/volume_17_slice_123.npz,93
/kaggle/input/brats20-data/BraTS20/data/volume_17_slice_124.npz,93
/kaggle/input/brats20-data/BraTS20/data/volume_17_slice_125.npz,93
/kaggle/input/brats20-data/BraTS20/data/volume_17_slice_126.npz,82
/kaggle/input/brats20-data/BraTS20/data/volume_17_slice_127.npz,82
/kaggle/input/brats20-data/BraTS20/data/volume_17_slice_128.npz,78
/kaggle/input/brats20-data/BraTS20/data/volume_188_slice_80.npz,38
/kaggle/input/brats20-data/BraTS20/data/volume_188_slice_81.npz,38
/kaggle/input/brats20-data/BraTS20/data/volume_188_slice_82.npz,38
/kaggle/input/brats20-data/BraTS20/data/volume_188_slice_83.npz,41
/kaggle/input/brats20-data/BraTS20/data/volume_188_slice_84.npz,41
/kaggle/input/brats20-data/BraTS20/data/volume_188_slice_85.npz,41
/kaggle/input/brats20-data/BraTS20/data/volume_188_slice_86.npz,41
/kaggle/input/brats20-data/BraTS20/data/volume_188_slice_87.npz,41
/kaggle/input/brats20-data/BraTS20/data/volume_188_slice_88.npz,41
/kaggle/input/brats20-data/BraTS20/data/volume_188_slice_89.npz,24
/kaggle/input/brats20-data/BraTS20/data/volume_188_slice_90.npz,24
/kaggle/input/brats20-data/BraTS20/data/volume_188_slice_91.npz,24
/kaggle/input/brats20-data/BraTS20/data/volume_188_slice_92.npz,41
/kaggle/input/brats20-data/BraTS20/data/volume_188_slice_93.npz,35
/kaggle/input/brats20-data/BraTS20/data/volume_188_slice_94.npz,55
/kaggle/input/brats20-data/BraTS20/data/volume_188_slice_95.npz,55
/kaggle/input/brats20-data/BraTS20/data/volume_188_slice_96.npz,55
/kaggle/input/brats20-data/BraTS20/data/volume_188_slice_97.npz,55
/kaggle/input/brats20-data/BraTS20/data/volume_188_slice_98.npz,55
/kaggle/input/brats20-data/BraTS20/data/volume_188_slice_99.npz,55
/kaggle/input/brats20-data/BraTS20/data/volume_188_slice_100.npz,55
/kaggle/input/brats20-data/BraTS20/data/volume_188_slice_101.npz,71
/kaggle/input/brats20-data/BraTS20/data/volume_188_slice_102.npz,71
/kaggle/input/brats20-data/BraTS20/data/volume_188_slice_103.npz,71
/kaggle/input/brats20-data/BraTS20/data/volume_188_slice_104.npz,48
/kaggle/input/brats20-data/BraTS20/data/volume_188_slice_105.npz,48
/kaggle/input/brats20-data/BraTS20/data/volume_188_slice_106.npz,48
/kaggle/input/brats20-data/BraTS20/data/volume_188_slice_107.npz,36
/kaggle/input/brats20-data/BraTS20/data/volume_188_slice_108.npz,36
/kaggle/input/brats20-data/BraTS20/data/volume_188_slice_109.npz,52
/kaggle/input/brats20-data/BraTS20/data/volume_188_slice_110.npz,52
/kaggle/input/brats20-data/BraTS20/data/volume_188_slice_111.npz,52
/kaggle/input/brats20-data/BraTS20/data/volume_188_slice_112.npz,52
/kaggle/input/brats20-data/BraTS20/data/volume_188_slice_113.npz,52
/kaggle/input/brats20-data/BraTS20/data/volume_188_slice_114.npz,52
/kaggle/input/brats20-data/BraTS20/data/volume_188_slice_115.npz,54
/kaggle/input/brats20-data/BraTS20/data/volume_188_slice_116.npz,54
/kaggle/input/brats20-data/BraTS20/data/volume_188_slice_117.npz,54
/kaggle/input/brats20-data/BraTS20/data/volume_188_slice_118.npz,54
/kaggle/input/brats20-data/BraTS20/data/volume_188_slice_119.npz,54
/kaggle/input/brats20-data/BraTS20/data/volume_188_slice_120.npz,54
/kaggle/input/brats20-data/BraTS20/data/volume_188_slice_121.npz,85
/kaggle/input/brats20-data/BraTS20/data/volume_188_slice_122.npz,85
/kaggle/input/brats20-data/BraTS20/data/volume_188_slice_123.npz,78
/kaggle/input/brats20-data/BraTS20/data/volume_188_slice_124.npz,75
/kaggle/input/brats20-data/BraTS20/data/volume_188_slice_125.npz,75
/kaggle/input/brats20-data/BraTS20/data/volume_188_slice_126.npz,75
/kaggle/input/brats20-data/BraTS20/data/volume_188_slice_127.npz,83
/kaggle/input/brats20-data/BraTS20/data/volume_188_slice_128.npz,43
/kaggle/input/brats20-data/BraTS20/data/volume_234_slice_80.npz,20
/kaggle/input/brats20-data/BraTS20/data/volume_234_slice_81.npz,20
/kaggle/input/brats20-data/BraTS20/data/volume_234_slice_82.npz,20
/kaggle/input/brats20-data/BraTS20/data/volume_234_slice_83.npz,20
/kaggle/input/brats20-data/BraTS20/data/volume_234_slice_84.npz,20
/kaggle/input/brats20-data/BraTS20/data/volume_234_slice_85.npz,20
/kaggle/input/brats20-data/BraTS20/data/volume_234_slice_86.npz,20
/kaggle/input/brats20-data/BraTS20/data/volume_234_slice_87.npz,20
/kaggle/input/brats20-data/BraTS20/data/volume_234_slice_88.npz,20
/kaggle/input/brats20-data/BraTS20/data/volume_234_slice_89.npz,20
/kaggle/input/brats20-data/BraTS20/data/volume_234_slice_90.npz,20
/kaggle/input/brats20-data/BraTS20/data/volume_234_slice_91.npz,20
/kaggle/input/brats20-data/BraTS20/data/volume_234_slice_92.npz,20
/kaggle/input/brats20-data/BraTS20/data/volume_234_slice_93.npz,20
/kaggle/input/brats20-data/BraTS20/data/volume_234_slice_94.npz,20
/kaggle/input/brats20-data/BraTS20/data/volume_234_slice_95.npz,20
/kaggle/input/brats20-data/BraTS20/data/volume_234_slice_96.npz,20
/kaggle/input/brats20-data/BraTS20/data/volume_234_slice_97.npz,20
/kaggle/input/brats20-data/BraTS20/data/volume_234_slice_98.npz,9
/kaggle/input/brats20-data/BraTS20/data/volume_234_slice_99.npz,9
/kaggle/input/brats20-data/BraTS20/data/volume_234_slice_100.npz,55
/kaggle/input/brats20-data/BraTS20/data/volume_234_slice_101.npz,55
/kaggle/input/brats20-data/BraTS20/data/volume_234_slice_102.npz,55
/kaggle/input/brats20-data/BraTS20/data/volume_234_slice_103.npz,55
/kaggle/input/brats20-data/BraTS20/data/volume_234_slice_104.npz,71
/kaggle/input/brats20-data/BraTS20/data/volume_234_slice_105.npz,71
/kaggle/input/brats20-data/BraTS20/data/volume_234_slice_106.npz,71
/kaggle/input/brats20-data/BraTS20/data/volume_234_slice_107.npz,70
/kaggle/input/brats20-data/BraTS20/data/volume_234_slice_108.npz,36
/kaggle/input/brats20-data/BraTS20/data/volume_234_slice_109.npz,36
/kaggle/input/brats20-data/BraTS20/data/volume_234_slice_110.npz,36
/kaggle/input/brats20-data/BraTS20/data/volume_234_slice_111.npz,36
/kaggle/input/brats20-data/BraTS20/data/volume_234_slice_112.npz,36
/kaggle/input/brats20-data/BraTS20/data/volume_234_slice_113.npz,36
/kaggle/input/brats20-data/BraTS20/data/volume_234_slice_114.npz,44
/kaggle/input/brats20-data/BraTS20/data/volume_234_slice_115.npz,44
/kaggle/input/brats20-data/BraTS20/data/volume_234_slice_116.npz,44
/kaggle/input/brats20-data/BraTS20/data/volume_234_slice_117.npz,44
/kaggle/input/brats20-data/BraTS20/data/volume_234_slice_118.npz,44
/kaggle/input/brats20-data/BraTS20/data/volume_234_slice_119.npz,44
/kaggle/input/brats20-data/BraTS20/data/volume_234_slice_120.npz,44
/kaggle/input/brats20-data/BraTS20/data/volume_234_slice_121.npz,78
/kaggle/input/brats20-data/BraTS20/data/volume_234_slice_122.npz,78
/kaggle/input/brats20-data/BraTS20/data/volume_234_slice_123.npz,78
/kaggle/input/brats20-data/BraTS20/data/volume_234_slice_124.npz,78
/kaggle/input/brats20-data/BraTS20/data/volume_234_slice_125.npz,65
/kaggle/input/brats20-data/BraTS20/data/volume_234_slice_126.npz,83
/kaggle/input/brats20-data/BraTS20/data/volume_234_slice_127.npz,11
/kaggle/input/brats20-data/BraTS20/data/volume_234_slice_128.npz,11
/kaggle/input/brats20-data/BraTS20/data/volume_125_slice_80.npz,59
/kaggle/input/brats20-data/BraTS20/data/volume_125_slice_81.npz,59
/kaggle/input/brats20-data/BraTS20/data/volume_125_slice_82.npz,59
/kaggle/input/brats20-data/BraTS20/data/volume_125_slice_83.npz,59
/kaggle/input/brats20-data/BraTS20/data/volume_125_slice_84.npz,59
/kaggle/input/brats20-data/BraTS20/data/volume_125_slice_85.npz,59
/kaggle/input/brats20-data/BraTS20/data/volume_125_slice_86.npz,59
/kaggle/input/brats20-data/BraTS20/data/volume_125_slice_87.npz,59
/kaggle/input/brats20-data/BraTS20/data/volume_125_slice_88.npz,59
/kaggle/input/brats20-data/BraTS20/data/volume_125_slice_89.npz,59
/kaggle/input/brats20-data/BraTS20/data/volume_125_slice_90.npz,59
/kaggle/input/brats20-data/BraTS20/data/volume_125_slice_91.npz,59
/kaggle/input/brats20-data/BraTS20/data/volume_125_slice_92.npz,59
/kaggle/input/brats20-data/BraTS20/data/volume_125_slice_93.npz,59
/kaggle/input/brats20-data/BraTS20/data/volume_125_slice_94.npz,59
/kaggle/input/brats20-data/BraTS20/data/volume_125_slice_95.npz,59
/kaggle/input/brats20-data/BraTS20/data/volume_125_slice_96.npz,59
/kaggle/input/brats20-data/BraTS20/data/volume_125_slice_97.npz,59
/kaggle/input/brats20-data/BraTS20/data/volume_125_slice_98.npz,59
/kaggle/input/brats20-data/BraTS20/data/volume_125_slice_99.npz,59
/kaggle/input/brats20-data/BraTS20/data/volume_125_slice_100.npz,59
/kaggle/input/brats20-data/BraTS20/data/volume_125_slice_101.npz,59
/kaggle/input/brats20-data/BraTS20/data/volume_125_slice_102.npz,3
/kaggle/input/brats20-data/BraTS20/data/volume_125_slice_103.npz,3
/kaggle/input/brats20-data/BraTS20/data/volume_125_slice_104.npz,3
/kaggle/input/brats20-data/BraTS20/data/volume_125_slice_105.npz,3
/kaggle/input/brats20-data/BraTS20/data/volume_125_slice_106.npz,3
/kaggle/input/brats20-data/BraTS20/data/volume_125_slice_107.npz,3
/kaggle/input/brats20-data/BraTS20/data/volume_125_slice_108.npz,3
/kaggle/input/brats20-data/BraTS20/data/volume_125_slice_109.npz,3
/kaggle/input/brats20-data/BraTS20/data/volume_125_slice_110.npz,3
/kaggle/input/brats20-data/BraTS20/data/volume_125_slice_111.npz,39
/kaggle/input/brats20-data/BraTS20/data/volume_125_slice_112.npz,39
/kaggle/input/brats20-data/BraTS20/data/volume_125_slice_113.npz,39
/kaggle/input/brats20-data/BraTS20/data/volume_125_slice_114.npz,39
/kaggle/input/brats20-data/BraTS20/data/volume_125_slice_115.npz,39
/kaggle/input/brats20-data/BraTS20/data/volume_125_slice_116.npz,39
/kaggle/input/brats20-data/BraTS20/data/volume_125_slice_117.npz,39
/kaggle/input/brats20-data/BraTS20/data/volume_125_slice_118.npz,39
/kaggle/input/brats20-data/BraTS20/data/volume_125_slice_119.npz,39
/kaggle/input/brats20-data/BraTS20/data/volume_125_slice_120.npz,39
/kaggle/input/brats20-data/BraTS20/data/volume_125_slice_121.npz,39
/kaggle/input/brats20-data/BraTS20/data/volume_125_slice_122.npz,62
/kaggle/input/brats20-data/BraTS20/data/volume_125_slice_123.npz,62
/kaggle/input/brats20-data/BraTS20/data/volume_125_slice_124.npz,62
/kaggle/input/brats20-data/BraTS20/data/volume_125_slice_125.npz,23
/kaggle/input/brats20-data/BraTS20/data/volume_125_slice_126.npz,23
/kaggle/input/brats20-data/BraTS20/data/volume_125_slice_127.npz,83
/kaggle/input/brats20-data/BraTS20/data/volume_125_slice_128.npz,83
/kaggle/input/brats20-data/BraTS20/data/volume_115_slice_80.npz,46
/kaggle/input/brats20-data/BraTS20/data/volume_115_slice_81.npz,1
/kaggle/input/brats20-data/BraTS20/data/volume_115_slice_82.npz,1
/kaggle/input/brats20-data/BraTS20/data/volume_115_slice_83.npz,1
/kaggle/input/brats20-data/BraTS20/data/volume_115_slice_84.npz,1
/kaggle/input/brats20-data/BraTS20/data/volume_115_slice_85.npz,1
/kaggle/input/brats20-data/BraTS20/data/volume_115_slice_86.npz,1
/kaggle/input/brats20-data/BraTS20/data/volume_115_slice_87.npz,1
/kaggle/input/brats20-data/BraTS20/data/volume_115_slice_88.npz,1
/kaggle/input/brats20-data/BraTS20/data/volume_115_slice_89.npz,15
/kaggle/input/brats20-data/BraTS20/data/volume_115_slice_90.npz,1
/kaggle/input/brats20-data/BraTS20/data/volume_115_slice_91.npz,47
/kaggle/input/brats20-data/BraTS20/data/volume_115_slice_92.npz,47
/kaggle/input/brats20-data/BraTS20/data/volume_115_slice_93.npz,31
/kaggle/input/brats20-data/BraTS20/data/volume_115_slice_94.npz,31
/kaggle/input/brats20-data/BraTS20/data/volume_115_slice_95.npz,31
/kaggle/input/brats20-data/BraTS20/data/volume_115_slice_96.npz,31
/kaggle/input/brats20-data/BraTS20/data/volume_115_slice_97.npz,31
/kaggle/input/brats20-data/BraTS20/data/volume_115_slice_98.npz,31
/kaggle/input/brats20-data/BraTS20/data/volume_115_slice_99.npz,31
/kaggle/input/brats20-data/BraTS20/data/volume_115_slice_100.npz,16
/kaggle/input/brats20-data/BraTS20/data/volume_115_slice_101.npz,16
/kaggle/input/brats20-data/BraTS20/data/volume_115_slice_102.npz,16
/kaggle/input/brats20-data/BraTS20/data/volume_115_slice_103.npz,16
/kaggle/input/brats20-data/BraTS20/data/volume_115_slice_104.npz,16
/kaggle/input/brats20-data/BraTS20/data/volume_115_slice_105.npz,16
/kaggle/input/brats20-data/BraTS20/data/volume_115_slice_106.npz,22
/kaggle/input/brats20-data/BraTS20/data/volume_115_slice_107.npz,22
/kaggle/input/brats20-data/BraTS20/data/volume_115_slice_108.npz,22
/kaggle/input/brats20-data/BraTS20/data/volume_115_slice_109.npz,14
/kaggle/input/brats20-data/BraTS20/data/volume_115_slice_110.npz,14
/kaggle/input/brats20-data/BraTS20/data/volume_115_slice_111.npz,14
/kaggle/input/brats20-data/BraTS20/data/volume_115_slice_112.npz,14
/kaggle/input/brats20-data/BraTS20/data/volume_115_slice_113.npz,14
/kaggle/input/brats20-data/BraTS20/data/volume_115_slice_114.npz,14
/kaggle/input/brats20-data/BraTS20/data/volume_115_slice_115.npz,14
/kaggle/input/brats20-data/BraTS20/data/volume_115_slice_116.npz,39
/kaggle/input/brats20-data/BraTS20/data/volume_115_slice_117.npz,39
/kaggle/input/brats20-data/BraTS20/data/volume_115_slice_118.npz,39
/kaggle/input/brats20-data/BraTS20/data/volume_115_slice_119.npz,62
/kaggle/input/brats20-data/BraTS20/data/volume_115_slice_120.npz,62
/kaggle/input/brats20-data/BraTS20/data/volume_115_slice_121.npz,62
/kaggle/input/brats20-data/BraTS20/data/volume_115_slice_122.npz,62
/kaggle/input/brats20-data/BraTS20/data/volume_115_slice_123.npz,89
/kaggle/input/brats20-data/BraTS20/data/volume_115_slice_124.npz,89
/kaggle/input/brats20-data/BraTS20/data/volume_115_slice_125.npz,89
/kaggle/input/brats20-data/BraTS20/data/volume_115_slice_126.npz,75
/kaggle/input/brats20-data/BraTS20/data/volume_115_slice_127.npz,11
/kaggle/input/brats20-data/BraTS20/data/volume_115_slice_128.npz,43
/kaggle/input/brats20-data/BraTS20/data/volume_70_slice_80.npz,99
/kaggle/input/brats20-data/BraTS20/data/volume_70_slice_81.npz,99
/kaggle/input/brats20-data/BraTS20/data/volume_70_slice_82.npz,99
/kaggle/input/brats20-data/BraTS20/data/volume_70_slice_83.npz,99
/kaggle/input/brats20-data/BraTS20/data/volume_70_slice_84.npz,99
/kaggle/input/brats20-data/BraTS20/data/volume_70_slice_85.npz,99
/kaggle/input/brats20-data/BraTS20/data/volume_70_slice_87.npz,99
/kaggle/input/brats20-data/BraTS20/data/volume_70_slice_88.npz,99
/kaggle/input/brats20-data/BraTS20/data/volume_70_slice_89.npz,99
/kaggle/input/brats20-data/BraTS20/data/volume_70_slice_90.npz,99
/kaggle/input/brats20-data/BraTS20/data/volume_70_slice_91.npz,99
/kaggle/input/brats20-data/BraTS20/data/volume_70_slice_92.npz,99
/kaggle/input/brats20-data/BraTS20/data/volume_70_slice_93.npz,41
/kaggle/input/brats20-data/BraTS20/data/volume_70_slice_94.npz,41
/kaggle/input/brats20-data/BraTS20/data/volume_70_slice_95.npz,38
/kaggle/input/brats20-data/BraTS20/data/volume_70_slice_96.npz,38
/kaggle/input/brats20-data/BraTS20/data/volume_70_slice_97.npz,38
/kaggle/input/brats20-data/BraTS20/data/volume_70_slice_98.npz,38
/kaggle/input/brats20-data/BraTS20/data/volume_70_slice_99.npz,38
/kaggle/input/brats20-data/BraTS20/data/volume_70_slice_100.npz,53
/kaggle/input/brats20-data/BraTS20/data/volume_70_slice_101.npz,53
/kaggle/input/brats20-data/BraTS20/data/volume_70_slice_102.npz,56
/kaggle/input/brats20-data/BraTS20/data/volume_70_slice_103.npz,56
/kaggle/input/brats20-data/BraTS20/data/volume_70_slice_104.npz,56
/kaggle/input/brats20-data/BraTS20/data/volume_70_slice_105.npz,56
/kaggle/input/brats20-data/BraTS20/data/volume_70_slice_106.npz,56
/kaggle/input/brats20-data/BraTS20/data/volume_70_slice_107.npz,56
/kaggle/input/brats20-data/BraTS20/data/volume_70_slice_108.npz,56
/kaggle/input/brats20-data/BraTS20/data/volume_70_slice_109.npz,16
/kaggle/input/brats20-data/BraTS20/data/volume_70_slice_110.npz,16
/kaggle/input/brats20-data/BraTS20/data/volume_70_slice_111.npz,16
/kaggle/input/brats20-data/BraTS20/data/volume_70_slice_112.npz,16
/kaggle/input/brats20-data/BraTS20/data/volume_70_slice_113.npz,36
/kaggle/input/brats20-data/BraTS20/data/volume_70_slice_114.npz,36
/kaggle/input/brats20-data/BraTS20/data/volume_70_slice_115.npz,36
/kaggle/input/brats20-data/BraTS20/data/volume_70_slice_116.npz,36
/kaggle/input/brats20-data/BraTS20/data/volume_70_slice_117.npz,36
/kaggle/input/brats20-data/BraTS20/data/volume_70_slice_118.npz,86
/kaggle/input/brats20-data/BraTS20/data/volume_70_slice_119.npz,86
/kaggle/input/brats20-data/BraTS20/data/volume_70_slice_120.npz,90
/kaggle/input/brats20-data/BraTS20/data/volume_70_slice_121.npz,98
/kaggle/input/brats20-data/BraTS20/data/volume_70_slice_122.npz,98
/kaggle/input/brats20-data/BraTS20/data/volume_70_slice_123.npz,98
/kaggle/input/brats20-data/BraTS20/data/volume_70_slice_124.npz,98
/kaggle/input/brats20-data/BraTS20/data/volume_70_slice_125.npz,61
/kaggle/input/brats20-data/BraTS20/data/volume_70_slice_126.npz,61
/kaggle/input/brats20-data/BraTS20/data/volume_70_slice_127.npz,61
/kaggle/input/brats20-data/BraTS20/data/volume_70_slice_128.npz,61
/kaggle/input/brats20-data/BraTS20/data/volume_32_slice_80.npz,46
/kaggle/input/brats20-data/BraTS20/data/volume_32_slice_81.npz,46
/kaggle/input/brats20-data/BraTS20/data/volume_32_slice_82.npz,46
/kaggle/input/brats20-data/BraTS20/data/volume_32_slice_83.npz,46
/kaggle/input/brats20-data/BraTS20/data/volume_32_slice_84.npz,30
/kaggle/input/brats20-data/BraTS20/data/volume_32_slice_85.npz,30
/kaggle/input/brats20-data/BraTS20/data/volume_32_slice_86.npz,30
/kaggle/input/brats20-data/BraTS20/data/volume_32_slice_87.npz,30
/kaggle/input/brats20-data/BraTS20/data/volume_32_slice_88.npz,30
/kaggle/input/brats20-data/BraTS20/data/volume_32_slice_89.npz,30
/kaggle/input/brats20-data/BraTS20/data/volume_32_slice_90.npz,30
/kaggle/input/brats20-data/BraTS20/data/volume_32_slice_91.npz,18
/kaggle/input/brats20-data/BraTS20/data/volume_32_slice_92.npz,18
/kaggle/input/brats20-data/BraTS20/data/volume_32_slice_94.npz,5
/kaggle/input/brats20-data/BraTS20/data/volume_32_slice_95.npz,16
/kaggle/input/brats20-data/BraTS20/data/volume_32_slice_96.npz,16
/kaggle/input/brats20-data/BraTS20/data/volume_32_slice_97.npz,16
/kaggle/input/brats20-data/BraTS20/data/volume_32_slice_98.npz,16
/kaggle/input/brats20-data/BraTS20/data/volume_32_slice_99.npz,16
/kaggle/input/brats20-data/BraTS20/data/volume_32_slice_100.npz,16
/kaggle/input/brats20-data/BraTS20/data/volume_32_slice_101.npz,2
/kaggle/input/brats20-data/BraTS20/data/volume_32_slice_102.npz,2
/kaggle/input/brats20-data/BraTS20/data/volume_32_slice_103.npz,2
/kaggle/input/brats20-data/BraTS20/data/volume_32_slice_104.npz,2
/kaggle/input/brats20-data/BraTS20/data/volume_32_slice_105.npz,36
/kaggle/input/brats20-data/BraTS20/data/volume_32_slice_106.npz,36
/kaggle/input/brats20-data/BraTS20/data/volume_32_slice_107.npz,36
/kaggle/input/brats20-data/BraTS20/data/volume_32_slice_108.npz,36
/kaggle/input/brats20-data/BraTS20/data/volume_32_slice_109.npz,36
/kaggle/input/brats20-data/BraTS20/data/volume_32_slice_110.npz,51
/kaggle/input/brats20-data/BraTS20/data/volume_32_slice_111.npz,44
/kaggle/input/brats20-data/BraTS20/data/volume_32_slice_112.npz,44
/kaggle/input/brats20-data/BraTS20/data/volume_32_slice_113.npz,44
/kaggle/input/brats20-data/BraTS20/data/volume_32_slice_114.npz,44
/kaggle/input/brats20-data/BraTS20/data/volume_32_slice_115.npz,44
/kaggle/input/brats20-data/BraTS20/data/volume_32_slice_116.npz,44
/kaggle/input/brats20-data/BraTS20/data/volume_32_slice_117.npz,44
/kaggle/input/brats20-data/BraTS20/data/volume_32_slice_118.npz,44
/kaggle/input/brats20-data/BraTS20/data/volume_32_slice_119.npz,61
/kaggle/input/brats20-data/BraTS20/data/volume_32_slice_120.npz,61
/kaggle/input/brats20-data/BraTS20/data/volume_32_slice_121.npz,61
/kaggle/input/brats20-data/BraTS20/data/volume_32_slice_122.npz,78
/kaggle/input/brats20-data/BraTS20/data/volume_32_slice_123.npz,78
/kaggle/input/brats20-data/BraTS20/data/volume_32_slice_124.npz,78
/kaggle/input/brats20-data/BraTS20/data/volume_32_slice_125.npz,65
/kaggle/input/brats20-data/BraTS20/data/volume_32_slice_126.npz,11
/kaggle/input/brats20-data/BraTS20/data/volume_32_slice_127.npz,11
/kaggle/input/brats20-data/BraTS20/data/volume_32_slice_128.npz,11
/kaggle/input/brats20-data/BraTS20/data/volume_348_slice_80.npz,30
/kaggle/input/brats20-data/BraTS20/data/volume_348_slice_81.npz,30
/kaggle/input/brats20-data/BraTS20/data/volume_348_slice_82.npz,30
/kaggle/input/brats20-data/BraTS20/data/volume_348_slice_83.npz,15
/kaggle/input/brats20-data/BraTS20/data/volume_348_slice_84.npz,45
/kaggle/input/brats20-data/BraTS20/data/volume_348_slice_85.npz,57
/kaggle/input/brats20-data/BraTS20/data/volume_348_slice_86.npz,57
/kaggle/input/brats20-data/BraTS20/data/volume_348_slice_87.npz,57
/kaggle/input/brats20-data/BraTS20/data/volume_348_slice_88.npz,57
/kaggle/input/brats20-data/BraTS20/data/volume_348_slice_89.npz,57
/kaggle/input/brats20-data/BraTS20/data/volume_348_slice_90.npz,57
/kaggle/input/brats20-data/BraTS20/data/volume_348_slice_91.npz,57
/kaggle/input/brats20-data/BraTS20/data/volume_348_slice_92.npz,57
/kaggle/input/brats20-data/BraTS20/data/volume_348_slice_93.npz,57
/kaggle/input/brats20-data/BraTS20/data/volume_348_slice_94.npz,57
/kaggle/input/brats20-data/BraTS20/data/volume_348_slice_95.npz,5
/kaggle/input/brats20-data/BraTS20/data/volume_348_slice_96.npz,5
/kaggle/input/brats20-data/BraTS20/data/volume_348_slice_97.npz,2
/kaggle/input/brats20-data/BraTS20/data/volume_348_slice_98.npz,2
/kaggle/input/brats20-data/BraTS20/data/volume_348_slice_99.npz,2
/kaggle/input/brats20-data/BraTS20/data/volume_348_slice_100.npz,2
/kaggle/input/brats20-data/BraTS20/data/volume_348_slice_101.npz,2
/kaggle/input/brats20-data/BraTS20/data/volume_348_slice_102.npz,2
/kaggle/input/brats20-data/BraTS20/data/volume_348_slice_103.npz,2
/kaggle/input/brats20-data/BraTS20/data/volume_348_slice_104.npz,2
/kaggle/input/brats20-data/BraTS20/data/volume_348_slice_105.npz,2
/kaggle/input/brats20-data/BraTS20/data/volume_348_slice_106.npz,2
/kaggle/input/brats20-data/BraTS20/data/volume_348_slice_107.npz,2
/kaggle/input/brats20-data/BraTS20/data/volume_348_slice_108.npz,36
/kaggle/input/brats20-data/BraTS20/data/volume_348_slice_109.npz,36
/kaggle/input/brats20-data/BraTS20/data/volume_348_slice_110.npz,36
/kaggle/input/brats20-data/BraTS20/data/volume_348_slice_111.npz,36
/kaggle/input/brats20-data/BraTS20/data/volume_348_slice_112.npz,36
/kaggle/input/brats20-data/BraTS20/data/volume_348_slice_113.npz,44
/kaggle/input/brats20-data/BraTS20/data/volume_348_slice_114.npz,44
/kaggle/input/brats20-data/BraTS20/data/volume_348_slice_115.npz,44
/kaggle/input/brats20-data/BraTS20/data/volume_348_slice_116.npz,44
/kaggle/input/brats20-data/BraTS20/data/volume_348_slice_117.npz,44
/kaggle/input/brats20-data/BraTS20/data/volume_348_slice_118.npz,61
/kaggle/input/brats20-data/BraTS20/data/volume_348_slice_119.npz,61
/kaggle/input/brats20-data/BraTS20/data/volume_348_slice_120.npz,61
/kaggle/input/brats20-data/BraTS20/data/volume_348_slice_121.npz,61
/kaggle/input/brats20-data/BraTS20/data/volume_348_slice_122.npz,61
/kaggle/input/brats20-data/BraTS20/data/volume_348_slice_123.npz,61
/kaggle/input/brats20-data/BraTS20/data/volume_348_slice_124.npz,61
/kaggle/input/brats20-data/BraTS20/data/volume_348_slice_125.npz,61
/kaggle/input/brats20-data/BraTS20/data/volume_348_slice_126.npz,83
/kaggle/input/brats20-data/BraTS20/data/volume_348_slice_127.npz,83
/kaggle/input/brats20-data/BraTS20/data/volume_348_slice_128.npz,11
/kaggle/input/brats20-data/BraTS20/data/volume_240_slice_80.npz,0
/kaggle/input/brats20-data/BraTS20/data/volume_240_slice_81.npz,0
/kaggle/input/brats20-data/BraTS20/data/volume_240_slice_82.npz,0
/kaggle/input/brats20-data/BraTS20/data/volume_240_slice_83.npz,0
/kaggle/input/brats20-data/BraTS20/data/volume_240_slice_84.npz,0
/kaggle/input/brats20-data/BraTS20/data/volume_240_slice_85.npz,0
/kaggle/input/brats20-data/BraTS20/data/volume_240_slice_86.npz,0
/kaggle/input/brats20-data/BraTS20/data/volume_240_slice_87.npz,0
/kaggle/input/brats20-data/BraTS20/data/volume_240_slice_88.npz,0
/kaggle/input/brats20-data/BraTS20/data/volume_240_slice_89.npz,41
/kaggle/input/brats20-data/BraTS20/data/volume_240_slice_90.npz,41
/kaggle/input/brats20-data/BraTS20/data/volume_240_slice_91.npz,41
/kaggle/input/brats20-data/BraTS20/data/volume_240_slice_92.npz,50
/kaggle/input/brats20-data/BraTS20/data/volume_240_slice_93.npz,50
/kaggle/input/brats20-data/BraTS20/data/volume_240_slice_94.npz,50
/kaggle/input/brats20-data/BraTS20/data/volume_240_slice_95.npz,50
/kaggle/input/brats20-data/BraTS20/data/volume_240_slice_96.npz,84
/kaggle/input/brats20-data/BraTS20/data/volume_240_slice_97.npz,84
/kaggle/input/brats20-data/BraTS20/data/volume_240_slice_98.npz,84
/kaggle/input/brats20-data/BraTS20/data/volume_240_slice_99.npz,94
/kaggle/input/brats20-data/BraTS20/data/volume_240_slice_100.npz,94
/kaggle/input/brats20-data/BraTS20/data/volume_240_slice_101.npz,94
/kaggle/input/brats20-data/BraTS20/data/volume_240_slice_103.npz,94
/kaggle/input/brats20-data/BraTS20/data/volume_240_slice_104.npz,94
/kaggle/input/brats20-data/BraTS20/data/volume_240_slice_105.npz,94
/kaggle/input/brats20-data/BraTS20/data/volume_240_slice_106.npz,55
/kaggle/input/brats20-data/BraTS20/data/volume_240_slice_107.npz,70
/kaggle/input/brats20-data/BraTS20/data/volume_240_slice_108.npz,70
/kaggle/input/brats20-data/BraTS20/data/volume_240_slice_109.npz,70
/kaggle/input/brats20-data/BraTS20/data/volume_240_slice_110.npz,70
/kaggle/input/brats20-data/BraTS20/data/volume_240_slice_111.npz,70
/kaggle/input/brats20-data/BraTS20/data/volume_240_slice_112.npz,70
/kaggle/input/brats20-data/BraTS20/data/volume_240_slice_113.npz,70
/kaggle/input/brats20-data/BraTS20/data/volume_240_slice_114.npz,76
/kaggle/input/brats20-data/BraTS20/data/volume_240_slice_115.npz,76
/kaggle/input/brats20-data/BraTS20/data/volume_240_slice_116.npz,76
/kaggle/input/brats20-data/BraTS20/data/volume_240_slice_117.npz,51
/kaggle/input/brats20-data/BraTS20/data/volume_240_slice_118.npz,52
/kaggle/input/brats20-data/BraTS20/data/volume_240_slice_119.npz,98
/kaggle/input/brats20-data/BraTS20/data/volume_240_slice_120.npz,98
/kaggle/input/brats20-data/BraTS20/data/volume_240_slice_121.npz,98
/kaggle/input/brats20-data/BraTS20/data/volume_240_slice_122.npz,98
/kaggle/input/brats20-data/BraTS20/data/volume_240_slice_123.npz,98
/kaggle/input/brats20-data/BraTS20/data/volume_240_slice_124.npz,98
/kaggle/input/brats20-data/BraTS20/data/volume_240_slice_125.npz,78
/kaggle/input/brats20-data/BraTS20/data/volume_240_slice_126.npz,78
/kaggle/input/brats20-data/BraTS20/data/volume_240_slice_127.npz,78
/kaggle/input/brats20-data/BraTS20/data/volume_240_slice_128.npz,78
/kaggle/input/brats20-data/BraTS20/data/volume_260_slice_80.npz,38
/kaggle/input/brats20-data/BraTS20/data/volume_260_slice_81.npz,38
/kaggle/input/brats20-data/BraTS20/data/volume_260_slice_82.npz,38
/kaggle/input/brats20-data/BraTS20/data/volume_260_slice_83.npz,53
/kaggle/input/brats20-data/BraTS20/data/volume_260_slice_84.npz,53
/kaggle/input/brats20-data/BraTS20/data/volume_260_slice_85.npz,53
/kaggle/input/brats20-data/BraTS20/data/volume_260_slice_86.npz,53
/kaggle/input/brats20-data/BraTS20/data/volume_260_slice_87.npz,53
/kaggle/input/brats20-data/BraTS20/data/volume_260_slice_88.npz,53
/kaggle/input/brats20-data/BraTS20/data/volume_260_slice_89.npz,53
/kaggle/input/brats20-data/BraTS20/data/volume_260_slice_90.npz,53
/kaggle/input/brats20-data/BraTS20/data/volume_260_slice_91.npz,53
/kaggle/input/brats20-data/BraTS20/data/volume_260_slice_92.npz,9
/kaggle/input/brats20-data/BraTS20/data/volume_260_slice_93.npz,9
/kaggle/input/brats20-data/BraTS20/data/volume_260_slice_94.npz,9
/kaggle/input/brats20-data/BraTS20/data/volume_260_slice_95.npz,9
/kaggle/input/brats20-data/BraTS20/data/volume_260_slice_96.npz,60
/kaggle/input/brats20-data/BraTS20/data/volume_260_slice_97.npz,60
/kaggle/input/brats20-data/BraTS20/data/volume_260_slice_98.npz,60
/kaggle/input/brats20-data/BraTS20/data/volume_260_slice_99.npz,60
/kaggle/input/brats20-data/BraTS20/data/volume_260_slice_100.npz,60
/kaggle/input/brats20-data/BraTS20/data/volume_260_slice_101.npz,60
/kaggle/input/brats20-data/BraTS20/data/volume_260_slice_102.npz,60
/kaggle/input/brats20-data/BraTS20/data/volume_260_slice_103.npz,60
/kaggle/input/brats20-data/BraTS20/data/volume_260_slice_104.npz,60
/kaggle/input/brats20-data/BraTS20/data/volume_260_slice_105.npz,60
/kaggle/input/brats20-data/BraTS20/data/volume_260_slice_106.npz,60
/kaggle/input/brats20-data/BraTS20/data/volume_260_slice_107.npz,60
/kaggle/input/brats20-data/BraTS20/data/volume_260_slice_108.npz,51
/kaggle/input/brats20-data/BraTS20/data/volume_260_slice_109.npz,51
/kaggle/input/brats20-data/BraTS20/data/volume_260_slice_110.npz,51
/kaggle/input/brats20-data/BraTS20/data/volume_260_slice_111.npz,51
/kaggle/input/brats20-data/BraTS20/data/volume_260_slice_112.npz,51
/kaggle/input/brats20-data/BraTS20/data/volume_260_slice_113.npz,51
/kaggle/input/brats20-data/BraTS20/data/volume_260_slice_114.npz,51
/kaggle/input/brats20-data/BraTS20/data/volume_260_slice_115.npz,64
/kaggle/input/brats20-data/BraTS20/data/volume_260_slice_116.npz,64
/kaggle/input/brats20-data/BraTS20/data/volume_260_slice_117.npz,64
/kaggle/input/brats20-data/BraTS20/data/volume_260_slice_118.npz,64
/kaggle/input/brats20-data/BraTS20/data/volume_260_slice_119.npz,64
/kaggle/input/brats20-data/BraTS20/data/volume_260_slice_120.npz,64
/kaggle/input/brats20-data/BraTS20/data/volume_260_slice_121.npz,64
/kaggle/input/brats20-data/BraTS20/data/volume_260_slice_122.npz,64
/kaggle/input/brats20-data/BraTS20/data/volume_260_slice_123.npz,64
/kaggle/input/brats20-data/BraTS20/data/volume_260_slice_124.npz,87
/kaggle/input/brats20-data/BraTS20/data/volume_260_slice_125.npz,78
/kaggle/input/brats20-data/BraTS20/data/volume_260_slice_126.npz,78
/kaggle/input/brats20-data/BraTS20/data/volume_260_slice_127.npz,78
/kaggle/input/brats20-data/BraTS20/data/volume_260_slice_128.npz,78
/kaggle/input/brats20-data/BraTS20/data/volume_206_slice_80.npz,41
/kaggle/input/brats20-data/BraTS20/data/volume_206_slice_81.npz,41
/kaggle/input/brats20-data/BraTS20/data/volume_206_slice_82.npz,41
/kaggle/input/brats20-data/BraTS20/data/volume_206_slice_83.npz,41
/kaggle/input/brats20-data/BraTS20/data/volume_206_slice_84.npz,41
/kaggle/input/brats20-data/BraTS20/data/volume_206_slice_85.npz,41
/kaggle/input/brats20-data/BraTS20/data/volume_206_slice_86.npz,41
/kaggle/input/brats20-data/BraTS20/data/volume_206_slice_87.npz,41
/kaggle/input/brats20-data/BraTS20/data/volume_206_slice_88.npz,41
/kaggle/input/brats20-data/BraTS20/data/volume_206_slice_89.npz,41
/kaggle/input/brats20-data/BraTS20/data/volume_206_slice_90.npz,41
/kaggle/input/brats20-data/BraTS20/data/volume_206_slice_91.npz,41
/kaggle/input/brats20-data/BraTS20/data/volume_206_slice_94.npz,41
/kaggle/input/brats20-data/BraTS20/data/volume_206_slice_95.npz,41
/kaggle/input/brats20-data/BraTS20/data/volume_206_slice_96.npz,41
/kaggle/input/brats20-data/BraTS20/data/volume_206_slice_97.npz,81
/kaggle/input/brats20-data/BraTS20/data/volume_206_slice_98.npz,81
/kaggle/input/brats20-data/BraTS20/data/volume_206_slice_99.npz,81
/kaggle/input/brats20-data/BraTS20/data/volume_206_slice_100.npz,81
/kaggle/input/brats20-data/BraTS20/data/volume_206_slice_101.npz,94
/kaggle/input/brats20-data/BraTS20/data/volume_206_slice_102.npz,55
/kaggle/input/brats20-data/BraTS20/data/volume_206_slice_103.npz,71
/kaggle/input/brats20-data/BraTS20/data/volume_206_slice_104.npz,71
/kaggle/input/brats20-data/BraTS20/data/volume_206_slice_105.npz,71
/kaggle/input/brats20-data/BraTS20/data/volume_206_slice_106.npz,71
/kaggle/input/brats20-data/BraTS20/data/volume_206_slice_107.npz,71
/kaggle/input/brats20-data/BraTS20/data/volume_206_slice_108.npz,71
/kaggle/input/brats20-data/BraTS20/data/volume_206_slice_109.npz,71
/kaggle/input/brats20-data/BraTS20/data/volume_206_slice_110.npz,71
/kaggle/input/brats20-data/BraTS20/data/volume_206_slice_111.npz,71
/kaggle/input/brats20-data/BraTS20/data/volume_206_slice_112.npz,71
/kaggle/input/brats20-data/BraTS20/data/volume_206_slice_113.npz,71
/kaggle/input/brats20-data/BraTS20/data/volume_206_slice_114.npz,71
/kaggle/input/brats20-data/BraTS20/data/volume_206_slice_115.npz,36
/kaggle/input/brats20-data/BraTS20/data/volume_206_slice_116.npz,52
/kaggle/input/brats20-data/BraTS20/data/volume_206_slice_117.npz,52
/kaggle/input/brats20-data/BraTS20/data/volume_206_slice_118.npz,52
/kaggle/input/brats20-data/BraTS20/data/volume_206_slice_119.npz,54
/kaggle/input/brats20-data/BraTS20/data/volume_206_slice_120.npz,54
/kaggle/input/brats20-data/BraTS20/data/volume_206_slice_121.npz,69
/kaggle/input/brats20-data/BraTS20/data/volume_206_slice_122.npz,69
/kaggle/input/brats20-data/BraTS20/data/volume_206_slice_123.npz,69
/kaggle/input/brats20-data/BraTS20/data/volume_206_slice_124.npz,69
/kaggle/input/brats20-data/BraTS20/data/volume_206_slice_125.npz,75
/kaggle/input/brats20-data/BraTS20/data/volume_206_slice_126.npz,75
/kaggle/input/brats20-data/BraTS20/data/volume_206_slice_127.npz,75
/kaggle/input/brats20-data/BraTS20/data/volume_206_slice_128.npz,75
/kaggle/input/brats20-data/BraTS20/data/volume_55_slice_80.npz,26
/kaggle/input/brats20-data/BraTS20/data/volume_55_slice_81.npz,26
/kaggle/input/brats20-data/BraTS20/data/volume_55_slice_82.npz,26
/kaggle/input/brats20-data/BraTS20/data/volume_55_slice_83.npz,26
/kaggle/input/brats20-data/BraTS20/data/volume_55_slice_84.npz,15
/kaggle/input/brats20-data/BraTS20/data/volume_55_slice_85.npz,15
/kaggle/input/brats20-data/BraTS20/data/volume_55_slice_86.npz,15
/kaggle/input/brats20-data/BraTS20/data/volume_55_slice_87.npz,15
/kaggle/input/brats20-data/BraTS20/data/volume_55_slice_88.npz,15
/kaggle/input/brats20-data/BraTS20/data/volume_55_slice_89.npz,15
/kaggle/input/brats20-data/BraTS20/data/volume_55_slice_90.npz,15
/kaggle/input/brats20-data/BraTS20/data/volume_55_slice_91.npz,15
/kaggle/input/brats20-data/BraTS20/data/volume_55_slice_92.npz,15
/kaggle/input/brats20-data/BraTS20/data/volume_55_slice_93.npz,15
/kaggle/input/brats20-data/BraTS20/data/volume_55_slice_94.npz,15
/kaggle/input/brats20-data/BraTS20/data/volume_55_slice_95.npz,15
/kaggle/input/brats20-data/BraTS20/data/volume_55_slice_96.npz,15
/kaggle/input/brats20-data/BraTS20/data/volume_55_slice_97.npz,15
/kaggle/input/brats20-data/BraTS20/data/volume_55_slice_98.npz,15
/kaggle/input/brats20-data/BraTS20/data/volume_55_slice_99.npz,50
/kaggle/input/brats20-data/BraTS20/data/volume_55_slice_101.npz,50
/kaggle/input/brats20-data/BraTS20/data/volume_55_slice_102.npz,94
/kaggle/input/brats20-data/BraTS20/data/volume_55_slice_103.npz,94
/kaggle/input/brats20-data/BraTS20/data/volume_55_slice_104.npz,94
/kaggle/input/brats20-data/BraTS20/data/volume_55_slice_105.npz,94
/kaggle/input/brats20-data/BraTS20/data/volume_55_slice_106.npz,94
/kaggle/input/brats20-data/BraTS20/data/volume_55_slice_107.npz,94
/kaggle/input/brats20-data/BraTS20/data/volume_55_slice_108.npz,94
/kaggle/input/brats20-data/BraTS20/data/volume_55_slice_109.npz,94
/kaggle/input/brats20-data/BraTS20/data/volume_55_slice_110.npz,70
/kaggle/input/brats20-data/BraTS20/data/volume_55_slice_111.npz,70
/kaggle/input/brats20-data/BraTS20/data/volume_55_slice_112.npz,70
/kaggle/input/brats20-data/BraTS20/data/volume_55_slice_113.npz,70
/kaggle/input/brats20-data/BraTS20/data/volume_55_slice_114.npz,70
/kaggle/input/brats20-data/BraTS20/data/volume_55_slice_115.npz,70
/kaggle/input/brats20-data/BraTS20/data/volume_55_slice_116.npz,36
/kaggle/input/brats20-data/BraTS20/data/volume_55_slice_117.npz,76
/kaggle/input/brats20-data/BraTS20/data/volume_55_slice_118.npz,76
/kaggle/input/brats20-data/BraTS20/data/volume_55_slice_119.npz,76
/kaggle/input/brats20-data/BraTS20/data/volume_55_slice_120.npz,76
/kaggle/input/brats20-data/BraTS20/data/volume_55_slice_121.npz,76
/kaggle/input/brats20-data/BraTS20/data/volume_55_slice_122.npz,76
/kaggle/input/brats20-data/BraTS20/data/volume_55_slice_123.npz,93
/kaggle/input/brats20-data/BraTS20/data/volume_55_slice_124.npz,93
/kaggle/input/brats20-data/BraTS20/data/volume_55_slice_125.npz,93
/kaggle/input/brats20-data/BraTS20/data/volume_55_slice_126.npz,93
/kaggle/input/brats20-data/BraTS20/data/volume_55_slice_127.npz,93
/kaggle/input/brats20-data/BraTS20/data/volume_55_slice_128.npz,82
/kaggle/input/brats20-data/BraTS20/data/volume_130_slice_80.npz,38
/kaggle/input/brats20-data/BraTS20/data/volume_130_slice_81.npz,38
/kaggle/input/brats20-data/BraTS20/data/volume_130_slice_82.npz,38
/kaggle/input/brats20-data/BraTS20/data/volume_130_slice_83.npz,38
/kaggle/input/brats20-data/BraTS20/data/volume_130_slice_84.npz,38
/kaggle/input/brats20-data/BraTS20/data/volume_130_slice_85.npz,38
/kaggle/input/brats20-data/BraTS20/data/volume_130_slice_86.npz,38
/kaggle/input/brats20-data/BraTS20/data/volume_130_slice_87.npz,38
/kaggle/input/brats20-data/BraTS20/data/volume_130_slice_88.npz,38
/kaggle/input/brats20-data/BraTS20/data/volume_130_slice_89.npz,38
/kaggle/input/brats20-data/BraTS20/data/volume_130_slice_90.npz,38
/kaggle/input/brats20-data/BraTS20/data/volume_130_slice_91.npz,41
/kaggle/input/brats20-data/BraTS20/data/volume_130_slice_92.npz,41
/kaggle/input/brats20-data/BraTS20/data/volume_130_slice_93.npz,41
/kaggle/input/brats20-data/BraTS20/data/volume_130_slice_94.npz,41
/kaggle/input/brats20-data/BraTS20/data/volume_130_slice_95.npz,41
/kaggle/input/brats20-data/BraTS20/data/volume_130_slice_96.npz,41
/kaggle/input/brats20-data/BraTS20/data/volume_130_slice_97.npz,53
/kaggle/input/brats20-data/BraTS20/data/volume_130_slice_98.npz,53
/kaggle/input/brats20-data/BraTS20/data/volume_130_slice_99.npz,4
/kaggle/input/brats20-data/BraTS20/data/volume_130_slice_100.npz,4
/kaggle/input/brats20-data/BraTS20/data/volume_130_slice_101.npz,4
/kaggle/input/brats20-data/BraTS20/data/volume_130_slice_102.npz,4
/kaggle/input/brats20-data/BraTS20/data/volume_130_slice_103.npz,4
/kaggle/input/brats20-data/BraTS20/data/volume_130_slice_104.npz,4
/kaggle/input/brats20-data/BraTS20/data/volume_130_slice_105.npz,4
/kaggle/input/brats20-data/BraTS20/data/volume_130_slice_106.npz,4
/kaggle/input/brats20-data/BraTS20/data/volume_130_slice_107.npz,55
/kaggle/input/brats20-data/BraTS20/data/volume_130_slice_108.npz,55
/kaggle/input/brats20-data/BraTS20/data/volume_130_slice_109.npz,71
/kaggle/input/brats20-data/BraTS20/data/volume_130_slice_110.npz,91
/kaggle/input/brats20-data/BraTS20/data/volume_130_slice_111.npz,91
/kaggle/input/brats20-data/BraTS20/data/volume_130_slice_112.npz,91
/kaggle/input/brats20-data/BraTS20/data/volume_130_slice_113.npz,91
/kaggle/input/brats20-data/BraTS20/data/volume_130_slice_114.npz,36
/kaggle/input/brats20-data/BraTS20/data/volume_130_slice_115.npz,64
/kaggle/input/brats20-data/BraTS20/data/volume_130_slice_116.npz,64
/kaggle/input/brats20-data/BraTS20/data/volume_130_slice_117.npz,64
/kaggle/input/brats20-data/BraTS20/data/volume_130_slice_118.npz,64
/kaggle/input/brats20-data/BraTS20/data/volume_130_slice_119.npz,64
/kaggle/input/brats20-data/BraTS20/data/volume_130_slice_120.npz,64
/kaggle/input/brats20-data/BraTS20/data/volume_130_slice_121.npz,64
/kaggle/input/brats20-data/BraTS20/data/volume_130_slice_122.npz,87
/kaggle/input/brats20-data/BraTS20/data/volume_130_slice_123.npz,87
/kaggle/input/brats20-data/BraTS20/data/volume_130_slice_124.npz,87
/kaggle/input/brats20-data/BraTS20/data/volume_130_slice_125.npz,87
/kaggle/input/brats20-data/BraTS20/data/volume_130_slice_126.npz,87
/kaggle/input/brats20-data/BraTS20/data/volume_130_slice_127.npz,78
/kaggle/input/brats20-data/BraTS20/data/volume_130_slice_128.npz,78
/kaggle/input/brats20-data/BraTS20/data/volume_96_slice_80.npz,26
/kaggle/input/brats20-data/BraTS20/data/volume_96_slice_81.npz,26
/kaggle/input/brats20-data/BraTS20/data/volume_96_slice_82.npz,26
/kaggle/input/brats20-data/BraTS20/data/volume_96_slice_83.npz,26
/kaggle/input/brats20-data/BraTS20/data/volume_96_slice_84.npz,26
/kaggle/input/brats20-data/BraTS20/data/volume_96_slice_85.npz,59
/kaggle/input/brats20-data/BraTS20/data/volume_96_slice_86.npz,59
/kaggle/input/brats20-data/BraTS20/data/volume_96_slice_87.npz,59
/kaggle/input/brats20-data/BraTS20/data/volume_96_slice_88.npz,59
/kaggle/input/brats20-data/BraTS20/data/volume_96_slice_89.npz,59
/kaggle/input/brats20-data/BraTS20/data/volume_96_slice_90.npz,59
/kaggle/input/brats20-data/BraTS20/data/volume_96_slice_91.npz,59
/kaggle/input/brats20-data/BraTS20/data/volume_96_slice_92.npz,27
/kaggle/input/brats20-data/BraTS20/data/volume_96_slice_93.npz,27
/kaggle/input/brats20-data/BraTS20/data/volume_96_slice_94.npz,27
/kaggle/input/brats20-data/BraTS20/data/volume_96_slice_95.npz,25
/kaggle/input/brats20-data/BraTS20/data/volume_96_slice_96.npz,25
/kaggle/input/brats20-data/BraTS20/data/volume_96_slice_97.npz,25
/kaggle/input/brats20-data/BraTS20/data/volume_96_slice_98.npz,2
/kaggle/input/brats20-data/BraTS20/data/volume_96_slice_99.npz,2
/kaggle/input/brats20-data/BraTS20/data/volume_96_slice_100.npz,2
/kaggle/input/brats20-data/BraTS20/data/volume_96_slice_101.npz,2
/kaggle/input/brats20-data/BraTS20/data/volume_96_slice_102.npz,2
/kaggle/input/brats20-data/BraTS20/data/volume_96_slice_103.npz,2
/kaggle/input/brats20-data/BraTS20/data/volume_96_slice_104.npz,2
/kaggle/input/brats20-data/BraTS20/data/volume_96_slice_105.npz,2
/kaggle/input/brats20-data/BraTS20/data/volume_96_slice_106.npz,2
/kaggle/input/brats20-data/BraTS20/data/volume_96_slice_107.npz,2
/kaggle/input/brats20-data/BraTS20/data/volume_96_slice_108.npz,2
/kaggle/input/brats20-data/BraTS20/data/volume_96_slice_109.npz,36
/kaggle/input/brats20-data/BraTS20/data/volume_96_slice_110.npz,76
/kaggle/input/brats20-data/BraTS20/data/volume_96_slice_111.npz,51
/kaggle/input/brats20-data/BraTS20/data/volume_96_slice_112.npz,51
/kaggle/input/brats20-data/BraTS20/data/volume_96_slice_113.npz,51
/kaggle/input/brats20-data/BraTS20/data/volume_96_slice_114.npz,98
/kaggle/input/brats20-data/BraTS20/data/volume_96_slice_115.npz,98
/kaggle/input/brats20-data/BraTS20/data/volume_96_slice_116.npz,98
/kaggle/input/brats20-data/BraTS20/data/volume_96_slice_117.npz,98
/kaggle/input/brats20-data/BraTS20/data/volume_96_slice_118.npz,98
/kaggle/input/brats20-data/BraTS20/data/volume_96_slice_119.npz,98
/kaggle/input/brats20-data/BraTS20/data/volume_96_slice_120.npz,82
/kaggle/input/brats20-data/BraTS20/data/volume_96_slice_121.npz,82
/kaggle/input/brats20-data/BraTS20/data/volume_96_slice_122.npz,82
/kaggle/input/brats20-data/BraTS20/data/volume_96_slice_123.npz,88
/kaggle/input/brats20-data/BraTS20/data/volume_96_slice_124.npz,88
/kaggle/input/brats20-data/BraTS20/data/volume_96_slice_125.npz,88
/kaggle/input/brats20-data/BraTS20/data/volume_96_slice_126.npz,83
/kaggle/input/brats20-data/BraTS20/data/volume_96_slice_127.npz,83
/kaggle/input/brats20-data/BraTS20/data/volume_96_slice_128.npz,83
/kaggle/input/brats20-data/BraTS20/data/volume_39_slice_80.npz,26
/kaggle/input/brats20-data/BraTS20/data/volume_39_slice_81.npz,26
/kaggle/input/brats20-data/BraTS20/data/volume_39_slice_82.npz,26
/kaggle/input/brats20-data/BraTS20/data/volume_39_slice_83.npz,26
/kaggle/input/brats20-data/BraTS20/data/volume_39_slice_84.npz,26
/kaggle/input/brats20-data/BraTS20/data/volume_39_slice_85.npz,26
/kaggle/input/brats20-data/BraTS20/data/volume_39_slice_86.npz,26
/kaggle/input/brats20-data/BraTS20/data/volume_39_slice_87.npz,26
/kaggle/input/brats20-data/BraTS20/data/volume_39_slice_88.npz,26
/kaggle/input/brats20-data/BraTS20/data/volume_39_slice_89.npz,26
/kaggle/input/brats20-data/BraTS20/data/volume_39_slice_90.npz,26
/kaggle/input/brats20-data/BraTS20/data/volume_39_slice_91.npz,18
/kaggle/input/brats20-data/BraTS20/data/volume_39_slice_92.npz,18
/kaggle/input/brats20-data/BraTS20/data/volume_39_slice_93.npz,18
/kaggle/input/brats20-data/BraTS20/data/volume_39_slice_94.npz,18
/kaggle/input/brats20-data/BraTS20/data/volume_39_slice_95.npz,18
/kaggle/input/brats20-data/BraTS20/data/volume_39_slice_96.npz,18
/kaggle/input/brats20-data/BraTS20/data/volume_39_slice_97.npz,18
/kaggle/input/brats20-data/BraTS20/data/volume_39_slice_98.npz,2
/kaggle/input/brats20-data/BraTS20/data/volume_39_slice_99.npz,2
/kaggle/input/brats20-data/BraTS20/data/volume_39_slice_100.npz,2
/kaggle/input/brats20-data/BraTS20/data/volume_39_slice_101.npz,2
/kaggle/input/brats20-data/BraTS20/data/volume_39_slice_102.npz,2
/kaggle/input/brats20-data/BraTS20/data/volume_39_slice_103.npz,2
/kaggle/input/brats20-data/BraTS20/data/volume_39_slice_104.npz,2
/kaggle/input/brats20-data/BraTS20/data/volume_39_slice_105.npz,2
/kaggle/input/brats20-data/BraTS20/data/volume_39_slice_106.npz,2
/kaggle/input/brats20-data/BraTS20/data/volume_39_slice_107.npz,2
/kaggle/input/brats20-data/BraTS20/data/volume_39_slice_108.npz,2
/kaggle/input/brats20-data/BraTS20/data/volume_39_slice_109.npz,76
/kaggle/input/brats20-data/BraTS20/data/volume_39_slice_110.npz,76
/kaggle/input/brats20-data/BraTS20/data/volume_39_slice_111.npz,76
/kaggle/input/brats20-data/BraTS20/data/volume_39_slice_112.npz,76
/kaggle/input/brats20-data/BraTS20/data/volume_39_slice_113.npz,76
/kaggle/input/brats20-data/BraTS20/data/volume_39_slice_114.npz,52
/kaggle/input/brats20-data/BraTS20/data/volume_39_slice_115.npz,52
/kaggle/input/brats20-data/BraTS20/data/volume_39_slice_116.npz,98
/kaggle/input/brats20-data/BraTS20/data/volume_39_slice_117.npz,98
/kaggle/input/brats20-data/BraTS20/data/volume_39_slice_118.npz,98
/kaggle/input/brats20-data/BraTS20/data/volume_39_slice_119.npz,98
/kaggle/input/brats20-data/BraTS20/data/volume_39_slice_120.npz,82
/kaggle/input/brats20-data/BraTS20/data/volume_39_slice_121.npz,61
/kaggle/input/brats20-data/BraTS20/data/volume_39_slice_122.npz,61
/kaggle/input/brats20-data/BraTS20/data/volume_39_slice_123.npz,61
/kaggle/input/brats20-data/BraTS20/data/volume_39_slice_124.npz,61
/kaggle/input/brats20-data/BraTS20/data/volume_39_slice_125.npz,89
/kaggle/input/brats20-data/BraTS20/data/volume_39_slice_126.npz,83
/kaggle/input/brats20-data/BraTS20/data/volume_39_slice_127.npz,83
/kaggle/input/brats20-data/BraTS20/data/volume_39_slice_128.npz,83
/kaggle/input/brats20-data/BraTS20/data/volume_154_slice_80.npz,13
/kaggle/input/brats20-data/BraTS20/data/volume_154_slice_81.npz,13
/kaggle/input/brats20-data/BraTS20/data/volume_154_slice_82.npz,13
/kaggle/input/brats20-data/BraTS20/data/volume_154_slice_83.npz,13
/kaggle/input/brats20-data/BraTS20/data/volume_154_slice_84.npz,41
/kaggle/input/brats20-data/BraTS20/data/volume_154_slice_85.npz,41
/kaggle/input/brats20-data/BraTS20/data/volume_154_slice_86.npz,38
/kaggle/input/brats20-data/BraTS20/data/volume_154_slice_87.npz,38
/kaggle/input/brats20-data/BraTS20/data/volume_154_slice_88.npz,38
/kaggle/input/brats20-data/BraTS20/data/volume_154_slice_89.npz,38
/kaggle/input/brats20-data/BraTS20/data/volume_154_slice_90.npz,38
/kaggle/input/brats20-data/BraTS20/data/volume_154_slice_91.npz,55
/kaggle/input/brats20-data/BraTS20/data/volume_154_slice_92.npz,55
/kaggle/input/brats20-data/BraTS20/data/volume_154_slice_93.npz,55
/kaggle/input/brats20-data/BraTS20/data/volume_154_slice_94.npz,55
/kaggle/input/brats20-data/BraTS20/data/volume_154_slice_95.npz,55
/kaggle/input/brats20-data/BraTS20/data/volume_154_slice_96.npz,55
/kaggle/input/brats20-data/BraTS20/data/volume_154_slice_97.npz,55
/kaggle/input/brats20-data/BraTS20/data/volume_154_slice_98.npz,55
/kaggle/input/brats20-data/BraTS20/data/volume_154_slice_99.npz,55
/kaggle/input/brats20-data/BraTS20/data/volume_154_slice_100.npz,55
/kaggle/input/brats20-data/BraTS20/data/volume_154_slice_101.npz,16
/kaggle/input/brats20-data/BraTS20/data/volume_154_slice_102.npz,48
/kaggle/input/brats20-data/BraTS20/data/volume_154_slice_103.npz,48
/kaggle/input/brats20-data/BraTS20/data/volume_154_slice_104.npz,48
/kaggle/input/brats20-data/BraTS20/data/volume_154_slice_105.npz,48
/kaggle/input/brats20-data/BraTS20/data/volume_154_slice_106.npz,48
/kaggle/input/brats20-data/BraTS20/data/volume_154_slice_107.npz,48
/kaggle/input/brats20-data/BraTS20/data/volume_154_slice_108.npz,48
/kaggle/input/brats20-data/BraTS20/data/volume_154_slice_109.npz,48
/kaggle/input/brats20-data/BraTS20/data/volume_154_slice_110.npz,48
/kaggle/input/brats20-data/BraTS20/data/volume_154_slice_111.npz,48
/kaggle/input/brats20-data/BraTS20/data/volume_154_slice_112.npz,48
/kaggle/input/brats20-data/BraTS20/data/volume_154_slice_113.npz,48
/kaggle/input/brats20-data/BraTS20/data/volume_154_slice_114.npz,36
/kaggle/input/brats20-data/BraTS20/data/volume_154_slice_115.npz,36
/kaggle/input/brats20-data/BraTS20/data/volume_154_slice_116.npz,86
/kaggle/input/brats20-data/BraTS20/data/volume_154_slice_117.npz,90
/kaggle/input/brats20-data/BraTS20/data/volume_154_slice_118.npz,98
/kaggle/input/brats20-data/BraTS20/data/volume_154_slice_119.npz,98
/kaggle/input/brats20-data/BraTS20/data/volume_154_slice_120.npz,98
/kaggle/input/brats20-data/BraTS20/data/volume_154_slice_121.npz,98
/kaggle/input/brats20-data/BraTS20/data/volume_154_slice_122.npz,98
/kaggle/input/brats20-data/BraTS20/data/volume_154_slice_123.npz,61
/kaggle/input/brats20-data/BraTS20/data/volume_154_slice_124.npz,61
/kaggle/input/brats20-data/BraTS20/data/volume_154_slice_125.npz,61
/kaggle/input/brats20-data/BraTS20/data/volume_154_slice_126.npz,83
/kaggle/input/brats20-data/BraTS20/data/volume_154_slice_127.npz,83
/kaggle/input/brats20-data/BraTS20/data/volume_154_slice_128.npz,83
/kaggle/input/brats20-data/BraTS20/data/volume_121_slice_80.npz,8
/kaggle/input/brats20-data/BraTS20/data/volume_121_slice_81.npz,8
/kaggle/input/brats20-data/BraTS20/data/volume_121_slice_82.npz,8
/kaggle/input/brats20-data/BraTS20/data/volume_121_slice_83.npz,8
/kaggle/input/brats20-data/BraTS20/data/volume_121_slice_84.npz,8
/kaggle/input/brats20-data/BraTS20/data/volume_121_slice_85.npz,8
/kaggle/input/brats20-data/BraTS20/data/volume_121_slice_86.npz,8
/kaggle/input/brats20-data/BraTS20/data/volume_121_slice_87.npz,8
/kaggle/input/brats20-data/BraTS20/data/volume_121_slice_88.npz,8
/kaggle/input/brats20-data/BraTS20/data/volume_121_slice_89.npz,8
/kaggle/input/brats20-data/BraTS20/data/volume_121_slice_90.npz,8
/kaggle/input/brats20-data/BraTS20/data/volume_121_slice_91.npz,8
/kaggle/input/brats20-data/BraTS20/data/volume_121_slice_92.npz,8
/kaggle/input/brats20-data/BraTS20/data/volume_121_slice_93.npz,8
/kaggle/input/brats20-data/BraTS20/data/volume_121_slice_94.npz,8
/kaggle/input/brats20-data/BraTS20/data/volume_121_slice_95.npz,8
/kaggle/input/brats20-data/BraTS20/data/volume_121_slice_96.npz,8
/kaggle/input/brats20-data/BraTS20/data/volume_121_slice_97.npz,8
/kaggle/input/brats20-data/BraTS20/data/volume_121_slice_98.npz,8
/kaggle/input/brats20-data/BraTS20/data/volume_121_slice_99.npz,8
/kaggle/input/brats20-data/BraTS20/data/volume_121_slice_100.npz,8
/kaggle/input/brats20-data/BraTS20/data/volume_121_slice_101.npz,49
/kaggle/input/brats20-data/BraTS20/data/volume_121_slice_102.npz,49
/kaggle/input/brats20-data/BraTS20/data/volume_121_slice_103.npz,49
/kaggle/input/brats20-data/BraTS20/data/volume_121_slice_104.npz,49
/kaggle/input/brats20-data/BraTS20/data/volume_121_slice_105.npz,49
/kaggle/input/brats20-data/BraTS20/data/volume_121_slice_106.npz,49
/kaggle/input/brats20-data/BraTS20/data/volume_121_slice_107.npz,49
/kaggle/input/brats20-data/BraTS20/data/volume_121_slice_108.npz,49
/kaggle/input/brats20-data/BraTS20/data/volume_121_slice_109.npz,49
/kaggle/input/brats20-data/BraTS20/data/volume_121_slice_110.npz,2
/kaggle/input/brats20-data/BraTS20/data/volume_121_slice_111.npz,2
/kaggle/input/brats20-data/BraTS20/data/volume_121_slice_112.npz,2
/kaggle/input/brats20-data/BraTS20/data/volume_121_slice_113.npz,2
/kaggle/input/brats20-data/BraTS20/data/volume_121_slice_114.npz,76
/kaggle/input/brats20-data/BraTS20/data/volume_121_slice_115.npz,76
/kaggle/input/brats20-data/BraTS20/data/volume_121_slice_116.npz,76
/kaggle/input/brats20-data/BraTS20/data/volume_121_slice_117.npz,44
/kaggle/input/brats20-data/BraTS20/data/volume_121_slice_118.npz,44
/kaggle/input/brats20-data/BraTS20/data/volume_121_slice_119.npz,44
/kaggle/input/brats20-data/BraTS20/data/volume_121_slice_120.npz,44
/kaggle/input/brats20-data/BraTS20/data/volume_121_slice_121.npz,39
/kaggle/input/brats20-data/BraTS20/data/volume_121_slice_122.npz,39
/kaggle/input/brats20-data/BraTS20/data/volume_121_slice_123.npz,62
/kaggle/input/brats20-data/BraTS20/data/volume_121_slice_124.npz,61
/kaggle/input/brats20-data/BraTS20/data/volume_121_slice_126.npz,61
/kaggle/input/brats20-data/BraTS20/data/volume_121_slice_127.npz,89
/kaggle/input/brats20-data/BraTS20/data/volume_121_slice_128.npz,83
/kaggle/input/brats20-data/BraTS20/data/volume_177_slice_80.npz,41
/kaggle/input/brats20-data/BraTS20/data/volume_177_slice_81.npz,41
/kaggle/input/brats20-data/BraTS20/data/volume_177_slice_82.npz,41
/kaggle/input/brats20-data/BraTS20/data/volume_177_slice_83.npz,41
/kaggle/input/brats20-data/BraTS20/data/volume_177_slice_84.npz,41
/kaggle/input/brats20-data/BraTS20/data/volume_177_slice_85.npz,41
/kaggle/input/brats20-data/BraTS20/data/volume_177_slice_86.npz,41
/kaggle/input/brats20-data/BraTS20/data/volume_177_slice_87.npz,41
/kaggle/input/brats20-data/BraTS20/data/volume_177_slice_88.npz,41
/kaggle/input/brats20-data/BraTS20/data/volume_177_slice_89.npz,41
/kaggle/input/brats20-data/BraTS20/data/volume_177_slice_90.npz,50
/kaggle/input/brats20-data/BraTS20/data/volume_177_slice_91.npz,50
/kaggle/input/brats20-data/BraTS20/data/volume_177_slice_92.npz,50
/kaggle/input/brats20-data/BraTS20/data/volume_177_slice_93.npz,84
/kaggle/input/brats20-data/BraTS20/data/volume_177_slice_94.npz,84
/kaggle/input/brats20-data/BraTS20/data/volume_177_slice_95.npz,84
/kaggle/input/brats20-data/BraTS20/data/volume_177_slice_96.npz,94
/kaggle/input/brats20-data/BraTS20/data/volume_177_slice_97.npz,94
/kaggle/input/brats20-data/BraTS20/data/volume_177_slice_98.npz,94
/kaggle/input/brats20-data/BraTS20/data/volume_177_slice_99.npz,94
/kaggle/input/brats20-data/BraTS20/data/volume_177_slice_100.npz,94
/kaggle/input/brats20-data/BraTS20/data/volume_177_slice_101.npz,55
/kaggle/input/brats20-data/BraTS20/data/volume_177_slice_102.npz,55
/kaggle/input/brats20-data/BraTS20/data/volume_177_slice_103.npz,70
/kaggle/input/brats20-data/BraTS20/data/volume_177_slice_104.npz,70
/kaggle/input/brats20-data/BraTS20/data/volume_177_slice_105.npz,70
/kaggle/input/brats20-data/BraTS20/data/volume_177_slice_106.npz,70
/kaggle/input/brats20-data/BraTS20/data/volume_177_slice_107.npz,72
/kaggle/input/brats20-data/BraTS20/data/volume_177_slice_108.npz,72
/kaggle/input/brats20-data/BraTS20/data/volume_177_slice_109.npz,72
/kaggle/input/brats20-data/BraTS20/data/volume_177_slice_110.npz,72
/kaggle/input/brats20-data/BraTS20/data/volume_177_slice_111.npz,72
/kaggle/input/brats20-data/BraTS20/data/volume_177_slice_112.npz,76
/kaggle/input/brats20-data/BraTS20/data/volume_177_slice_113.npz,66
/kaggle/input/brats20-data/BraTS20/data/volume_177_slice_114.npz,52
/kaggle/input/brats20-data/BraTS20/data/volume_177_slice_115.npz,93
/kaggle/input/brats20-data/BraTS20/data/volume_177_slice_116.npz,93
/kaggle/input/brats20-data/BraTS20/data/volume_177_slice_117.npz,93
/kaggle/input/brats20-data/BraTS20/data/volume_177_slice_118.npz,93
/kaggle/input/brats20-data/BraTS20/data/volume_177_slice_119.npz,69
/kaggle/input/brats20-data/BraTS20/data/volume_177_slice_120.npz,69
/kaggle/input/brats20-data/BraTS20/data/volume_177_slice_121.npz,69
/kaggle/input/brats20-data/BraTS20/data/volume_177_slice_122.npz,69
/kaggle/input/brats20-data/BraTS20/data/volume_177_slice_123.npz,69
/kaggle/input/brats20-data/BraTS20/data/volume_177_slice_124.npz,78
/kaggle/input/brats20-data/BraTS20/data/volume_177_slice_125.npz,89
/kaggle/input/brats20-data/BraTS20/data/volume_177_slice_126.npz,75
/kaggle/input/brats20-data/BraTS20/data/volume_177_slice_127.npz,83
/kaggle/input/brats20-data/BraTS20/data/volume_177_slice_128.npz,83
/kaggle/input/brats20-data/BraTS20/data/volume_139_slice_80.npz,0
/kaggle/input/brats20-data/BraTS20/data/volume_139_slice_81.npz,0
/kaggle/input/brats20-data/BraTS20/data/volume_139_slice_82.npz,0
/kaggle/input/brats20-data/BraTS20/data/volume_139_slice_83.npz,0
/kaggle/input/brats20-data/BraTS20/data/volume_139_slice_84.npz,0
/kaggle/input/brats20-data/BraTS20/data/volume_139_slice_85.npz,0
/kaggle/input/brats20-data/BraTS20/data/volume_139_slice_86.npz,0
/kaggle/input/brats20-data/BraTS20/data/volume_139_slice_87.npz,0
/kaggle/input/brats20-data/BraTS20/data/volume_139_slice_88.npz,0
/kaggle/input/brats20-data/BraTS20/data/volume_139_slice_89.npz,0
/kaggle/input/brats20-data/BraTS20/data/volume_139_slice_90.npz,41
/kaggle/input/brats20-data/BraTS20/data/volume_139_slice_91.npz,81
/kaggle/input/brats20-data/BraTS20/data/volume_139_slice_92.npz,81
/kaggle/input/brats20-data/BraTS20/data/volume_139_slice_93.npz,41
/kaggle/input/brats20-data/BraTS20/data/volume_139_slice_94.npz,41
/kaggle/input/brats20-data/BraTS20/data/volume_139_slice_95.npz,41
/kaggle/input/brats20-data/BraTS20/data/volume_139_slice_96.npz,41
/kaggle/input/brats20-data/BraTS20/data/volume_139_slice_97.npz,50
/kaggle/input/brats20-data/BraTS20/data/volume_139_slice_98.npz,50
/kaggle/input/brats20-data/BraTS20/data/volume_139_slice_99.npz,41
/kaggle/input/brats20-data/BraTS20/data/volume_139_slice_100.npz,41
/kaggle/input/brats20-data/BraTS20/data/volume_139_slice_101.npz,41
/kaggle/input/brats20-data/BraTS20/data/volume_139_slice_102.npz,4
/kaggle/input/brats20-data/BraTS20/data/volume_139_slice_103.npz,4
/kaggle/input/brats20-data/BraTS20/data/volume_139_slice_104.npz,4
/kaggle/input/brats20-data/BraTS20/data/volume_139_slice_105.npz,4
/kaggle/input/brats20-data/BraTS20/data/volume_139_slice_106.npz,4
/kaggle/input/brats20-data/BraTS20/data/volume_139_slice_107.npz,4
/kaggle/input/brats20-data/BraTS20/data/volume_139_slice_108.npz,4
/kaggle/input/brats20-data/BraTS20/data/volume_139_slice_109.npz,4
/kaggle/input/brats20-data/BraTS20/data/volume_139_slice_110.npz,71
/kaggle/input/brats20-data/BraTS20/data/volume_139_slice_111.npz,71
/kaggle/input/brats20-data/BraTS20/data/volume_139_slice_112.npz,70
/kaggle/input/brats20-data/BraTS20/data/volume_139_slice_113.npz,70
/kaggle/input/brats20-data/BraTS20/data/volume_139_slice_114.npz,70
/kaggle/input/brats20-data/BraTS20/data/volume_139_slice_115.npz,70
/kaggle/input/brats20-data/BraTS20/data/volume_139_slice_116.npz,70
/kaggle/input/brats20-data/BraTS20/data/volume_139_slice_117.npz,36
/kaggle/input/brats20-data/BraTS20/data/volume_139_slice_118.npz,51
/kaggle/input/brats20-data/BraTS20/data/volume_139_slice_119.npz,51
/kaggle/input/brats20-data/BraTS20/data/volume_139_slice_120.npz,64
/kaggle/input/brats20-data/BraTS20/data/volume_139_slice_121.npz,64
/kaggle/input/brats20-data/BraTS20/data/volume_139_slice_122.npz,64
/kaggle/input/brats20-data/BraTS20/data/volume_139_slice_123.npz,64
/kaggle/input/brats20-data/BraTS20/data/volume_139_slice_124.npz,98
/kaggle/input/brats20-data/BraTS20/data/volume_139_slice_125.npz,98
/kaggle/input/brats20-data/BraTS20/data/volume_139_slice_126.npz,98
/kaggle/input/brats20-data/BraTS20/data/volume_139_slice_127.npz,78
/kaggle/input/brats20-data/BraTS20/data/volume_139_slice_128.npz,78
/kaggle/input/brats20-data/BraTS20/data/volume_153_slice_80.npz,38
/kaggle/input/brats20-data/BraTS20/data/volume_153_slice_81.npz,38
/kaggle/input/brats20-data/BraTS20/data/volume_153_slice_82.npz,46
/kaggle/input/brats20-data/BraTS20/data/volume_153_slice_83.npz,46
/kaggle/input/brats20-data/BraTS20/data/volume_153_slice_84.npz,46
/kaggle/input/brats20-data/BraTS20/data/volume_153_slice_85.npz,46
/kaggle/input/brats20-data/BraTS20/data/volume_153_slice_86.npz,46
/kaggle/input/brats20-data/BraTS20/data/volume_153_slice_87.npz,9
/kaggle/input/brats20-data/BraTS20/data/volume_153_slice_88.npz,9
/kaggle/input/brats20-data/BraTS20/data/volume_153_slice_89.npz,9
/kaggle/input/brats20-data/BraTS20/data/volume_153_slice_90.npz,9
/kaggle/input/brats20-data/BraTS20/data/volume_153_slice_91.npz,9
/kaggle/input/brats20-data/BraTS20/data/volume_153_slice_92.npz,18
/kaggle/input/brats20-data/BraTS20/data/volume_153_slice_93.npz,12
/kaggle/input/brats20-data/BraTS20/data/volume_153_slice_94.npz,12
/kaggle/input/brats20-data/BraTS20/data/volume_153_slice_95.npz,12
/kaggle/input/brats20-data/BraTS20/data/volume_153_slice_96.npz,12
/kaggle/input/brats20-data/BraTS20/data/volume_153_slice_97.npz,12
/kaggle/input/brats20-data/BraTS20/data/volume_153_slice_98.npz,12
/kaggle/input/brats20-data/BraTS20/data/volume_153_slice_99.npz,12
/kaggle/input/brats20-data/BraTS20/data/volume_153_slice_100.npz,12
/kaggle/input/brats20-data/BraTS20/data/volume_153_slice_101.npz,12
/kaggle/input/brats20-data/BraTS20/data/volume_153_slice_102.npz,12
/kaggle/input/brats20-data/BraTS20/data/volume_153_slice_103.npz,12
/kaggle/input/brats20-data/BraTS20/data/volume_153_slice_104.npz,12
/kaggle/input/brats20-data/BraTS20/data/volume_153_slice_105.npz,12
/kaggle/input/brats20-data/BraTS20/data/volume_153_slice_106.npz,25
/kaggle/input/brats20-data/BraTS20/data/volume_153_slice_107.npz,25
/kaggle/input/brats20-data/BraTS20/data/volume_153_slice_108.npz,25
/kaggle/input/brats20-data/BraTS20/data/volume_153_slice_109.npz,25
/kaggle/input/brats20-data/BraTS20/data/volume_153_slice_110.npz,51
/kaggle/input/brats20-data/BraTS20/data/volume_153_slice_111.npz,51
/kaggle/input/brats20-data/BraTS20/data/volume_153_slice_112.npz,48
/kaggle/input/brats20-data/BraTS20/data/volume_153_slice_113.npz,48
/kaggle/input/brats20-data/BraTS20/data/volume_153_slice_114.npz,51
/kaggle/input/brats20-data/BraTS20/data/volume_153_slice_115.npz,51
/kaggle/input/brats20-data/BraTS20/data/volume_153_slice_116.npz,51
/kaggle/input/brats20-data/BraTS20/data/volume_153_slice_117.npz,51
/kaggle/input/brats20-data/BraTS20/data/volume_153_slice_118.npz,51
/kaggle/input/brats20-data/BraTS20/data/volume_153_slice_119.npz,93
/kaggle/input/brats20-data/BraTS20/data/volume_153_slice_120.npz,98
/kaggle/input/brats20-data/BraTS20/data/volume_153_slice_121.npz,98
/kaggle/input/brats20-data/BraTS20/data/volume_153_slice_122.npz,98
/kaggle/input/brats20-data/BraTS20/data/volume_153_slice_123.npz,98
/kaggle/input/brats20-data/BraTS20/data/volume_153_slice_124.npz,82
/kaggle/input/brats20-data/BraTS20/data/volume_153_slice_125.npz,82
/kaggle/input/brats20-data/BraTS20/data/volume_153_slice_126.npz,82
/kaggle/input/brats20-data/BraTS20/data/volume_153_slice_127.npz,82
/kaggle/input/brats20-data/BraTS20/data/volume_153_slice_128.npz,82
/kaggle/input/brats20-data/BraTS20/data/volume_288_slice_80.npz,0
/kaggle/input/brats20-data/BraTS20/data/volume_288_slice_81.npz,99
/kaggle/input/brats20-data/BraTS20/data/volume_288_slice_82.npz,99
/kaggle/input/brats20-data/BraTS20/data/volume_288_slice_83.npz,99
/kaggle/input/brats20-data/BraTS20/data/volume_288_slice_84.npz,99
/kaggle/input/brats20-data/BraTS20/data/volume_288_slice_85.npz,99
/kaggle/input/brats20-data/BraTS20/data/volume_288_slice_86.npz,99
/kaggle/input/brats20-data/BraTS20/data/volume_288_slice_87.npz,99
/kaggle/input/brats20-data/BraTS20/data/volume_288_slice_88.npz,99
/kaggle/input/brats20-data/BraTS20/data/volume_288_slice_89.npz,99
/kaggle/input/brats20-data/BraTS20/data/volume_288_slice_90.npz,50
/kaggle/input/brats20-data/BraTS20/data/volume_288_slice_91.npz,50
/kaggle/input/brats20-data/BraTS20/data/volume_288_slice_92.npz,50
/kaggle/input/brats20-data/BraTS20/data/volume_288_slice_93.npz,50
/kaggle/input/brats20-data/BraTS20/data/volume_288_slice_94.npz,50
/kaggle/input/brats20-data/BraTS20/data/volume_288_slice_95.npz,50
/kaggle/input/brats20-data/BraTS20/data/volume_288_slice_96.npz,84
/kaggle/input/brats20-data/BraTS20/data/volume_288_slice_97.npz,84
/kaggle/input/brats20-data/BraTS20/data/volume_288_slice_98.npz,84
/kaggle/input/brats20-data/BraTS20/data/volume_288_slice_99.npz,94
/kaggle/input/brats20-data/BraTS20/data/volume_288_slice_100.npz,94
/kaggle/input/brats20-data/BraTS20/data/volume_288_slice_101.npz,94
/kaggle/input/brats20-data/BraTS20/data/volume_288_slice_102.npz,94
/kaggle/input/brats20-data/BraTS20/data/volume_288_slice_103.npz,56
/kaggle/input/brats20-data/BraTS20/data/volume_288_slice_104.npz,16
/kaggle/input/brats20-data/BraTS20/data/volume_288_slice_105.npz,16
/kaggle/input/brats20-data/BraTS20/data/volume_288_slice_106.npz,16
/kaggle/input/brats20-data/BraTS20/data/volume_288_slice_107.npz,16
/kaggle/input/brats20-data/BraTS20/data/volume_288_slice_108.npz,70
/kaggle/input/brats20-data/BraTS20/data/volume_288_slice_109.npz,70
/kaggle/input/brats20-data/BraTS20/data/volume_288_slice_110.npz,70
/kaggle/input/brats20-data/BraTS20/data/volume_288_slice_111.npz,70
/kaggle/input/brats20-data/BraTS20/data/volume_288_slice_112.npz,36
/kaggle/input/brats20-data/BraTS20/data/volume_288_slice_113.npz,36
/kaggle/input/brats20-data/BraTS20/data/volume_288_slice_114.npz,36
/kaggle/input/brats20-data/BraTS20/data/volume_288_slice_115.npz,36
/kaggle/input/brats20-data/BraTS20/data/volume_288_slice_116.npz,86
/kaggle/input/brats20-data/BraTS20/data/volume_288_slice_117.npz,52
/kaggle/input/brats20-data/BraTS20/data/volume_288_slice_118.npz,54
/kaggle/input/brats20-data/BraTS20/data/volume_288_slice_119.npz,54
/kaggle/input/brats20-data/BraTS20/data/volume_288_slice_120.npz,69
/kaggle/input/brats20-data/BraTS20/data/volume_288_slice_121.npz,69
/kaggle/input/brats20-data/BraTS20/data/volume_288_slice_122.npz,69
/kaggle/input/brats20-data/BraTS20/data/volume_288_slice_123.npz,69
/kaggle/input/brats20-data/BraTS20/data/volume_288_slice_124.npz,75
/kaggle/input/brats20-data/BraTS20/data/volume_288_slice_125.npz,75
/kaggle/input/brats20-data/BraTS20/data/volume_288_slice_126.npz,83
/kaggle/input/brats20-data/BraTS20/data/volume_288_slice_127.npz,83
/kaggle/input/brats20-data/BraTS20/data/volume_288_slice_128.npz,83
/kaggle/input/brats20-data/BraTS20/data/volume_143_slice_80.npz,6
/kaggle/input/brats20-data/BraTS20/data/volume_143_slice_81.npz,6
/kaggle/input/brats20-data/BraTS20/data/volume_143_slice_82.npz,38
/kaggle/input/brats20-data/BraTS20/data/volume_143_slice_83.npz,41
/kaggle/input/brats20-data/BraTS20/data/volume_143_slice_84.npz,41
/kaggle/input/brats20-data/BraTS20/data/volume_143_slice_85.npz,41
/kaggle/input/brats20-data/BraTS20/data/volume_143_slice_86.npz,41
/kaggle/input/brats20-data/BraTS20/data/volume_143_slice_87.npz,41
/kaggle/input/brats20-data/BraTS20/data/volume_143_slice_88.npz,41
/kaggle/input/brats20-data/BraTS20/data/volume_143_slice_89.npz,41
/kaggle/input/brats20-data/BraTS20/data/volume_143_slice_90.npz,41
/kaggle/input/brats20-data/BraTS20/data/volume_143_slice_91.npz,41
/kaggle/input/brats20-data/BraTS20/data/volume_143_slice_92.npz,41
/kaggle/input/brats20-data/BraTS20/data/volume_143_slice_93.npz,28
/kaggle/input/brats20-data/BraTS20/data/volume_143_slice_94.npz,28
/kaggle/input/brats20-data/BraTS20/data/volume_143_slice_95.npz,28
/kaggle/input/brats20-data/BraTS20/data/volume_143_slice_96.npz,28
/kaggle/input/brats20-data/BraTS20/data/volume_143_slice_97.npz,28
/kaggle/input/brats20-data/BraTS20/data/volume_143_slice_98.npz,28
/kaggle/input/brats20-data/BraTS20/data/volume_143_slice_99.npz,28
/kaggle/input/brats20-data/BraTS20/data/volume_143_slice_100.npz,28
/kaggle/input/brats20-data/BraTS20/data/volume_143_slice_101.npz,4
/kaggle/input/brats20-data/BraTS20/data/volume_143_slice_102.npz,4
/kaggle/input/brats20-data/BraTS20/data/volume_143_slice_103.npz,4
/kaggle/input/brats20-data/BraTS20/data/volume_143_slice_104.npz,4
/kaggle/input/brats20-data/BraTS20/data/volume_143_slice_105.npz,4
/kaggle/input/brats20-data/BraTS20/data/volume_143_slice_106.npz,4
/kaggle/input/brats20-data/BraTS20/data/volume_143_slice_107.npz,4
/kaggle/input/brats20-data/BraTS20/data/volume_143_slice_108.npz,4
/kaggle/input/brats20-data/BraTS20/data/volume_143_slice_109.npz,4
/kaggle/input/brats20-data/BraTS20/data/volume_143_slice_110.npz,4
/kaggle/input/brats20-data/BraTS20/data/volume_143_slice_111.npz,4
/kaggle/input/brats20-data/BraTS20/data/volume_143_slice_112.npz,71
/kaggle/input/brats20-data/BraTS20/data/volume_143_slice_113.npz,36
/kaggle/input/brats20-data/BraTS20/data/volume_143_slice_114.npz,36
/kaggle/input/brats20-data/BraTS20/data/volume_143_slice_115.npz,36
/kaggle/input/brats20-data/BraTS20/data/volume_143_slice_116.npz,36
/kaggle/input/brats20-data/BraTS20/data/volume_143_slice_118.npz,64
/kaggle/input/brats20-data/BraTS20/data/volume_143_slice_119.npz,64
/kaggle/input/brats20-data/BraTS20/data/volume_143_slice_120.npz,64
/kaggle/input/brats20-data/BraTS20/data/volume_143_slice_121.npz,64
/kaggle/input/brats20-data/BraTS20/data/volume_143_slice_122.npz,87
/kaggle/input/brats20-data/BraTS20/data/volume_143_slice_123.npz,87
/kaggle/input/brats20-data/BraTS20/data/volume_143_slice_124.npz,87
/kaggle/input/brats20-data/BraTS20/data/volume_143_slice_125.npz,87
/kaggle/input/brats20-data/BraTS20/data/volume_143_slice_126.npz,87
/kaggle/input/brats20-data/BraTS20/data/volume_143_slice_127.npz,87
/kaggle/input/brats20-data/BraTS20/data/volume_143_slice_128.npz,87
/kaggle/input/brats20-data/BraTS20/data/volume_227_slice_80.npz,41
/kaggle/input/brats20-data/BraTS20/data/volume_227_slice_81.npz,41
/kaggle/input/brats20-data/BraTS20/data/volume_227_slice_82.npz,50
/kaggle/input/brats20-data/BraTS20/data/volume_227_slice_83.npz,50
/kaggle/input/brats20-data/BraTS20/data/volume_227_slice_84.npz,50
/kaggle/input/brats20-data/BraTS20/data/volume_227_slice_90.npz,50
/kaggle/input/brats20-data/BraTS20/data/volume_227_slice_91.npz,50
/kaggle/input/brats20-data/BraTS20/data/volume_227_slice_92.npz,50
/kaggle/input/brats20-data/BraTS20/data/volume_227_slice_93.npz,50
/kaggle/input/brats20-data/BraTS20/data/volume_227_slice_94.npz,50
/kaggle/input/brats20-data/BraTS20/data/volume_227_slice_95.npz,50
/kaggle/input/brats20-data/BraTS20/data/volume_227_slice_96.npz,50
/kaggle/input/brats20-data/BraTS20/data/volume_227_slice_97.npz,84
/kaggle/input/brats20-data/BraTS20/data/volume_227_slice_98.npz,55
/kaggle/input/brats20-data/BraTS20/data/volume_227_slice_99.npz,55
/kaggle/input/brats20-data/BraTS20/data/volume_227_slice_100.npz,55
/kaggle/input/brats20-data/BraTS20/data/volume_227_slice_101.npz,55
/kaggle/input/brats20-data/BraTS20/data/volume_227_slice_102.npz,55
/kaggle/input/brats20-data/BraTS20/data/volume_227_slice_103.npz,55
/kaggle/input/brats20-data/BraTS20/data/volume_227_slice_104.npz,55
/kaggle/input/brats20-data/BraTS20/data/volume_227_slice_105.npz,71
/kaggle/input/brats20-data/BraTS20/data/volume_227_slice_106.npz,71
/kaggle/input/brats20-data/BraTS20/data/volume_227_slice_107.npz,71
/kaggle/input/brats20-data/BraTS20/data/volume_227_slice_108.npz,71
/kaggle/input/brats20-data/BraTS20/data/volume_227_slice_109.npz,71
/kaggle/input/brats20-data/BraTS20/data/volume_227_slice_110.npz,71
/kaggle/input/brats20-data/BraTS20/data/volume_227_slice_111.npz,36
/kaggle/input/brats20-data/BraTS20/data/volume_227_slice_112.npz,36
/kaggle/input/brats20-data/BraTS20/data/volume_227_slice_113.npz,36
/kaggle/input/brats20-data/BraTS20/data/volume_227_slice_114.npz,36
/kaggle/input/brats20-data/BraTS20/data/volume_227_slice_115.npz,52
/kaggle/input/brats20-data/BraTS20/data/volume_227_slice_116.npz,52
/kaggle/input/brats20-data/BraTS20/data/volume_227_slice_117.npz,54
/kaggle/input/brats20-data/BraTS20/data/volume_227_slice_118.npz,54
/kaggle/input/brats20-data/BraTS20/data/volume_227_slice_119.npz,54
/kaggle/input/brats20-data/BraTS20/data/volume_227_slice_120.npz,85
/kaggle/input/brats20-data/BraTS20/data/volume_227_slice_121.npz,85
/kaggle/input/brats20-data/BraTS20/data/volume_227_slice_122.npz,85
/kaggle/input/brats20-data/BraTS20/data/volume_227_slice_123.npz,85
/kaggle/input/brats20-data/BraTS20/data/volume_227_slice_124.npz,85
/kaggle/input/brats20-data/BraTS20/data/volume_227_slice_125.npz,75
/kaggle/input/brats20-data/BraTS20/data/volume_227_slice_126.npz,75
/kaggle/input/brats20-data/BraTS20/data/volume_227_slice_127.npz,75
/kaggle/input/brats20-data/BraTS20/data/volume_227_slice_128.npz,43
/kaggle/input/brats20-data/BraTS20/data/volume_294_slice_80.npz,41
/kaggle/input/brats20-data/BraTS20/data/volume_294_slice_81.npz,42
/kaggle/input/brats20-data/BraTS20/data/volume_294_slice_82.npz,42
/kaggle/input/brats20-data/BraTS20/data/volume_294_slice_83.npz,42
/kaggle/input/brats20-data/BraTS20/data/volume_294_slice_84.npz,42
/kaggle/input/brats20-data/BraTS20/data/volume_294_slice_85.npz,42
/kaggle/input/brats20-data/BraTS20/data/volume_294_slice_86.npz,42
/kaggle/input/brats20-data/BraTS20/data/volume_294_slice_87.npz,42
/kaggle/input/brats20-data/BraTS20/data/volume_294_slice_88.npz,42
/kaggle/input/brats20-data/BraTS20/data/volume_294_slice_89.npz,42
/kaggle/input/brats20-data/BraTS20/data/volume_294_slice_90.npz,42
/kaggle/input/brats20-data/BraTS20/data/volume_294_slice_91.npz,42
/kaggle/input/brats20-data/BraTS20/data/volume_294_slice_92.npz,42
/kaggle/input/brats20-data/BraTS20/data/volume_294_slice_93.npz,84
/kaggle/input/brats20-data/BraTS20/data/volume_294_slice_94.npz,84
/kaggle/input/brats20-data/BraTS20/data/volume_294_slice_95.npz,84
/kaggle/input/brats20-data/BraTS20/data/volume_294_slice_96.npz,84
/kaggle/input/brats20-data/BraTS20/data/volume_294_slice_97.npz,94
/kaggle/input/brats20-data/BraTS20/data/volume_294_slice_98.npz,94
/kaggle/input/brats20-data/BraTS20/data/volume_294_slice_99.npz,94
/kaggle/input/brats20-data/BraTS20/data/volume_294_slice_100.npz,94
/kaggle/input/brats20-data/BraTS20/data/volume_294_slice_101.npz,55
/kaggle/input/brats20-data/BraTS20/data/volume_294_slice_102.npz,55
/kaggle/input/brats20-data/BraTS20/data/volume_294_slice_103.npz,71
/kaggle/input/brats20-data/BraTS20/data/volume_294_slice_104.npz,71
/kaggle/input/brats20-data/BraTS20/data/volume_294_slice_105.npz,71
/kaggle/input/brats20-data/BraTS20/data/volume_294_slice_106.npz,71
/kaggle/input/brats20-data/BraTS20/data/volume_294_slice_107.npz,71
/kaggle/input/brats20-data/BraTS20/data/volume_294_slice_108.npz,71
/kaggle/input/brats20-data/BraTS20/data/volume_294_slice_109.npz,29
/kaggle/input/brats20-data/BraTS20/data/volume_294_slice_110.npz,29
/kaggle/input/brats20-data/BraTS20/data/volume_294_slice_111.npz,36
/kaggle/input/brats20-data/BraTS20/data/volume_294_slice_112.npz,36
/kaggle/input/brats20-data/BraTS20/data/volume_294_slice_113.npz,52
/kaggle/input/brats20-data/BraTS20/data/volume_294_slice_114.npz,52
/kaggle/input/brats20-data/BraTS20/data/volume_294_slice_115.npz,52
/kaggle/input/brats20-data/BraTS20/data/volume_294_slice_116.npz,52
/kaggle/input/brats20-data/BraTS20/data/volume_294_slice_117.npz,54
/kaggle/input/brats20-data/BraTS20/data/volume_294_slice_118.npz,54
/kaggle/input/brats20-data/BraTS20/data/volume_294_slice_119.npz,54
/kaggle/input/brats20-data/BraTS20/data/volume_294_slice_120.npz,54
/kaggle/input/brats20-data/BraTS20/data/volume_294_slice_121.npz,85
/kaggle/input/brats20-data/BraTS20/data/volume_294_slice_122.npz,85
/kaggle/input/brats20-data/BraTS20/data/volume_294_slice_123.npz,85
/kaggle/input/brats20-data/BraTS20/data/volume_294_slice_124.npz,85
/kaggle/input/brats20-data/BraTS20/data/volume_294_slice_125.npz,75
/kaggle/input/brats20-data/BraTS20/data/volume_294_slice_126.npz,75
/kaggle/input/brats20-data/BraTS20/data/volume_294_slice_127.npz,75
/kaggle/input/brats20-data/BraTS20/data/volume_294_slice_128.npz,75
/kaggle/input/brats20-data/BraTS20/data/volume_237_slice_80.npz,38
/kaggle/input/brats20-data/BraTS20/data/volume_237_slice_81.npz,38
/kaggle/input/brats20-data/BraTS20/data/volume_237_slice_82.npz,38
/kaggle/input/brats20-data/BraTS20/data/volume_237_slice_83.npz,38
/kaggle/input/brats20-data/BraTS20/data/volume_237_slice_84.npz,38
/kaggle/input/brats20-data/BraTS20/data/volume_237_slice_85.npz,38
/kaggle/input/brats20-data/BraTS20/data/volume_237_slice_86.npz,38
/kaggle/input/brats20-data/BraTS20/data/volume_237_slice_87.npz,38
/kaggle/input/brats20-data/BraTS20/data/volume_237_slice_88.npz,38
/kaggle/input/brats20-data/BraTS20/data/volume_237_slice_89.npz,38
/kaggle/input/brats20-data/BraTS20/data/volume_237_slice_90.npz,38
/kaggle/input/brats20-data/BraTS20/data/volume_237_slice_91.npz,38
/kaggle/input/brats20-data/BraTS20/data/volume_237_slice_92.npz,38
/kaggle/input/brats20-data/BraTS20/data/volume_237_slice_93.npz,38
/kaggle/input/brats20-data/BraTS20/data/volume_237_slice_94.npz,38
/kaggle/input/brats20-data/BraTS20/data/volume_237_slice_95.npz,38
/kaggle/input/brats20-data/BraTS20/data/volume_237_slice_96.npz,38
/kaggle/input/brats20-data/BraTS20/data/volume_237_slice_97.npz,38
/kaggle/input/brats20-data/BraTS20/data/volume_237_slice_98.npz,38
/kaggle/input/brats20-data/BraTS20/data/volume_237_slice_99.npz,48
/kaggle/input/brats20-data/BraTS20/data/volume_237_slice_100.npz,48
/kaggle/input/brats20-data/BraTS20/data/volume_237_slice_101.npz,48
/kaggle/input/brats20-data/BraTS20/data/volume_237_slice_102.npz,48
/kaggle/input/brats20-data/BraTS20/data/volume_237_slice_103.npz,48
/kaggle/input/brats20-data/BraTS20/data/volume_237_slice_104.npz,48
/kaggle/input/brats20-data/BraTS20/data/volume_237_slice_105.npz,48
/kaggle/input/brats20-data/BraTS20/data/volume_237_slice_106.npz,48
/kaggle/input/brats20-data/BraTS20/data/volume_237_slice_107.npz,48
/kaggle/input/brats20-data/BraTS20/data/volume_237_slice_108.npz,48
/kaggle/input/brats20-data/BraTS20/data/volume_237_slice_109.npz,48
/kaggle/input/brats20-data/BraTS20/data/volume_237_slice_110.npz,51
/kaggle/input/brats20-data/BraTS20/data/volume_237_slice_111.npz,51
/kaggle/input/brats20-data/BraTS20/data/volume_237_slice_112.npz,51
/kaggle/input/brats20-data/BraTS20/data/volume_237_slice_113.npz,51
/kaggle/input/brats20-data/BraTS20/data/volume_237_slice_114.npz,93
/kaggle/input/brats20-data/BraTS20/data/volume_237_slice_115.npz,93
/kaggle/input/brats20-data/BraTS20/data/volume_237_slice_116.npz,93
/kaggle/input/brats20-data/BraTS20/data/volume_237_slice_117.npz,98
/kaggle/input/brats20-data/BraTS20/data/volume_237_slice_118.npz,98
/kaggle/input/brats20-data/BraTS20/data/volume_237_slice_119.npz,98
/kaggle/input/brats20-data/BraTS20/data/volume_237_slice_120.npz,82
/kaggle/input/brats20-data/BraTS20/data/volume_237_slice_121.npz,61
/kaggle/input/brats20-data/BraTS20/data/volume_237_slice_122.npz,78
/kaggle/input/brats20-data/BraTS20/data/volume_237_slice_123.npz,78
/kaggle/input/brats20-data/BraTS20/data/volume_237_slice_124.npz,78
/kaggle/input/brats20-data/BraTS20/data/volume_237_slice_125.npz,83
/kaggle/input/brats20-data/BraTS20/data/volume_237_slice_126.npz,83
/kaggle/input/brats20-data/BraTS20/data/volume_237_slice_127.npz,83
/kaggle/input/brats20-data/BraTS20/data/volume_237_slice_128.npz,83
/kaggle/input/brats20-data/BraTS20/data/volume_119_slice_80.npz,46
/kaggle/input/brats20-data/BraTS20/data/volume_119_slice_81.npz,46
/kaggle/input/brats20-data/BraTS20/data/volume_119_slice_82.npz,46
/kaggle/input/brats20-data/BraTS20/data/volume_119_slice_83.npz,19
/kaggle/input/brats20-data/BraTS20/data/volume_119_slice_84.npz,19
/kaggle/input/brats20-data/BraTS20/data/volume_119_slice_85.npz,19
/kaggle/input/brats20-data/BraTS20/data/volume_119_slice_86.npz,19
/kaggle/input/brats20-data/BraTS20/data/volume_119_slice_87.npz,19
/kaggle/input/brats20-data/BraTS20/data/volume_119_slice_88.npz,19
/kaggle/input/brats20-data/BraTS20/data/volume_119_slice_90.npz,41
/kaggle/input/brats20-data/BraTS20/data/volume_119_slice_91.npz,41
/kaggle/input/brats20-data/BraTS20/data/volume_119_slice_92.npz,41
/kaggle/input/brats20-data/BraTS20/data/volume_119_slice_93.npz,41
/kaggle/input/brats20-data/BraTS20/data/volume_119_slice_94.npz,41
/kaggle/input/brats20-data/BraTS20/data/volume_119_slice_95.npz,41
/kaggle/input/brats20-data/BraTS20/data/volume_119_slice_96.npz,35
/kaggle/input/brats20-data/BraTS20/data/volume_119_slice_97.npz,35
/kaggle/input/brats20-data/BraTS20/data/volume_119_slice_98.npz,35
/kaggle/input/brats20-data/BraTS20/data/volume_119_slice_99.npz,35
/kaggle/input/brats20-data/BraTS20/data/volume_119_slice_100.npz,18
/kaggle/input/brats20-data/BraTS20/data/volume_119_slice_101.npz,18
/kaggle/input/brats20-data/BraTS20/data/volume_119_slice_102.npz,2
/kaggle/input/brats20-data/BraTS20/data/volume_119_slice_103.npz,2
/kaggle/input/brats20-data/BraTS20/data/volume_119_slice_104.npz,2
/kaggle/input/brats20-data/BraTS20/data/volume_119_slice_105.npz,2
/kaggle/input/brats20-data/BraTS20/data/volume_119_slice_106.npz,2
/kaggle/input/brats20-data/BraTS20/data/volume_119_slice_107.npz,2
/kaggle/input/brats20-data/BraTS20/data/volume_119_slice_108.npz,2
/kaggle/input/brats20-data/BraTS20/data/volume_119_slice_109.npz,2
/kaggle/input/brats20-data/BraTS20/data/volume_119_slice_110.npz,76
/kaggle/input/brats20-data/BraTS20/data/volume_119_slice_111.npz,76
/kaggle/input/brats20-data/BraTS20/data/volume_119_slice_112.npz,76
/kaggle/input/brats20-data/BraTS20/data/volume_119_slice_113.npz,76
/kaggle/input/brats20-data/BraTS20/data/volume_119_slice_114.npz,76
/kaggle/input/brats20-data/BraTS20/data/volume_119_slice_115.npz,76
/kaggle/input/brats20-data/BraTS20/data/volume_119_slice_116.npz,98
/kaggle/input/brats20-data/BraTS20/data/volume_119_slice_117.npz,98
/kaggle/input/brats20-data/BraTS20/data/volume_119_slice_118.npz,98
/kaggle/input/brats20-data/BraTS20/data/volume_119_slice_119.npz,98
/kaggle/input/brats20-data/BraTS20/data/volume_119_slice_120.npz,98
/kaggle/input/brats20-data/BraTS20/data/volume_119_slice_121.npz,61
/kaggle/input/brats20-data/BraTS20/data/volume_119_slice_122.npz,61
/kaggle/input/brats20-data/BraTS20/data/volume_119_slice_123.npz,61
/kaggle/input/brats20-data/BraTS20/data/volume_119_slice_124.npz,89
/kaggle/input/brats20-data/BraTS20/data/volume_119_slice_125.npz,89
/kaggle/input/brats20-data/BraTS20/data/volume_119_slice_126.npz,11
/kaggle/input/brats20-data/BraTS20/data/volume_119_slice_127.npz,11
/kaggle/input/brats20-data/BraTS20/data/volume_119_slice_128.npz,11
/kaggle/input/brats20-data/BraTS20/data/volume_20_slice_80.npz,46
/kaggle/input/brats20-data/BraTS20/data/volume_20_slice_81.npz,46
/kaggle/input/brats20-data/BraTS20/data/volume_20_slice_82.npz,1
/kaggle/input/brats20-data/BraTS20/data/volume_20_slice_83.npz,1
/kaggle/input/brats20-data/BraTS20/data/volume_20_slice_84.npz,1
/kaggle/input/brats20-data/BraTS20/data/volume_20_slice_85.npz,1
/kaggle/input/brats20-data/BraTS20/data/volume_20_slice_86.npz,1
/kaggle/input/brats20-data/BraTS20/data/volume_20_slice_87.npz,1
/kaggle/input/brats20-data/BraTS20/data/volume_20_slice_88.npz,1
/kaggle/input/brats20-data/BraTS20/data/volume_20_slice_89.npz,1
/kaggle/input/brats20-data/BraTS20/data/volume_20_slice_90.npz,74
/kaggle/input/brats20-data/BraTS20/data/volume_20_slice_91.npz,74
/kaggle/input/brats20-data/BraTS20/data/volume_20_slice_92.npz,74
/kaggle/input/brats20-data/BraTS20/data/volume_20_slice_93.npz,74
/kaggle/input/brats20-data/BraTS20/data/volume_20_slice_94.npz,40
/kaggle/input/brats20-data/BraTS20/data/volume_20_slice_95.npz,84
/kaggle/input/brats20-data/BraTS20/data/volume_20_slice_96.npz,94
/kaggle/input/brats20-data/BraTS20/data/volume_20_slice_97.npz,16
/kaggle/input/brats20-data/BraTS20/data/volume_20_slice_98.npz,16
/kaggle/input/brats20-data/BraTS20/data/volume_20_slice_99.npz,16
/kaggle/input/brats20-data/BraTS20/data/volume_20_slice_100.npz,16
/kaggle/input/brats20-data/BraTS20/data/volume_20_slice_101.npz,16
/kaggle/input/brats20-data/BraTS20/data/volume_20_slice_102.npz,16
/kaggle/input/brats20-data/BraTS20/data/volume_20_slice_103.npz,16
/kaggle/input/brats20-data/BraTS20/data/volume_20_slice_104.npz,70
/kaggle/input/brats20-data/BraTS20/data/volume_20_slice_105.npz,70
/kaggle/input/brats20-data/BraTS20/data/volume_20_slice_106.npz,70
/kaggle/input/brats20-data/BraTS20/data/volume_20_slice_107.npz,70
/kaggle/input/brats20-data/BraTS20/data/volume_20_slice_108.npz,36
/kaggle/input/brats20-data/BraTS20/data/volume_20_slice_109.npz,77
/kaggle/input/brats20-data/BraTS20/data/volume_20_slice_110.npz,77
/kaggle/input/brats20-data/BraTS20/data/volume_20_slice_111.npz,36
/kaggle/input/brats20-data/BraTS20/data/volume_20_slice_112.npz,52
/kaggle/input/brats20-data/BraTS20/data/volume_20_slice_113.npz,98
/kaggle/input/brats20-data/BraTS20/data/volume_20_slice_114.npz,98
/kaggle/input/brats20-data/BraTS20/data/volume_20_slice_115.npz,98
/kaggle/input/brats20-data/BraTS20/data/volume_20_slice_116.npz,98
/kaggle/input/brats20-data/BraTS20/data/volume_20_slice_117.npz,98
/kaggle/input/brats20-data/BraTS20/data/volume_20_slice_118.npz,98
/kaggle/input/brats20-data/BraTS20/data/volume_20_slice_119.npz,69
/kaggle/input/brats20-data/BraTS20/data/volume_20_slice_120.npz,61
/kaggle/input/brats20-data/BraTS20/data/volume_20_slice_121.npz,61
/kaggle/input/brats20-data/BraTS20/data/volume_20_slice_122.npz,83
/kaggle/input/brats20-data/BraTS20/data/volume_20_slice_123.npz,83
/kaggle/input/brats20-data/BraTS20/data/volume_20_slice_124.npz,83
/kaggle/input/brats20-data/BraTS20/data/volume_20_slice_125.npz,83
/kaggle/input/brats20-data/BraTS20/data/volume_20_slice_126.npz,83
/kaggle/input/brats20-data/BraTS20/data/volume_20_slice_127.npz,83
/kaggle/input/brats20-data/BraTS20/data/volume_20_slice_128.npz,83
/kaggle/input/brats20-data/BraTS20/data/volume_304_slice_80.npz,24
/kaggle/input/brats20-data/BraTS20/data/volume_304_slice_81.npz,24
/kaggle/input/brats20-data/BraTS20/data/volume_304_slice_82.npz,24
/kaggle/input/brats20-data/BraTS20/data/volume_304_slice_83.npz,9
/kaggle/input/brats20-data/BraTS20/data/volume_304_slice_84.npz,9
/kaggle/input/brats20-data/BraTS20/data/volume_304_slice_85.npz,9
/kaggle/input/brats20-data/BraTS20/data/volume_304_slice_86.npz,9
/kaggle/input/brats20-data/BraTS20/data/volume_304_slice_87.npz,71
/kaggle/input/brats20-data/BraTS20/data/volume_304_slice_88.npz,71
/kaggle/input/brats20-data/BraTS20/data/volume_304_slice_89.npz,71
/kaggle/input/brats20-data/BraTS20/data/volume_304_slice_90.npz,71
/kaggle/input/brats20-data/BraTS20/data/volume_304_slice_91.npz,71
/kaggle/input/brats20-data/BraTS20/data/volume_304_slice_92.npz,71
/kaggle/input/brats20-data/BraTS20/data/volume_304_slice_93.npz,72
/kaggle/input/brats20-data/BraTS20/data/volume_304_slice_94.npz,72
/kaggle/input/brats20-data/BraTS20/data/volume_304_slice_95.npz,72
/kaggle/input/brats20-data/BraTS20/data/volume_304_slice_96.npz,72
/kaggle/input/brats20-data/BraTS20/data/volume_304_slice_97.npz,72
/kaggle/input/brats20-data/BraTS20/data/volume_304_slice_98.npz,72
/kaggle/input/brats20-data/BraTS20/data/volume_304_slice_99.npz,36
/kaggle/input/brats20-data/BraTS20/data/volume_304_slice_100.npz,52
/kaggle/input/brats20-data/BraTS20/data/volume_304_slice_101.npz,52
/kaggle/input/brats20-data/BraTS20/data/volume_304_slice_102.npz,52
/kaggle/input/brats20-data/BraTS20/data/volume_304_slice_103.npz,52
/kaggle/input/brats20-data/BraTS20/data/volume_304_slice_104.npz,52
/kaggle/input/brats20-data/BraTS20/data/volume_304_slice_105.npz,52
/kaggle/input/brats20-data/BraTS20/data/volume_304_slice_106.npz,54
/kaggle/input/brats20-data/BraTS20/data/volume_304_slice_107.npz,54
/kaggle/input/brats20-data/BraTS20/data/volume_304_slice_108.npz,93
/kaggle/input/brats20-data/BraTS20/data/volume_304_slice_109.npz,93
/kaggle/input/brats20-data/BraTS20/data/volume_304_slice_110.npz,93
/kaggle/input/brats20-data/BraTS20/data/volume_304_slice_111.npz,93
/kaggle/input/brats20-data/BraTS20/data/volume_304_slice_112.npz,82
/kaggle/input/brats20-data/BraTS20/data/volume_304_slice_113.npz,78
/kaggle/input/brats20-data/BraTS20/data/volume_304_slice_114.npz,78
/kaggle/input/brats20-data/BraTS20/data/volume_304_slice_115.npz,78
/kaggle/input/brats20-data/BraTS20/data/volume_304_slice_116.npz,78
/kaggle/input/brats20-data/BraTS20/data/volume_304_slice_117.npz,65
/kaggle/input/brats20-data/BraTS20/data/volume_304_slice_118.npz,65
/kaggle/input/brats20-data/BraTS20/data/volume_304_slice_119.npz,65
/kaggle/input/brats20-data/BraTS20/data/volume_304_slice_120.npz,83
/kaggle/input/brats20-data/BraTS20/data/volume_304_slice_121.npz,83
/kaggle/input/brats20-data/BraTS20/data/volume_304_slice_122.npz,83
/kaggle/input/brats20-data/BraTS20/data/volume_304_slice_123.npz,43
/kaggle/input/brats20-data/BraTS20/data/volume_304_slice_124.npz,43
/kaggle/input/brats20-data/BraTS20/data/volume_304_slice_125.npz,43
/kaggle/input/brats20-data/BraTS20/data/volume_304_slice_126.npz,43
/kaggle/input/brats20-data/BraTS20/data/volume_304_slice_127.npz,43
/kaggle/input/brats20-data/BraTS20/data/volume_304_slice_128.npz,43
/kaggle/input/brats20-data/BraTS20/data/volume_300_slice_80.npz,41
/kaggle/input/brats20-data/BraTS20/data/volume_300_slice_81.npz,41
/kaggle/input/brats20-data/BraTS20/data/volume_300_slice_82.npz,41
/kaggle/input/brats20-data/BraTS20/data/volume_300_slice_83.npz,41
/kaggle/input/brats20-data/BraTS20/data/volume_300_slice_84.npz,4
/kaggle/input/brats20-data/BraTS20/data/volume_300_slice_85.npz,4
/kaggle/input/brats20-data/BraTS20/data/volume_300_slice_86.npz,4
/kaggle/input/brats20-data/BraTS20/data/volume_300_slice_87.npz,4
/kaggle/input/brats20-data/BraTS20/data/volume_300_slice_88.npz,4
/kaggle/input/brats20-data/BraTS20/data/volume_300_slice_89.npz,4
/kaggle/input/brats20-data/BraTS20/data/volume_300_slice_90.npz,4
/kaggle/input/brats20-data/BraTS20/data/volume_300_slice_91.npz,4
/kaggle/input/brats20-data/BraTS20/data/volume_300_slice_92.npz,4
/kaggle/input/brats20-data/BraTS20/data/volume_300_slice_93.npz,4
/kaggle/input/brats20-data/BraTS20/data/volume_300_slice_94.npz,4
/kaggle/input/brats20-data/BraTS20/data/volume_300_slice_95.npz,4
/kaggle/input/brats20-data/BraTS20/data/volume_300_slice_96.npz,4
/kaggle/input/brats20-data/BraTS20/data/volume_300_slice_97.npz,4
/kaggle/input/brats20-data/BraTS20/data/volume_300_slice_98.npz,4
/kaggle/input/brats20-data/BraTS20/data/volume_300_slice_99.npz,71
/kaggle/input/brats20-data/BraTS20/data/volume_300_slice_100.npz,71
/kaggle/input/brats20-data/BraTS20/data/volume_300_slice_101.npz,71
/kaggle/input/brats20-data/BraTS20/data/volume_300_slice_102.npz,71
/kaggle/input/brats20-data/BraTS20/data/volume_300_slice_103.npz,71
/kaggle/input/brats20-data/BraTS20/data/volume_300_slice_104.npz,71
/kaggle/input/brats20-data/BraTS20/data/volume_300_slice_105.npz,36
/kaggle/input/brats20-data/BraTS20/data/volume_300_slice_106.npz,36
/kaggle/input/brats20-data/BraTS20/data/volume_300_slice_107.npz,36
/kaggle/input/brats20-data/BraTS20/data/volume_300_slice_108.npz,36
/kaggle/input/brats20-data/BraTS20/data/volume_300_slice_109.npz,36
/kaggle/input/brats20-data/BraTS20/data/volume_300_slice_110.npz,36
/kaggle/input/brats20-data/BraTS20/data/volume_300_slice_111.npz,36
/kaggle/input/brats20-data/BraTS20/data/volume_300_slice_112.npz,90
/kaggle/input/brats20-data/BraTS20/data/volume_300_slice_113.npz,90
/kaggle/input/brats20-data/BraTS20/data/volume_300_slice_114.npz,64
/kaggle/input/brats20-data/BraTS20/data/volume_300_slice_115.npz,69
/kaggle/input/brats20-data/BraTS20/data/volume_300_slice_116.npz,69
/kaggle/input/brats20-data/BraTS20/data/volume_300_slice_117.npz,69
/kaggle/input/brats20-data/BraTS20/data/volume_300_slice_118.npz,69
/kaggle/input/brats20-data/BraTS20/data/volume_300_slice_119.npz,69
/kaggle/input/brats20-data/BraTS20/data/volume_300_slice_120.npz,61
/kaggle/input/brats20-data/BraTS20/data/volume_300_slice_121.npz,78
/kaggle/input/brats20-data/BraTS20/data/volume_300_slice_122.npz,78
/kaggle/input/brats20-data/BraTS20/data/volume_300_slice_123.npz,11
/kaggle/input/brats20-data/BraTS20/data/volume_300_slice_124.npz,11
/kaggle/input/brats20-data/BraTS20/data/volume_300_slice_125.npz,11
/kaggle/input/brats20-data/BraTS20/data/volume_300_slice_126.npz,11
/kaggle/input/brats20-data/BraTS20/data/volume_300_slice_127.npz,11
/kaggle/input/brats20-data/BraTS20/data/volume_300_slice_128.npz,43
/kaggle/input/brats20-data/BraTS20/data/volume_179_slice_80.npz,31
/kaggle/input/brats20-data/BraTS20/data/volume_179_slice_81.npz,31
/kaggle/input/brats20-data/BraTS20/data/volume_179_slice_82.npz,31
/kaggle/input/brats20-data/BraTS20/data/volume_179_slice_83.npz,31
/kaggle/input/brats20-data/BraTS20/data/volume_179_slice_84.npz,31
/kaggle/input/brats20-data/BraTS20/data/volume_179_slice_85.npz,19
/kaggle/input/brats20-data/BraTS20/data/volume_179_slice_86.npz,19
/kaggle/input/brats20-data/BraTS20/data/volume_179_slice_87.npz,19
/kaggle/input/brats20-data/BraTS20/data/volume_179_slice_88.npz,19
/kaggle/input/brats20-data/BraTS20/data/volume_179_slice_89.npz,41
/kaggle/input/brats20-data/BraTS20/data/volume_179_slice_90.npz,41
/kaggle/input/brats20-data/BraTS20/data/volume_179_slice_92.npz,41
/kaggle/input/brats20-data/BraTS20/data/volume_179_slice_93.npz,41
/kaggle/input/brats20-data/BraTS20/data/volume_179_slice_94.npz,41
/kaggle/input/brats20-data/BraTS20/data/volume_179_slice_95.npz,84
/kaggle/input/brats20-data/BraTS20/data/volume_179_slice_96.npz,94
/kaggle/input/brats20-data/BraTS20/data/volume_179_slice_97.npz,94
/kaggle/input/brats20-data/BraTS20/data/volume_179_slice_98.npz,94
/kaggle/input/brats20-data/BraTS20/data/volume_179_slice_99.npz,55
/kaggle/input/brats20-data/BraTS20/data/volume_179_slice_100.npz,55
/kaggle/input/brats20-data/BraTS20/data/volume_179_slice_101.npz,55
/kaggle/input/brats20-data/BraTS20/data/volume_179_slice_102.npz,55
/kaggle/input/brats20-data/BraTS20/data/volume_179_slice_103.npz,55
/kaggle/input/brats20-data/BraTS20/data/volume_179_slice_104.npz,55
/kaggle/input/brats20-data/BraTS20/data/volume_179_slice_105.npz,71
/kaggle/input/brats20-data/BraTS20/data/volume_179_slice_106.npz,70
/kaggle/input/brats20-data/BraTS20/data/volume_179_slice_107.npz,70
/kaggle/input/brats20-data/BraTS20/data/volume_179_slice_108.npz,70
/kaggle/input/brats20-data/BraTS20/data/volume_179_slice_109.npz,70
/kaggle/input/brats20-data/BraTS20/data/volume_179_slice_110.npz,70
/kaggle/input/brats20-data/BraTS20/data/volume_179_slice_111.npz,70
/kaggle/input/brats20-data/BraTS20/data/volume_179_slice_112.npz,76
/kaggle/input/brats20-data/BraTS20/data/volume_179_slice_113.npz,76
/kaggle/input/brats20-data/BraTS20/data/volume_179_slice_114.npz,76
/kaggle/input/brats20-data/BraTS20/data/volume_179_slice_115.npz,76
/kaggle/input/brats20-data/BraTS20/data/volume_179_slice_116.npz,76
/kaggle/input/brats20-data/BraTS20/data/volume_179_slice_117.npz,76
/kaggle/input/brats20-data/BraTS20/data/volume_179_slice_118.npz,93
/kaggle/input/brats20-data/BraTS20/data/volume_179_slice_119.npz,93
/kaggle/input/brats20-data/BraTS20/data/volume_179_slice_120.npz,93
/kaggle/input/brats20-data/BraTS20/data/volume_179_slice_121.npz,93
/kaggle/input/brats20-data/BraTS20/data/volume_179_slice_122.npz,93
/kaggle/input/brats20-data/BraTS20/data/volume_179_slice_123.npz,69
/kaggle/input/brats20-data/BraTS20/data/volume_179_slice_124.npz,78
/kaggle/input/brats20-data/BraTS20/data/volume_179_slice_125.npz,78
/kaggle/input/brats20-data/BraTS20/data/volume_179_slice_126.npz,78
/kaggle/input/brats20-data/BraTS20/data/volume_179_slice_127.npz,78
/kaggle/input/brats20-data/BraTS20/data/volume_179_slice_128.npz,65
/kaggle/input/brats20-data/BraTS20/data/volume_182_slice_80.npz,19
/kaggle/input/brats20-data/BraTS20/data/volume_182_slice_81.npz,19
/kaggle/input/brats20-data/BraTS20/data/volume_182_slice_82.npz,19
/kaggle/input/brats20-data/BraTS20/data/volume_182_slice_83.npz,19
/kaggle/input/brats20-data/BraTS20/data/volume_182_slice_84.npz,19
/kaggle/input/brats20-data/BraTS20/data/volume_182_slice_85.npz,19
/kaggle/input/brats20-data/BraTS20/data/volume_182_slice_86.npz,19
/kaggle/input/brats20-data/BraTS20/data/volume_182_slice_87.npz,19
/kaggle/input/brats20-data/BraTS20/data/volume_182_slice_88.npz,19
/kaggle/input/brats20-data/BraTS20/data/volume_182_slice_89.npz,19
/kaggle/input/brats20-data/BraTS20/data/volume_182_slice_90.npz,19
/kaggle/input/brats20-data/BraTS20/data/volume_182_slice_91.npz,19
/kaggle/input/brats20-data/BraTS20/data/volume_182_slice_92.npz,19
/kaggle/input/brats20-data/BraTS20/data/volume_182_slice_93.npz,19
/kaggle/input/brats20-data/BraTS20/data/volume_182_slice_94.npz,19
/kaggle/input/brats20-data/BraTS20/data/volume_182_slice_95.npz,2
/kaggle/input/brats20-data/BraTS20/data/volume_182_slice_96.npz,2
/kaggle/input/brats20-data/BraTS20/data/volume_182_slice_97.npz,2
/kaggle/input/brats20-data/BraTS20/data/volume_182_slice_98.npz,2
/kaggle/input/brats20-data/BraTS20/data/volume_182_slice_99.npz,2
/kaggle/input/brats20-data/BraTS20/data/volume_182_slice_100.npz,2
/kaggle/input/brats20-data/BraTS20/data/volume_182_slice_101.npz,2
/kaggle/input/brats20-data/BraTS20/data/volume_182_slice_102.npz,36
/kaggle/input/brats20-data/BraTS20/data/volume_182_slice_103.npz,36
/kaggle/input/brats20-data/BraTS20/data/volume_182_slice_104.npz,36
/kaggle/input/brats20-data/BraTS20/data/volume_182_slice_105.npz,10
/kaggle/input/brats20-data/BraTS20/data/volume_182_slice_106.npz,10
/kaggle/input/brats20-data/BraTS20/data/volume_182_slice_107.npz,10
/kaggle/input/brats20-data/BraTS20/data/volume_182_slice_108.npz,10
/kaggle/input/brats20-data/BraTS20/data/volume_182_slice_109.npz,10
/kaggle/input/brats20-data/BraTS20/data/volume_182_slice_110.npz,10
/kaggle/input/brats20-data/BraTS20/data/volume_182_slice_111.npz,10
/kaggle/input/brats20-data/BraTS20/data/volume_182_slice_112.npz,10
/kaggle/input/brats20-data/BraTS20/data/volume_182_slice_113.npz,10
/kaggle/input/brats20-data/BraTS20/data/volume_182_slice_114.npz,69
/kaggle/input/brats20-data/BraTS20/data/volume_182_slice_115.npz,87
/kaggle/input/brats20-data/BraTS20/data/volume_182_slice_116.npz,87
/kaggle/input/brats20-data/BraTS20/data/volume_182_slice_117.npz,69
/kaggle/input/brats20-data/BraTS20/data/volume_182_slice_118.npz,69
/kaggle/input/brats20-data/BraTS20/data/volume_182_slice_119.npz,69
/kaggle/input/brats20-data/BraTS20/data/volume_182_slice_120.npz,78
/kaggle/input/brats20-data/BraTS20/data/volume_182_slice_121.npz,75
/kaggle/input/brats20-data/BraTS20/data/volume_182_slice_122.npz,75
/kaggle/input/brats20-data/BraTS20/data/volume_182_slice_123.npz,75
/kaggle/input/brats20-data/BraTS20/data/volume_182_slice_124.npz,75
/kaggle/input/brats20-data/BraTS20/data/volume_182_slice_125.npz,83
/kaggle/input/brats20-data/BraTS20/data/volume_182_slice_126.npz,83
/kaggle/input/brats20-data/BraTS20/data/volume_182_slice_127.npz,43
/kaggle/input/brats20-data/BraTS20/data/volume_182_slice_128.npz,43
/kaggle/input/brats20-data/BraTS20/data/volume_202_slice_80.npz,46
/kaggle/input/brats20-data/BraTS20/data/volume_202_slice_81.npz,46
/kaggle/input/brats20-data/BraTS20/data/volume_202_slice_82.npz,46
/kaggle/input/brats20-data/BraTS20/data/volume_202_slice_83.npz,50
/kaggle/input/brats20-data/BraTS20/data/volume_202_slice_84.npz,50
/kaggle/input/brats20-data/BraTS20/data/volume_202_slice_85.npz,50
/kaggle/input/brats20-data/BraTS20/data/volume_202_slice_86.npz,50
/kaggle/input/brats20-data/BraTS20/data/volume_202_slice_87.npz,50
/kaggle/input/brats20-data/BraTS20/data/volume_202_slice_88.npz,50
/kaggle/input/brats20-data/BraTS20/data/volume_202_slice_89.npz,50
/kaggle/input/brats20-data/BraTS20/data/volume_202_slice_90.npz,50
/kaggle/input/brats20-data/BraTS20/data/volume_202_slice_91.npz,50
/kaggle/input/brats20-data/BraTS20/data/volume_202_slice_92.npz,50
/kaggle/input/brats20-data/BraTS20/data/volume_202_slice_93.npz,50
/kaggle/input/brats20-data/BraTS20/data/volume_202_slice_94.npz,50
/kaggle/input/brats20-data/BraTS20/data/volume_202_slice_95.npz,50
/kaggle/input/brats20-data/BraTS20/data/volume_202_slice_96.npz,84
/kaggle/input/brats20-data/BraTS20/data/volume_202_slice_97.npz,94
/kaggle/input/brats20-data/BraTS20/data/volume_202_slice_98.npz,94
/kaggle/input/brats20-data/BraTS20/data/volume_202_slice_99.npz,94
/kaggle/input/brats20-data/BraTS20/data/volume_202_slice_100.npz,94
/kaggle/input/brats20-data/BraTS20/data/volume_202_slice_101.npz,94
/kaggle/input/brats20-data/BraTS20/data/volume_202_slice_102.npz,71
/kaggle/input/brats20-data/BraTS20/data/volume_202_slice_104.npz,71
/kaggle/input/brats20-data/BraTS20/data/volume_202_slice_105.npz,71
/kaggle/input/brats20-data/BraTS20/data/volume_202_slice_106.npz,71
/kaggle/input/brats20-data/BraTS20/data/volume_202_slice_107.npz,29
/kaggle/input/brats20-data/BraTS20/data/volume_202_slice_108.npz,29
/kaggle/input/brats20-data/BraTS20/data/volume_202_slice_109.npz,29
/kaggle/input/brats20-data/BraTS20/data/volume_202_slice_110.npz,36
/kaggle/input/brats20-data/BraTS20/data/volume_202_slice_111.npz,36
/kaggle/input/brats20-data/BraTS20/data/volume_202_slice_112.npz,52
/kaggle/input/brats20-data/BraTS20/data/volume_202_slice_113.npz,52
/kaggle/input/brats20-data/BraTS20/data/volume_202_slice_114.npz,52
/kaggle/input/brats20-data/BraTS20/data/volume_202_slice_115.npz,52
/kaggle/input/brats20-data/BraTS20/data/volume_202_slice_116.npz,54
/kaggle/input/brats20-data/BraTS20/data/volume_202_slice_117.npz,54
/kaggle/input/brats20-data/BraTS20/data/volume_202_slice_118.npz,93
/kaggle/input/brats20-data/BraTS20/data/volume_202_slice_119.npz,69
/kaggle/input/brats20-data/BraTS20/data/volume_202_slice_120.npz,69
/kaggle/input/brats20-data/BraTS20/data/volume_202_slice_121.npz,78
/kaggle/input/brats20-data/BraTS20/data/volume_202_slice_122.npz,78
/kaggle/input/brats20-data/BraTS20/data/volume_202_slice_123.npz,78
/kaggle/input/brats20-data/BraTS20/data/volume_202_slice_124.npz,65
/kaggle/input/brats20-data/BraTS20/data/volume_202_slice_125.npz,65
/kaggle/input/brats20-data/BraTS20/data/volume_202_slice_126.npz,11
/kaggle/input/brats20-data/BraTS20/data/volume_202_slice_127.npz,11
/kaggle/input/brats20-data/BraTS20/data/volume_202_slice_128.npz,11
/kaggle/input/brats20-data/BraTS20/data/volume_81_slice_80.npz,46
/kaggle/input/brats20-data/BraTS20/data/volume_81_slice_81.npz,46
/kaggle/input/brats20-data/BraTS20/data/volume_81_slice_82.npz,46
/kaggle/input/brats20-data/BraTS20/data/volume_81_slice_83.npz,46
/kaggle/input/brats20-data/BraTS20/data/volume_81_slice_84.npz,46
/kaggle/input/brats20-data/BraTS20/data/volume_81_slice_85.npz,46
/kaggle/input/brats20-data/BraTS20/data/volume_81_slice_86.npz,46
/kaggle/input/brats20-data/BraTS20/data/volume_81_slice_87.npz,46
/kaggle/input/brats20-data/BraTS20/data/volume_81_slice_88.npz,8
/kaggle/input/brats20-data/BraTS20/data/volume_81_slice_89.npz,8
/kaggle/input/brats20-data/BraTS20/data/volume_81_slice_90.npz,8
/kaggle/input/brats20-data/BraTS20/data/volume_81_slice_91.npz,8
/kaggle/input/brats20-data/BraTS20/data/volume_81_slice_92.npz,8
/kaggle/input/brats20-data/BraTS20/data/volume_81_slice_93.npz,19
/kaggle/input/brats20-data/BraTS20/data/volume_81_slice_94.npz,19
/kaggle/input/brats20-data/BraTS20/data/volume_81_slice_95.npz,19
/kaggle/input/brats20-data/BraTS20/data/volume_81_slice_96.npz,19
/kaggle/input/brats20-data/BraTS20/data/volume_81_slice_97.npz,19
/kaggle/input/brats20-data/BraTS20/data/volume_81_slice_98.npz,19
/kaggle/input/brats20-data/BraTS20/data/volume_81_slice_99.npz,49
/kaggle/input/brats20-data/BraTS20/data/volume_81_slice_100.npz,49
/kaggle/input/brats20-data/BraTS20/data/volume_81_slice_101.npz,49
/kaggle/input/brats20-data/BraTS20/data/volume_81_slice_102.npz,49
/kaggle/input/brats20-data/BraTS20/data/volume_81_slice_103.npz,56
/kaggle/input/brats20-data/BraTS20/data/volume_81_slice_104.npz,56
/kaggle/input/brats20-data/BraTS20/data/volume_81_slice_105.npz,56
/kaggle/input/brats20-data/BraTS20/data/volume_81_slice_106.npz,25
/kaggle/input/brats20-data/BraTS20/data/volume_81_slice_107.npz,16
/kaggle/input/brats20-data/BraTS20/data/volume_81_slice_108.npz,2
/kaggle/input/brats20-data/BraTS20/data/volume_81_slice_109.npz,2
/kaggle/input/brats20-data/BraTS20/data/volume_81_slice_110.npz,21
/kaggle/input/brats20-data/BraTS20/data/volume_81_slice_111.npz,21
/kaggle/input/brats20-data/BraTS20/data/volume_81_slice_112.npz,21
/kaggle/input/brats20-data/BraTS20/data/volume_81_slice_113.npz,36
/kaggle/input/brats20-data/BraTS20/data/volume_81_slice_114.npz,86
/kaggle/input/brats20-data/BraTS20/data/volume_81_slice_115.npz,86
/kaggle/input/brats20-data/BraTS20/data/volume_81_slice_116.npz,90
/kaggle/input/brats20-data/BraTS20/data/volume_81_slice_117.npz,90
/kaggle/input/brats20-data/BraTS20/data/volume_81_slice_118.npz,90
/kaggle/input/brats20-data/BraTS20/data/volume_81_slice_119.npz,98
/kaggle/input/brats20-data/BraTS20/data/volume_81_slice_120.npz,69
/kaggle/input/brats20-data/BraTS20/data/volume_81_slice_121.npz,69
/kaggle/input/brats20-data/BraTS20/data/volume_81_slice_122.npz,61
/kaggle/input/brats20-data/BraTS20/data/volume_81_slice_123.npz,61
/kaggle/input/brats20-data/BraTS20/data/volume_81_slice_124.npz,78
/kaggle/input/brats20-data/BraTS20/data/volume_81_slice_125.npz,78
/kaggle/input/brats20-data/BraTS20/data/volume_81_slice_126.npz,75
/kaggle/input/brats20-data/BraTS20/data/volume_81_slice_127.npz,83
/kaggle/input/brats20-data/BraTS20/data/volume_81_slice_128.npz,83
/kaggle/input/brats20-data/BraTS20/data/volume_42_slice_80.npz,26
/kaggle/input/brats20-data/BraTS20/data/volume_42_slice_81.npz,45
/kaggle/input/brats20-data/BraTS20/data/volume_42_slice_82.npz,45
/kaggle/input/brats20-data/BraTS20/data/volume_42_slice_83.npz,45
/kaggle/input/brats20-data/BraTS20/data/volume_42_slice_84.npz,45
/kaggle/input/brats20-data/BraTS20/data/volume_42_slice_85.npz,45
/kaggle/input/brats20-data/BraTS20/data/volume_42_slice_86.npz,45
/kaggle/input/brats20-data/BraTS20/data/volume_42_slice_87.npz,45
/kaggle/input/brats20-data/BraTS20/data/volume_42_slice_88.npz,45
/kaggle/input/brats20-data/BraTS20/data/volume_42_slice_89.npz,45
/kaggle/input/brats20-data/BraTS20/data/volume_42_slice_90.npz,45
/kaggle/input/brats20-data/BraTS20/data/volume_42_slice_91.npz,45
/kaggle/input/brats20-data/BraTS20/data/volume_42_slice_92.npz,45
/kaggle/input/brats20-data/BraTS20/data/volume_42_slice_93.npz,45
/kaggle/input/brats20-data/BraTS20/data/volume_42_slice_94.npz,57
/kaggle/input/brats20-data/BraTS20/data/volume_42_slice_95.npz,57
/kaggle/input/brats20-data/BraTS20/data/volume_42_slice_96.npz,57
/kaggle/input/brats20-data/BraTS20/data/volume_42_slice_97.npz,57
/kaggle/input/brats20-data/BraTS20/data/volume_42_slice_98.npz,57
/kaggle/input/brats20-data/BraTS20/data/volume_42_slice_99.npz,57
/kaggle/input/brats20-data/BraTS20/data/volume_42_slice_100.npz,57
/kaggle/input/brats20-data/BraTS20/data/volume_42_slice_101.npz,57
/kaggle/input/brats20-data/BraTS20/data/volume_42_slice_102.npz,57
/kaggle/input/brats20-data/BraTS20/data/volume_42_slice_103.npz,57
/kaggle/input/brats20-data/BraTS20/data/volume_42_slice_104.npz,57
/kaggle/input/brats20-data/BraTS20/data/volume_42_slice_105.npz,2
/kaggle/input/brats20-data/BraTS20/data/volume_42_slice_106.npz,2
/kaggle/input/brats20-data/BraTS20/data/volume_42_slice_107.npz,21
/kaggle/input/brats20-data/BraTS20/data/volume_42_slice_108.npz,21
/kaggle/input/brats20-data/BraTS20/data/volume_42_slice_109.npz,21
/kaggle/input/brats20-data/BraTS20/data/volume_42_slice_110.npz,21
/kaggle/input/brats20-data/BraTS20/data/volume_42_slice_111.npz,21
/kaggle/input/brats20-data/BraTS20/data/volume_42_slice_112.npz,21
/kaggle/input/brats20-data/BraTS20/data/volume_42_slice_113.npz,21
/kaggle/input/brats20-data/BraTS20/data/volume_42_slice_114.npz,21
/kaggle/input/brats20-data/BraTS20/data/volume_42_slice_115.npz,21
/kaggle/input/brats20-data/BraTS20/data/volume_42_slice_116.npz,98
/kaggle/input/brats20-data/BraTS20/data/volume_42_slice_117.npz,39
/kaggle/input/brats20-data/BraTS20/data/volume_42_slice_118.npz,39
/kaggle/input/brats20-data/BraTS20/data/volume_42_slice_119.npz,39
/kaggle/input/brats20-data/BraTS20/data/volume_42_slice_120.npz,39
/kaggle/input/brats20-data/BraTS20/data/volume_42_slice_121.npz,39
/kaggle/input/brats20-data/BraTS20/data/volume_42_slice_122.npz,62
/kaggle/input/brats20-data/BraTS20/data/volume_42_slice_123.npz,62
/kaggle/input/brats20-data/BraTS20/data/volume_42_slice_124.npz,62
/kaggle/input/brats20-data/BraTS20/data/volume_42_slice_125.npz,62
/kaggle/input/brats20-data/BraTS20/data/volume_42_slice_126.npz,62
/kaggle/input/brats20-data/BraTS20/data/volume_42_slice_127.npz,83
/kaggle/input/brats20-data/BraTS20/data/volume_42_slice_128.npz,83
/kaggle/input/brats20-data/BraTS20/data/volume_152_slice_80.npz,38
/kaggle/input/brats20-data/BraTS20/data/volume_152_slice_81.npz,19
/kaggle/input/brats20-data/BraTS20/data/volume_152_slice_82.npz,19
/kaggle/input/brats20-data/BraTS20/data/volume_152_slice_83.npz,38
/kaggle/input/brats20-data/BraTS20/data/volume_152_slice_84.npz,38
/kaggle/input/brats20-data/BraTS20/data/volume_152_slice_85.npz,19
/kaggle/input/brats20-data/BraTS20/data/volume_152_slice_86.npz,19
/kaggle/input/brats20-data/BraTS20/data/volume_152_slice_87.npz,19
/kaggle/input/brats20-data/BraTS20/data/volume_152_slice_88.npz,19
/kaggle/input/brats20-data/BraTS20/data/volume_152_slice_89.npz,19
/kaggle/input/brats20-data/BraTS20/data/volume_152_slice_90.npz,19
/kaggle/input/brats20-data/BraTS20/data/volume_152_slice_91.npz,19
/kaggle/input/brats20-data/BraTS20/data/volume_152_slice_92.npz,45
/kaggle/input/brats20-data/BraTS20/data/volume_152_slice_93.npz,45
/kaggle/input/brats20-data/BraTS20/data/volume_152_slice_94.npz,45
/kaggle/input/brats20-data/BraTS20/data/volume_152_slice_95.npz,45
/kaggle/input/brats20-data/BraTS20/data/volume_152_slice_96.npz,45
/kaggle/input/brats20-data/BraTS20/data/volume_152_slice_97.npz,16
/kaggle/input/brats20-data/BraTS20/data/volume_152_slice_98.npz,16
/kaggle/input/brats20-data/BraTS20/data/volume_152_slice_99.npz,16
/kaggle/input/brats20-data/BraTS20/data/volume_152_slice_100.npz,16
/kaggle/input/brats20-data/BraTS20/data/volume_152_slice_101.npz,16
/kaggle/input/brats20-data/BraTS20/data/volume_152_slice_102.npz,16
/kaggle/input/brats20-data/BraTS20/data/volume_152_slice_103.npz,16
/kaggle/input/brats20-data/BraTS20/data/volume_152_slice_104.npz,16
/kaggle/input/brats20-data/BraTS20/data/volume_152_slice_105.npz,60
/kaggle/input/brats20-data/BraTS20/data/volume_152_slice_106.npz,60
/kaggle/input/brats20-data/BraTS20/data/volume_152_slice_107.npz,36
/kaggle/input/brats20-data/BraTS20/data/volume_152_slice_108.npz,36
/kaggle/input/brats20-data/BraTS20/data/volume_152_slice_109.npz,36
/kaggle/input/brats20-data/BraTS20/data/volume_152_slice_110.npz,36
/kaggle/input/brats20-data/BraTS20/data/volume_152_slice_111.npz,36
/kaggle/input/brats20-data/BraTS20/data/volume_152_slice_112.npz,36
/kaggle/input/brats20-data/BraTS20/data/volume_152_slice_113.npz,36
/kaggle/input/brats20-data/BraTS20/data/volume_152_slice_114.npz,36
/kaggle/input/brats20-data/BraTS20/data/volume_152_slice_115.npz,44
/kaggle/input/brats20-data/BraTS20/data/volume_152_slice_116.npz,44
/kaggle/input/brats20-data/BraTS20/data/volume_152_slice_117.npz,44
/kaggle/input/brats20-data/BraTS20/data/volume_152_slice_118.npz,44
/kaggle/input/brats20-data/BraTS20/data/volume_152_slice_119.npz,44
/kaggle/input/brats20-data/BraTS20/data/volume_152_slice_120.npz,44
/kaggle/input/brats20-data/BraTS20/data/volume_152_slice_121.npz,78
/kaggle/input/brats20-data/BraTS20/data/volume_152_slice_122.npz,78
/kaggle/input/brats20-data/BraTS20/data/volume_152_slice_123.npz,78
/kaggle/input/brats20-data/BraTS20/data/volume_152_slice_124.npz,78
/kaggle/input/brats20-data/BraTS20/data/volume_152_slice_125.npz,75
/kaggle/input/brats20-data/BraTS20/data/volume_152_slice_126.npz,83
/kaggle/input/brats20-data/BraTS20/data/volume_152_slice_127.npz,83
/kaggle/input/brats20-data/BraTS20/data/volume_152_slice_128.npz,83
/kaggle/input/brats20-data/BraTS20/data/volume_331_slice_80.npz,41
/kaggle/input/brats20-data/BraTS20/data/volume_331_slice_81.npz,41
/kaggle/input/brats20-data/BraTS20/data/volume_331_slice_82.npz,41
/kaggle/input/brats20-data/BraTS20/data/volume_331_slice_83.npz,41
/kaggle/input/brats20-data/BraTS20/data/volume_331_slice_84.npz,41
/kaggle/input/brats20-data/BraTS20/data/volume_331_slice_85.npz,41
/kaggle/input/brats20-data/BraTS20/data/volume_331_slice_86.npz,41
/kaggle/input/brats20-data/BraTS20/data/volume_331_slice_87.npz,41
/kaggle/input/brats20-data/BraTS20/data/volume_331_slice_88.npz,41
/kaggle/input/brats20-data/BraTS20/data/volume_331_slice_89.npz,41
/kaggle/input/brats20-data/BraTS20/data/volume_331_slice_90.npz,41
/kaggle/input/brats20-data/BraTS20/data/volume_331_slice_91.npz,41
/kaggle/input/brats20-data/BraTS20/data/volume_331_slice_92.npz,41
/kaggle/input/brats20-data/BraTS20/data/volume_331_slice_93.npz,41
/kaggle/input/brats20-data/BraTS20/data/volume_331_slice_94.npz,41
/kaggle/input/brats20-data/BraTS20/data/volume_331_slice_95.npz,4
/kaggle/input/brats20-data/BraTS20/data/volume_331_slice_96.npz,4
/kaggle/input/brats20-data/BraTS20/data/volume_331_slice_97.npz,4
/kaggle/input/brats20-data/BraTS20/data/volume_331_slice_98.npz,4
/kaggle/input/brats20-data/BraTS20/data/volume_331_slice_99.npz,4
/kaggle/input/brats20-data/BraTS20/data/volume_331_slice_100.npz,4
/kaggle/input/brats20-data/BraTS20/data/volume_331_slice_101.npz,4
/kaggle/input/brats20-data/BraTS20/data/volume_331_slice_102.npz,4
/kaggle/input/brats20-data/BraTS20/data/volume_331_slice_103.npz,4
/kaggle/input/brats20-data/BraTS20/data/volume_331_slice_104.npz,4
/kaggle/input/brats20-data/BraTS20/data/volume_331_slice_105.npz,4
/kaggle/input/brats20-data/BraTS20/data/volume_331_slice_106.npz,48
/kaggle/input/brats20-data/BraTS20/data/volume_331_slice_107.npz,48
/kaggle/input/brats20-data/BraTS20/data/volume_331_slice_108.npz,48
/kaggle/input/brats20-data/BraTS20/data/volume_331_slice_109.npz,70
/kaggle/input/brats20-data/BraTS20/data/volume_331_slice_110.npz,70
/kaggle/input/brats20-data/BraTS20/data/volume_331_slice_111.npz,51
/kaggle/input/brats20-data/BraTS20/data/volume_331_slice_112.npz,51
/kaggle/input/brats20-data/BraTS20/data/volume_331_slice_113.npz,51
/kaggle/input/brats20-data/BraTS20/data/volume_331_slice_114.npz,51
/kaggle/input/brats20-data/BraTS20/data/volume_331_slice_115.npz,51
/kaggle/input/brats20-data/BraTS20/data/volume_331_slice_116.npz,51
/kaggle/input/brats20-data/BraTS20/data/volume_331_slice_117.npz,98
/kaggle/input/brats20-data/BraTS20/data/volume_331_slice_118.npz,98
/kaggle/input/brats20-data/BraTS20/data/volume_331_slice_119.npz,98
/kaggle/input/brats20-data/BraTS20/data/volume_331_slice_120.npz,98
/kaggle/input/brats20-data/BraTS20/data/volume_331_slice_121.npz,98
/kaggle/input/brats20-data/BraTS20/data/volume_331_slice_122.npz,98
/kaggle/input/brats20-data/BraTS20/data/volume_331_slice_123.npz,98
/kaggle/input/brats20-data/BraTS20/data/volume_331_slice_124.npz,82
/kaggle/input/brats20-data/BraTS20/data/volume_331_slice_125.npz,78
/kaggle/input/brats20-data/BraTS20/data/volume_331_slice_126.npz,78
/kaggle/input/brats20-data/BraTS20/data/volume_331_slice_127.npz,78
/kaggle/input/brats20-data/BraTS20/data/volume_331_slice_128.npz,65
/kaggle/input/brats20-data/BraTS20/data/volume_141_slice_80.npz,41
/kaggle/input/brats20-data/BraTS20/data/volume_141_slice_81.npz,41
/kaggle/input/brats20-data/BraTS20/data/volume_141_slice_82.npz,41
/kaggle/input/brats20-data/BraTS20/data/volume_141_slice_83.npz,41
/kaggle/input/brats20-data/BraTS20/data/volume_141_slice_84.npz,41
/kaggle/input/brats20-data/BraTS20/data/volume_141_slice_85.npz,41
/kaggle/input/brats20-data/BraTS20/data/volume_141_slice_86.npz,41
/kaggle/input/brats20-data/BraTS20/data/volume_141_slice_87.npz,41
/kaggle/input/brats20-data/BraTS20/data/volume_141_slice_88.npz,41
/kaggle/input/brats20-data/BraTS20/data/volume_141_slice_89.npz,41
/kaggle/input/brats20-data/BraTS20/data/volume_141_slice_90.npz,41
/kaggle/input/brats20-data/BraTS20/data/volume_141_slice_91.npz,41
/kaggle/input/brats20-data/BraTS20/data/volume_141_slice_92.npz,50
/kaggle/input/brats20-data/BraTS20/data/volume_141_slice_93.npz,50
/kaggle/input/brats20-data/BraTS20/data/volume_141_slice_94.npz,53
/kaggle/input/brats20-data/BraTS20/data/volume_141_slice_95.npz,53
/kaggle/input/brats20-data/BraTS20/data/volume_141_slice_96.npz,53
/kaggle/input/brats20-data/BraTS20/data/volume_141_slice_97.npz,53
/kaggle/input/brats20-data/BraTS20/data/volume_141_slice_98.npz,53
/kaggle/input/brats20-data/BraTS20/data/volume_141_slice_99.npz,53
/kaggle/input/brats20-data/BraTS20/data/volume_141_slice_100.npz,55
/kaggle/input/brats20-data/BraTS20/data/volume_141_slice_101.npz,55
/kaggle/input/brats20-data/BraTS20/data/volume_141_slice_102.npz,55
/kaggle/input/brats20-data/BraTS20/data/volume_141_slice_103.npz,12
/kaggle/input/brats20-data/BraTS20/data/volume_141_slice_104.npz,55
/kaggle/input/brats20-data/BraTS20/data/volume_141_slice_105.npz,25
/kaggle/input/brats20-data/BraTS20/data/volume_141_slice_106.npz,25
/kaggle/input/brats20-data/BraTS20/data/volume_141_slice_107.npz,25
/kaggle/input/brats20-data/BraTS20/data/volume_141_slice_108.npz,25
/kaggle/input/brats20-data/BraTS20/data/volume_141_slice_109.npz,25
/kaggle/input/brats20-data/BraTS20/data/volume_141_slice_110.npz,36
/kaggle/input/brats20-data/BraTS20/data/volume_141_slice_111.npz,36
/kaggle/input/brats20-data/BraTS20/data/volume_141_slice_112.npz,36
/kaggle/input/brats20-data/BraTS20/data/volume_141_slice_113.npz,36
/kaggle/input/brats20-data/BraTS20/data/volume_141_slice_114.npz,36
/kaggle/input/brats20-data/BraTS20/data/volume_141_slice_115.npz,36
/kaggle/input/brats20-data/BraTS20/data/volume_141_slice_116.npz,36
/kaggle/input/brats20-data/BraTS20/data/volume_141_slice_117.npz,36
/kaggle/input/brats20-data/BraTS20/data/volume_141_slice_118.npz,36
/kaggle/input/brats20-data/BraTS20/data/volume_141_slice_119.npz,51
/kaggle/input/brats20-data/BraTS20/data/volume_141_slice_120.npz,51
/kaggle/input/brats20-data/BraTS20/data/volume_141_slice_121.npz,44
/kaggle/input/brats20-data/BraTS20/data/volume_141_slice_122.npz,44
/kaggle/input/brats20-data/BraTS20/data/volume_141_slice_123.npz,44
/kaggle/input/brats20-data/BraTS20/data/volume_141_slice_124.npz,93
/kaggle/input/brats20-data/BraTS20/data/volume_141_slice_125.npz,93
/kaggle/input/brats20-data/BraTS20/data/volume_141_slice_126.npz,93
/kaggle/input/brats20-data/BraTS20/data/volume_141_slice_127.npz,78
/kaggle/input/brats20-data/BraTS20/data/volume_141_slice_128.npz,78
/kaggle/input/brats20-data/BraTS20/data/volume_313_slice_80.npz,38
/kaggle/input/brats20-data/BraTS20/data/volume_313_slice_81.npz,38
/kaggle/input/brats20-data/BraTS20/data/volume_313_slice_82.npz,38
/kaggle/input/brats20-data/BraTS20/data/volume_313_slice_83.npz,38
/kaggle/input/brats20-data/BraTS20/data/volume_313_slice_84.npz,38
/kaggle/input/brats20-data/BraTS20/data/volume_313_slice_85.npz,38
/kaggle/input/brats20-data/BraTS20/data/volume_313_slice_86.npz,38
/kaggle/input/brats20-data/BraTS20/data/volume_313_slice_87.npz,38
/kaggle/input/brats20-data/BraTS20/data/volume_313_slice_88.npz,38
/kaggle/input/brats20-data/BraTS20/data/volume_313_slice_89.npz,38
/kaggle/input/brats20-data/BraTS20/data/volume_313_slice_90.npz,38
/kaggle/input/brats20-data/BraTS20/data/volume_313_slice_91.npz,38
/kaggle/input/brats20-data/BraTS20/data/volume_313_slice_92.npz,38
/kaggle/input/brats20-data/BraTS20/data/volume_313_slice_93.npz,38
/kaggle/input/brats20-data/BraTS20/data/volume_313_slice_94.npz,60
/kaggle/input/brats20-data/BraTS20/data/volume_313_slice_95.npz,60
/kaggle/input/brats20-data/BraTS20/data/volume_313_slice_96.npz,60
/kaggle/input/brats20-data/BraTS20/data/volume_313_slice_97.npz,60
/kaggle/input/brats20-data/BraTS20/data/volume_313_slice_98.npz,60
/kaggle/input/brats20-data/BraTS20/data/volume_313_slice_99.npz,60
/kaggle/input/brats20-data/BraTS20/data/volume_313_slice_100.npz,60
/kaggle/input/brats20-data/BraTS20/data/volume_313_slice_101.npz,60
/kaggle/input/brats20-data/BraTS20/data/volume_313_slice_102.npz,60
/kaggle/input/brats20-data/BraTS20/data/volume_313_slice_103.npz,60
/kaggle/input/brats20-data/BraTS20/data/volume_313_slice_104.npz,60
/kaggle/input/brats20-data/BraTS20/data/volume_313_slice_105.npz,60
/kaggle/input/brats20-data/BraTS20/data/volume_313_slice_106.npz,60
/kaggle/input/brats20-data/BraTS20/data/volume_313_slice_107.npz,60
/kaggle/input/brats20-data/BraTS20/data/volume_313_slice_108.npz,60
/kaggle/input/brats20-data/BraTS20/data/volume_313_slice_109.npz,60
/kaggle/input/brats20-data/BraTS20/data/volume_313_slice_110.npz,60
/kaggle/input/brats20-data/BraTS20/data/volume_313_slice_111.npz,60
/kaggle/input/brats20-data/BraTS20/data/volume_313_slice_112.npz,60
/kaggle/input/brats20-data/BraTS20/data/volume_313_slice_113.npz,60
/kaggle/input/brats20-data/BraTS20/data/volume_313_slice_114.npz,60
/kaggle/input/brats20-data/BraTS20/data/volume_313_slice_115.npz,51
/kaggle/input/brats20-data/BraTS20/data/volume_313_slice_116.npz,51
/kaggle/input/brats20-data/BraTS20/data/volume_313_slice_117.npz,44
/kaggle/input/brats20-data/BraTS20/data/volume_313_slice_118.npz,44
/kaggle/input/brats20-data/BraTS20/data/volume_313_slice_119.npz,44
/kaggle/input/brats20-data/BraTS20/data/volume_313_slice_120.npz,39
/kaggle/input/brats20-data/BraTS20/data/volume_313_slice_121.npz,61
/kaggle/input/brats20-data/BraTS20/data/volume_313_slice_122.npz,78
/kaggle/input/brats20-data/BraTS20/data/volume_313_slice_123.npz,78
/kaggle/input/brats20-data/BraTS20/data/volume_313_slice_124.npz,78
/kaggle/input/brats20-data/BraTS20/data/volume_313_slice_125.npz,78
/kaggle/input/brats20-data/BraTS20/data/volume_313_slice_126.npz,65
/kaggle/input/brats20-data/BraTS20/data/volume_313_slice_127.npz,65
/kaggle/input/brats20-data/BraTS20/data/volume_313_slice_128.npz,11
/kaggle/input/brats20-data/BraTS20/data/volume_329_slice_80.npz,41
/kaggle/input/brats20-data/BraTS20/data/volume_329_slice_81.npz,41
/kaggle/input/brats20-data/BraTS20/data/volume_329_slice_82.npz,41
/kaggle/input/brats20-data/BraTS20/data/volume_329_slice_83.npz,41
/kaggle/input/brats20-data/BraTS20/data/volume_329_slice_84.npz,41
/kaggle/input/brats20-data/BraTS20/data/volume_329_slice_85.npz,41
/kaggle/input/brats20-data/BraTS20/data/volume_329_slice_86.npz,41
/kaggle/input/brats20-data/BraTS20/data/volume_329_slice_87.npz,41
/kaggle/input/brats20-data/BraTS20/data/volume_329_slice_88.npz,41
/kaggle/input/brats20-data/BraTS20/data/volume_329_slice_89.npz,41
/kaggle/input/brats20-data/BraTS20/data/volume_329_slice_90.npz,41
/kaggle/input/brats20-data/BraTS20/data/volume_329_slice_91.npz,41
/kaggle/input/brats20-data/BraTS20/data/volume_329_slice_92.npz,41
/kaggle/input/brats20-data/BraTS20/data/volume_329_slice_93.npz,41
/kaggle/input/brats20-data/BraTS20/data/volume_329_slice_94.npz,41
/kaggle/input/brats20-data/BraTS20/data/volume_329_slice_95.npz,4
/kaggle/input/brats20-data/BraTS20/data/volume_329_slice_96.npz,4
/kaggle/input/brats20-data/BraTS20/data/volume_329_slice_97.npz,4
/kaggle/input/brats20-data/BraTS20/data/volume_329_slice_98.npz,4
/kaggle/input/brats20-data/BraTS20/data/volume_329_slice_99.npz,4
/kaggle/input/brats20-data/BraTS20/data/volume_329_slice_100.npz,4
/kaggle/input/brats20-data/BraTS20/data/volume_329_slice_101.npz,4
/kaggle/input/brats20-data/BraTS20/data/volume_329_slice_102.npz,4
/kaggle/input/brats20-data/BraTS20/data/volume_329_slice_103.npz,56
/kaggle/input/brats20-data/BraTS20/data/volume_329_slice_104.npz,56
/kaggle/input/brats20-data/BraTS20/data/volume_329_slice_105.npz,60
/kaggle/input/brats20-data/BraTS20/data/volume_329_slice_106.npz,60
/kaggle/input/brats20-data/BraTS20/data/volume_329_slice_107.npz,60
/kaggle/input/brats20-data/BraTS20/data/volume_329_slice_108.npz,60
/kaggle/input/brats20-data/BraTS20/data/volume_329_slice_109.npz,17
/kaggle/input/brats20-data/BraTS20/data/volume_329_slice_110.npz,51
/kaggle/input/brats20-data/BraTS20/data/volume_329_slice_111.npz,51
/kaggle/input/brats20-data/BraTS20/data/volume_329_slice_112.npz,51
/kaggle/input/brats20-data/BraTS20/data/volume_329_slice_113.npz,51
/kaggle/input/brats20-data/BraTS20/data/volume_329_slice_114.npz,51
/kaggle/input/brats20-data/BraTS20/data/volume_329_slice_115.npz,51
/kaggle/input/brats20-data/BraTS20/data/volume_329_slice_116.npz,51
/kaggle/input/brats20-data/BraTS20/data/volume_329_slice_117.npz,98
/kaggle/input/brats20-data/BraTS20/data/volume_329_slice_118.npz,98
/kaggle/input/brats20-data/BraTS20/data/volume_329_slice_119.npz,98
/kaggle/input/brats20-data/BraTS20/data/volume_329_slice_120.npz,98
/kaggle/input/brats20-data/BraTS20/data/volume_329_slice_121.npz,98
/kaggle/input/brats20-data/BraTS20/data/volume_329_slice_122.npz,98
/kaggle/input/brats20-data/BraTS20/data/volume_329_slice_123.npz,61
/kaggle/input/brats20-data/BraTS20/data/volume_329_slice_124.npz,61
/kaggle/input/brats20-data/BraTS20/data/volume_329_slice_125.npz,78
/kaggle/input/brats20-data/BraTS20/data/volume_329_slice_126.npz,78
/kaggle/input/brats20-data/BraTS20/data/volume_329_slice_127.npz,83
/kaggle/input/brats20-data/BraTS20/data/volume_329_slice_128.npz,83
/kaggle/input/brats20-data/BraTS20/data/volume_293_slice_80.npz,38
/kaggle/input/brats20-data/BraTS20/data/volume_293_slice_81.npz,41
/kaggle/input/brats20-data/BraTS20/data/volume_293_slice_82.npz,41
/kaggle/input/brats20-data/BraTS20/data/volume_293_slice_83.npz,41
/kaggle/input/brats20-data/BraTS20/data/volume_293_slice_84.npz,41
/kaggle/input/brats20-data/BraTS20/data/volume_293_slice_85.npz,41
/kaggle/input/brats20-data/BraTS20/data/volume_293_slice_86.npz,41
/kaggle/input/brats20-data/BraTS20/data/volume_293_slice_87.npz,41
/kaggle/input/brats20-data/BraTS20/data/volume_293_slice_88.npz,41
/kaggle/input/brats20-data/BraTS20/data/volume_293_slice_89.npz,58
/kaggle/input/brats20-data/BraTS20/data/volume_293_slice_90.npz,58
/kaggle/input/brats20-data/BraTS20/data/volume_293_slice_91.npz,58
/kaggle/input/brats20-data/BraTS20/data/volume_293_slice_92.npz,58
/kaggle/input/brats20-data/BraTS20/data/volume_293_slice_93.npz,58
/kaggle/input/brats20-data/BraTS20/data/volume_293_slice_94.npz,35
/kaggle/input/brats20-data/BraTS20/data/volume_293_slice_95.npz,35
/kaggle/input/brats20-data/BraTS20/data/volume_293_slice_96.npz,55
/kaggle/input/brats20-data/BraTS20/data/volume_293_slice_97.npz,55
/kaggle/input/brats20-data/BraTS20/data/volume_293_slice_98.npz,55
/kaggle/input/brats20-data/BraTS20/data/volume_293_slice_99.npz,55
/kaggle/input/brats20-data/BraTS20/data/volume_293_slice_100.npz,55
/kaggle/input/brats20-data/BraTS20/data/volume_293_slice_101.npz,55
/kaggle/input/brats20-data/BraTS20/data/volume_293_slice_102.npz,55
/kaggle/input/brats20-data/BraTS20/data/volume_293_slice_103.npz,55
/kaggle/input/brats20-data/BraTS20/data/volume_293_slice_104.npz,55
/kaggle/input/brats20-data/BraTS20/data/volume_293_slice_105.npz,55
/kaggle/input/brats20-data/BraTS20/data/volume_293_slice_106.npz,55
/kaggle/input/brats20-data/BraTS20/data/volume_293_slice_107.npz,55
/kaggle/input/brats20-data/BraTS20/data/volume_293_slice_108.npz,55
/kaggle/input/brats20-data/BraTS20/data/volume_293_slice_109.npz,55
/kaggle/input/brats20-data/BraTS20/data/volume_293_slice_110.npz,55
/kaggle/input/brats20-data/BraTS20/data/volume_293_slice_111.npz,36
/kaggle/input/brats20-data/BraTS20/data/volume_293_slice_112.npz,36
/kaggle/input/brats20-data/BraTS20/data/volume_293_slice_113.npz,36
/kaggle/input/brats20-data/BraTS20/data/volume_293_slice_114.npz,36
/kaggle/input/brats20-data/BraTS20/data/volume_293_slice_115.npz,36
/kaggle/input/brats20-data/BraTS20/data/volume_293_slice_116.npz,36
/kaggle/input/brats20-data/BraTS20/data/volume_293_slice_117.npz,36
/kaggle/input/brats20-data/BraTS20/data/volume_293_slice_118.npz,64
/kaggle/input/brats20-data/BraTS20/data/volume_293_slice_119.npz,64
/kaggle/input/brats20-data/BraTS20/data/volume_293_slice_120.npz,54
/kaggle/input/brats20-data/BraTS20/data/volume_293_slice_121.npz,93
/kaggle/input/brats20-data/BraTS20/data/volume_293_slice_122.npz,93
/kaggle/input/brats20-data/BraTS20/data/volume_293_slice_123.npz,85
/kaggle/input/brats20-data/BraTS20/data/volume_293_slice_124.npz,85
/kaggle/input/brats20-data/BraTS20/data/volume_293_slice_125.npz,78
/kaggle/input/brats20-data/BraTS20/data/volume_293_slice_126.npz,75
/kaggle/input/brats20-data/BraTS20/data/volume_293_slice_127.npz,75
/kaggle/input/brats20-data/BraTS20/data/volume_293_slice_128.npz,75
/kaggle/input/brats20-data/BraTS20/data/volume_276_slice_80.npz,0
/kaggle/input/brats20-data/BraTS20/data/volume_276_slice_81.npz,0
/kaggle/input/brats20-data/BraTS20/data/volume_276_slice_82.npz,0
/kaggle/input/brats20-data/BraTS20/data/volume_276_slice_83.npz,0
/kaggle/input/brats20-data/BraTS20/data/volume_276_slice_84.npz,0
/kaggle/input/brats20-data/BraTS20/data/volume_276_slice_85.npz,99
/kaggle/input/brats20-data/BraTS20/data/volume_276_slice_86.npz,99
/kaggle/input/brats20-data/BraTS20/data/volume_276_slice_87.npz,99
/kaggle/input/brats20-data/BraTS20/data/volume_276_slice_88.npz,99
/kaggle/input/brats20-data/BraTS20/data/volume_276_slice_89.npz,99
/kaggle/input/brats20-data/BraTS20/data/volume_276_slice_90.npz,99
/kaggle/input/brats20-data/BraTS20/data/volume_276_slice_91.npz,99
/kaggle/input/brats20-data/BraTS20/data/volume_276_slice_92.npz,50
/kaggle/input/brats20-data/BraTS20/data/volume_276_slice_93.npz,40
/kaggle/input/brats20-data/BraTS20/data/volume_276_slice_94.npz,40
/kaggle/input/brats20-data/BraTS20/data/volume_276_slice_95.npz,25
/kaggle/input/brats20-data/BraTS20/data/volume_276_slice_96.npz,25
/kaggle/input/brats20-data/BraTS20/data/volume_276_slice_97.npz,25
/kaggle/input/brats20-data/BraTS20/data/volume_276_slice_98.npz,25
/kaggle/input/brats20-data/BraTS20/data/volume_276_slice_99.npz,25
/kaggle/input/brats20-data/BraTS20/data/volume_276_slice_100.npz,25
/kaggle/input/brats20-data/BraTS20/data/volume_276_slice_101.npz,25
/kaggle/input/brats20-data/BraTS20/data/volume_276_slice_102.npz,25
/kaggle/input/brats20-data/BraTS20/data/volume_276_slice_103.npz,25
/kaggle/input/brats20-data/BraTS20/data/volume_276_slice_104.npz,25
/kaggle/input/brats20-data/BraTS20/data/volume_276_slice_105.npz,25
/kaggle/input/brats20-data/BraTS20/data/volume_276_slice_106.npz,25
/kaggle/input/brats20-data/BraTS20/data/volume_276_slice_107.npz,25
/kaggle/input/brats20-data/BraTS20/data/volume_276_slice_108.npz,25
/kaggle/input/brats20-data/BraTS20/data/volume_276_slice_109.npz,25
/kaggle/input/brats20-data/BraTS20/data/volume_276_slice_110.npz,36
/kaggle/input/brats20-data/BraTS20/data/volume_276_slice_111.npz,36
/kaggle/input/brats20-data/BraTS20/data/volume_276_slice_112.npz,36
/kaggle/input/brats20-data/BraTS20/data/volume_276_slice_113.npz,36
/kaggle/input/brats20-data/BraTS20/data/volume_276_slice_114.npz,36
/kaggle/input/brats20-data/BraTS20/data/volume_276_slice_115.npz,52
/kaggle/input/brats20-data/BraTS20/data/volume_276_slice_116.npz,54
/kaggle/input/brats20-data/BraTS20/data/volume_276_slice_117.npz,54
/kaggle/input/brats20-data/BraTS20/data/volume_276_slice_118.npz,54
/kaggle/input/brats20-data/BraTS20/data/volume_276_slice_119.npz,54
/kaggle/input/brats20-data/BraTS20/data/volume_276_slice_120.npz,85
/kaggle/input/brats20-data/BraTS20/data/volume_276_slice_121.npz,85
/kaggle/input/brats20-data/BraTS20/data/volume_276_slice_122.npz,85
/kaggle/input/brats20-data/BraTS20/data/volume_276_slice_124.npz,75
/kaggle/input/brats20-data/BraTS20/data/volume_276_slice_125.npz,75
/kaggle/input/brats20-data/BraTS20/data/volume_276_slice_126.npz,75
/kaggle/input/brats20-data/BraTS20/data/volume_276_slice_127.npz,83
/kaggle/input/brats20-data/BraTS20/data/volume_276_slice_128.npz,43
/kaggle/input/brats20-data/BraTS20/data/volume_281_slice_80.npz,38
/kaggle/input/brats20-data/BraTS20/data/volume_281_slice_81.npz,38
/kaggle/input/brats20-data/BraTS20/data/volume_281_slice_82.npz,38
/kaggle/input/brats20-data/BraTS20/data/volume_281_slice_83.npz,38
/kaggle/input/brats20-data/BraTS20/data/volume_281_slice_84.npz,38
/kaggle/input/brats20-data/BraTS20/data/volume_281_slice_85.npz,38
/kaggle/input/brats20-data/BraTS20/data/volume_281_slice_86.npz,38
/kaggle/input/brats20-data/BraTS20/data/volume_281_slice_87.npz,38
/kaggle/input/brats20-data/BraTS20/data/volume_281_slice_88.npz,53
/kaggle/input/brats20-data/BraTS20/data/volume_281_slice_89.npz,53
/kaggle/input/brats20-data/BraTS20/data/volume_281_slice_90.npz,53
/kaggle/input/brats20-data/BraTS20/data/volume_281_slice_91.npz,35
/kaggle/input/brats20-data/BraTS20/data/volume_281_slice_92.npz,25
/kaggle/input/brats20-data/BraTS20/data/volume_281_slice_93.npz,25
/kaggle/input/brats20-data/BraTS20/data/volume_281_slice_94.npz,25
/kaggle/input/brats20-data/BraTS20/data/volume_281_slice_95.npz,25
/kaggle/input/brats20-data/BraTS20/data/volume_281_slice_96.npz,25
/kaggle/input/brats20-data/BraTS20/data/volume_281_slice_97.npz,25
/kaggle/input/brats20-data/BraTS20/data/volume_281_slice_98.npz,25
/kaggle/input/brats20-data/BraTS20/data/volume_281_slice_99.npz,25
/kaggle/input/brats20-data/BraTS20/data/volume_281_slice_100.npz,25
/kaggle/input/brats20-data/BraTS20/data/volume_281_slice_101.npz,17
/kaggle/input/brats20-data/BraTS20/data/volume_281_slice_102.npz,17
/kaggle/input/brats20-data/BraTS20/data/volume_281_slice_103.npz,17
/kaggle/input/brats20-data/BraTS20/data/volume_281_slice_104.npz,17
/kaggle/input/brats20-data/BraTS20/data/volume_281_slice_105.npz,17
/kaggle/input/brats20-data/BraTS20/data/volume_281_slice_106.npz,17
/kaggle/input/brats20-data/BraTS20/data/volume_281_slice_107.npz,36
/kaggle/input/brats20-data/BraTS20/data/volume_281_slice_108.npz,36
/kaggle/input/brats20-data/BraTS20/data/volume_281_slice_109.npz,36
/kaggle/input/brats20-data/BraTS20/data/volume_281_slice_110.npz,36
/kaggle/input/brats20-data/BraTS20/data/volume_281_slice_111.npz,44
/kaggle/input/brats20-data/BraTS20/data/volume_281_slice_112.npz,44
/kaggle/input/brats20-data/BraTS20/data/volume_281_slice_113.npz,44
/kaggle/input/brats20-data/BraTS20/data/volume_281_slice_114.npz,44
/kaggle/input/brats20-data/BraTS20/data/volume_281_slice_115.npz,44
/kaggle/input/brats20-data/BraTS20/data/volume_281_slice_116.npz,44
/kaggle/input/brats20-data/BraTS20/data/volume_281_slice_117.npz,44
/kaggle/input/brats20-data/BraTS20/data/volume_281_slice_118.npz,44
/kaggle/input/brats20-data/BraTS20/data/volume_281_slice_119.npz,39
/kaggle/input/brats20-data/BraTS20/data/volume_281_slice_120.npz,39
/kaggle/input/brats20-data/BraTS20/data/volume_281_slice_121.npz,39
/kaggle/input/brats20-data/BraTS20/data/volume_281_slice_122.npz,61
/kaggle/input/brats20-data/BraTS20/data/volume_281_slice_123.npz,61
/kaggle/input/brats20-data/BraTS20/data/volume_281_slice_124.npz,83
/kaggle/input/brats20-data/BraTS20/data/volume_281_slice_125.npz,83
/kaggle/input/brats20-data/BraTS20/data/volume_281_slice_126.npz,83
/kaggle/input/brats20-data/BraTS20/data/volume_281_slice_127.npz,83
/kaggle/input/brats20-data/BraTS20/data/volume_281_slice_128.npz,11
/kaggle/input/brats20-data/BraTS20/data/volume_167_slice_80.npz,48
/kaggle/input/brats20-data/BraTS20/data/volume_167_slice_81.npz,48
/kaggle/input/brats20-data/BraTS20/data/volume_167_slice_82.npz,48
/kaggle/input/brats20-data/BraTS20/data/volume_167_slice_83.npz,19
/kaggle/input/brats20-data/BraTS20/data/volume_167_slice_84.npz,32
/kaggle/input/brats20-data/BraTS20/data/volume_167_slice_85.npz,24
/kaggle/input/brats20-data/BraTS20/data/volume_167_slice_86.npz,24
/kaggle/input/brats20-data/BraTS20/data/volume_167_slice_87.npz,24
/kaggle/input/brats20-data/BraTS20/data/volume_167_slice_88.npz,24
/kaggle/input/brats20-data/BraTS20/data/volume_167_slice_89.npz,24
/kaggle/input/brats20-data/BraTS20/data/volume_167_slice_90.npz,24
/kaggle/input/brats20-data/BraTS20/data/volume_167_slice_91.npz,24
/kaggle/input/brats20-data/BraTS20/data/volume_167_slice_92.npz,24
/kaggle/input/brats20-data/BraTS20/data/volume_167_slice_93.npz,24
/kaggle/input/brats20-data/BraTS20/data/volume_167_slice_95.npz,48
/kaggle/input/brats20-data/BraTS20/data/volume_167_slice_96.npz,48
/kaggle/input/brats20-data/BraTS20/data/volume_167_slice_97.npz,2
/kaggle/input/brats20-data/BraTS20/data/volume_167_slice_98.npz,2
/kaggle/input/brats20-data/BraTS20/data/volume_167_slice_99.npz,70
/kaggle/input/brats20-data/BraTS20/data/volume_167_slice_100.npz,70
/kaggle/input/brats20-data/BraTS20/data/volume_167_slice_101.npz,70
/kaggle/input/brats20-data/BraTS20/data/volume_167_slice_102.npz,70
/kaggle/input/brats20-data/BraTS20/data/volume_167_slice_103.npz,70
/kaggle/input/brats20-data/BraTS20/data/volume_167_slice_104.npz,70
/kaggle/input/brats20-data/BraTS20/data/volume_167_slice_105.npz,70
/kaggle/input/brats20-data/BraTS20/data/volume_167_slice_106.npz,70
/kaggle/input/brats20-data/BraTS20/data/volume_167_slice_107.npz,70
/kaggle/input/brats20-data/BraTS20/data/volume_167_slice_108.npz,70
/kaggle/input/brats20-data/BraTS20/data/volume_167_slice_109.npz,51
/kaggle/input/brats20-data/BraTS20/data/volume_167_slice_110.npz,51
/kaggle/input/brats20-data/BraTS20/data/volume_167_slice_111.npz,51
/kaggle/input/brats20-data/BraTS20/data/volume_167_slice_112.npz,51
/kaggle/input/brats20-data/BraTS20/data/volume_167_slice_113.npz,51
/kaggle/input/brats20-data/BraTS20/data/volume_167_slice_114.npz,51
/kaggle/input/brats20-data/BraTS20/data/volume_167_slice_115.npz,52
/kaggle/input/brats20-data/BraTS20/data/volume_167_slice_116.npz,93
/kaggle/input/brats20-data/BraTS20/data/volume_167_slice_117.npz,93
/kaggle/input/brats20-data/BraTS20/data/volume_167_slice_118.npz,93
/kaggle/input/brats20-data/BraTS20/data/volume_167_slice_119.npz,93
/kaggle/input/brats20-data/BraTS20/data/volume_167_slice_120.npz,93
/kaggle/input/brats20-data/BraTS20/data/volume_167_slice_121.npz,93
/kaggle/input/brats20-data/BraTS20/data/volume_167_slice_122.npz,78
/kaggle/input/brats20-data/BraTS20/data/volume_167_slice_123.npz,78
/kaggle/input/brats20-data/BraTS20/data/volume_167_slice_124.npz,78
/kaggle/input/brats20-data/BraTS20/data/volume_167_slice_125.npz,78
/kaggle/input/brats20-data/BraTS20/data/volume_167_slice_126.npz,65
/kaggle/input/brats20-data/BraTS20/data/volume_167_slice_127.npz,83
/kaggle/input/brats20-data/BraTS20/data/volume_167_slice_128.npz,83
/kaggle/input/brats20-data/BraTS20/data/volume_262_slice_80.npz,0
/kaggle/input/brats20-data/BraTS20/data/volume_262_slice_81.npz,0
/kaggle/input/brats20-data/BraTS20/data/volume_262_slice_82.npz,0
/kaggle/input/brats20-data/BraTS20/data/volume_262_slice_83.npz,0
/kaggle/input/brats20-data/BraTS20/data/volume_262_slice_84.npz,0
/kaggle/input/brats20-data/BraTS20/data/volume_262_slice_85.npz,0
/kaggle/input/brats20-data/BraTS20/data/volume_262_slice_86.npz,0
/kaggle/input/brats20-data/BraTS20/data/volume_262_slice_87.npz,0
/kaggle/input/brats20-data/BraTS20/data/volume_262_slice_88.npz,0
/kaggle/input/brats20-data/BraTS20/data/volume_262_slice_89.npz,0
/kaggle/input/brats20-data/BraTS20/data/volume_262_slice_90.npz,0
/kaggle/input/brats20-data/BraTS20/data/volume_262_slice_91.npz,0
/kaggle/input/brats20-data/BraTS20/data/volume_262_slice_92.npz,0
/kaggle/input/brats20-data/BraTS20/data/volume_262_slice_93.npz,0
/kaggle/input/brats20-data/BraTS20/data/volume_262_slice_94.npz,0
/kaggle/input/brats20-data/BraTS20/data/volume_262_slice_95.npz,0
/kaggle/input/brats20-data/BraTS20/data/volume_262_slice_96.npz,0
/kaggle/input/brats20-data/BraTS20/data/volume_262_slice_97.npz,53
/kaggle/input/brats20-data/BraTS20/data/volume_262_slice_98.npz,53
/kaggle/input/brats20-data/BraTS20/data/volume_262_slice_99.npz,53
/kaggle/input/brats20-data/BraTS20/data/volume_262_slice_100.npz,53
/kaggle/input/brats20-data/BraTS20/data/volume_262_slice_101.npz,4
/kaggle/input/brats20-data/BraTS20/data/volume_262_slice_102.npz,4
/kaggle/input/brats20-data/BraTS20/data/volume_262_slice_103.npz,4
/kaggle/input/brats20-data/BraTS20/data/volume_262_slice_104.npz,4
/kaggle/input/brats20-data/BraTS20/data/volume_262_slice_105.npz,4
/kaggle/input/brats20-data/BraTS20/data/volume_262_slice_106.npz,4
/kaggle/input/brats20-data/BraTS20/data/volume_262_slice_107.npz,4
/kaggle/input/brats20-data/BraTS20/data/volume_262_slice_108.npz,4
/kaggle/input/brats20-data/BraTS20/data/volume_262_slice_109.npz,4
/kaggle/input/brats20-data/BraTS20/data/volume_262_slice_110.npz,4
/kaggle/input/brats20-data/BraTS20/data/volume_262_slice_111.npz,71
/kaggle/input/brats20-data/BraTS20/data/volume_262_slice_112.npz,36
/kaggle/input/brats20-data/BraTS20/data/volume_262_slice_113.npz,36
/kaggle/input/brats20-data/BraTS20/data/volume_262_slice_114.npz,36
/kaggle/input/brats20-data/BraTS20/data/volume_262_slice_115.npz,64
/kaggle/input/brats20-data/BraTS20/data/volume_262_slice_116.npz,64
/kaggle/input/brats20-data/BraTS20/data/volume_262_slice_117.npz,64
/kaggle/input/brats20-data/BraTS20/data/volume_262_slice_118.npz,64
/kaggle/input/brats20-data/BraTS20/data/volume_262_slice_119.npz,64
/kaggle/input/brats20-data/BraTS20/data/volume_262_slice_120.npz,64
/kaggle/input/brats20-data/BraTS20/data/volume_262_slice_121.npz,64
/kaggle/input/brats20-data/BraTS20/data/volume_262_slice_122.npz,64
/kaggle/input/brats20-data/BraTS20/data/volume_262_slice_123.npz,64
/kaggle/input/brats20-data/BraTS20/data/volume_262_slice_124.npz,87
/kaggle/input/brats20-data/BraTS20/data/volume_262_slice_125.npz,87
/kaggle/input/brats20-data/BraTS20/data/volume_262_slice_126.npz,87
/kaggle/input/brats20-data/BraTS20/data/volume_262_slice_127.npz,78
/kaggle/input/brats20-data/BraTS20/data/volume_262_slice_128.npz,78
/kaggle/input/brats20-data/BraTS20/data/volume_51_slice_80.npz,59
/kaggle/input/brats20-data/BraTS20/data/volume_51_slice_81.npz,59
/kaggle/input/brats20-data/BraTS20/data/volume_51_slice_82.npz,59
/kaggle/input/brats20-data/BraTS20/data/volume_51_slice_83.npz,59
/kaggle/input/brats20-data/BraTS20/data/volume_51_slice_84.npz,59
/kaggle/input/brats20-data/BraTS20/data/volume_51_slice_85.npz,59
/kaggle/input/brats20-data/BraTS20/data/volume_51_slice_86.npz,59
/kaggle/input/brats20-data/BraTS20/data/volume_51_slice_87.npz,59
/kaggle/input/brats20-data/BraTS20/data/volume_51_slice_88.npz,59
/kaggle/input/brats20-data/BraTS20/data/volume_51_slice_89.npz,59
/kaggle/input/brats20-data/BraTS20/data/volume_51_slice_90.npz,59
/kaggle/input/brats20-data/BraTS20/data/volume_51_slice_91.npz,59
/kaggle/input/brats20-data/BraTS20/data/volume_51_slice_92.npz,59
/kaggle/input/brats20-data/BraTS20/data/volume_51_slice_93.npz,59
/kaggle/input/brats20-data/BraTS20/data/volume_51_slice_94.npz,59
/kaggle/input/brats20-data/BraTS20/data/volume_51_slice_95.npz,59
/kaggle/input/brats20-data/BraTS20/data/volume_51_slice_96.npz,59
/kaggle/input/brats20-data/BraTS20/data/volume_51_slice_97.npz,59
/kaggle/input/brats20-data/BraTS20/data/volume_51_slice_98.npz,59
/kaggle/input/brats20-data/BraTS20/data/volume_51_slice_99.npz,59
/kaggle/input/brats20-data/BraTS20/data/volume_51_slice_100.npz,59
/kaggle/input/brats20-data/BraTS20/data/volume_51_slice_101.npz,59
/kaggle/input/brats20-data/BraTS20/data/volume_51_slice_102.npz,25
/kaggle/input/brats20-data/BraTS20/data/volume_51_slice_103.npz,25
/kaggle/input/brats20-data/BraTS20/data/volume_51_slice_104.npz,25
/kaggle/input/brats20-data/BraTS20/data/volume_51_slice_105.npz,25
/kaggle/input/brats20-data/BraTS20/data/volume_51_slice_106.npz,25
/kaggle/input/brats20-data/BraTS20/data/volume_51_slice_107.npz,3
/kaggle/input/brats20-data/BraTS20/data/volume_51_slice_108.npz,3
/kaggle/input/brats20-data/BraTS20/data/volume_51_slice_109.npz,3
/kaggle/input/brats20-data/BraTS20/data/volume_51_slice_110.npz,3
/kaggle/input/brats20-data/BraTS20/data/volume_51_slice_111.npz,3
/kaggle/input/brats20-data/BraTS20/data/volume_51_slice_112.npz,39
/kaggle/input/brats20-data/BraTS20/data/volume_51_slice_113.npz,39
/kaggle/input/brats20-data/BraTS20/data/volume_51_slice_114.npz,39
/kaggle/input/brats20-data/BraTS20/data/volume_51_slice_115.npz,39
/kaggle/input/brats20-data/BraTS20/data/volume_51_slice_116.npz,39
/kaggle/input/brats20-data/BraTS20/data/volume_51_slice_117.npz,39
/kaggle/input/brats20-data/BraTS20/data/volume_51_slice_118.npz,39
/kaggle/input/brats20-data/BraTS20/data/volume_51_slice_119.npz,39
/kaggle/input/brats20-data/BraTS20/data/volume_51_slice_120.npz,39
/kaggle/input/brats20-data/BraTS20/data/volume_51_slice_121.npz,39
/kaggle/input/brats20-data/BraTS20/data/volume_51_slice_122.npz,39
/kaggle/input/brats20-data/BraTS20/data/volume_51_slice_123.npz,39
/kaggle/input/brats20-data/BraTS20/data/volume_51_slice_124.npz,39
/kaggle/input/brats20-data/BraTS20/data/volume_51_slice_125.npz,39
/kaggle/input/brats20-data/BraTS20/data/volume_51_slice_126.npz,39
/kaggle/input/brats20-data/BraTS20/data/volume_51_slice_127.npz,62
/kaggle/input/brats20-data/BraTS20/data/volume_51_slice_128.npz,83
/kaggle/input/brats20-data/BraTS20/data/volume_302_slice_80.npz,42
/kaggle/input/brats20-data/BraTS20/data/volume_302_slice_81.npz,42
/kaggle/input/brats20-data/BraTS20/data/volume_302_slice_82.npz,42
/kaggle/input/brats20-data/BraTS20/data/volume_302_slice_83.npz,42
/kaggle/input/brats20-data/BraTS20/data/volume_302_slice_84.npz,42
/kaggle/input/brats20-data/BraTS20/data/volume_302_slice_85.npz,42
/kaggle/input/brats20-data/BraTS20/data/volume_302_slice_86.npz,42
/kaggle/input/brats20-data/BraTS20/data/volume_302_slice_87.npz,42
/kaggle/input/brats20-data/BraTS20/data/volume_302_slice_88.npz,42
/kaggle/input/brats20-data/BraTS20/data/volume_302_slice_89.npz,42
/kaggle/input/brats20-data/BraTS20/data/volume_302_slice_90.npz,42
/kaggle/input/brats20-data/BraTS20/data/volume_302_slice_91.npz,42
/kaggle/input/brats20-data/BraTS20/data/volume_302_slice_92.npz,84
/kaggle/input/brats20-data/BraTS20/data/volume_302_slice_93.npz,84
/kaggle/input/brats20-data/BraTS20/data/volume_302_slice_94.npz,84
/kaggle/input/brats20-data/BraTS20/data/volume_302_slice_95.npz,94
/kaggle/input/brats20-data/BraTS20/data/volume_302_slice_96.npz,94
/kaggle/input/brats20-data/BraTS20/data/volume_302_slice_97.npz,94
/kaggle/input/brats20-data/BraTS20/data/volume_302_slice_98.npz,94
/kaggle/input/brats20-data/BraTS20/data/volume_302_slice_99.npz,94
/kaggle/input/brats20-data/BraTS20/data/volume_302_slice_101.npz,71
/kaggle/input/brats20-data/BraTS20/data/volume_302_slice_102.npz,71
/kaggle/input/brats20-data/BraTS20/data/volume_302_slice_103.npz,71
/kaggle/input/brats20-data/BraTS20/data/volume_302_slice_104.npz,71
/kaggle/input/brats20-data/BraTS20/data/volume_302_slice_105.npz,71
/kaggle/input/brats20-data/BraTS20/data/volume_302_slice_106.npz,91
/kaggle/input/brats20-data/BraTS20/data/volume_302_slice_107.npz,91
/kaggle/input/brats20-data/BraTS20/data/volume_302_slice_108.npz,91
/kaggle/input/brats20-data/BraTS20/data/volume_302_slice_109.npz,91
/kaggle/input/brats20-data/BraTS20/data/volume_302_slice_110.npz,91
/kaggle/input/brats20-data/BraTS20/data/volume_302_slice_111.npz,52
/kaggle/input/brats20-data/BraTS20/data/volume_302_slice_112.npz,52
/kaggle/input/brats20-data/BraTS20/data/volume_302_slice_113.npz,52
/kaggle/input/brats20-data/BraTS20/data/volume_302_slice_114.npz,52
/kaggle/input/brats20-data/BraTS20/data/volume_302_slice_115.npz,54
/kaggle/input/brats20-data/BraTS20/data/volume_302_slice_116.npz,54
/kaggle/input/brats20-data/BraTS20/data/volume_302_slice_117.npz,54
/kaggle/input/brats20-data/BraTS20/data/volume_302_slice_118.npz,54
/kaggle/input/brats20-data/BraTS20/data/volume_302_slice_119.npz,69
/kaggle/input/brats20-data/BraTS20/data/volume_302_slice_120.npz,69
/kaggle/input/brats20-data/BraTS20/data/volume_302_slice_121.npz,69
/kaggle/input/brats20-data/BraTS20/data/volume_302_slice_122.npz,78
/kaggle/input/brats20-data/BraTS20/data/volume_302_slice_123.npz,75
/kaggle/input/brats20-data/BraTS20/data/volume_302_slice_124.npz,75
/kaggle/input/brats20-data/BraTS20/data/volume_302_slice_125.npz,75
/kaggle/input/brats20-data/BraTS20/data/volume_302_slice_126.npz,75
/kaggle/input/brats20-data/BraTS20/data/volume_302_slice_127.npz,83
/kaggle/input/brats20-data/BraTS20/data/volume_302_slice_128.npz,83
/kaggle/input/brats20-data/BraTS20/data/volume_285_slice_80.npz,9
/kaggle/input/brats20-data/BraTS20/data/volume_285_slice_81.npz,9
/kaggle/input/brats20-data/BraTS20/data/volume_285_slice_82.npz,9
/kaggle/input/brats20-data/BraTS20/data/volume_285_slice_83.npz,9
/kaggle/input/brats20-data/BraTS20/data/volume_285_slice_84.npz,9
/kaggle/input/brats20-data/BraTS20/data/volume_285_slice_85.npz,9
/kaggle/input/brats20-data/BraTS20/data/volume_285_slice_86.npz,9
/kaggle/input/brats20-data/BraTS20/data/volume_285_slice_87.npz,9
/kaggle/input/brats20-data/BraTS20/data/volume_285_slice_88.npz,6
/kaggle/input/brats20-data/BraTS20/data/volume_285_slice_89.npz,4
/kaggle/input/brats20-data/BraTS20/data/volume_285_slice_90.npz,4
/kaggle/input/brats20-data/BraTS20/data/volume_285_slice_91.npz,4
/kaggle/input/brats20-data/BraTS20/data/volume_285_slice_92.npz,4
/kaggle/input/brats20-data/BraTS20/data/volume_285_slice_93.npz,4
/kaggle/input/brats20-data/BraTS20/data/volume_285_slice_94.npz,4
/kaggle/input/brats20-data/BraTS20/data/volume_285_slice_95.npz,4
/kaggle/input/brats20-data/BraTS20/data/volume_285_slice_96.npz,4
/kaggle/input/brats20-data/BraTS20/data/volume_285_slice_97.npz,4
/kaggle/input/brats20-data/BraTS20/data/volume_285_slice_98.npz,4
/kaggle/input/brats20-data/BraTS20/data/volume_285_slice_99.npz,17
/kaggle/input/brats20-data/BraTS20/data/volume_285_slice_100.npz,17
/kaggle/input/brats20-data/BraTS20/data/volume_285_slice_101.npz,17
/kaggle/input/brats20-data/BraTS20/data/volume_285_slice_102.npz,36
/kaggle/input/brats20-data/BraTS20/data/volume_285_slice_103.npz,51
/kaggle/input/brats20-data/BraTS20/data/volume_285_slice_104.npz,51
/kaggle/input/brats20-data/BraTS20/data/volume_285_slice_105.npz,51
/kaggle/input/brats20-data/BraTS20/data/volume_285_slice_106.npz,51
/kaggle/input/brats20-data/BraTS20/data/volume_285_slice_107.npz,51
/kaggle/input/brats20-data/BraTS20/data/volume_285_slice_108.npz,51
/kaggle/input/brats20-data/BraTS20/data/volume_285_slice_109.npz,51
/kaggle/input/brats20-data/BraTS20/data/volume_285_slice_110.npz,51
/kaggle/input/brats20-data/BraTS20/data/volume_285_slice_111.npz,44
/kaggle/input/brats20-data/BraTS20/data/volume_285_slice_112.npz,44
/kaggle/input/brats20-data/BraTS20/data/volume_285_slice_113.npz,44
/kaggle/input/brats20-data/BraTS20/data/volume_285_slice_114.npz,98
/kaggle/input/brats20-data/BraTS20/data/volume_285_slice_115.npz,98
/kaggle/input/brats20-data/BraTS20/data/volume_285_slice_116.npz,98
/kaggle/input/brats20-data/BraTS20/data/volume_285_slice_117.npz,98
/kaggle/input/brats20-data/BraTS20/data/volume_285_slice_118.npz,98
/kaggle/input/brats20-data/BraTS20/data/volume_285_slice_119.npz,61
/kaggle/input/brats20-data/BraTS20/data/volume_285_slice_120.npz,61
/kaggle/input/brats20-data/BraTS20/data/volume_285_slice_121.npz,61
/kaggle/input/brats20-data/BraTS20/data/volume_285_slice_122.npz,78
/kaggle/input/brats20-data/BraTS20/data/volume_285_slice_123.npz,83
/kaggle/input/brats20-data/BraTS20/data/volume_285_slice_124.npz,83
/kaggle/input/brats20-data/BraTS20/data/volume_285_slice_125.npz,83
/kaggle/input/brats20-data/BraTS20/data/volume_285_slice_126.npz,83
/kaggle/input/brats20-data/BraTS20/data/volume_285_slice_127.npz,11
/kaggle/input/brats20-data/BraTS20/data/volume_285_slice_128.npz,11
/kaggle/input/brats20-data/BraTS20/data/volume_339_slice_80.npz,38
/kaggle/input/brats20-data/BraTS20/data/volume_339_slice_81.npz,35
/kaggle/input/brats20-data/BraTS20/data/volume_339_slice_82.npz,35
/kaggle/input/brats20-data/BraTS20/data/volume_339_slice_83.npz,35
/kaggle/input/brats20-data/BraTS20/data/volume_339_slice_84.npz,35
/kaggle/input/brats20-data/BraTS20/data/volume_339_slice_85.npz,35
/kaggle/input/brats20-data/BraTS20/data/volume_339_slice_86.npz,35
/kaggle/input/brats20-data/BraTS20/data/volume_339_slice_87.npz,35
/kaggle/input/brats20-data/BraTS20/data/volume_339_slice_88.npz,35
/kaggle/input/brats20-data/BraTS20/data/volume_339_slice_89.npz,35
/kaggle/input/brats20-data/BraTS20/data/volume_339_slice_90.npz,35
/kaggle/input/brats20-data/BraTS20/data/volume_339_slice_91.npz,35
/kaggle/input/brats20-data/BraTS20/data/volume_339_slice_92.npz,35
/kaggle/input/brats20-data/BraTS20/data/volume_339_slice_93.npz,35
/kaggle/input/brats20-data/BraTS20/data/volume_339_slice_94.npz,35
/kaggle/input/brats20-data/BraTS20/data/volume_339_slice_95.npz,35
/kaggle/input/brats20-data/BraTS20/data/volume_339_slice_96.npz,56
/kaggle/input/brats20-data/BraTS20/data/volume_339_slice_97.npz,56
/kaggle/input/brats20-data/BraTS20/data/volume_339_slice_98.npz,56
/kaggle/input/brats20-data/BraTS20/data/volume_339_slice_99.npz,56
/kaggle/input/brats20-data/BraTS20/data/volume_339_slice_100.npz,56
/kaggle/input/brats20-data/BraTS20/data/volume_339_slice_101.npz,56
/kaggle/input/brats20-data/BraTS20/data/volume_339_slice_102.npz,2
/kaggle/input/brats20-data/BraTS20/data/volume_339_slice_103.npz,2
/kaggle/input/brats20-data/BraTS20/data/volume_339_slice_104.npz,2
/kaggle/input/brats20-data/BraTS20/data/volume_339_slice_105.npz,2
/kaggle/input/brats20-data/BraTS20/data/volume_339_slice_106.npz,2
/kaggle/input/brats20-data/BraTS20/data/volume_339_slice_107.npz,36
/kaggle/input/brats20-data/BraTS20/data/volume_339_slice_108.npz,36
/kaggle/input/brats20-data/BraTS20/data/volume_339_slice_109.npz,36
/kaggle/input/brats20-data/BraTS20/data/volume_339_slice_110.npz,36
/kaggle/input/brats20-data/BraTS20/data/volume_339_slice_111.npz,36
/kaggle/input/brats20-data/BraTS20/data/volume_339_slice_112.npz,36
/kaggle/input/brats20-data/BraTS20/data/volume_339_slice_113.npz,36
/kaggle/input/brats20-data/BraTS20/data/volume_339_slice_114.npz,63
/kaggle/input/brats20-data/BraTS20/data/volume_339_slice_115.npz,63
/kaggle/input/brats20-data/BraTS20/data/volume_339_slice_116.npz,44
/kaggle/input/brats20-data/BraTS20/data/volume_339_slice_117.npz,44
/kaggle/input/brats20-data/BraTS20/data/volume_339_slice_118.npz,44
/kaggle/input/brats20-data/BraTS20/data/volume_339_slice_119.npz,39
/kaggle/input/brats20-data/BraTS20/data/volume_339_slice_120.npz,39
/kaggle/input/brats20-data/BraTS20/data/volume_339_slice_121.npz,39
/kaggle/input/brats20-data/BraTS20/data/volume_339_slice_122.npz,62
/kaggle/input/brats20-data/BraTS20/data/volume_339_slice_123.npz,62
/kaggle/input/brats20-data/BraTS20/data/volume_339_slice_124.npz,62
/kaggle/input/brats20-data/BraTS20/data/volume_339_slice_125.npz,75
/kaggle/input/brats20-data/BraTS20/data/volume_339_slice_126.npz,89
/kaggle/input/brats20-data/BraTS20/data/volume_339_slice_127.npz,75
/kaggle/input/brats20-data/BraTS20/data/volume_339_slice_128.npz,75
/kaggle/input/brats20-data/BraTS20/data/volume_30_slice_80.npz,46
/kaggle/input/brats20-data/BraTS20/data/volume_30_slice_81.npz,46
/kaggle/input/brats20-data/BraTS20/data/volume_30_slice_82.npz,99
/kaggle/input/brats20-data/BraTS20/data/volume_30_slice_83.npz,99
/kaggle/input/brats20-data/BraTS20/data/volume_30_slice_84.npz,99
/kaggle/input/brats20-data/BraTS20/data/volume_30_slice_85.npz,99
/kaggle/input/brats20-data/BraTS20/data/volume_30_slice_86.npz,99
/kaggle/input/brats20-data/BraTS20/data/volume_30_slice_87.npz,99
/kaggle/input/brats20-data/BraTS20/data/volume_30_slice_88.npz,99
/kaggle/input/brats20-data/BraTS20/data/volume_30_slice_89.npz,99
/kaggle/input/brats20-data/BraTS20/data/volume_30_slice_90.npz,99
/kaggle/input/brats20-data/BraTS20/data/volume_30_slice_91.npz,99
/kaggle/input/brats20-data/BraTS20/data/volume_30_slice_92.npz,99
/kaggle/input/brats20-data/BraTS20/data/volume_30_slice_93.npz,46
/kaggle/input/brats20-data/BraTS20/data/volume_30_slice_94.npz,46
/kaggle/input/brats20-data/BraTS20/data/volume_30_slice_95.npz,16
/kaggle/input/brats20-data/BraTS20/data/volume_30_slice_96.npz,16
/kaggle/input/brats20-data/BraTS20/data/volume_30_slice_97.npz,16
/kaggle/input/brats20-data/BraTS20/data/volume_30_slice_98.npz,16
/kaggle/input/brats20-data/BraTS20/data/volume_30_slice_99.npz,16
/kaggle/input/brats20-data/BraTS20/data/volume_30_slice_100.npz,16
/kaggle/input/brats20-data/BraTS20/data/volume_30_slice_101.npz,16
/kaggle/input/brats20-data/BraTS20/data/volume_30_slice_102.npz,16
/kaggle/input/brats20-data/BraTS20/data/volume_30_slice_103.npz,16
/kaggle/input/brats20-data/BraTS20/data/volume_30_slice_104.npz,16
/kaggle/input/brats20-data/BraTS20/data/volume_30_slice_105.npz,16
/kaggle/input/brats20-data/BraTS20/data/volume_30_slice_106.npz,16
/kaggle/input/brats20-data/BraTS20/data/volume_30_slice_107.npz,16
/kaggle/input/brats20-data/BraTS20/data/volume_30_slice_108.npz,16
/kaggle/input/brats20-data/BraTS20/data/volume_30_slice_109.npz,16
/kaggle/input/brats20-data/BraTS20/data/volume_30_slice_110.npz,16
/kaggle/input/brats20-data/BraTS20/data/volume_30_slice_111.npz,16
/kaggle/input/brats20-data/BraTS20/data/volume_30_slice_112.npz,36
/kaggle/input/brats20-data/BraTS20/data/volume_30_slice_113.npz,76
/kaggle/input/brats20-data/BraTS20/data/volume_30_slice_114.npz,76
/kaggle/input/brats20-data/BraTS20/data/volume_30_slice_115.npz,76
/kaggle/input/brats20-data/BraTS20/data/volume_30_slice_116.npz,86
/kaggle/input/brats20-data/BraTS20/data/volume_30_slice_117.npz,90
/kaggle/input/brats20-data/BraTS20/data/volume_30_slice_118.npz,90
/kaggle/input/brats20-data/BraTS20/data/volume_30_slice_119.npz,63
/kaggle/input/brats20-data/BraTS20/data/volume_30_slice_120.npz,44
/kaggle/input/brats20-data/BraTS20/data/volume_30_slice_121.npz,98
/kaggle/input/brats20-data/BraTS20/data/volume_30_slice_122.npz,98
/kaggle/input/brats20-data/BraTS20/data/volume_30_slice_123.npz,61
/kaggle/input/brats20-data/BraTS20/data/volume_30_slice_124.npz,61
/kaggle/input/brats20-data/BraTS20/data/volume_30_slice_125.npz,61
/kaggle/input/brats20-data/BraTS20/data/volume_30_slice_126.npz,61
/kaggle/input/brats20-data/BraTS20/data/volume_30_slice_127.npz,89
/kaggle/input/brats20-data/BraTS20/data/volume_30_slice_128.npz,89
/kaggle/input/brats20-data/BraTS20/data/volume_111_slice_80.npz,46
/kaggle/input/brats20-data/BraTS20/data/volume_111_slice_81.npz,46
/kaggle/input/brats20-data/BraTS20/data/volume_111_slice_82.npz,46
/kaggle/input/brats20-data/BraTS20/data/volume_111_slice_83.npz,46
/kaggle/input/brats20-data/BraTS20/data/volume_111_slice_84.npz,46
/kaggle/input/brats20-data/BraTS20/data/volume_111_slice_85.npz,1
/kaggle/input/brats20-data/BraTS20/data/volume_111_slice_86.npz,1
/kaggle/input/brats20-data/BraTS20/data/volume_111_slice_87.npz,1
/kaggle/input/brats20-data/BraTS20/data/volume_111_slice_88.npz,1
/kaggle/input/brats20-data/BraTS20/data/volume_111_slice_89.npz,15
/kaggle/input/brats20-data/BraTS20/data/volume_111_slice_90.npz,15
/kaggle/input/brats20-data/BraTS20/data/volume_111_slice_91.npz,15
/kaggle/input/brats20-data/BraTS20/data/volume_111_slice_92.npz,47
/kaggle/input/brats20-data/BraTS20/data/volume_111_slice_93.npz,47
/kaggle/input/brats20-data/BraTS20/data/volume_111_slice_94.npz,47
/kaggle/input/brats20-data/BraTS20/data/volume_111_slice_95.npz,47
/kaggle/input/brats20-data/BraTS20/data/volume_111_slice_96.npz,47
/kaggle/input/brats20-data/BraTS20/data/volume_111_slice_97.npz,33
/kaggle/input/brats20-data/BraTS20/data/volume_111_slice_98.npz,33
/kaggle/input/brats20-data/BraTS20/data/volume_111_slice_99.npz,33
/kaggle/input/brats20-data/BraTS20/data/volume_111_slice_100.npz,33
/kaggle/input/brats20-data/BraTS20/data/volume_111_slice_101.npz,33
/kaggle/input/brats20-data/BraTS20/data/volume_111_slice_102.npz,33
/kaggle/input/brats20-data/BraTS20/data/volume_111_slice_103.npz,33
/kaggle/input/brats20-data/BraTS20/data/volume_111_slice_104.npz,31
/kaggle/input/brats20-data/BraTS20/data/volume_111_slice_105.npz,31
/kaggle/input/brats20-data/BraTS20/data/volume_111_slice_106.npz,31
/kaggle/input/brats20-data/BraTS20/data/volume_111_slice_107.npz,37
/kaggle/input/brats20-data/BraTS20/data/volume_111_slice_108.npz,37
/kaggle/input/brats20-data/BraTS20/data/volume_111_slice_109.npz,97
/kaggle/input/brats20-data/BraTS20/data/volume_111_slice_110.npz,97
/kaggle/input/brats20-data/BraTS20/data/volume_111_slice_111.npz,97
/kaggle/input/brats20-data/BraTS20/data/volume_111_slice_112.npz,97
/kaggle/input/brats20-data/BraTS20/data/volume_111_slice_113.npz,2
/kaggle/input/brats20-data/BraTS20/data/volume_111_slice_114.npz,2
/kaggle/input/brats20-data/BraTS20/data/volume_111_slice_115.npz,76
/kaggle/input/brats20-data/BraTS20/data/volume_111_slice_116.npz,76
/kaggle/input/brats20-data/BraTS20/data/volume_111_slice_117.npz,76
/kaggle/input/brats20-data/BraTS20/data/volume_111_slice_118.npz,76
/kaggle/input/brats20-data/BraTS20/data/volume_111_slice_119.npz,76
/kaggle/input/brats20-data/BraTS20/data/volume_111_slice_120.npz,76
/kaggle/input/brats20-data/BraTS20/data/volume_111_slice_121.npz,39
/kaggle/input/brats20-data/BraTS20/data/volume_111_slice_122.npz,39
/kaggle/input/brats20-data/BraTS20/data/volume_111_slice_123.npz,39
/kaggle/input/brats20-data/BraTS20/data/volume_111_slice_124.npz,39
/kaggle/input/brats20-data/BraTS20/data/volume_111_slice_125.npz,69
/kaggle/input/brats20-data/BraTS20/data/volume_111_slice_126.npz,69
/kaggle/input/brats20-data/BraTS20/data/volume_111_slice_127.npz,61
/kaggle/input/brats20-data/BraTS20/data/volume_111_slice_128.npz,89
/kaggle/input/brats20-data/BraTS20/data/volume_337_slice_80.npz,47
/kaggle/input/brats20-data/BraTS20/data/volume_337_slice_81.npz,47
/kaggle/input/brats20-data/BraTS20/data/volume_337_slice_82.npz,47
/kaggle/input/brats20-data/BraTS20/data/volume_337_slice_83.npz,47
/kaggle/input/brats20-data/BraTS20/data/volume_337_slice_84.npz,47
/kaggle/input/brats20-data/BraTS20/data/volume_337_slice_85.npz,47
/kaggle/input/brats20-data/BraTS20/data/volume_337_slice_86.npz,47
/kaggle/input/brats20-data/BraTS20/data/volume_337_slice_87.npz,47
/kaggle/input/brats20-data/BraTS20/data/volume_337_slice_88.npz,47
/kaggle/input/brats20-data/BraTS20/data/volume_337_slice_89.npz,47
/kaggle/input/brats20-data/BraTS20/data/volume_337_slice_90.npz,47
/kaggle/input/brats20-data/BraTS20/data/volume_337_slice_91.npz,47
/kaggle/input/brats20-data/BraTS20/data/volume_337_slice_92.npz,47
/kaggle/input/brats20-data/BraTS20/data/volume_337_slice_93.npz,47
/kaggle/input/brats20-data/BraTS20/data/volume_337_slice_94.npz,47
/kaggle/input/brats20-data/BraTS20/data/volume_337_slice_95.npz,47
/kaggle/input/brats20-data/BraTS20/data/volume_337_slice_96.npz,47
/kaggle/input/brats20-data/BraTS20/data/volume_337_slice_97.npz,47
/kaggle/input/brats20-data/BraTS20/data/volume_337_slice_98.npz,47
/kaggle/input/brats20-data/BraTS20/data/volume_337_slice_99.npz,33
/kaggle/input/brats20-data/BraTS20/data/volume_337_slice_100.npz,33
/kaggle/input/brats20-data/BraTS20/data/volume_337_slice_101.npz,33
/kaggle/input/brats20-data/BraTS20/data/volume_337_slice_102.npz,33
/kaggle/input/brats20-data/BraTS20/data/volume_337_slice_103.npz,33
/kaggle/input/brats20-data/BraTS20/data/volume_337_slice_104.npz,33
/kaggle/input/brats20-data/BraTS20/data/volume_337_slice_105.npz,33
/kaggle/input/brats20-data/BraTS20/data/volume_337_slice_106.npz,33
/kaggle/input/brats20-data/BraTS20/data/volume_337_slice_107.npz,33
/kaggle/input/brats20-data/BraTS20/data/volume_337_slice_108.npz,33
/kaggle/input/brats20-data/BraTS20/data/volume_337_slice_109.npz,33
/kaggle/input/brats20-data/BraTS20/data/volume_337_slice_110.npz,16
/kaggle/input/brats20-data/BraTS20/data/volume_337_slice_111.npz,16
/kaggle/input/brats20-data/BraTS20/data/volume_337_slice_112.npz,16
/kaggle/input/brats20-data/BraTS20/data/volume_337_slice_113.npz,22
/kaggle/input/brats20-data/BraTS20/data/volume_337_slice_114.npz,36
/kaggle/input/brats20-data/BraTS20/data/volume_337_slice_115.npz,36
/kaggle/input/brats20-data/BraTS20/data/volume_337_slice_116.npz,36
/kaggle/input/brats20-data/BraTS20/data/volume_337_slice_117.npz,36
/kaggle/input/brats20-data/BraTS20/data/volume_337_slice_118.npz,36
/kaggle/input/brats20-data/BraTS20/data/volume_337_slice_119.npz,63
/kaggle/input/brats20-data/BraTS20/data/volume_337_slice_120.npz,63
/kaggle/input/brats20-data/BraTS20/data/volume_337_slice_121.npz,63
/kaggle/input/brats20-data/BraTS20/data/volume_337_slice_122.npz,39
/kaggle/input/brats20-data/BraTS20/data/volume_337_slice_123.npz,39
/kaggle/input/brats20-data/BraTS20/data/volume_337_slice_124.npz,39
/kaggle/input/brats20-data/BraTS20/data/volume_337_slice_125.npz,39
/kaggle/input/brats20-data/BraTS20/data/volume_337_slice_126.npz,62
/kaggle/input/brats20-data/BraTS20/data/volume_337_slice_127.npz,89
/kaggle/input/brats20-data/BraTS20/data/volume_337_slice_128.npz,89
/kaggle/input/brats20-data/BraTS20/data/volume_318_slice_80.npz,38
/kaggle/input/brats20-data/BraTS20/data/volume_318_slice_81.npz,38
/kaggle/input/brats20-data/BraTS20/data/volume_318_slice_82.npz,38
/kaggle/input/brats20-data/BraTS20/data/volume_318_slice_83.npz,38
/kaggle/input/brats20-data/BraTS20/data/volume_318_slice_84.npz,38
/kaggle/input/brats20-data/BraTS20/data/volume_318_slice_85.npz,38
/kaggle/input/brats20-data/BraTS20/data/volume_318_slice_86.npz,38
/kaggle/input/brats20-data/BraTS20/data/volume_318_slice_87.npz,38
/kaggle/input/brats20-data/BraTS20/data/volume_318_slice_88.npz,38
/kaggle/input/brats20-data/BraTS20/data/volume_318_slice_89.npz,38
/kaggle/input/brats20-data/BraTS20/data/volume_318_slice_90.npz,38
/kaggle/input/brats20-data/BraTS20/data/volume_318_slice_91.npz,38
/kaggle/input/brats20-data/BraTS20/data/volume_318_slice_92.npz,38
/kaggle/input/brats20-data/BraTS20/data/volume_318_slice_93.npz,38
/kaggle/input/brats20-data/BraTS20/data/volume_318_slice_94.npz,38
/kaggle/input/brats20-data/BraTS20/data/volume_318_slice_95.npz,38
/kaggle/input/brats20-data/BraTS20/data/volume_318_slice_96.npz,38
/kaggle/input/brats20-data/BraTS20/data/volume_318_slice_97.npz,60
/kaggle/input/brats20-data/BraTS20/data/volume_318_slice_98.npz,60
/kaggle/input/brats20-data/BraTS20/data/volume_318_slice_99.npz,60
/kaggle/input/brats20-data/BraTS20/data/volume_318_slice_100.npz,60
/kaggle/input/brats20-data/BraTS20/data/volume_318_slice_101.npz,60
/kaggle/input/brats20-data/BraTS20/data/volume_318_slice_102.npz,60
/kaggle/input/brats20-data/BraTS20/data/volume_318_slice_103.npz,60
/kaggle/input/brats20-data/BraTS20/data/volume_318_slice_104.npz,17
/kaggle/input/brats20-data/BraTS20/data/volume_318_slice_105.npz,17
/kaggle/input/brats20-data/BraTS20/data/volume_318_slice_106.npz,17
/kaggle/input/brats20-data/BraTS20/data/volume_318_slice_107.npz,17
/kaggle/input/brats20-data/BraTS20/data/volume_318_slice_108.npz,17
/kaggle/input/brats20-data/BraTS20/data/volume_318_slice_109.npz,36
/kaggle/input/brats20-data/BraTS20/data/volume_318_slice_110.npz,36
/kaggle/input/brats20-data/BraTS20/data/volume_318_slice_111.npz,36
/kaggle/input/brats20-data/BraTS20/data/volume_318_slice_112.npz,36
/kaggle/input/brats20-data/BraTS20/data/volume_318_slice_113.npz,44
/kaggle/input/brats20-data/BraTS20/data/volume_318_slice_114.npz,44
/kaggle/input/brats20-data/BraTS20/data/volume_318_slice_115.npz,44
/kaggle/input/brats20-data/BraTS20/data/volume_318_slice_116.npz,44
/kaggle/input/brats20-data/BraTS20/data/volume_318_slice_117.npz,44
/kaggle/input/brats20-data/BraTS20/data/volume_318_slice_118.npz,44
/kaggle/input/brats20-data/BraTS20/data/volume_318_slice_119.npz,44
/kaggle/input/brats20-data/BraTS20/data/volume_318_slice_121.npz,44
/kaggle/input/brats20-data/BraTS20/data/volume_318_slice_122.npz,44
/kaggle/input/brats20-data/BraTS20/data/volume_318_slice_123.npz,61
/kaggle/input/brats20-data/BraTS20/data/volume_318_slice_124.npz,78
/kaggle/input/brats20-data/BraTS20/data/volume_318_slice_125.npz,65
/kaggle/input/brats20-data/BraTS20/data/volume_318_slice_126.npz,83
/kaggle/input/brats20-data/BraTS20/data/volume_318_slice_127.npz,83
/kaggle/input/brats20-data/BraTS20/data/volume_318_slice_128.npz,83
/kaggle/input/brats20-data/BraTS20/data/volume_197_slice_80.npz,38
/kaggle/input/brats20-data/BraTS20/data/volume_197_slice_81.npz,38
/kaggle/input/brats20-data/BraTS20/data/volume_197_slice_82.npz,53
/kaggle/input/brats20-data/BraTS20/data/volume_197_slice_83.npz,53
/kaggle/input/brats20-data/BraTS20/data/volume_197_slice_84.npz,53
/kaggle/input/brats20-data/BraTS20/data/volume_197_slice_85.npz,53
/kaggle/input/brats20-data/BraTS20/data/volume_197_slice_86.npz,53
/kaggle/input/brats20-data/BraTS20/data/volume_197_slice_87.npz,53
/kaggle/input/brats20-data/BraTS20/data/volume_197_slice_88.npz,53
/kaggle/input/brats20-data/BraTS20/data/volume_197_slice_89.npz,53
/kaggle/input/brats20-data/BraTS20/data/volume_197_slice_90.npz,53
/kaggle/input/brats20-data/BraTS20/data/volume_197_slice_91.npz,45
/kaggle/input/brats20-data/BraTS20/data/volume_197_slice_92.npz,45
/kaggle/input/brats20-data/BraTS20/data/volume_197_slice_93.npz,45
/kaggle/input/brats20-data/BraTS20/data/volume_197_slice_94.npz,57
/kaggle/input/brats20-data/BraTS20/data/volume_197_slice_95.npz,25
/kaggle/input/brats20-data/BraTS20/data/volume_197_slice_96.npz,25
/kaggle/input/brats20-data/BraTS20/data/volume_197_slice_97.npz,25
/kaggle/input/brats20-data/BraTS20/data/volume_197_slice_98.npz,16
/kaggle/input/brats20-data/BraTS20/data/volume_197_slice_99.npz,16
/kaggle/input/brats20-data/BraTS20/data/volume_197_slice_100.npz,2
/kaggle/input/brats20-data/BraTS20/data/volume_197_slice_101.npz,2
/kaggle/input/brats20-data/BraTS20/data/volume_197_slice_102.npz,2
/kaggle/input/brats20-data/BraTS20/data/volume_197_slice_103.npz,2
/kaggle/input/brats20-data/BraTS20/data/volume_197_slice_104.npz,2
/kaggle/input/brats20-data/BraTS20/data/volume_197_slice_105.npz,36
/kaggle/input/brats20-data/BraTS20/data/volume_197_slice_106.npz,36
/kaggle/input/brats20-data/BraTS20/data/volume_197_slice_107.npz,36
/kaggle/input/brats20-data/BraTS20/data/volume_197_slice_108.npz,36
/kaggle/input/brats20-data/BraTS20/data/volume_197_slice_109.npz,36
/kaggle/input/brats20-data/BraTS20/data/volume_197_slice_110.npz,36
/kaggle/input/brats20-data/BraTS20/data/volume_197_slice_111.npz,44
/kaggle/input/brats20-data/BraTS20/data/volume_197_slice_112.npz,44
/kaggle/input/brats20-data/BraTS20/data/volume_197_slice_113.npz,44
/kaggle/input/brats20-data/BraTS20/data/volume_197_slice_114.npz,44
/kaggle/input/brats20-data/BraTS20/data/volume_197_slice_115.npz,44
/kaggle/input/brats20-data/BraTS20/data/volume_197_slice_116.npz,44
/kaggle/input/brats20-data/BraTS20/data/volume_197_slice_117.npz,44
/kaggle/input/brats20-data/BraTS20/data/volume_197_slice_118.npz,44
/kaggle/input/brats20-data/BraTS20/data/volume_197_slice_119.npz,44
/kaggle/input/brats20-data/BraTS20/data/volume_197_slice_120.npz,85
/kaggle/input/brats20-data/BraTS20/data/volume_197_slice_121.npz,85
/kaggle/input/brats20-data/BraTS20/data/volume_197_slice_122.npz,75
/kaggle/input/brats20-data/BraTS20/data/volume_197_slice_124.npz,75
/kaggle/input/brats20-data/BraTS20/data/volume_197_slice_125.npz,75
/kaggle/input/brats20-data/BraTS20/data/volume_197_slice_126.npz,75
/kaggle/input/brats20-data/BraTS20/data/volume_197_slice_127.npz,83
/kaggle/input/brats20-data/BraTS20/data/volume_197_slice_128.npz,83
/kaggle/input/brats20-data/BraTS20/data/volume_175_slice_80.npz,38
/kaggle/input/brats20-data/BraTS20/data/volume_175_slice_81.npz,6
/kaggle/input/brats20-data/BraTS20/data/volume_175_slice_82.npz,6
/kaggle/input/brats20-data/BraTS20/data/volume_175_slice_83.npz,6
/kaggle/input/brats20-data/BraTS20/data/volume_175_slice_84.npz,6
/kaggle/input/brats20-data/BraTS20/data/volume_175_slice_85.npz,6
/kaggle/input/brats20-data/BraTS20/data/volume_175_slice_86.npz,9
/kaggle/input/brats20-data/BraTS20/data/volume_175_slice_87.npz,19
/kaggle/input/brats20-data/BraTS20/data/volume_175_slice_88.npz,19
/kaggle/input/brats20-data/BraTS20/data/volume_175_slice_89.npz,19
/kaggle/input/brats20-data/BraTS20/data/volume_175_slice_90.npz,19
/kaggle/input/brats20-data/BraTS20/data/volume_175_slice_91.npz,28
/kaggle/input/brats20-data/BraTS20/data/volume_175_slice_92.npz,28
/kaggle/input/brats20-data/BraTS20/data/volume_175_slice_93.npz,28
/kaggle/input/brats20-data/BraTS20/data/volume_175_slice_94.npz,28
/kaggle/input/brats20-data/BraTS20/data/volume_175_slice_95.npz,60
/kaggle/input/brats20-data/BraTS20/data/volume_175_slice_96.npz,60
/kaggle/input/brats20-data/BraTS20/data/volume_175_slice_97.npz,60
/kaggle/input/brats20-data/BraTS20/data/volume_175_slice_98.npz,48
/kaggle/input/brats20-data/BraTS20/data/volume_175_slice_99.npz,48
/kaggle/input/brats20-data/BraTS20/data/volume_175_slice_100.npz,48
/kaggle/input/brats20-data/BraTS20/data/volume_175_slice_101.npz,36
/kaggle/input/brats20-data/BraTS20/data/volume_175_slice_102.npz,36
/kaggle/input/brats20-data/BraTS20/data/volume_175_slice_103.npz,36
/kaggle/input/brats20-data/BraTS20/data/volume_175_slice_104.npz,36
/kaggle/input/brats20-data/BraTS20/data/volume_175_slice_105.npz,36
/kaggle/input/brats20-data/BraTS20/data/volume_175_slice_106.npz,36
/kaggle/input/brats20-data/BraTS20/data/volume_175_slice_107.npz,36
/kaggle/input/brats20-data/BraTS20/data/volume_175_slice_108.npz,36
/kaggle/input/brats20-data/BraTS20/data/volume_175_slice_109.npz,36
/kaggle/input/brats20-data/BraTS20/data/volume_175_slice_110.npz,36
/kaggle/input/brats20-data/BraTS20/data/volume_175_slice_111.npz,64
/kaggle/input/brats20-data/BraTS20/data/volume_175_slice_112.npz,64
/kaggle/input/brats20-data/BraTS20/data/volume_175_slice_113.npz,64
/kaggle/input/brats20-data/BraTS20/data/volume_175_slice_115.npz,64
/kaggle/input/brats20-data/BraTS20/data/volume_175_slice_116.npz,64
/kaggle/input/brats20-data/BraTS20/data/volume_175_slice_117.npz,64
/kaggle/input/brats20-data/BraTS20/data/volume_175_slice_118.npz,64
/kaggle/input/brats20-data/BraTS20/data/volume_175_slice_119.npz,64
/kaggle/input/brats20-data/BraTS20/data/volume_175_slice_120.npz,93
/kaggle/input/brats20-data/BraTS20/data/volume_175_slice_121.npz,78
/kaggle/input/brats20-data/BraTS20/data/volume_175_slice_122.npz,78
/kaggle/input/brats20-data/BraTS20/data/volume_175_slice_123.npz,78
/kaggle/input/brats20-data/BraTS20/data/volume_175_slice_124.npz,78
/kaggle/input/brats20-data/BraTS20/data/volume_175_slice_125.npz,65
/kaggle/input/brats20-data/BraTS20/data/volume_175_slice_126.npz,83
/kaggle/input/brats20-data/BraTS20/data/volume_175_slice_127.npz,83
/kaggle/input/brats20-data/BraTS20/data/volume_175_slice_128.npz,83
/kaggle/input/brats20-data/BraTS20/data/volume_165_slice_80.npz,46
/kaggle/input/brats20-data/BraTS20/data/volume_165_slice_81.npz,46
/kaggle/input/brats20-data/BraTS20/data/volume_165_slice_82.npz,46
/kaggle/input/brats20-data/BraTS20/data/volume_165_slice_83.npz,46
/kaggle/input/brats20-data/BraTS20/data/volume_165_slice_84.npz,46
/kaggle/input/brats20-data/BraTS20/data/volume_165_slice_85.npz,46
/kaggle/input/brats20-data/BraTS20/data/volume_165_slice_86.npz,30
/kaggle/input/brats20-data/BraTS20/data/volume_165_slice_87.npz,30
/kaggle/input/brats20-data/BraTS20/data/volume_165_slice_88.npz,30
/kaggle/input/brats20-data/BraTS20/data/volume_165_slice_89.npz,30
/kaggle/input/brats20-data/BraTS20/data/volume_165_slice_90.npz,30
/kaggle/input/brats20-data/BraTS20/data/volume_165_slice_91.npz,30
/kaggle/input/brats20-data/BraTS20/data/volume_165_slice_92.npz,30
/kaggle/input/brats20-data/BraTS20/data/volume_165_slice_93.npz,30
/kaggle/input/brats20-data/BraTS20/data/volume_165_slice_94.npz,30
/kaggle/input/brats20-data/BraTS20/data/volume_165_slice_95.npz,57
/kaggle/input/brats20-data/BraTS20/data/volume_165_slice_96.npz,57
/kaggle/input/brats20-data/BraTS20/data/volume_165_slice_97.npz,57
/kaggle/input/brats20-data/BraTS20/data/volume_165_slice_98.npz,57
/kaggle/input/brats20-data/BraTS20/data/volume_165_slice_99.npz,57
/kaggle/input/brats20-data/BraTS20/data/volume_165_slice_100.npz,57
/kaggle/input/brats20-data/BraTS20/data/volume_165_slice_101.npz,2
/kaggle/input/brats20-data/BraTS20/data/volume_165_slice_102.npz,2
/kaggle/input/brats20-data/BraTS20/data/volume_165_slice_103.npz,2
/kaggle/input/brats20-data/BraTS20/data/volume_165_slice_104.npz,2
/kaggle/input/brats20-data/BraTS20/data/volume_165_slice_105.npz,2
/kaggle/input/brats20-data/BraTS20/data/volume_165_slice_106.npz,2
/kaggle/input/brats20-data/BraTS20/data/volume_165_slice_107.npz,2
/kaggle/input/brats20-data/BraTS20/data/volume_165_slice_108.npz,2
/kaggle/input/brats20-data/BraTS20/data/volume_165_slice_109.npz,2
/kaggle/input/brats20-data/BraTS20/data/volume_165_slice_110.npz,2
/kaggle/input/brats20-data/BraTS20/data/volume_165_slice_111.npz,51
/kaggle/input/brats20-data/BraTS20/data/volume_165_slice_112.npz,51
/kaggle/input/brats20-data/BraTS20/data/volume_165_slice_113.npz,51
/kaggle/input/brats20-data/BraTS20/data/volume_165_slice_114.npz,51
/kaggle/input/brats20-data/BraTS20/data/volume_165_slice_115.npz,51
/kaggle/input/brats20-data/BraTS20/data/volume_165_slice_116.npz,93
/kaggle/input/brats20-data/BraTS20/data/volume_165_slice_117.npz,93
/kaggle/input/brats20-data/BraTS20/data/volume_165_slice_118.npz,93
/kaggle/input/brats20-data/BraTS20/data/volume_165_slice_119.npz,93
/kaggle/input/brats20-data/BraTS20/data/volume_165_slice_120.npz,93
/kaggle/input/brats20-data/BraTS20/data/volume_165_slice_121.npz,69
/kaggle/input/brats20-data/BraTS20/data/volume_165_slice_122.npz,78
/kaggle/input/brats20-data/BraTS20/data/volume_165_slice_123.npz,78
/kaggle/input/brats20-data/BraTS20/data/volume_165_slice_124.npz,75
/kaggle/input/brats20-data/BraTS20/data/volume_165_slice_125.npz,75
/kaggle/input/brats20-data/BraTS20/data/volume_165_slice_126.npz,75
/kaggle/input/brats20-data/BraTS20/data/volume_165_slice_127.npz,75
/kaggle/input/brats20-data/BraTS20/data/volume_165_slice_128.npz,83
/kaggle/input/brats20-data/BraTS20/data/volume_52_slice_80.npz,1
/kaggle/input/brats20-data/BraTS20/data/volume_52_slice_81.npz,1
/kaggle/input/brats20-data/BraTS20/data/volume_52_slice_82.npz,1
/kaggle/input/brats20-data/BraTS20/data/volume_52_slice_83.npz,1
/kaggle/input/brats20-data/BraTS20/data/volume_52_slice_84.npz,1
/kaggle/input/brats20-data/BraTS20/data/volume_52_slice_85.npz,1
/kaggle/input/brats20-data/BraTS20/data/volume_52_slice_86.npz,1
/kaggle/input/brats20-data/BraTS20/data/volume_52_slice_87.npz,1
/kaggle/input/brats20-data/BraTS20/data/volume_52_slice_88.npz,1
/kaggle/input/brats20-data/BraTS20/data/volume_52_slice_89.npz,27
/kaggle/input/brats20-data/BraTS20/data/volume_52_slice_90.npz,27
/kaggle/input/brats20-data/BraTS20/data/volume_52_slice_91.npz,27
/kaggle/input/brats20-data/BraTS20/data/volume_52_slice_92.npz,27
/kaggle/input/brats20-data/BraTS20/data/volume_52_slice_93.npz,31
/kaggle/input/brats20-data/BraTS20/data/volume_52_slice_94.npz,31
/kaggle/input/brats20-data/BraTS20/data/volume_52_slice_95.npz,31
/kaggle/input/brats20-data/BraTS20/data/volume_52_slice_96.npz,31
/kaggle/input/brats20-data/BraTS20/data/volume_52_slice_97.npz,25
/kaggle/input/brats20-data/BraTS20/data/volume_52_slice_98.npz,25
/kaggle/input/brats20-data/BraTS20/data/volume_52_slice_99.npz,25
/kaggle/input/brats20-data/BraTS20/data/volume_52_slice_100.npz,2
/kaggle/input/brats20-data/BraTS20/data/volume_52_slice_101.npz,2
/kaggle/input/brats20-data/BraTS20/data/volume_52_slice_102.npz,2
/kaggle/input/brats20-data/BraTS20/data/volume_52_slice_103.npz,3
/kaggle/input/brats20-data/BraTS20/data/volume_52_slice_104.npz,3
/kaggle/input/brats20-data/BraTS20/data/volume_52_slice_105.npz,3
/kaggle/input/brats20-data/BraTS20/data/volume_52_slice_106.npz,22
/kaggle/input/brats20-data/BraTS20/data/volume_52_slice_107.npz,22
/kaggle/input/brats20-data/BraTS20/data/volume_52_slice_108.npz,22
/kaggle/input/brats20-data/BraTS20/data/volume_52_slice_109.npz,21
/kaggle/input/brats20-data/BraTS20/data/volume_52_slice_110.npz,21
/kaggle/input/brats20-data/BraTS20/data/volume_52_slice_111.npz,76
/kaggle/input/brats20-data/BraTS20/data/volume_52_slice_112.npz,39
/kaggle/input/brats20-data/BraTS20/data/volume_52_slice_113.npz,39
/kaggle/input/brats20-data/BraTS20/data/volume_52_slice_114.npz,39
/kaggle/input/brats20-data/BraTS20/data/volume_52_slice_115.npz,39
/kaggle/input/brats20-data/BraTS20/data/volume_52_slice_116.npz,39
/kaggle/input/brats20-data/BraTS20/data/volume_52_slice_117.npz,39
/kaggle/input/brats20-data/BraTS20/data/volume_52_slice_118.npz,39
/kaggle/input/brats20-data/BraTS20/data/volume_52_slice_119.npz,39
/kaggle/input/brats20-data/BraTS20/data/volume_52_slice_120.npz,39
/kaggle/input/brats20-data/BraTS20/data/volume_52_slice_121.npz,62
/kaggle/input/brats20-data/BraTS20/data/volume_52_slice_122.npz,62
/kaggle/input/brats20-data/BraTS20/data/volume_52_slice_123.npz,89
/kaggle/input/brats20-data/BraTS20/data/volume_52_slice_124.npz,89
/kaggle/input/brats20-data/BraTS20/data/volume_52_slice_125.npz,89
/kaggle/input/brats20-data/BraTS20/data/volume_52_slice_126.npz,83
/kaggle/input/brats20-data/BraTS20/data/volume_52_slice_128.npz,83
/kaggle/input/brats20-data/BraTS20/data/volume_316_slice_80.npz,9
/kaggle/input/brats20-data/BraTS20/data/volume_316_slice_81.npz,9
/kaggle/input/brats20-data/BraTS20/data/volume_316_slice_82.npz,9
/kaggle/input/brats20-data/BraTS20/data/volume_316_slice_83.npz,9
/kaggle/input/brats20-data/BraTS20/data/volume_316_slice_84.npz,4
/kaggle/input/brats20-data/BraTS20/data/volume_316_slice_85.npz,4
/kaggle/input/brats20-data/BraTS20/data/volume_316_slice_86.npz,4
/kaggle/input/brats20-data/BraTS20/data/volume_316_slice_87.npz,4
/kaggle/input/brats20-data/BraTS20/data/volume_316_slice_88.npz,4
/kaggle/input/brats20-data/BraTS20/data/volume_316_slice_89.npz,4
/kaggle/input/brats20-data/BraTS20/data/volume_316_slice_90.npz,4
/kaggle/input/brats20-data/BraTS20/data/volume_316_slice_91.npz,4
/kaggle/input/brats20-data/BraTS20/data/volume_316_slice_92.npz,4
/kaggle/input/brats20-data/BraTS20/data/volume_316_slice_93.npz,4
/kaggle/input/brats20-data/BraTS20/data/volume_316_slice_94.npz,60
/kaggle/input/brats20-data/BraTS20/data/volume_316_slice_95.npz,60
/kaggle/input/brats20-data/BraTS20/data/volume_316_slice_96.npz,60
/kaggle/input/brats20-data/BraTS20/data/volume_316_slice_97.npz,60
/kaggle/input/brats20-data/BraTS20/data/volume_316_slice_98.npz,60
/kaggle/input/brats20-data/BraTS20/data/volume_316_slice_99.npz,60
/kaggle/input/brats20-data/BraTS20/data/volume_316_slice_100.npz,36
/kaggle/input/brats20-data/BraTS20/data/volume_316_slice_101.npz,36
/kaggle/input/brats20-data/BraTS20/data/volume_316_slice_102.npz,36
/kaggle/input/brats20-data/BraTS20/data/volume_316_slice_103.npz,36
/kaggle/input/brats20-data/BraTS20/data/volume_316_slice_104.npz,36
/kaggle/input/brats20-data/BraTS20/data/volume_316_slice_105.npz,36
/kaggle/input/brats20-data/BraTS20/data/volume_316_slice_106.npz,36
/kaggle/input/brats20-data/BraTS20/data/volume_316_slice_107.npz,36
/kaggle/input/brats20-data/BraTS20/data/volume_316_slice_108.npz,36
/kaggle/input/brats20-data/BraTS20/data/volume_316_slice_109.npz,36
/kaggle/input/brats20-data/BraTS20/data/volume_316_slice_110.npz,36
/kaggle/input/brats20-data/BraTS20/data/volume_316_slice_111.npz,44
/kaggle/input/brats20-data/BraTS20/data/volume_316_slice_112.npz,44
/kaggle/input/brats20-data/BraTS20/data/volume_316_slice_113.npz,44
/kaggle/input/brats20-data/BraTS20/data/volume_316_slice_114.npz,44
/kaggle/input/brats20-data/BraTS20/data/volume_316_slice_115.npz,44
/kaggle/input/brats20-data/BraTS20/data/volume_316_slice_116.npz,85
/kaggle/input/brats20-data/BraTS20/data/volume_316_slice_117.npz,85
/kaggle/input/brats20-data/BraTS20/data/volume_316_slice_118.npz,78
/kaggle/input/brats20-data/BraTS20/data/volume_316_slice_119.npz,75
/kaggle/input/brats20-data/BraTS20/data/volume_316_slice_120.npz,75
/kaggle/input/brats20-data/BraTS20/data/volume_316_slice_121.npz,11
/kaggle/input/brats20-data/BraTS20/data/volume_316_slice_122.npz,11
/kaggle/input/brats20-data/BraTS20/data/volume_316_slice_123.npz,11
/kaggle/input/brats20-data/BraTS20/data/volume_316_slice_124.npz,11
/kaggle/input/brats20-data/BraTS20/data/volume_316_slice_125.npz,11
/kaggle/input/brats20-data/BraTS20/data/volume_316_slice_127.npz,43
/kaggle/input/brats20-data/BraTS20/data/volume_316_slice_128.npz,43
/kaggle/input/brats20-data/BraTS20/data/volume_35_slice_80.npz,1
/kaggle/input/brats20-data/BraTS20/data/volume_35_slice_81.npz,1
/kaggle/input/brats20-data/BraTS20/data/volume_35_slice_82.npz,1
/kaggle/input/brats20-data/BraTS20/data/volume_35_slice_83.npz,1
/kaggle/input/brats20-data/BraTS20/data/volume_35_slice_84.npz,1
/kaggle/input/brats20-data/BraTS20/data/volume_35_slice_85.npz,1
/kaggle/input/brats20-data/BraTS20/data/volume_35_slice_86.npz,1
/kaggle/input/brats20-data/BraTS20/data/volume_35_slice_87.npz,1
/kaggle/input/brats20-data/BraTS20/data/volume_35_slice_88.npz,1
/kaggle/input/brats20-data/BraTS20/data/volume_35_slice_89.npz,1
/kaggle/input/brats20-data/BraTS20/data/volume_35_slice_90.npz,1
/kaggle/input/brats20-data/BraTS20/data/volume_35_slice_91.npz,1
/kaggle/input/brats20-data/BraTS20/data/volume_35_slice_92.npz,1
/kaggle/input/brats20-data/BraTS20/data/volume_35_slice_93.npz,1
/kaggle/input/brats20-data/BraTS20/data/volume_35_slice_94.npz,1
/kaggle/input/brats20-data/BraTS20/data/volume_35_slice_95.npz,1
/kaggle/input/brats20-data/BraTS20/data/volume_35_slice_96.npz,31
/kaggle/input/brats20-data/BraTS20/data/volume_35_slice_97.npz,31
/kaggle/input/brats20-data/BraTS20/data/volume_35_slice_98.npz,31
/kaggle/input/brats20-data/BraTS20/data/volume_35_slice_99.npz,31
/kaggle/input/brats20-data/BraTS20/data/volume_35_slice_100.npz,31
/kaggle/input/brats20-data/BraTS20/data/volume_35_slice_101.npz,31
/kaggle/input/brats20-data/BraTS20/data/volume_35_slice_102.npz,31
/kaggle/input/brats20-data/BraTS20/data/volume_35_slice_103.npz,56
/kaggle/input/brats20-data/BraTS20/data/volume_35_slice_104.npz,56
/kaggle/input/brats20-data/BraTS20/data/volume_35_slice_105.npz,2
/kaggle/input/brats20-data/BraTS20/data/volume_35_slice_106.npz,2
/kaggle/input/brats20-data/BraTS20/data/volume_35_slice_107.npz,2
/kaggle/input/brats20-data/BraTS20/data/volume_35_slice_108.npz,2
/kaggle/input/brats20-data/BraTS20/data/volume_35_slice_109.npz,2
/kaggle/input/brats20-data/BraTS20/data/volume_35_slice_110.npz,2
/kaggle/input/brats20-data/BraTS20/data/volume_35_slice_111.npz,21
/kaggle/input/brats20-data/BraTS20/data/volume_35_slice_112.npz,21
/kaggle/input/brats20-data/BraTS20/data/volume_35_slice_113.npz,21
/kaggle/input/brats20-data/BraTS20/data/volume_35_slice_114.npz,21
/kaggle/input/brats20-data/BraTS20/data/volume_35_slice_115.npz,21
/kaggle/input/brats20-data/BraTS20/data/volume_35_slice_116.npz,90
/kaggle/input/brats20-data/BraTS20/data/volume_35_slice_117.npz,90
/kaggle/input/brats20-data/BraTS20/data/volume_35_slice_118.npz,98
/kaggle/input/brats20-data/BraTS20/data/volume_35_slice_119.npz,39
/kaggle/input/brats20-data/BraTS20/data/volume_35_slice_120.npz,39
/kaggle/input/brats20-data/BraTS20/data/volume_35_slice_121.npz,39
/kaggle/input/brats20-data/BraTS20/data/volume_35_slice_122.npz,82
/kaggle/input/brats20-data/BraTS20/data/volume_35_slice_123.npz,82
/kaggle/input/brats20-data/BraTS20/data/volume_35_slice_124.npz,75
/kaggle/input/brats20-data/BraTS20/data/volume_35_slice_125.npz,75
/kaggle/input/brats20-data/BraTS20/data/volume_35_slice_126.npz,75
/kaggle/input/brats20-data/BraTS20/data/volume_35_slice_127.npz,75
/kaggle/input/brats20-data/BraTS20/data/volume_35_slice_128.npz,83
/kaggle/input/brats20-data/BraTS20/data/volume_180_slice_80.npz,59
/kaggle/input/brats20-data/BraTS20/data/volume_180_slice_81.npz,59
/kaggle/input/brats20-data/BraTS20/data/volume_180_slice_82.npz,59
/kaggle/input/brats20-data/BraTS20/data/volume_180_slice_83.npz,59
/kaggle/input/brats20-data/BraTS20/data/volume_180_slice_84.npz,59
/kaggle/input/brats20-data/BraTS20/data/volume_180_slice_85.npz,59
/kaggle/input/brats20-data/BraTS20/data/volume_180_slice_86.npz,38
/kaggle/input/brats20-data/BraTS20/data/volume_180_slice_87.npz,38
/kaggle/input/brats20-data/BraTS20/data/volume_180_slice_88.npz,38
/kaggle/input/brats20-data/BraTS20/data/volume_180_slice_89.npz,59
/kaggle/input/brats20-data/BraTS20/data/volume_180_slice_90.npz,59
/kaggle/input/brats20-data/BraTS20/data/volume_180_slice_91.npz,59
/kaggle/input/brats20-data/BraTS20/data/volume_180_slice_92.npz,59
/kaggle/input/brats20-data/BraTS20/data/volume_180_slice_93.npz,59
/kaggle/input/brats20-data/BraTS20/data/volume_180_slice_94.npz,59
/kaggle/input/brats20-data/BraTS20/data/volume_180_slice_95.npz,59
/kaggle/input/brats20-data/BraTS20/data/volume_180_slice_96.npz,59
/kaggle/input/brats20-data/BraTS20/data/volume_180_slice_97.npz,59
/kaggle/input/brats20-data/BraTS20/data/volume_180_slice_98.npz,59
/kaggle/input/brats20-data/BraTS20/data/volume_180_slice_99.npz,59
/kaggle/input/brats20-data/BraTS20/data/volume_180_slice_100.npz,59
/kaggle/input/brats20-data/BraTS20/data/volume_180_slice_101.npz,31
/kaggle/input/brats20-data/BraTS20/data/volume_180_slice_102.npz,31
/kaggle/input/brats20-data/BraTS20/data/volume_180_slice_103.npz,31
/kaggle/input/brats20-data/BraTS20/data/volume_180_slice_104.npz,17
/kaggle/input/brats20-data/BraTS20/data/volume_180_slice_105.npz,17
/kaggle/input/brats20-data/BraTS20/data/volume_180_slice_106.npz,17
/kaggle/input/brats20-data/BraTS20/data/volume_180_slice_107.npz,36
/kaggle/input/brats20-data/BraTS20/data/volume_180_slice_108.npz,36
/kaggle/input/brats20-data/BraTS20/data/volume_180_slice_109.npz,36
/kaggle/input/brats20-data/BraTS20/data/volume_180_slice_110.npz,36
/kaggle/input/brats20-data/BraTS20/data/volume_180_slice_111.npz,36
/kaggle/input/brats20-data/BraTS20/data/volume_180_slice_112.npz,36
/kaggle/input/brats20-data/BraTS20/data/volume_180_slice_113.npz,36
/kaggle/input/brats20-data/BraTS20/data/volume_180_slice_114.npz,36
/kaggle/input/brats20-data/BraTS20/data/volume_180_slice_115.npz,52
/kaggle/input/brats20-data/BraTS20/data/volume_180_slice_116.npz,54
/kaggle/input/brats20-data/BraTS20/data/volume_180_slice_117.npz,54
/kaggle/input/brats20-data/BraTS20/data/volume_180_slice_118.npz,54
/kaggle/input/brats20-data/BraTS20/data/volume_180_slice_119.npz,93
/kaggle/input/brats20-data/BraTS20/data/volume_180_slice_120.npz,93
/kaggle/input/brats20-data/BraTS20/data/volume_180_slice_121.npz,93
/kaggle/input/brats20-data/BraTS20/data/volume_180_slice_122.npz,78
/kaggle/input/brats20-data/BraTS20/data/volume_180_slice_123.npz,78
/kaggle/input/brats20-data/BraTS20/data/volume_180_slice_124.npz,78
/kaggle/input/brats20-data/BraTS20/data/volume_180_slice_125.npz,78
/kaggle/input/brats20-data/BraTS20/data/volume_180_slice_126.npz,65
/kaggle/input/brats20-data/BraTS20/data/volume_180_slice_127.npz,65
/kaggle/input/brats20-data/BraTS20/data/volume_180_slice_128.npz,83
/kaggle/input/brats20-data/BraTS20/data/volume_123_slice_80.npz,26
/kaggle/input/brats20-data/BraTS20/data/volume_123_slice_81.npz,19
/kaggle/input/brats20-data/BraTS20/data/volume_123_slice_82.npz,19
/kaggle/input/brats20-data/BraTS20/data/volume_123_slice_83.npz,19
/kaggle/input/brats20-data/BraTS20/data/volume_123_slice_84.npz,19
/kaggle/input/brats20-data/BraTS20/data/volume_123_slice_85.npz,19
/kaggle/input/brats20-data/BraTS20/data/volume_123_slice_86.npz,19
/kaggle/input/brats20-data/BraTS20/data/volume_123_slice_87.npz,19
/kaggle/input/brats20-data/BraTS20/data/volume_123_slice_88.npz,19
/kaggle/input/brats20-data/BraTS20/data/volume_123_slice_89.npz,18
/kaggle/input/brats20-data/BraTS20/data/volume_123_slice_90.npz,18
/kaggle/input/brats20-data/BraTS20/data/volume_123_slice_91.npz,18
/kaggle/input/brats20-data/BraTS20/data/volume_123_slice_92.npz,18
/kaggle/input/brats20-data/BraTS20/data/volume_123_slice_93.npz,18
/kaggle/input/brats20-data/BraTS20/data/volume_123_slice_94.npz,18
/kaggle/input/brats20-data/BraTS20/data/volume_123_slice_95.npz,18
/kaggle/input/brats20-data/BraTS20/data/volume_123_slice_96.npz,18
/kaggle/input/brats20-data/BraTS20/data/volume_123_slice_97.npz,18
/kaggle/input/brats20-data/BraTS20/data/volume_123_slice_98.npz,94
/kaggle/input/brats20-data/BraTS20/data/volume_123_slice_99.npz,94
/kaggle/input/brats20-data/BraTS20/data/volume_123_slice_100.npz,94
/kaggle/input/brats20-data/BraTS20/data/volume_123_slice_101.npz,94
/kaggle/input/brats20-data/BraTS20/data/volume_123_slice_102.npz,16
/kaggle/input/brats20-data/BraTS20/data/volume_123_slice_103.npz,16
/kaggle/input/brats20-data/BraTS20/data/volume_123_slice_104.npz,16
/kaggle/input/brats20-data/BraTS20/data/volume_123_slice_105.npz,16
/kaggle/input/brats20-data/BraTS20/data/volume_123_slice_106.npz,97
/kaggle/input/brats20-data/BraTS20/data/volume_123_slice_107.npz,97
/kaggle/input/brats20-data/BraTS20/data/volume_123_slice_108.npz,70
/kaggle/input/brats20-data/BraTS20/data/volume_123_slice_109.npz,76
/kaggle/input/brats20-data/BraTS20/data/volume_123_slice_110.npz,76
/kaggle/input/brats20-data/BraTS20/data/volume_123_slice_111.npz,76
/kaggle/input/brats20-data/BraTS20/data/volume_123_slice_112.npz,76
/kaggle/input/brats20-data/BraTS20/data/volume_123_slice_113.npz,76
/kaggle/input/brats20-data/BraTS20/data/volume_123_slice_114.npz,76
/kaggle/input/brats20-data/BraTS20/data/volume_123_slice_115.npz,76
/kaggle/input/brats20-data/BraTS20/data/volume_123_slice_116.npz,76
/kaggle/input/brats20-data/BraTS20/data/volume_123_slice_117.npz,76
/kaggle/input/brats20-data/BraTS20/data/volume_123_slice_118.npz,76
/kaggle/input/brats20-data/BraTS20/data/volume_123_slice_119.npz,93
/kaggle/input/brats20-data/BraTS20/data/volume_123_slice_120.npz,93
/kaggle/input/brats20-data/BraTS20/data/volume_123_slice_121.npz,93
/kaggle/input/brats20-data/BraTS20/data/volume_123_slice_122.npz,82
/kaggle/input/brats20-data/BraTS20/data/volume_123_slice_123.npz,82
/kaggle/input/brats20-data/BraTS20/data/volume_123_slice_124.npz,61
/kaggle/input/brats20-data/BraTS20/data/volume_123_slice_125.npz,61
/kaggle/input/brats20-data/BraTS20/data/volume_123_slice_126.npz,61
/kaggle/input/brats20-data/BraTS20/data/volume_123_slice_127.npz,61
/kaggle/input/brats20-data/BraTS20/data/volume_123_slice_128.npz,83
/kaggle/input/brats20-data/BraTS20/data/volume_174_slice_80.npz,19
/kaggle/input/brats20-data/BraTS20/data/volume_174_slice_81.npz,19
/kaggle/input/brats20-data/BraTS20/data/volume_174_slice_82.npz,19
/kaggle/input/brats20-data/BraTS20/data/volume_174_slice_83.npz,19
/kaggle/input/brats20-data/BraTS20/data/volume_174_slice_84.npz,19
/kaggle/input/brats20-data/BraTS20/data/volume_174_slice_85.npz,19
/kaggle/input/brats20-data/BraTS20/data/volume_174_slice_86.npz,19
/kaggle/input/brats20-data/BraTS20/data/volume_174_slice_87.npz,19
/kaggle/input/brats20-data/BraTS20/data/volume_174_slice_88.npz,19
/kaggle/input/brats20-data/BraTS20/data/volume_174_slice_89.npz,19
/kaggle/input/brats20-data/BraTS20/data/volume_174_slice_90.npz,19
/kaggle/input/brats20-data/BraTS20/data/volume_174_slice_91.npz,19
/kaggle/input/brats20-data/BraTS20/data/volume_174_slice_92.npz,19
/kaggle/input/brats20-data/BraTS20/data/volume_174_slice_93.npz,19
/kaggle/input/brats20-data/BraTS20/data/volume_174_slice_94.npz,19
/kaggle/input/brats20-data/BraTS20/data/volume_174_slice_95.npz,19
/kaggle/input/brats20-data/BraTS20/data/volume_174_slice_96.npz,19
/kaggle/input/brats20-data/BraTS20/data/volume_174_slice_97.npz,19
/kaggle/input/brats20-data/BraTS20/data/volume_174_slice_98.npz,19
/kaggle/input/brats20-data/BraTS20/data/volume_174_slice_99.npz,19
/kaggle/input/brats20-data/BraTS20/data/volume_174_slice_100.npz,2
/kaggle/input/brats20-data/BraTS20/data/volume_174_slice_101.npz,2
/kaggle/input/brats20-data/BraTS20/data/volume_174_slice_102.npz,2
/kaggle/input/brats20-data/BraTS20/data/volume_174_slice_103.npz,36
/kaggle/input/brats20-data/BraTS20/data/volume_174_slice_104.npz,36
/kaggle/input/brats20-data/BraTS20/data/volume_174_slice_105.npz,36
/kaggle/input/brats20-data/BraTS20/data/volume_174_slice_106.npz,36
/kaggle/input/brats20-data/BraTS20/data/volume_174_slice_107.npz,36
/kaggle/input/brats20-data/BraTS20/data/volume_174_slice_108.npz,36
/kaggle/input/brats20-data/BraTS20/data/volume_174_slice_109.npz,51
/kaggle/input/brats20-data/BraTS20/data/volume_174_slice_110.npz,51
/kaggle/input/brats20-data/BraTS20/data/volume_174_slice_111.npz,51
/kaggle/input/brats20-data/BraTS20/data/volume_174_slice_112.npz,51
/kaggle/input/brats20-data/BraTS20/data/volume_174_slice_113.npz,51
/kaggle/input/brats20-data/BraTS20/data/volume_174_slice_114.npz,51
/kaggle/input/brats20-data/BraTS20/data/volume_174_slice_115.npz,44
/kaggle/input/brats20-data/BraTS20/data/volume_174_slice_116.npz,44
/kaggle/input/brats20-data/BraTS20/data/volume_174_slice_117.npz,44
/kaggle/input/brats20-data/BraTS20/data/volume_174_slice_118.npz,44
/kaggle/input/brats20-data/BraTS20/data/volume_174_slice_119.npz,44
/kaggle/input/brats20-data/BraTS20/data/volume_174_slice_120.npz,44
/kaggle/input/brats20-data/BraTS20/data/volume_174_slice_121.npz,44
/kaggle/input/brats20-data/BraTS20/data/volume_174_slice_122.npz,78
/kaggle/input/brats20-data/BraTS20/data/volume_174_slice_123.npz,78
/kaggle/input/brats20-data/BraTS20/data/volume_174_slice_124.npz,65
/kaggle/input/brats20-data/BraTS20/data/volume_174_slice_125.npz,65
/kaggle/input/brats20-data/BraTS20/data/volume_174_slice_126.npz,65
/kaggle/input/brats20-data/BraTS20/data/volume_174_slice_127.npz,65
/kaggle/input/brats20-data/BraTS20/data/volume_174_slice_128.npz,11
/kaggle/input/brats20-data/BraTS20/data/volume_45_slice_80.npz,34
/kaggle/input/brats20-data/BraTS20/data/volume_45_slice_81.npz,34
/kaggle/input/brats20-data/BraTS20/data/volume_45_slice_82.npz,34
/kaggle/input/brats20-data/BraTS20/data/volume_45_slice_83.npz,34
/kaggle/input/brats20-data/BraTS20/data/volume_45_slice_84.npz,59
/kaggle/input/brats20-data/BraTS20/data/volume_45_slice_85.npz,59
/kaggle/input/brats20-data/BraTS20/data/volume_45_slice_86.npz,59
/kaggle/input/brats20-data/BraTS20/data/volume_45_slice_87.npz,59
/kaggle/input/brats20-data/BraTS20/data/volume_45_slice_88.npz,59
/kaggle/input/brats20-data/BraTS20/data/volume_45_slice_89.npz,59
/kaggle/input/brats20-data/BraTS20/data/volume_45_slice_90.npz,27
/kaggle/input/brats20-data/BraTS20/data/volume_45_slice_91.npz,27
/kaggle/input/brats20-data/BraTS20/data/volume_45_slice_92.npz,27
/kaggle/input/brats20-data/BraTS20/data/volume_45_slice_93.npz,33
/kaggle/input/brats20-data/BraTS20/data/volume_45_slice_94.npz,33
/kaggle/input/brats20-data/BraTS20/data/volume_45_slice_95.npz,33
/kaggle/input/brats20-data/BraTS20/data/volume_45_slice_96.npz,33
/kaggle/input/brats20-data/BraTS20/data/volume_45_slice_97.npz,33
/kaggle/input/brats20-data/BraTS20/data/volume_45_slice_98.npz,37
/kaggle/input/brats20-data/BraTS20/data/volume_45_slice_99.npz,37
/kaggle/input/brats20-data/BraTS20/data/volume_45_slice_100.npz,37
/kaggle/input/brats20-data/BraTS20/data/volume_45_slice_101.npz,37
/kaggle/input/brats20-data/BraTS20/data/volume_45_slice_102.npz,37
/kaggle/input/brats20-data/BraTS20/data/volume_45_slice_103.npz,37
/kaggle/input/brats20-data/BraTS20/data/volume_45_slice_104.npz,37
/kaggle/input/brats20-data/BraTS20/data/volume_45_slice_105.npz,22
/kaggle/input/brats20-data/BraTS20/data/volume_45_slice_106.npz,22
/kaggle/input/brats20-data/BraTS20/data/volume_45_slice_107.npz,22
/kaggle/input/brats20-data/BraTS20/data/volume_45_slice_108.npz,22
/kaggle/input/brats20-data/BraTS20/data/volume_45_slice_109.npz,22
/kaggle/input/brats20-data/BraTS20/data/volume_45_slice_110.npz,22
/kaggle/input/brats20-data/BraTS20/data/volume_45_slice_111.npz,36
/kaggle/input/brats20-data/BraTS20/data/volume_45_slice_112.npz,36
/kaggle/input/brats20-data/BraTS20/data/volume_45_slice_113.npz,36
/kaggle/input/brats20-data/BraTS20/data/volume_45_slice_114.npz,36
/kaggle/input/brats20-data/BraTS20/data/volume_45_slice_115.npz,63
/kaggle/input/brats20-data/BraTS20/data/volume_45_slice_116.npz,39
/kaggle/input/brats20-data/BraTS20/data/volume_45_slice_117.npz,39
/kaggle/input/brats20-data/BraTS20/data/volume_45_slice_118.npz,39
/kaggle/input/brats20-data/BraTS20/data/volume_45_slice_119.npz,39
/kaggle/input/brats20-data/BraTS20/data/volume_45_slice_120.npz,39
/kaggle/input/brats20-data/BraTS20/data/volume_45_slice_121.npz,39
/kaggle/input/brats20-data/BraTS20/data/volume_45_slice_122.npz,62
/kaggle/input/brats20-data/BraTS20/data/volume_45_slice_123.npz,23
/kaggle/input/brats20-data/BraTS20/data/volume_45_slice_124.npz,75
/kaggle/input/brats20-data/BraTS20/data/volume_45_slice_125.npz,75
/kaggle/input/brats20-data/BraTS20/data/volume_45_slice_126.npz,75
/kaggle/input/brats20-data/BraTS20/data/volume_45_slice_128.npz,83
/kaggle/input/brats20-data/BraTS20/data/volume_46_slice_80.npz,46
/kaggle/input/brats20-data/BraTS20/data/volume_46_slice_81.npz,46
/kaggle/input/brats20-data/BraTS20/data/volume_46_slice_85.npz,46
/kaggle/input/brats20-data/BraTS20/data/volume_46_slice_86.npz,46
/kaggle/input/brats20-data/BraTS20/data/volume_46_slice_87.npz,46
/kaggle/input/brats20-data/BraTS20/data/volume_46_slice_88.npz,46
/kaggle/input/brats20-data/BraTS20/data/volume_46_slice_89.npz,46
/kaggle/input/brats20-data/BraTS20/data/volume_46_slice_90.npz,30
/kaggle/input/brats20-data/BraTS20/data/volume_46_slice_91.npz,30
/kaggle/input/brats20-data/BraTS20/data/volume_46_slice_92.npz,19
/kaggle/input/brats20-data/BraTS20/data/volume_46_slice_93.npz,19
/kaggle/input/brats20-data/BraTS20/data/volume_46_slice_94.npz,84
/kaggle/input/brats20-data/BraTS20/data/volume_46_slice_95.npz,19
/kaggle/input/brats20-data/BraTS20/data/volume_46_slice_96.npz,19
/kaggle/input/brats20-data/BraTS20/data/volume_46_slice_97.npz,19
/kaggle/input/brats20-data/BraTS20/data/volume_46_slice_98.npz,19
/kaggle/input/brats20-data/BraTS20/data/volume_46_slice_99.npz,94
/kaggle/input/brats20-data/BraTS20/data/volume_46_slice_100.npz,94
/kaggle/input/brats20-data/BraTS20/data/volume_46_slice_101.npz,94
/kaggle/input/brats20-data/BraTS20/data/volume_46_slice_102.npz,56
/kaggle/input/brats20-data/BraTS20/data/volume_46_slice_103.npz,2
/kaggle/input/brats20-data/BraTS20/data/volume_46_slice_104.npz,2
/kaggle/input/brats20-data/BraTS20/data/volume_46_slice_105.npz,2
/kaggle/input/brats20-data/BraTS20/data/volume_46_slice_106.npz,2
/kaggle/input/brats20-data/BraTS20/data/volume_46_slice_107.npz,2
/kaggle/input/brats20-data/BraTS20/data/volume_46_slice_108.npz,2
/kaggle/input/brats20-data/BraTS20/data/volume_46_slice_109.npz,2
/kaggle/input/brats20-data/BraTS20/data/volume_46_slice_110.npz,2
/kaggle/input/brats20-data/BraTS20/data/volume_46_slice_111.npz,2
/kaggle/input/brats20-data/BraTS20/data/volume_46_slice_112.npz,76
/kaggle/input/brats20-data/BraTS20/data/volume_46_slice_113.npz,76
/kaggle/input/brats20-data/BraTS20/data/volume_46_slice_114.npz,76
/kaggle/input/brats20-data/BraTS20/data/volume_46_slice_115.npz,76
/kaggle/input/brats20-data/BraTS20/data/volume_46_slice_116.npz,76
/kaggle/input/brats20-data/BraTS20/data/volume_46_slice_117.npz,76
/kaggle/input/brats20-data/BraTS20/data/volume_46_slice_118.npz,63
/kaggle/input/brats20-data/BraTS20/data/volume_46_slice_119.npz,98
/kaggle/input/brats20-data/BraTS20/data/volume_46_slice_120.npz,98
/kaggle/input/brats20-data/BraTS20/data/volume_46_slice_121.npz,98
/kaggle/input/brats20-data/BraTS20/data/volume_46_slice_122.npz,98
/kaggle/input/brats20-data/BraTS20/data/volume_46_slice_123.npz,39
/kaggle/input/brats20-data/BraTS20/data/volume_46_slice_124.npz,62
/kaggle/input/brats20-data/BraTS20/data/volume_46_slice_125.npz,62
/kaggle/input/brats20-data/BraTS20/data/volume_46_slice_126.npz,62
/kaggle/input/brats20-data/BraTS20/data/volume_46_slice_127.npz,62
/kaggle/input/brats20-data/BraTS20/data/volume_46_slice_128.npz,62
/kaggle/input/brats20-data/BraTS20/data/volume_346_slice_80.npz,46
/kaggle/input/brats20-data/BraTS20/data/volume_346_slice_81.npz,46
/kaggle/input/brats20-data/BraTS20/data/volume_346_slice_82.npz,46
/kaggle/input/brats20-data/BraTS20/data/volume_346_slice_83.npz,46
/kaggle/input/brats20-data/BraTS20/data/volume_346_slice_84.npz,46
/kaggle/input/brats20-data/BraTS20/data/volume_346_slice_85.npz,30
/kaggle/input/brats20-data/BraTS20/data/volume_346_slice_86.npz,30
/kaggle/input/brats20-data/BraTS20/data/volume_346_slice_87.npz,30
/kaggle/input/brats20-data/BraTS20/data/volume_346_slice_88.npz,30
/kaggle/input/brats20-data/BraTS20/data/volume_346_slice_89.npz,30
/kaggle/input/brats20-data/BraTS20/data/volume_346_slice_90.npz,20
/kaggle/input/brats20-data/BraTS20/data/volume_346_slice_91.npz,47
/kaggle/input/brats20-data/BraTS20/data/volume_346_slice_92.npz,47
/kaggle/input/brats20-data/BraTS20/data/volume_346_slice_93.npz,47
/kaggle/input/brats20-data/BraTS20/data/volume_346_slice_94.npz,47
/kaggle/input/brats20-data/BraTS20/data/volume_346_slice_95.npz,47
/kaggle/input/brats20-data/BraTS20/data/volume_346_slice_96.npz,35
/kaggle/input/brats20-data/BraTS20/data/volume_346_slice_97.npz,35
/kaggle/input/brats20-data/BraTS20/data/volume_346_slice_98.npz,35
/kaggle/input/brats20-data/BraTS20/data/volume_346_slice_99.npz,35
/kaggle/input/brats20-data/BraTS20/data/volume_346_slice_100.npz,35
/kaggle/input/brats20-data/BraTS20/data/volume_346_slice_101.npz,31
/kaggle/input/brats20-data/BraTS20/data/volume_346_slice_102.npz,31
/kaggle/input/brats20-data/BraTS20/data/volume_346_slice_103.npz,31
/kaggle/input/brats20-data/BraTS20/data/volume_346_slice_104.npz,31
/kaggle/input/brats20-data/BraTS20/data/volume_346_slice_105.npz,31
/kaggle/input/brats20-data/BraTS20/data/volume_346_slice_106.npz,31
/kaggle/input/brats20-data/BraTS20/data/volume_346_slice_107.npz,31
/kaggle/input/brats20-data/BraTS20/data/volume_346_slice_108.npz,2
/kaggle/input/brats20-data/BraTS20/data/volume_346_slice_109.npz,2
/kaggle/input/brats20-data/BraTS20/data/volume_346_slice_110.npz,2
/kaggle/input/brats20-data/BraTS20/data/volume_346_slice_111.npz,2
/kaggle/input/brats20-data/BraTS20/data/volume_346_slice_112.npz,2
/kaggle/input/brats20-data/BraTS20/data/volume_346_slice_113.npz,36
/kaggle/input/brats20-data/BraTS20/data/volume_346_slice_114.npz,36
/kaggle/input/brats20-data/BraTS20/data/volume_346_slice_115.npz,98
/kaggle/input/brats20-data/BraTS20/data/volume_346_slice_116.npz,98
/kaggle/input/brats20-data/BraTS20/data/volume_346_slice_117.npz,98
/kaggle/input/brats20-data/BraTS20/data/volume_346_slice_118.npz,39
/kaggle/input/brats20-data/BraTS20/data/volume_346_slice_119.npz,39
/kaggle/input/brats20-data/BraTS20/data/volume_346_slice_120.npz,39
/kaggle/input/brats20-data/BraTS20/data/volume_346_slice_121.npz,39
/kaggle/input/brats20-data/BraTS20/data/volume_346_slice_122.npz,39
/kaggle/input/brats20-data/BraTS20/data/volume_346_slice_123.npz,39
/kaggle/input/brats20-data/BraTS20/data/volume_346_slice_124.npz,82
/kaggle/input/brats20-data/BraTS20/data/volume_346_slice_125.npz,82
/kaggle/input/brats20-data/BraTS20/data/volume_346_slice_126.npz,75
/kaggle/input/brats20-data/BraTS20/data/volume_346_slice_127.npz,75
/kaggle/input/brats20-data/BraTS20/data/volume_346_slice_128.npz,83
/kaggle/input/brats20-data/BraTS20/data/volume_209_slice_80.npz,41
/kaggle/input/brats20-data/BraTS20/data/volume_209_slice_81.npz,41
/kaggle/input/brats20-data/BraTS20/data/volume_209_slice_82.npz,41
/kaggle/input/brats20-data/BraTS20/data/volume_209_slice_83.npz,41
/kaggle/input/brats20-data/BraTS20/data/volume_209_slice_84.npz,41
/kaggle/input/brats20-data/BraTS20/data/volume_209_slice_85.npz,41
/kaggle/input/brats20-data/BraTS20/data/volume_209_slice_86.npz,41
/kaggle/input/brats20-data/BraTS20/data/volume_209_slice_87.npz,41
/kaggle/input/brats20-data/BraTS20/data/volume_209_slice_88.npz,41
/kaggle/input/brats20-data/BraTS20/data/volume_209_slice_89.npz,41
/kaggle/input/brats20-data/BraTS20/data/volume_209_slice_90.npz,41
/kaggle/input/brats20-data/BraTS20/data/volume_209_slice_91.npz,41
/kaggle/input/brats20-data/BraTS20/data/volume_209_slice_92.npz,41
/kaggle/input/brats20-data/BraTS20/data/volume_209_slice_93.npz,41
/kaggle/input/brats20-data/BraTS20/data/volume_209_slice_94.npz,41
/kaggle/input/brats20-data/BraTS20/data/volume_209_slice_95.npz,41
/kaggle/input/brats20-data/BraTS20/data/volume_209_slice_96.npz,84
/kaggle/input/brats20-data/BraTS20/data/volume_209_slice_97.npz,94
/kaggle/input/brats20-data/BraTS20/data/volume_209_slice_98.npz,94
/kaggle/input/brats20-data/BraTS20/data/volume_209_slice_99.npz,94
/kaggle/input/brats20-data/BraTS20/data/volume_209_slice_100.npz,94
/kaggle/input/brats20-data/BraTS20/data/volume_209_slice_101.npz,94
/kaggle/input/brats20-data/BraTS20/data/volume_209_slice_102.npz,94
/kaggle/input/brats20-data/BraTS20/data/volume_209_slice_103.npz,55
/kaggle/input/brats20-data/BraTS20/data/volume_209_slice_104.npz,55
/kaggle/input/brats20-data/BraTS20/data/volume_209_slice_105.npz,70
/kaggle/input/brats20-data/BraTS20/data/volume_209_slice_106.npz,70
/kaggle/input/brats20-data/BraTS20/data/volume_209_slice_107.npz,70
/kaggle/input/brats20-data/BraTS20/data/volume_209_slice_108.npz,70
/kaggle/input/brats20-data/BraTS20/data/volume_209_slice_109.npz,70
/kaggle/input/brats20-data/BraTS20/data/volume_209_slice_110.npz,70
/kaggle/input/brats20-data/BraTS20/data/volume_209_slice_111.npz,77
/kaggle/input/brats20-data/BraTS20/data/volume_209_slice_112.npz,77
/kaggle/input/brats20-data/BraTS20/data/volume_209_slice_113.npz,77
/kaggle/input/brats20-data/BraTS20/data/volume_209_slice_114.npz,52
/kaggle/input/brats20-data/BraTS20/data/volume_209_slice_115.npz,52
/kaggle/input/brats20-data/BraTS20/data/volume_209_slice_116.npz,52
/kaggle/input/brats20-data/BraTS20/data/volume_209_slice_117.npz,98
/kaggle/input/brats20-data/BraTS20/data/volume_209_slice_118.npz,98
/kaggle/input/brats20-data/BraTS20/data/volume_209_slice_119.npz,98
/kaggle/input/brats20-data/BraTS20/data/volume_209_slice_120.npz,98
/kaggle/input/brats20-data/BraTS20/data/volume_209_slice_121.npz,93
/kaggle/input/brats20-data/BraTS20/data/volume_209_slice_122.npz,78
/kaggle/input/brats20-data/BraTS20/data/volume_209_slice_123.npz,78
/kaggle/input/brats20-data/BraTS20/data/volume_209_slice_124.npz,78
/kaggle/input/brats20-data/BraTS20/data/volume_209_slice_125.npz,78
/kaggle/input/brats20-data/BraTS20/data/volume_209_slice_126.npz,83
/kaggle/input/brats20-data/BraTS20/data/volume_209_slice_127.npz,83
/kaggle/input/brats20-data/BraTS20/data/volume_209_slice_128.npz,83
/kaggle/input/brats20-data/BraTS20/data/volume_114_slice_80.npz,1
/kaggle/input/brats20-data/BraTS20/data/volume_114_slice_81.npz,1
/kaggle/input/brats20-data/BraTS20/data/volume_114_slice_82.npz,1
/kaggle/input/brats20-data/BraTS20/data/volume_114_slice_83.npz,20
/kaggle/input/brats20-data/BraTS20/data/volume_114_slice_84.npz,20
/kaggle/input/brats20-data/BraTS20/data/volume_114_slice_85.npz,20
/kaggle/input/brats20-data/BraTS20/data/volume_114_slice_86.npz,20
/kaggle/input/brats20-data/BraTS20/data/volume_114_slice_87.npz,20
/kaggle/input/brats20-data/BraTS20/data/volume_114_slice_88.npz,20
/kaggle/input/brats20-data/BraTS20/data/volume_114_slice_89.npz,20
/kaggle/input/brats20-data/BraTS20/data/volume_114_slice_90.npz,20
/kaggle/input/brats20-data/BraTS20/data/volume_114_slice_91.npz,20
/kaggle/input/brats20-data/BraTS20/data/volume_114_slice_92.npz,20
/kaggle/input/brats20-data/BraTS20/data/volume_114_slice_93.npz,20
/kaggle/input/brats20-data/BraTS20/data/volume_114_slice_94.npz,8
/kaggle/input/brats20-data/BraTS20/data/volume_114_slice_95.npz,8
/kaggle/input/brats20-data/BraTS20/data/volume_114_slice_96.npz,8
/kaggle/input/brats20-data/BraTS20/data/volume_114_slice_97.npz,8
/kaggle/input/brats20-data/BraTS20/data/volume_114_slice_98.npz,8
/kaggle/input/brats20-data/BraTS20/data/volume_114_slice_99.npz,8
/kaggle/input/brats20-data/BraTS20/data/volume_114_slice_100.npz,8
/kaggle/input/brats20-data/BraTS20/data/volume_114_slice_101.npz,8
/kaggle/input/brats20-data/BraTS20/data/volume_114_slice_102.npz,8
/kaggle/input/brats20-data/BraTS20/data/volume_114_slice_103.npz,8
/kaggle/input/brats20-data/BraTS20/data/volume_114_slice_104.npz,49
/kaggle/input/brats20-data/BraTS20/data/volume_114_slice_105.npz,49
/kaggle/input/brats20-data/BraTS20/data/volume_114_slice_106.npz,49
/kaggle/input/brats20-data/BraTS20/data/volume_114_slice_107.npz,49
/kaggle/input/brats20-data/BraTS20/data/volume_114_slice_108.npz,49
/kaggle/input/brats20-data/BraTS20/data/volume_114_slice_109.npz,49
/kaggle/input/brats20-data/BraTS20/data/volume_114_slice_110.npz,49
/kaggle/input/brats20-data/BraTS20/data/volume_114_slice_111.npz,49
/kaggle/input/brats20-data/BraTS20/data/volume_114_slice_112.npz,49
/kaggle/input/brats20-data/BraTS20/data/volume_114_slice_113.npz,49
/kaggle/input/brats20-data/BraTS20/data/volume_114_slice_114.npz,2
/kaggle/input/brats20-data/BraTS20/data/volume_114_slice_115.npz,2
/kaggle/input/brats20-data/BraTS20/data/volume_114_slice_116.npz,2
/kaggle/input/brats20-data/BraTS20/data/volume_114_slice_117.npz,2
/kaggle/input/brats20-data/BraTS20/data/volume_114_slice_118.npz,2
/kaggle/input/brats20-data/BraTS20/data/volume_114_slice_119.npz,44
/kaggle/input/brats20-data/BraTS20/data/volume_114_slice_120.npz,44
/kaggle/input/brats20-data/BraTS20/data/volume_114_slice_121.npz,44
/kaggle/input/brats20-data/BraTS20/data/volume_114_slice_122.npz,44
/kaggle/input/brats20-data/BraTS20/data/volume_114_slice_123.npz,44
/kaggle/input/brats20-data/BraTS20/data/volume_114_slice_124.npz,44
/kaggle/input/brats20-data/BraTS20/data/volume_114_slice_125.npz,44
/kaggle/input/brats20-data/BraTS20/data/volume_114_slice_126.npz,62
/kaggle/input/brats20-data/BraTS20/data/volume_114_slice_127.npz,62
/kaggle/input/brats20-data/BraTS20/data/volume_114_slice_128.npz,62
/kaggle/input/brats20-data/BraTS20/data/volume_349_slice_80.npz,33
/kaggle/input/brats20-data/BraTS20/data/volume_349_slice_81.npz,33
/kaggle/input/brats20-data/BraTS20/data/volume_349_slice_82.npz,8
/kaggle/input/brats20-data/BraTS20/data/volume_349_slice_83.npz,8
/kaggle/input/brats20-data/BraTS20/data/volume_349_slice_84.npz,8
/kaggle/input/brats20-data/BraTS20/data/volume_349_slice_85.npz,8
/kaggle/input/brats20-data/BraTS20/data/volume_349_slice_86.npz,8
/kaggle/input/brats20-data/BraTS20/data/volume_349_slice_87.npz,99
/kaggle/input/brats20-data/BraTS20/data/volume_349_slice_88.npz,99
/kaggle/input/brats20-data/BraTS20/data/volume_349_slice_89.npz,99
/kaggle/input/brats20-data/BraTS20/data/volume_349_slice_90.npz,99
/kaggle/input/brats20-data/BraTS20/data/volume_349_slice_91.npz,20
/kaggle/input/brats20-data/BraTS20/data/volume_349_slice_92.npz,20
/kaggle/input/brats20-data/BraTS20/data/volume_349_slice_93.npz,20
/kaggle/input/brats20-data/BraTS20/data/volume_349_slice_94.npz,20
/kaggle/input/brats20-data/BraTS20/data/volume_349_slice_95.npz,20
/kaggle/input/brats20-data/BraTS20/data/volume_349_slice_96.npz,20
/kaggle/input/brats20-data/BraTS20/data/volume_349_slice_97.npz,20
/kaggle/input/brats20-data/BraTS20/data/volume_349_slice_98.npz,20
/kaggle/input/brats20-data/BraTS20/data/volume_349_slice_99.npz,20
/kaggle/input/brats20-data/BraTS20/data/volume_349_slice_100.npz,20
/kaggle/input/brats20-data/BraTS20/data/volume_349_slice_101.npz,26
/kaggle/input/brats20-data/BraTS20/data/volume_349_slice_102.npz,26
/kaggle/input/brats20-data/BraTS20/data/volume_349_slice_103.npz,56
/kaggle/input/brats20-data/BraTS20/data/volume_349_slice_104.npz,56
/kaggle/input/brats20-data/BraTS20/data/volume_349_slice_105.npz,14
/kaggle/input/brats20-data/BraTS20/data/volume_349_slice_106.npz,14
/kaggle/input/brats20-data/BraTS20/data/volume_349_slice_107.npz,14
/kaggle/input/brats20-data/BraTS20/data/volume_349_slice_108.npz,14
/kaggle/input/brats20-data/BraTS20/data/volume_349_slice_109.npz,14
/kaggle/input/brats20-data/BraTS20/data/volume_349_slice_110.npz,14
/kaggle/input/brats20-data/BraTS20/data/volume_349_slice_111.npz,14
/kaggle/input/brats20-data/BraTS20/data/volume_349_slice_112.npz,14
/kaggle/input/brats20-data/BraTS20/data/volume_349_slice_113.npz,14
/kaggle/input/brats20-data/BraTS20/data/volume_349_slice_114.npz,14
/kaggle/input/brats20-data/BraTS20/data/volume_349_slice_115.npz,14
/kaggle/input/brats20-data/BraTS20/data/volume_349_slice_116.npz,36
/kaggle/input/brats20-data/BraTS20/data/volume_349_slice_117.npz,44
/kaggle/input/brats20-data/BraTS20/data/volume_349_slice_118.npz,44
/kaggle/input/brats20-data/BraTS20/data/volume_349_slice_119.npz,98
/kaggle/input/brats20-data/BraTS20/data/volume_349_slice_120.npz,39
/kaggle/input/brats20-data/BraTS20/data/volume_349_slice_121.npz,82
/kaggle/input/brats20-data/BraTS20/data/volume_349_slice_122.npz,82
/kaggle/input/brats20-data/BraTS20/data/volume_349_slice_123.npz,88
/kaggle/input/brats20-data/BraTS20/data/volume_349_slice_124.npz,75
/kaggle/input/brats20-data/BraTS20/data/volume_349_slice_125.npz,83
/kaggle/input/brats20-data/BraTS20/data/volume_349_slice_126.npz,83
/kaggle/input/brats20-data/BraTS20/data/volume_349_slice_127.npz,83
/kaggle/input/brats20-data/BraTS20/data/volume_349_slice_128.npz,83
/kaggle/input/brats20-data/BraTS20/data/volume_219_slice_80.npz,41
/kaggle/input/brats20-data/BraTS20/data/volume_219_slice_81.npz,46
/kaggle/input/brats20-data/BraTS20/data/volume_219_slice_82.npz,41
/kaggle/input/brats20-data/BraTS20/data/volume_219_slice_83.npz,46
/kaggle/input/brats20-data/BraTS20/data/volume_219_slice_84.npz,41
/kaggle/input/brats20-data/BraTS20/data/volume_219_slice_85.npz,41
/kaggle/input/brats20-data/BraTS20/data/volume_219_slice_86.npz,41
/kaggle/input/brats20-data/BraTS20/data/volume_219_slice_87.npz,84
/kaggle/input/brats20-data/BraTS20/data/volume_219_slice_88.npz,84
/kaggle/input/brats20-data/BraTS20/data/volume_219_slice_89.npz,28
/kaggle/input/brats20-data/BraTS20/data/volume_219_slice_90.npz,28
/kaggle/input/brats20-data/BraTS20/data/volume_219_slice_91.npz,84
/kaggle/input/brats20-data/BraTS20/data/volume_219_slice_92.npz,84
/kaggle/input/brats20-data/BraTS20/data/volume_219_slice_93.npz,84
/kaggle/input/brats20-data/BraTS20/data/volume_219_slice_94.npz,84
/kaggle/input/brats20-data/BraTS20/data/volume_219_slice_95.npz,84
/kaggle/input/brats20-data/BraTS20/data/volume_219_slice_96.npz,84
/kaggle/input/brats20-data/BraTS20/data/volume_219_slice_97.npz,94
/kaggle/input/brats20-data/BraTS20/data/volume_219_slice_98.npz,94
/kaggle/input/brats20-data/BraTS20/data/volume_219_slice_99.npz,94
/kaggle/input/brats20-data/BraTS20/data/volume_219_slice_100.npz,94
/kaggle/input/brats20-data/BraTS20/data/volume_219_slice_103.npz,16
/kaggle/input/brats20-data/BraTS20/data/volume_219_slice_104.npz,16
/kaggle/input/brats20-data/BraTS20/data/volume_219_slice_105.npz,16
/kaggle/input/brats20-data/BraTS20/data/volume_219_slice_106.npz,2
/kaggle/input/brats20-data/BraTS20/data/volume_219_slice_107.npz,2
/kaggle/input/brats20-data/BraTS20/data/volume_219_slice_108.npz,2
/kaggle/input/brats20-data/BraTS20/data/volume_219_slice_109.npz,2
/kaggle/input/brats20-data/BraTS20/data/volume_219_slice_110.npz,2
/kaggle/input/brats20-data/BraTS20/data/volume_219_slice_111.npz,2
/kaggle/input/brats20-data/BraTS20/data/volume_219_slice_112.npz,86
/kaggle/input/brats20-data/BraTS20/data/volume_219_slice_113.npz,86
/kaggle/input/brats20-data/BraTS20/data/volume_219_slice_114.npz,86
/kaggle/input/brats20-data/BraTS20/data/volume_219_slice_115.npz,63
/kaggle/input/brats20-data/BraTS20/data/volume_219_slice_116.npz,63
/kaggle/input/brats20-data/BraTS20/data/volume_219_slice_117.npz,63
/kaggle/input/brats20-data/BraTS20/data/volume_219_slice_118.npz,63
/kaggle/input/brats20-data/BraTS20/data/volume_219_slice_119.npz,69
/kaggle/input/brats20-data/BraTS20/data/volume_219_slice_120.npz,69
/kaggle/input/brats20-data/BraTS20/data/volume_219_slice_121.npz,69
/kaggle/input/brats20-data/BraTS20/data/volume_219_slice_122.npz,69
/kaggle/input/brats20-data/BraTS20/data/volume_219_slice_123.npz,89
/kaggle/input/brats20-data/BraTS20/data/volume_219_slice_124.npz,89
/kaggle/input/brats20-data/BraTS20/data/volume_219_slice_125.npz,89
/kaggle/input/brats20-data/BraTS20/data/volume_219_slice_126.npz,11
/kaggle/input/brats20-data/BraTS20/data/volume_219_slice_127.npz,11
/kaggle/input/brats20-data/BraTS20/data/volume_219_slice_128.npz,11
/kaggle/input/brats20-data/BraTS20/data/volume_324_slice_80.npz,41
/kaggle/input/brats20-data/BraTS20/data/volume_324_slice_81.npz,41
/kaggle/input/brats20-data/BraTS20/data/volume_324_slice_82.npz,41
/kaggle/input/brats20-data/BraTS20/data/volume_324_slice_83.npz,41
/kaggle/input/brats20-data/BraTS20/data/volume_324_slice_84.npz,41
/kaggle/input/brats20-data/BraTS20/data/volume_324_slice_85.npz,41
/kaggle/input/brats20-data/BraTS20/data/volume_324_slice_86.npz,80
/kaggle/input/brats20-data/BraTS20/data/volume_324_slice_87.npz,80
/kaggle/input/brats20-data/BraTS20/data/volume_324_slice_88.npz,80
/kaggle/input/brats20-data/BraTS20/data/volume_324_slice_89.npz,0
/kaggle/input/brats20-data/BraTS20/data/volume_324_slice_90.npz,0
/kaggle/input/brats20-data/BraTS20/data/volume_324_slice_92.npz,50
/kaggle/input/brats20-data/BraTS20/data/volume_324_slice_93.npz,50
/kaggle/input/brats20-data/BraTS20/data/volume_324_slice_94.npz,50
/kaggle/input/brats20-data/BraTS20/data/volume_324_slice_95.npz,50
/kaggle/input/brats20-data/BraTS20/data/volume_324_slice_96.npz,50
/kaggle/input/brats20-data/BraTS20/data/volume_324_slice_97.npz,50
/kaggle/input/brats20-data/BraTS20/data/volume_324_slice_98.npz,84
/kaggle/input/brats20-data/BraTS20/data/volume_324_slice_99.npz,84
/kaggle/input/brats20-data/BraTS20/data/volume_324_slice_100.npz,84
/kaggle/input/brats20-data/BraTS20/data/volume_324_slice_101.npz,94
/kaggle/input/brats20-data/BraTS20/data/volume_324_slice_102.npz,94
/kaggle/input/brats20-data/BraTS20/data/volume_324_slice_103.npz,94
/kaggle/input/brats20-data/BraTS20/data/volume_324_slice_104.npz,94
/kaggle/input/brats20-data/BraTS20/data/volume_324_slice_105.npz,94
/kaggle/input/brats20-data/BraTS20/data/volume_324_slice_106.npz,94
/kaggle/input/brats20-data/BraTS20/data/volume_324_slice_107.npz,55
/kaggle/input/brats20-data/BraTS20/data/volume_324_slice_108.npz,48
/kaggle/input/brats20-data/BraTS20/data/volume_324_slice_109.npz,48
/kaggle/input/brats20-data/BraTS20/data/volume_324_slice_110.npz,48
/kaggle/input/brats20-data/BraTS20/data/volume_324_slice_111.npz,48
/kaggle/input/brats20-data/BraTS20/data/volume_324_slice_112.npz,48
/kaggle/input/brats20-data/BraTS20/data/volume_324_slice_113.npz,48
/kaggle/input/brats20-data/BraTS20/data/volume_324_slice_114.npz,48
/kaggle/input/brats20-data/BraTS20/data/volume_324_slice_115.npz,77
/kaggle/input/brats20-data/BraTS20/data/volume_324_slice_116.npz,77
/kaggle/input/brats20-data/BraTS20/data/volume_324_slice_117.npz,77
/kaggle/input/brats20-data/BraTS20/data/volume_324_slice_118.npz,77
/kaggle/input/brats20-data/BraTS20/data/volume_324_slice_119.npz,52
/kaggle/input/brats20-data/BraTS20/data/volume_324_slice_120.npz,52
/kaggle/input/brats20-data/BraTS20/data/volume_324_slice_121.npz,98
/kaggle/input/brats20-data/BraTS20/data/volume_324_slice_122.npz,98
/kaggle/input/brats20-data/BraTS20/data/volume_324_slice_123.npz,98
/kaggle/input/brats20-data/BraTS20/data/volume_324_slice_124.npz,98
/kaggle/input/brats20-data/BraTS20/data/volume_324_slice_125.npz,82
/kaggle/input/brats20-data/BraTS20/data/volume_324_slice_126.npz,61
/kaggle/input/brats20-data/BraTS20/data/volume_324_slice_127.npz,61
/kaggle/input/brats20-data/BraTS20/data/volume_324_slice_128.npz,75
/kaggle/input/brats20-data/BraTS20/data/volume_267_slice_80.npz,50
/kaggle/input/brats20-data/BraTS20/data/volume_267_slice_81.npz,50
/kaggle/input/brats20-data/BraTS20/data/volume_267_slice_82.npz,50
/kaggle/input/brats20-data/BraTS20/data/volume_267_slice_83.npz,50
/kaggle/input/brats20-data/BraTS20/data/volume_267_slice_84.npz,50
/kaggle/input/brats20-data/BraTS20/data/volume_267_slice_85.npz,50
/kaggle/input/brats20-data/BraTS20/data/volume_267_slice_86.npz,50
/kaggle/input/brats20-data/BraTS20/data/volume_267_slice_87.npz,50
/kaggle/input/brats20-data/BraTS20/data/volume_267_slice_88.npz,50
/kaggle/input/brats20-data/BraTS20/data/volume_267_slice_89.npz,50
/kaggle/input/brats20-data/BraTS20/data/volume_267_slice_90.npz,50
/kaggle/input/brats20-data/BraTS20/data/volume_267_slice_91.npz,50
/kaggle/input/brats20-data/BraTS20/data/volume_267_slice_92.npz,50
/kaggle/input/brats20-data/BraTS20/data/volume_267_slice_93.npz,50
/kaggle/input/brats20-data/BraTS20/data/volume_267_slice_94.npz,50
/kaggle/input/brats20-data/BraTS20/data/volume_267_slice_95.npz,50
/kaggle/input/brats20-data/BraTS20/data/volume_267_slice_96.npz,50
/kaggle/input/brats20-data/BraTS20/data/volume_267_slice_97.npz,50
/kaggle/input/brats20-data/BraTS20/data/volume_267_slice_98.npz,55
/kaggle/input/brats20-data/BraTS20/data/volume_267_slice_99.npz,55
/kaggle/input/brats20-data/BraTS20/data/volume_267_slice_100.npz,55
/kaggle/input/brats20-data/BraTS20/data/volume_267_slice_101.npz,55
/kaggle/input/brats20-data/BraTS20/data/volume_267_slice_102.npz,55
/kaggle/input/brats20-data/BraTS20/data/volume_267_slice_103.npz,55
/kaggle/input/brats20-data/BraTS20/data/volume_267_slice_104.npz,55
/kaggle/input/brats20-data/BraTS20/data/volume_267_slice_105.npz,71
/kaggle/input/brats20-data/BraTS20/data/volume_267_slice_106.npz,71
/kaggle/input/brats20-data/BraTS20/data/volume_267_slice_107.npz,71
/kaggle/input/brats20-data/BraTS20/data/volume_267_slice_108.npz,29
/kaggle/input/brats20-data/BraTS20/data/volume_267_slice_109.npz,36
/kaggle/input/brats20-data/BraTS20/data/volume_267_slice_110.npz,36
/kaggle/input/brats20-data/BraTS20/data/volume_267_slice_111.npz,36
/kaggle/input/brats20-data/BraTS20/data/volume_267_slice_112.npz,36
/kaggle/input/brats20-data/BraTS20/data/volume_267_slice_113.npz,36
/kaggle/input/brats20-data/BraTS20/data/volume_267_slice_114.npz,36
/kaggle/input/brats20-data/BraTS20/data/volume_267_slice_115.npz,64
/kaggle/input/brats20-data/BraTS20/data/volume_267_slice_116.npz,64
/kaggle/input/brats20-data/BraTS20/data/volume_267_slice_117.npz,64
/kaggle/input/brats20-data/BraTS20/data/volume_267_slice_118.npz,64
/kaggle/input/brats20-data/BraTS20/data/volume_267_slice_119.npz,64
/kaggle/input/brats20-data/BraTS20/data/volume_267_slice_120.npz,87
/kaggle/input/brats20-data/BraTS20/data/volume_267_slice_121.npz,87
/kaggle/input/brats20-data/BraTS20/data/volume_267_slice_122.npz,78
/kaggle/input/brats20-data/BraTS20/data/volume_267_slice_123.npz,78
/kaggle/input/brats20-data/BraTS20/data/volume_267_slice_124.npz,78
/kaggle/input/brats20-data/BraTS20/data/volume_267_slice_125.npz,78
/kaggle/input/brats20-data/BraTS20/data/volume_267_slice_126.npz,65
/kaggle/input/brats20-data/BraTS20/data/volume_267_slice_127.npz,65
/kaggle/input/brats20-data/BraTS20/data/volume_267_slice_128.npz,11
/kaggle/input/brats20-data/BraTS20/data/volume_43_slice_80.npz,46
/kaggle/input/brats20-data/BraTS20/data/volume_43_slice_82.npz,46
/kaggle/input/brats20-data/BraTS20/data/volume_43_slice_83.npz,46
/kaggle/input/brats20-data/BraTS20/data/volume_43_slice_84.npz,46
/kaggle/input/brats20-data/BraTS20/data/volume_43_slice_85.npz,46
/kaggle/input/brats20-data/BraTS20/data/volume_43_slice_86.npz,15
/kaggle/input/brats20-data/BraTS20/data/volume_43_slice_87.npz,15
/kaggle/input/brats20-data/BraTS20/data/volume_43_slice_88.npz,15
/kaggle/input/brats20-data/BraTS20/data/volume_43_slice_89.npz,47
/kaggle/input/brats20-data/BraTS20/data/volume_43_slice_90.npz,47
/kaggle/input/brats20-data/BraTS20/data/volume_43_slice_91.npz,33
/kaggle/input/brats20-data/BraTS20/data/volume_43_slice_92.npz,33
/kaggle/input/brats20-data/BraTS20/data/volume_43_slice_93.npz,33
/kaggle/input/brats20-data/BraTS20/data/volume_43_slice_94.npz,33
/kaggle/input/brats20-data/BraTS20/data/volume_43_slice_95.npz,33
/kaggle/input/brats20-data/BraTS20/data/volume_43_slice_96.npz,33
/kaggle/input/brats20-data/BraTS20/data/volume_43_slice_97.npz,33
/kaggle/input/brats20-data/BraTS20/data/volume_43_slice_98.npz,33
/kaggle/input/brats20-data/BraTS20/data/volume_43_slice_99.npz,33
/kaggle/input/brats20-data/BraTS20/data/volume_43_slice_100.npz,16
/kaggle/input/brats20-data/BraTS20/data/volume_43_slice_101.npz,16
/kaggle/input/brats20-data/BraTS20/data/volume_43_slice_102.npz,16
/kaggle/input/brats20-data/BraTS20/data/volume_43_slice_103.npz,16
/kaggle/input/brats20-data/BraTS20/data/volume_43_slice_104.npz,16
/kaggle/input/brats20-data/BraTS20/data/volume_43_slice_105.npz,16
/kaggle/input/brats20-data/BraTS20/data/volume_43_slice_106.npz,16
/kaggle/input/brats20-data/BraTS20/data/volume_43_slice_107.npz,95
/kaggle/input/brats20-data/BraTS20/data/volume_43_slice_108.npz,76
/kaggle/input/brats20-data/BraTS20/data/volume_43_slice_109.npz,76
/kaggle/input/brats20-data/BraTS20/data/volume_43_slice_110.npz,66
/kaggle/input/brats20-data/BraTS20/data/volume_43_slice_111.npz,66
/kaggle/input/brats20-data/BraTS20/data/volume_43_slice_112.npz,66
/kaggle/input/brats20-data/BraTS20/data/volume_43_slice_113.npz,66
/kaggle/input/brats20-data/BraTS20/data/volume_43_slice_114.npz,66
/kaggle/input/brats20-data/BraTS20/data/volume_43_slice_115.npz,66
/kaggle/input/brats20-data/BraTS20/data/volume_43_slice_116.npz,66
/kaggle/input/brats20-data/BraTS20/data/volume_43_slice_117.npz,90
/kaggle/input/brats20-data/BraTS20/data/volume_43_slice_118.npz,90
/kaggle/input/brats20-data/BraTS20/data/volume_43_slice_119.npz,90
/kaggle/input/brats20-data/BraTS20/data/volume_43_slice_120.npz,39
/kaggle/input/brats20-data/BraTS20/data/volume_43_slice_121.npz,39
/kaggle/input/brats20-data/BraTS20/data/volume_43_slice_122.npz,75
/kaggle/input/brats20-data/BraTS20/data/volume_43_slice_123.npz,75
/kaggle/input/brats20-data/BraTS20/data/volume_43_slice_124.npz,75
/kaggle/input/brats20-data/BraTS20/data/volume_43_slice_125.npz,75
/kaggle/input/brats20-data/BraTS20/data/volume_43_slice_126.npz,75
/kaggle/input/brats20-data/BraTS20/data/volume_43_slice_127.npz,75
/kaggle/input/brats20-data/BraTS20/data/volume_43_slice_128.npz,75
/kaggle/input/brats20-data/BraTS20/data/volume_77_slice_80.npz,46
/kaggle/input/brats20-data/BraTS20/data/volume_77_slice_81.npz,46
/kaggle/input/brats20-data/BraTS20/data/volume_77_slice_82.npz,46
/kaggle/input/brats20-data/BraTS20/data/volume_77_slice_83.npz,46
/kaggle/input/brats20-data/BraTS20/data/volume_77_slice_84.npz,46
/kaggle/input/brats20-data/BraTS20/data/volume_77_slice_85.npz,46
/kaggle/input/brats20-data/BraTS20/data/volume_77_slice_86.npz,46
/kaggle/input/brats20-data/BraTS20/data/volume_77_slice_87.npz,30
/kaggle/input/brats20-data/BraTS20/data/volume_77_slice_89.npz,30
/kaggle/input/brats20-data/BraTS20/data/volume_77_slice_90.npz,30
/kaggle/input/brats20-data/BraTS20/data/volume_77_slice_91.npz,30
/kaggle/input/brats20-data/BraTS20/data/volume_77_slice_92.npz,74
/kaggle/input/brats20-data/BraTS20/data/volume_77_slice_93.npz,74
/kaggle/input/brats20-data/BraTS20/data/volume_77_slice_94.npz,94
/kaggle/input/brats20-data/BraTS20/data/volume_77_slice_95.npz,94
/kaggle/input/brats20-data/BraTS20/data/volume_77_slice_96.npz,94
/kaggle/input/brats20-data/BraTS20/data/volume_77_slice_97.npz,94
/kaggle/input/brats20-data/BraTS20/data/volume_77_slice_98.npz,94
/kaggle/input/brats20-data/BraTS20/data/volume_77_slice_99.npz,16
/kaggle/input/brats20-data/BraTS20/data/volume_77_slice_100.npz,16
/kaggle/input/brats20-data/BraTS20/data/volume_77_slice_101.npz,16
/kaggle/input/brats20-data/BraTS20/data/volume_77_slice_102.npz,70
/kaggle/input/brats20-data/BraTS20/data/volume_77_slice_103.npz,70
/kaggle/input/brats20-data/BraTS20/data/volume_77_slice_104.npz,70
/kaggle/input/brats20-data/BraTS20/data/volume_77_slice_105.npz,70
/kaggle/input/brats20-data/BraTS20/data/volume_77_slice_106.npz,70
/kaggle/input/brats20-data/BraTS20/data/volume_77_slice_107.npz,70
/kaggle/input/brats20-data/BraTS20/data/volume_77_slice_108.npz,36
/kaggle/input/brats20-data/BraTS20/data/volume_77_slice_109.npz,36
/kaggle/input/brats20-data/BraTS20/data/volume_77_slice_110.npz,36
/kaggle/input/brats20-data/BraTS20/data/volume_77_slice_111.npz,36
/kaggle/input/brats20-data/BraTS20/data/volume_77_slice_112.npz,36
/kaggle/input/brats20-data/BraTS20/data/volume_77_slice_113.npz,36
/kaggle/input/brats20-data/BraTS20/data/volume_77_slice_114.npz,36
/kaggle/input/brats20-data/BraTS20/data/volume_77_slice_115.npz,90
/kaggle/input/brats20-data/BraTS20/data/volume_77_slice_116.npz,90
/kaggle/input/brats20-data/BraTS20/data/volume_77_slice_117.npz,90
/kaggle/input/brats20-data/BraTS20/data/volume_77_slice_118.npz,69
/kaggle/input/brats20-data/BraTS20/data/volume_77_slice_119.npz,69
/kaggle/input/brats20-data/BraTS20/data/volume_77_slice_120.npz,69
/kaggle/input/brats20-data/BraTS20/data/volume_77_slice_121.npz,69
/kaggle/input/brats20-data/BraTS20/data/volume_77_slice_122.npz,78
/kaggle/input/brats20-data/BraTS20/data/volume_77_slice_123.npz,78
/kaggle/input/brats20-data/BraTS20/data/volume_77_slice_124.npz,78
/kaggle/input/brats20-data/BraTS20/data/volume_77_slice_125.npz,73
/kaggle/input/brats20-data/BraTS20/data/volume_77_slice_126.npz,73
/kaggle/input/brats20-data/BraTS20/data/volume_77_slice_127.npz,11
/kaggle/input/brats20-data/BraTS20/data/volume_77_slice_128.npz,11
/kaggle/input/brats20-data/BraTS20/data/volume_261_slice_80.npz,7
/kaggle/input/brats20-data/BraTS20/data/volume_261_slice_81.npz,7
/kaggle/input/brats20-data/BraTS20/data/volume_261_slice_82.npz,7
/kaggle/input/brats20-data/BraTS20/data/volume_261_slice_83.npz,7
/kaggle/input/brats20-data/BraTS20/data/volume_261_slice_84.npz,7
/kaggle/input/brats20-data/BraTS20/data/volume_261_slice_85.npz,7
/kaggle/input/brats20-data/BraTS20/data/volume_261_slice_86.npz,7
/kaggle/input/brats20-data/BraTS20/data/volume_261_slice_87.npz,7
/kaggle/input/brats20-data/BraTS20/data/volume_261_slice_88.npz,7
/kaggle/input/brats20-data/BraTS20/data/volume_261_slice_89.npz,7
/kaggle/input/brats20-data/BraTS20/data/volume_261_slice_90.npz,7
/kaggle/input/brats20-data/BraTS20/data/volume_261_slice_91.npz,7
/kaggle/input/brats20-data/BraTS20/data/volume_261_slice_92.npz,7
/kaggle/input/brats20-data/BraTS20/data/volume_261_slice_93.npz,7
/kaggle/input/brats20-data/BraTS20/data/volume_261_slice_94.npz,7
/kaggle/input/brats20-data/BraTS20/data/volume_261_slice_95.npz,7
/kaggle/input/brats20-data/BraTS20/data/volume_261_slice_96.npz,7
/kaggle/input/brats20-data/BraTS20/data/volume_261_slice_97.npz,7
/kaggle/input/brats20-data/BraTS20/data/volume_261_slice_98.npz,7
/kaggle/input/brats20-data/BraTS20/data/volume_261_slice_99.npz,7
/kaggle/input/brats20-data/BraTS20/data/volume_261_slice_100.npz,7
/kaggle/input/brats20-data/BraTS20/data/volume_261_slice_101.npz,7
/kaggle/input/brats20-data/BraTS20/data/volume_261_slice_102.npz,7
/kaggle/input/brats20-data/BraTS20/data/volume_261_slice_103.npz,7
/kaggle/input/brats20-data/BraTS20/data/volume_261_slice_104.npz,7
/kaggle/input/brats20-data/BraTS20/data/volume_261_slice_105.npz,7
/kaggle/input/brats20-data/BraTS20/data/volume_261_slice_106.npz,6
/kaggle/input/brats20-data/BraTS20/data/volume_261_slice_107.npz,6
/kaggle/input/brats20-data/BraTS20/data/volume_261_slice_108.npz,6
/kaggle/input/brats20-data/BraTS20/data/volume_261_slice_109.npz,6
/kaggle/input/brats20-data/BraTS20/data/volume_261_slice_110.npz,36
/kaggle/input/brats20-data/BraTS20/data/volume_261_slice_111.npz,36
/kaggle/input/brats20-data/BraTS20/data/volume_261_slice_112.npz,36
/kaggle/input/brats20-data/BraTS20/data/volume_261_slice_113.npz,36
/kaggle/input/brats20-data/BraTS20/data/volume_261_slice_114.npz,36
/kaggle/input/brats20-data/BraTS20/data/volume_261_slice_115.npz,36
/kaggle/input/brats20-data/BraTS20/data/volume_261_slice_116.npz,51
/kaggle/input/brats20-data/BraTS20/data/volume_261_slice_117.npz,51
/kaggle/input/brats20-data/BraTS20/data/volume_261_slice_118.npz,51
/kaggle/input/brats20-data/BraTS20/data/volume_261_slice_119.npz,64
/kaggle/input/brats20-data/BraTS20/data/volume_261_slice_120.npz,64
/kaggle/input/brats20-data/BraTS20/data/volume_261_slice_121.npz,64
/kaggle/input/brats20-data/BraTS20/data/volume_261_slice_122.npz,64
/kaggle/input/brats20-data/BraTS20/data/volume_261_slice_123.npz,64
/kaggle/input/brats20-data/BraTS20/data/volume_261_slice_124.npz,93
/kaggle/input/brats20-data/BraTS20/data/volume_261_slice_125.npz,78
/kaggle/input/brats20-data/BraTS20/data/volume_261_slice_126.npz,78
/kaggle/input/brats20-data/BraTS20/data/volume_261_slice_127.npz,78
/kaggle/input/brats20-data/BraTS20/data/volume_261_slice_128.npz,78
/kaggle/input/brats20-data/BraTS20/data/volume_118_slice_80.npz,1
/kaggle/input/brats20-data/BraTS20/data/volume_118_slice_81.npz,1
/kaggle/input/brats20-data/BraTS20/data/volume_118_slice_82.npz,1
/kaggle/input/brats20-data/BraTS20/data/volume_118_slice_83.npz,1
/kaggle/input/brats20-data/BraTS20/data/volume_118_slice_84.npz,1
/kaggle/input/brats20-data/BraTS20/data/volume_118_slice_85.npz,1
/kaggle/input/brats20-data/BraTS20/data/volume_118_slice_86.npz,1
/kaggle/input/brats20-data/BraTS20/data/volume_118_slice_87.npz,1
/kaggle/input/brats20-data/BraTS20/data/volume_118_slice_88.npz,1
/kaggle/input/brats20-data/BraTS20/data/volume_118_slice_89.npz,1
/kaggle/input/brats20-data/BraTS20/data/volume_118_slice_90.npz,1
/kaggle/input/brats20-data/BraTS20/data/volume_118_slice_91.npz,15
/kaggle/input/brats20-data/BraTS20/data/volume_118_slice_92.npz,74
/kaggle/input/brats20-data/BraTS20/data/volume_118_slice_93.npz,74
/kaggle/input/brats20-data/BraTS20/data/volume_118_slice_94.npz,74
/kaggle/input/brats20-data/BraTS20/data/volume_118_slice_95.npz,12
/kaggle/input/brats20-data/BraTS20/data/volume_118_slice_96.npz,12
/kaggle/input/brats20-data/BraTS20/data/volume_118_slice_97.npz,12
/kaggle/input/brats20-data/BraTS20/data/volume_118_slice_98.npz,25
/kaggle/input/brats20-data/BraTS20/data/volume_118_slice_99.npz,25
/kaggle/input/brats20-data/BraTS20/data/volume_118_slice_100.npz,56
/kaggle/input/brats20-data/BraTS20/data/volume_118_slice_101.npz,56
/kaggle/input/brats20-data/BraTS20/data/volume_118_slice_102.npz,56
/kaggle/input/brats20-data/BraTS20/data/volume_118_slice_103.npz,56
/kaggle/input/brats20-data/BraTS20/data/volume_118_slice_104.npz,56
/kaggle/input/brats20-data/BraTS20/data/volume_118_slice_105.npz,56
/kaggle/input/brats20-data/BraTS20/data/volume_118_slice_106.npz,16
/kaggle/input/brats20-data/BraTS20/data/volume_118_slice_107.npz,16
/kaggle/input/brats20-data/BraTS20/data/volume_118_slice_108.npz,16
/kaggle/input/brats20-data/BraTS20/data/volume_118_slice_109.npz,2
/kaggle/input/brats20-data/BraTS20/data/volume_118_slice_110.npz,2
/kaggle/input/brats20-data/BraTS20/data/volume_118_slice_111.npz,36
/kaggle/input/brats20-data/BraTS20/data/volume_118_slice_112.npz,66
/kaggle/input/brats20-data/BraTS20/data/volume_118_slice_113.npz,66
/kaggle/input/brats20-data/BraTS20/data/volume_118_slice_114.npz,66
/kaggle/input/brats20-data/BraTS20/data/volume_118_slice_115.npz,66
/kaggle/input/brats20-data/BraTS20/data/volume_118_slice_116.npz,66
/kaggle/input/brats20-data/BraTS20/data/volume_118_slice_117.npz,63
/kaggle/input/brats20-data/BraTS20/data/volume_118_slice_118.npz,63
/kaggle/input/brats20-data/BraTS20/data/volume_118_slice_119.npz,63
/kaggle/input/brats20-data/BraTS20/data/volume_118_slice_120.npz,44
/kaggle/input/brats20-data/BraTS20/data/volume_118_slice_121.npz,69
/kaggle/input/brats20-data/BraTS20/data/volume_118_slice_122.npz,69
/kaggle/input/brats20-data/BraTS20/data/volume_118_slice_123.npz,69
/kaggle/input/brats20-data/BraTS20/data/volume_118_slice_124.npz,75
/kaggle/input/brats20-data/BraTS20/data/volume_118_slice_125.npz,75
/kaggle/input/brats20-data/BraTS20/data/volume_118_slice_126.npz,75
/kaggle/input/brats20-data/BraTS20/data/volume_118_slice_127.npz,75
/kaggle/input/brats20-data/BraTS20/data/volume_118_slice_128.npz,75
/kaggle/input/brats20-data/BraTS20/data/volume_18_slice_80.npz,26
/kaggle/input/brats20-data/BraTS20/data/volume_18_slice_81.npz,26
/kaggle/input/brats20-data/BraTS20/data/volume_18_slice_82.npz,26
/kaggle/input/brats20-data/BraTS20/data/volume_18_slice_83.npz,30
/kaggle/input/brats20-data/BraTS20/data/volume_18_slice_84.npz,30
/kaggle/input/brats20-data/BraTS20/data/volume_18_slice_85.npz,30
/kaggle/input/brats20-data/BraTS20/data/volume_18_slice_86.npz,30
/kaggle/input/brats20-data/BraTS20/data/volume_18_slice_87.npz,30
/kaggle/input/brats20-data/BraTS20/data/volume_18_slice_88.npz,50
/kaggle/input/brats20-data/BraTS20/data/volume_18_slice_89.npz,50
/kaggle/input/brats20-data/BraTS20/data/volume_18_slice_90.npz,50
/kaggle/input/brats20-data/BraTS20/data/volume_18_slice_91.npz,25
/kaggle/input/brats20-data/BraTS20/data/volume_18_slice_92.npz,25
/kaggle/input/brats20-data/BraTS20/data/volume_18_slice_93.npz,25
/kaggle/input/brats20-data/BraTS20/data/volume_18_slice_94.npz,56
/kaggle/input/brats20-data/BraTS20/data/volume_18_slice_95.npz,56
/kaggle/input/brats20-data/BraTS20/data/volume_18_slice_96.npz,56
/kaggle/input/brats20-data/BraTS20/data/volume_18_slice_97.npz,56
/kaggle/input/brats20-data/BraTS20/data/volume_18_slice_98.npz,56
/kaggle/input/brats20-data/BraTS20/data/volume_18_slice_99.npz,56
/kaggle/input/brats20-data/BraTS20/data/volume_18_slice_100.npz,56
/kaggle/input/brats20-data/BraTS20/data/volume_18_slice_101.npz,2
/kaggle/input/brats20-data/BraTS20/data/volume_18_slice_102.npz,2
/kaggle/input/brats20-data/BraTS20/data/volume_18_slice_103.npz,2
/kaggle/input/brats20-data/BraTS20/data/volume_18_slice_104.npz,2
/kaggle/input/brats20-data/BraTS20/data/volume_18_slice_105.npz,2
/kaggle/input/brats20-data/BraTS20/data/volume_18_slice_106.npz,2
/kaggle/input/brats20-data/BraTS20/data/volume_18_slice_107.npz,76
/kaggle/input/brats20-data/BraTS20/data/volume_18_slice_108.npz,76
/kaggle/input/brats20-data/BraTS20/data/volume_18_slice_109.npz,86
/kaggle/input/brats20-data/BraTS20/data/volume_18_slice_110.npz,86
/kaggle/input/brats20-data/BraTS20/data/volume_18_slice_111.npz,86
/kaggle/input/brats20-data/BraTS20/data/volume_18_slice_112.npz,86
/kaggle/input/brats20-data/BraTS20/data/volume_18_slice_113.npz,90
/kaggle/input/brats20-data/BraTS20/data/volume_18_slice_114.npz,90
/kaggle/input/brats20-data/BraTS20/data/volume_18_slice_115.npz,98
/kaggle/input/brats20-data/BraTS20/data/volume_18_slice_116.npz,98
/kaggle/input/brats20-data/BraTS20/data/volume_18_slice_117.npz,98
/kaggle/input/brats20-data/BraTS20/data/volume_18_slice_118.npz,39
/kaggle/input/brats20-data/BraTS20/data/volume_18_slice_119.npz,69
/kaggle/input/brats20-data/BraTS20/data/volume_18_slice_120.npz,61
/kaggle/input/brats20-data/BraTS20/data/volume_18_slice_121.npz,61
/kaggle/input/brats20-data/BraTS20/data/volume_18_slice_122.npz,89
/kaggle/input/brats20-data/BraTS20/data/volume_18_slice_123.npz,89
/kaggle/input/brats20-data/BraTS20/data/volume_18_slice_124.npz,89
/kaggle/input/brats20-data/BraTS20/data/volume_18_slice_125.npz,11
/kaggle/input/brats20-data/BraTS20/data/volume_18_slice_126.npz,11
/kaggle/input/brats20-data/BraTS20/data/volume_18_slice_127.npz,11
/kaggle/input/brats20-data/BraTS20/data/volume_18_slice_128.npz,11
/kaggle/input/brats20-data/BraTS20/data/volume_287_slice_81.npz,41
/kaggle/input/brats20-data/BraTS20/data/volume_287_slice_82.npz,41
/kaggle/input/brats20-data/BraTS20/data/volume_287_slice_83.npz,41
/kaggle/input/brats20-data/BraTS20/data/volume_287_slice_84.npz,41
/kaggle/input/brats20-data/BraTS20/data/volume_287_slice_85.npz,41
/kaggle/input/brats20-data/BraTS20/data/volume_287_slice_86.npz,41
/kaggle/input/brats20-data/BraTS20/data/volume_287_slice_87.npz,41
/kaggle/input/brats20-data/BraTS20/data/volume_287_slice_88.npz,40
/kaggle/input/brats20-data/BraTS20/data/volume_287_slice_89.npz,25
/kaggle/input/brats20-data/BraTS20/data/volume_287_slice_90.npz,25
/kaggle/input/brats20-data/BraTS20/data/volume_287_slice_91.npz,25
/kaggle/input/brats20-data/BraTS20/data/volume_287_slice_92.npz,25
/kaggle/input/brats20-data/BraTS20/data/volume_287_slice_93.npz,25
/kaggle/input/brats20-data/BraTS20/data/volume_287_slice_94.npz,25
/kaggle/input/brats20-data/BraTS20/data/volume_287_slice_95.npz,25
/kaggle/input/brats20-data/BraTS20/data/volume_287_slice_96.npz,25
/kaggle/input/brats20-data/BraTS20/data/volume_287_slice_97.npz,25
/kaggle/input/brats20-data/BraTS20/data/volume_287_slice_98.npz,25
/kaggle/input/brats20-data/BraTS20/data/volume_287_slice_99.npz,25
/kaggle/input/brats20-data/BraTS20/data/volume_287_slice_100.npz,25
/kaggle/input/brats20-data/BraTS20/data/volume_287_slice_101.npz,25
/kaggle/input/brats20-data/BraTS20/data/volume_287_slice_102.npz,25
/kaggle/input/brats20-data/BraTS20/data/volume_287_slice_103.npz,25
/kaggle/input/brats20-data/BraTS20/data/volume_287_slice_104.npz,25
/kaggle/input/brats20-data/BraTS20/data/volume_287_slice_105.npz,25
/kaggle/input/brats20-data/BraTS20/data/volume_287_slice_106.npz,25
/kaggle/input/brats20-data/BraTS20/data/volume_287_slice_107.npz,25
/kaggle/input/brats20-data/BraTS20/data/volume_287_slice_108.npz,25
/kaggle/input/brats20-data/BraTS20/data/volume_287_slice_109.npz,36
/kaggle/input/brats20-data/BraTS20/data/volume_287_slice_110.npz,36
/kaggle/input/brats20-data/BraTS20/data/volume_287_slice_111.npz,51
/kaggle/input/brats20-data/BraTS20/data/volume_287_slice_112.npz,51
/kaggle/input/brats20-data/BraTS20/data/volume_287_slice_113.npz,51
/kaggle/input/brats20-data/BraTS20/data/volume_287_slice_114.npz,44
/kaggle/input/brats20-data/BraTS20/data/volume_287_slice_115.npz,44
/kaggle/input/brats20-data/BraTS20/data/volume_287_slice_116.npz,44
/kaggle/input/brats20-data/BraTS20/data/volume_287_slice_117.npz,44
/kaggle/input/brats20-data/BraTS20/data/volume_287_slice_118.npz,93
/kaggle/input/brats20-data/BraTS20/data/volume_287_slice_119.npz,93
/kaggle/input/brats20-data/BraTS20/data/volume_287_slice_120.npz,69
/kaggle/input/brats20-data/BraTS20/data/volume_287_slice_121.npz,78
/kaggle/input/brats20-data/BraTS20/data/volume_287_slice_122.npz,78
/kaggle/input/brats20-data/BraTS20/data/volume_287_slice_123.npz,78
/kaggle/input/brats20-data/BraTS20/data/volume_287_slice_124.npz,75
/kaggle/input/brats20-data/BraTS20/data/volume_287_slice_125.npz,75
/kaggle/input/brats20-data/BraTS20/data/volume_287_slice_127.npz,83
/kaggle/input/brats20-data/BraTS20/data/volume_287_slice_128.npz,83
/kaggle/input/brats20-data/BraTS20/data/volume_208_slice_80.npz,19
/kaggle/input/brats20-data/BraTS20/data/volume_208_slice_81.npz,19
/kaggle/input/brats20-data/BraTS20/data/volume_208_slice_82.npz,19
/kaggle/input/brats20-data/BraTS20/data/volume_208_slice_83.npz,19
/kaggle/input/brats20-data/BraTS20/data/volume_208_slice_84.npz,19
/kaggle/input/brats20-data/BraTS20/data/volume_208_slice_85.npz,19
/kaggle/input/brats20-data/BraTS20/data/volume_208_slice_86.npz,19
/kaggle/input/brats20-data/BraTS20/data/volume_208_slice_87.npz,50
/kaggle/input/brats20-data/BraTS20/data/volume_208_slice_88.npz,50
/kaggle/input/brats20-data/BraTS20/data/volume_208_slice_89.npz,50
/kaggle/input/brats20-data/BraTS20/data/volume_208_slice_90.npz,19
/kaggle/input/brats20-data/BraTS20/data/volume_208_slice_91.npz,19
/kaggle/input/brats20-data/BraTS20/data/volume_208_slice_92.npz,19
/kaggle/input/brats20-data/BraTS20/data/volume_208_slice_93.npz,19
/kaggle/input/brats20-data/BraTS20/data/volume_208_slice_94.npz,19
/kaggle/input/brats20-data/BraTS20/data/volume_208_slice_95.npz,19
/kaggle/input/brats20-data/BraTS20/data/volume_208_slice_96.npz,19
/kaggle/input/brats20-data/BraTS20/data/volume_208_slice_97.npz,19
/kaggle/input/brats20-data/BraTS20/data/volume_208_slice_98.npz,19
/kaggle/input/brats20-data/BraTS20/data/volume_208_slice_99.npz,19
/kaggle/input/brats20-data/BraTS20/data/volume_208_slice_100.npz,19
/kaggle/input/brats20-data/BraTS20/data/volume_208_slice_101.npz,19
/kaggle/input/brats20-data/BraTS20/data/volume_208_slice_102.npz,19
/kaggle/input/brats20-data/BraTS20/data/volume_208_slice_103.npz,19
/kaggle/input/brats20-data/BraTS20/data/volume_208_slice_104.npz,97
/kaggle/input/brats20-data/BraTS20/data/volume_208_slice_105.npz,97
/kaggle/input/brats20-data/BraTS20/data/volume_208_slice_106.npz,2
/kaggle/input/brats20-data/BraTS20/data/volume_208_slice_107.npz,2
/kaggle/input/brats20-data/BraTS20/data/volume_208_slice_108.npz,2
/kaggle/input/brats20-data/BraTS20/data/volume_208_slice_109.npz,2
/kaggle/input/brats20-data/BraTS20/data/volume_208_slice_110.npz,2
/kaggle/input/brats20-data/BraTS20/data/volume_208_slice_111.npz,2
/kaggle/input/brats20-data/BraTS20/data/volume_208_slice_112.npz,2
/kaggle/input/brats20-data/BraTS20/data/volume_208_slice_113.npz,76
/kaggle/input/brats20-data/BraTS20/data/volume_208_slice_114.npz,76
/kaggle/input/brats20-data/BraTS20/data/volume_208_slice_115.npz,76
/kaggle/input/brats20-data/BraTS20/data/volume_208_slice_116.npz,66
/kaggle/input/brats20-data/BraTS20/data/volume_208_slice_117.npz,52
/kaggle/input/brats20-data/BraTS20/data/volume_208_slice_118.npz,52
/kaggle/input/brats20-data/BraTS20/data/volume_208_slice_119.npz,54
/kaggle/input/brats20-data/BraTS20/data/volume_208_slice_120.npz,69
/kaggle/input/brats20-data/BraTS20/data/volume_208_slice_121.npz,69
/kaggle/input/brats20-data/BraTS20/data/volume_208_slice_122.npz,69
/kaggle/input/brats20-data/BraTS20/data/volume_208_slice_123.npz,69
/kaggle/input/brats20-data/BraTS20/data/volume_208_slice_124.npz,69
/kaggle/input/brats20-data/BraTS20/data/volume_208_slice_125.npz,69
/kaggle/input/brats20-data/BraTS20/data/volume_208_slice_126.npz,75
/kaggle/input/brats20-data/BraTS20/data/volume_208_slice_127.npz,75
/kaggle/input/brats20-data/BraTS20/data/volume_208_slice_128.npz,75
/kaggle/input/brats20-data/BraTS20/data/volume_14_slice_80.npz,46
/kaggle/input/brats20-data/BraTS20/data/volume_14_slice_81.npz,46
/kaggle/input/brats20-data/BraTS20/data/volume_14_slice_82.npz,46
/kaggle/input/brats20-data/BraTS20/data/volume_14_slice_83.npz,46
/kaggle/input/brats20-data/BraTS20/data/volume_14_slice_84.npz,46
/kaggle/input/brats20-data/BraTS20/data/volume_14_slice_85.npz,46
/kaggle/input/brats20-data/BraTS20/data/volume_14_slice_86.npz,99
/kaggle/input/brats20-data/BraTS20/data/volume_14_slice_87.npz,99
/kaggle/input/brats20-data/BraTS20/data/volume_14_slice_88.npz,99
/kaggle/input/brats20-data/BraTS20/data/volume_14_slice_90.npz,99
/kaggle/input/brats20-data/BraTS20/data/volume_14_slice_91.npz,99
/kaggle/input/brats20-data/BraTS20/data/volume_14_slice_92.npz,99
/kaggle/input/brats20-data/BraTS20/data/volume_14_slice_93.npz,99
/kaggle/input/brats20-data/BraTS20/data/volume_14_slice_94.npz,99
/kaggle/input/brats20-data/BraTS20/data/volume_14_slice_95.npz,99
/kaggle/input/brats20-data/BraTS20/data/volume_14_slice_96.npz,50
/kaggle/input/brats20-data/BraTS20/data/volume_14_slice_97.npz,50
/kaggle/input/brats20-data/BraTS20/data/volume_14_slice_98.npz,50
/kaggle/input/brats20-data/BraTS20/data/volume_14_slice_99.npz,50
/kaggle/input/brats20-data/BraTS20/data/volume_14_slice_100.npz,50
/kaggle/input/brats20-data/BraTS20/data/volume_14_slice_101.npz,50
/kaggle/input/brats20-data/BraTS20/data/volume_14_slice_102.npz,50
/kaggle/input/brats20-data/BraTS20/data/volume_14_slice_103.npz,50
/kaggle/input/brats20-data/BraTS20/data/volume_14_slice_104.npz,94
/kaggle/input/brats20-data/BraTS20/data/volume_14_slice_105.npz,94
/kaggle/input/brats20-data/BraTS20/data/volume_14_slice_106.npz,94
/kaggle/input/brats20-data/BraTS20/data/volume_14_slice_107.npz,94
/kaggle/input/brats20-data/BraTS20/data/volume_14_slice_108.npz,94
/kaggle/input/brats20-data/BraTS20/data/volume_14_slice_109.npz,16
/kaggle/input/brats20-data/BraTS20/data/volume_14_slice_110.npz,16
/kaggle/input/brats20-data/BraTS20/data/volume_14_slice_111.npz,16
/kaggle/input/brats20-data/BraTS20/data/volume_14_slice_112.npz,16
/kaggle/input/brats20-data/BraTS20/data/volume_14_slice_113.npz,70
/kaggle/input/brats20-data/BraTS20/data/volume_14_slice_114.npz,70
/kaggle/input/brats20-data/BraTS20/data/volume_14_slice_115.npz,70
/kaggle/input/brats20-data/BraTS20/data/volume_14_slice_116.npz,70
/kaggle/input/brats20-data/BraTS20/data/volume_14_slice_117.npz,36
/kaggle/input/brats20-data/BraTS20/data/volume_14_slice_118.npz,76
/kaggle/input/brats20-data/BraTS20/data/volume_14_slice_119.npz,76
/kaggle/input/brats20-data/BraTS20/data/volume_14_slice_120.npz,76
/kaggle/input/brats20-data/BraTS20/data/volume_14_slice_121.npz,52
/kaggle/input/brats20-data/BraTS20/data/volume_14_slice_122.npz,54
/kaggle/input/brats20-data/BraTS20/data/volume_14_slice_123.npz,98
/kaggle/input/brats20-data/BraTS20/data/volume_14_slice_124.npz,98
/kaggle/input/brats20-data/BraTS20/data/volume_14_slice_125.npz,98
/kaggle/input/brats20-data/BraTS20/data/volume_14_slice_126.npz,82
/kaggle/input/brats20-data/BraTS20/data/volume_14_slice_127.npz,61
/kaggle/input/brats20-data/BraTS20/data/volume_14_slice_128.npz,61
/kaggle/input/brats20-data/BraTS20/data/volume_311_slice_80.npz,80
/kaggle/input/brats20-data/BraTS20/data/volume_311_slice_81.npz,80
/kaggle/input/brats20-data/BraTS20/data/volume_311_slice_82.npz,50
/kaggle/input/brats20-data/BraTS20/data/volume_311_slice_83.npz,50
/kaggle/input/brats20-data/BraTS20/data/volume_311_slice_84.npz,50
/kaggle/input/brats20-data/BraTS20/data/volume_311_slice_85.npz,50
/kaggle/input/brats20-data/BraTS20/data/volume_311_slice_86.npz,50
/kaggle/input/brats20-data/BraTS20/data/volume_311_slice_87.npz,50
/kaggle/input/brats20-data/BraTS20/data/volume_311_slice_88.npz,50
/kaggle/input/brats20-data/BraTS20/data/volume_311_slice_89.npz,25
/kaggle/input/brats20-data/BraTS20/data/volume_311_slice_90.npz,55
/kaggle/input/brats20-data/BraTS20/data/volume_311_slice_92.npz,94
/kaggle/input/brats20-data/BraTS20/data/volume_311_slice_93.npz,71
/kaggle/input/brats20-data/BraTS20/data/volume_311_slice_94.npz,71
/kaggle/input/brats20-data/BraTS20/data/volume_311_slice_95.npz,71
/kaggle/input/brats20-data/BraTS20/data/volume_311_slice_96.npz,36
/kaggle/input/brats20-data/BraTS20/data/volume_311_slice_97.npz,36
/kaggle/input/brats20-data/BraTS20/data/volume_311_slice_98.npz,36
/kaggle/input/brats20-data/BraTS20/data/volume_311_slice_99.npz,36
/kaggle/input/brats20-data/BraTS20/data/volume_311_slice_100.npz,10
/kaggle/input/brats20-data/BraTS20/data/volume_311_slice_101.npz,10
/kaggle/input/brats20-data/BraTS20/data/volume_311_slice_102.npz,10
/kaggle/input/brats20-data/BraTS20/data/volume_311_slice_103.npz,10
/kaggle/input/brats20-data/BraTS20/data/volume_311_slice_104.npz,10
/kaggle/input/brats20-data/BraTS20/data/volume_311_slice_105.npz,10
/kaggle/input/brats20-data/BraTS20/data/volume_311_slice_106.npz,10
/kaggle/input/brats20-data/BraTS20/data/volume_311_slice_107.npz,10
/kaggle/input/brats20-data/BraTS20/data/volume_311_slice_108.npz,10
/kaggle/input/brats20-data/BraTS20/data/volume_311_slice_109.npz,10
/kaggle/input/brats20-data/BraTS20/data/volume_311_slice_110.npz,10
/kaggle/input/brats20-data/BraTS20/data/volume_311_slice_111.npz,10
/kaggle/input/brats20-data/BraTS20/data/volume_311_slice_112.npz,10
/kaggle/input/brats20-data/BraTS20/data/volume_311_slice_113.npz,10
/kaggle/input/brats20-data/BraTS20/data/volume_311_slice_114.npz,10
/kaggle/input/brats20-data/BraTS20/data/volume_311_slice_115.npz,78
/kaggle/input/brats20-data/BraTS20/data/volume_311_slice_116.npz,78
/kaggle/input/brats20-data/BraTS20/data/volume_311_slice_117.npz,78
/kaggle/input/brats20-data/BraTS20/data/volume_311_slice_118.npz,78
/kaggle/input/brats20-data/BraTS20/data/volume_311_slice_119.npz,78
/kaggle/input/brats20-data/BraTS20/data/volume_311_slice_120.npz,65
/kaggle/input/brats20-data/BraTS20/data/volume_311_slice_121.npz,65
/kaggle/input/brats20-data/BraTS20/data/volume_311_slice_122.npz,11
/kaggle/input/brats20-data/BraTS20/data/volume_311_slice_123.npz,11
/kaggle/input/brats20-data/BraTS20/data/volume_311_slice_124.npz,43
/kaggle/input/brats20-data/BraTS20/data/volume_311_slice_125.npz,43
/kaggle/input/brats20-data/BraTS20/data/volume_311_slice_126.npz,43
/kaggle/input/brats20-data/BraTS20/data/volume_311_slice_127.npz,43
/kaggle/input/brats20-data/BraTS20/data/volume_311_slice_128.npz,43
/kaggle/input/brats20-data/BraTS20/data/volume_54_slice_80.npz,26
/kaggle/input/brats20-data/BraTS20/data/volume_54_slice_81.npz,26
/kaggle/input/brats20-data/BraTS20/data/volume_54_slice_82.npz,26
/kaggle/input/brats20-data/BraTS20/data/volume_54_slice_83.npz,26
/kaggle/input/brats20-data/BraTS20/data/volume_54_slice_84.npz,26
/kaggle/input/brats20-data/BraTS20/data/volume_54_slice_85.npz,26
/kaggle/input/brats20-data/BraTS20/data/volume_54_slice_86.npz,26
/kaggle/input/brats20-data/BraTS20/data/volume_54_slice_87.npz,59
/kaggle/input/brats20-data/BraTS20/data/volume_54_slice_88.npz,59
/kaggle/input/brats20-data/BraTS20/data/volume_54_slice_89.npz,30
/kaggle/input/brats20-data/BraTS20/data/volume_54_slice_90.npz,30
/kaggle/input/brats20-data/BraTS20/data/volume_54_slice_91.npz,30
/kaggle/input/brats20-data/BraTS20/data/volume_54_slice_92.npz,30
/kaggle/input/brats20-data/BraTS20/data/volume_54_slice_93.npz,30
/kaggle/input/brats20-data/BraTS20/data/volume_54_slice_94.npz,18
/kaggle/input/brats20-data/BraTS20/data/volume_54_slice_95.npz,18
/kaggle/input/brats20-data/BraTS20/data/volume_54_slice_96.npz,18
/kaggle/input/brats20-data/BraTS20/data/volume_54_slice_97.npz,18
/kaggle/input/brats20-data/BraTS20/data/volume_54_slice_98.npz,18
/kaggle/input/brats20-data/BraTS20/data/volume_54_slice_99.npz,56
/kaggle/input/brats20-data/BraTS20/data/volume_54_slice_100.npz,56
/kaggle/input/brats20-data/BraTS20/data/volume_54_slice_101.npz,2
/kaggle/input/brats20-data/BraTS20/data/volume_54_slice_102.npz,2
/kaggle/input/brats20-data/BraTS20/data/volume_54_slice_103.npz,37
/kaggle/input/brats20-data/BraTS20/data/volume_54_slice_104.npz,37
/kaggle/input/brats20-data/BraTS20/data/volume_54_slice_105.npz,37
/kaggle/input/brats20-data/BraTS20/data/volume_54_slice_106.npz,2
/kaggle/input/brats20-data/BraTS20/data/volume_54_slice_107.npz,2
/kaggle/input/brats20-data/BraTS20/data/volume_54_slice_108.npz,22
/kaggle/input/brats20-data/BraTS20/data/volume_54_slice_109.npz,76
/kaggle/input/brats20-data/BraTS20/data/volume_54_slice_111.npz,76
/kaggle/input/brats20-data/BraTS20/data/volume_54_slice_112.npz,76
/kaggle/input/brats20-data/BraTS20/data/volume_54_slice_113.npz,76
/kaggle/input/brats20-data/BraTS20/data/volume_54_slice_114.npz,76
/kaggle/input/brats20-data/BraTS20/data/volume_54_slice_115.npz,86
/kaggle/input/brats20-data/BraTS20/data/volume_54_slice_116.npz,90
/kaggle/input/brats20-data/BraTS20/data/volume_54_slice_117.npz,90
/kaggle/input/brats20-data/BraTS20/data/volume_54_slice_118.npz,90
/kaggle/input/brats20-data/BraTS20/data/volume_54_slice_119.npz,90
/kaggle/input/brats20-data/BraTS20/data/volume_54_slice_120.npz,90
/kaggle/input/brats20-data/BraTS20/data/volume_54_slice_121.npz,69
/kaggle/input/brats20-data/BraTS20/data/volume_54_slice_122.npz,89
/kaggle/input/brats20-data/BraTS20/data/volume_54_slice_123.npz,89
/kaggle/input/brats20-data/BraTS20/data/volume_54_slice_124.npz,89
/kaggle/input/brats20-data/BraTS20/data/volume_54_slice_125.npz,89
/kaggle/input/brats20-data/BraTS20/data/volume_54_slice_126.npz,89
/kaggle/input/brats20-data/BraTS20/data/volume_54_slice_127.npz,89
/kaggle/input/brats20-data/BraTS20/data/volume_54_slice_128.npz,89
/kaggle/input/brats20-data/BraTS20/data/volume_87_slice_80.npz,46
/kaggle/input/brats20-data/BraTS20/data/volume_87_slice_81.npz,46
/kaggle/input/brats20-data/BraTS20/data/volume_87_slice_82.npz,46
/kaggle/input/brats20-data/BraTS20/data/volume_87_slice_83.npz,46
/kaggle/input/brats20-data/BraTS20/data/volume_87_slice_84.npz,46
/kaggle/input/brats20-data/BraTS20/data/volume_87_slice_85.npz,13
/kaggle/input/brats20-data/BraTS20/data/volume_87_slice_86.npz,46
/kaggle/input/brats20-data/BraTS20/data/volume_87_slice_87.npz,46
/kaggle/input/brats20-data/BraTS20/data/volume_87_slice_88.npz,30
/kaggle/input/brats20-data/BraTS20/data/volume_87_slice_89.npz,30
/kaggle/input/brats20-data/BraTS20/data/volume_87_slice_90.npz,30
/kaggle/input/brats20-data/BraTS20/data/volume_87_slice_91.npz,30
/kaggle/input/brats20-data/BraTS20/data/volume_87_slice_92.npz,30
/kaggle/input/brats20-data/BraTS20/data/volume_87_slice_93.npz,30
/kaggle/input/brats20-data/BraTS20/data/volume_87_slice_94.npz,30
/kaggle/input/brats20-data/BraTS20/data/volume_87_slice_96.npz,30
/kaggle/input/brats20-data/BraTS20/data/volume_87_slice_97.npz,30
/kaggle/input/brats20-data/BraTS20/data/volume_87_slice_98.npz,74
/kaggle/input/brats20-data/BraTS20/data/volume_87_slice_99.npz,74
/kaggle/input/brats20-data/BraTS20/data/volume_87_slice_100.npz,74
/kaggle/input/brats20-data/BraTS20/data/volume_87_slice_101.npz,71
/kaggle/input/brats20-data/BraTS20/data/volume_87_slice_102.npz,71
/kaggle/input/brats20-data/BraTS20/data/volume_87_slice_103.npz,71
/kaggle/input/brats20-data/BraTS20/data/volume_87_slice_104.npz,71
/kaggle/input/brats20-data/BraTS20/data/volume_87_slice_105.npz,71
/kaggle/input/brats20-data/BraTS20/data/volume_87_slice_106.npz,71
/kaggle/input/brats20-data/BraTS20/data/volume_87_slice_107.npz,71
/kaggle/input/brats20-data/BraTS20/data/volume_87_slice_108.npz,36
/kaggle/input/brats20-data/BraTS20/data/volume_87_slice_109.npz,36
/kaggle/input/brats20-data/BraTS20/data/volume_87_slice_110.npz,36
/kaggle/input/brats20-data/BraTS20/data/volume_87_slice_111.npz,36
/kaggle/input/brats20-data/BraTS20/data/volume_87_slice_112.npz,36
/kaggle/input/brats20-data/BraTS20/data/volume_87_slice_113.npz,36
/kaggle/input/brats20-data/BraTS20/data/volume_87_slice_114.npz,36
/kaggle/input/brats20-data/BraTS20/data/volume_87_slice_115.npz,36
/kaggle/input/brats20-data/BraTS20/data/volume_87_slice_116.npz,63
/kaggle/input/brats20-data/BraTS20/data/volume_87_slice_117.npz,63
/kaggle/input/brats20-data/BraTS20/data/volume_87_slice_118.npz,63
/kaggle/input/brats20-data/BraTS20/data/volume_87_slice_119.npz,63
/kaggle/input/brats20-data/BraTS20/data/volume_87_slice_120.npz,63
/kaggle/input/brats20-data/BraTS20/data/volume_87_slice_121.npz,69
/kaggle/input/brats20-data/BraTS20/data/volume_87_slice_122.npz,69
/kaggle/input/brats20-data/BraTS20/data/volume_87_slice_123.npz,69
/kaggle/input/brats20-data/BraTS20/data/volume_87_slice_124.npz,61
/kaggle/input/brats20-data/BraTS20/data/volume_87_slice_125.npz,61
/kaggle/input/brats20-data/BraTS20/data/volume_87_slice_126.npz,61
/kaggle/input/brats20-data/BraTS20/data/volume_87_slice_127.npz,89
/kaggle/input/brats20-data/BraTS20/data/volume_87_slice_128.npz,89
/kaggle/input/brats20-data/BraTS20/data/volume_132_slice_80.npz,35
/kaggle/input/brats20-data/BraTS20/data/volume_132_slice_81.npz,35
/kaggle/input/brats20-data/BraTS20/data/volume_132_slice_82.npz,35
/kaggle/input/brats20-data/BraTS20/data/volume_132_slice_83.npz,35
/kaggle/input/brats20-data/BraTS20/data/volume_132_slice_84.npz,35
/kaggle/input/brats20-data/BraTS20/data/volume_132_slice_85.npz,35
/kaggle/input/brats20-data/BraTS20/data/volume_132_slice_86.npz,35
/kaggle/input/brats20-data/BraTS20/data/volume_132_slice_87.npz,35
/kaggle/input/brats20-data/BraTS20/data/volume_132_slice_88.npz,35
/kaggle/input/brats20-data/BraTS20/data/volume_132_slice_89.npz,35
/kaggle/input/brats20-data/BraTS20/data/volume_132_slice_90.npz,35
/kaggle/input/brats20-data/BraTS20/data/volume_132_slice_91.npz,35
/kaggle/input/brats20-data/BraTS20/data/volume_132_slice_92.npz,35
/kaggle/input/brats20-data/BraTS20/data/volume_132_slice_93.npz,35
/kaggle/input/brats20-data/BraTS20/data/volume_132_slice_94.npz,35
/kaggle/input/brats20-data/BraTS20/data/volume_132_slice_95.npz,35
/kaggle/input/brats20-data/BraTS20/data/volume_132_slice_96.npz,35
/kaggle/input/brats20-data/BraTS20/data/volume_132_slice_97.npz,35
/kaggle/input/brats20-data/BraTS20/data/volume_132_slice_98.npz,35
/kaggle/input/brats20-data/BraTS20/data/volume_132_slice_99.npz,35
/kaggle/input/brats20-data/BraTS20/data/volume_132_slice_100.npz,35
/kaggle/input/brats20-data/BraTS20/data/volume_132_slice_101.npz,35
/kaggle/input/brats20-data/BraTS20/data/volume_132_slice_102.npz,35
/kaggle/input/brats20-data/BraTS20/data/volume_132_slice_103.npz,35
/kaggle/input/brats20-data/BraTS20/data/volume_132_slice_104.npz,31
/kaggle/input/brats20-data/BraTS20/data/volume_132_slice_105.npz,31
/kaggle/input/brats20-data/BraTS20/data/volume_132_slice_106.npz,31
/kaggle/input/brats20-data/BraTS20/data/volume_132_slice_107.npz,31
/kaggle/input/brats20-data/BraTS20/data/volume_132_slice_108.npz,31
/kaggle/input/brats20-data/BraTS20/data/volume_132_slice_109.npz,31
/kaggle/input/brats20-data/BraTS20/data/volume_132_slice_110.npz,31
/kaggle/input/brats20-data/BraTS20/data/volume_132_slice_111.npz,31
/kaggle/input/brats20-data/BraTS20/data/volume_132_slice_112.npz,31
/kaggle/input/brats20-data/BraTS20/data/volume_132_slice_113.npz,31
/kaggle/input/brats20-data/BraTS20/data/volume_132_slice_114.npz,31
/kaggle/input/brats20-data/BraTS20/data/volume_132_slice_115.npz,25
/kaggle/input/brats20-data/BraTS20/data/volume_132_slice_116.npz,36
/kaggle/input/brats20-data/BraTS20/data/volume_132_slice_117.npz,36
/kaggle/input/brats20-data/BraTS20/data/volume_132_slice_118.npz,36
/kaggle/input/brats20-data/BraTS20/data/volume_132_slice_119.npz,36
/kaggle/input/brats20-data/BraTS20/data/volume_132_slice_120.npz,36
/kaggle/input/brats20-data/BraTS20/data/volume_132_slice_121.npz,36
/kaggle/input/brats20-data/BraTS20/data/volume_132_slice_122.npz,36
/kaggle/input/brats20-data/BraTS20/data/volume_132_slice_123.npz,64
/kaggle/input/brats20-data/BraTS20/data/volume_132_slice_124.npz,64
/kaggle/input/brats20-data/BraTS20/data/volume_132_slice_125.npz,64
/kaggle/input/brats20-data/BraTS20/data/volume_132_slice_126.npz,64
/kaggle/input/brats20-data/BraTS20/data/volume_132_slice_127.npz,64
/kaggle/input/brats20-data/BraTS20/data/volume_132_slice_128.npz,87
/kaggle/input/brats20-data/BraTS20/data/volume_305_slice_80.npz,41
/kaggle/input/brats20-data/BraTS20/data/volume_305_slice_81.npz,41
/kaggle/input/brats20-data/BraTS20/data/volume_305_slice_82.npz,41
/kaggle/input/brats20-data/BraTS20/data/volume_305_slice_83.npz,41
/kaggle/input/brats20-data/BraTS20/data/volume_305_slice_84.npz,41
/kaggle/input/brats20-data/BraTS20/data/volume_305_slice_85.npz,41
/kaggle/input/brats20-data/BraTS20/data/volume_305_slice_86.npz,41
/kaggle/input/brats20-data/BraTS20/data/volume_305_slice_87.npz,41
/kaggle/input/brats20-data/BraTS20/data/volume_305_slice_88.npz,41
/kaggle/input/brats20-data/BraTS20/data/volume_305_slice_89.npz,84
/kaggle/input/brats20-data/BraTS20/data/volume_305_slice_90.npz,84
/kaggle/input/brats20-data/BraTS20/data/volume_305_slice_91.npz,84
/kaggle/input/brats20-data/BraTS20/data/volume_305_slice_92.npz,84
/kaggle/input/brats20-data/BraTS20/data/volume_305_slice_93.npz,84
/kaggle/input/brats20-data/BraTS20/data/volume_305_slice_94.npz,16
/kaggle/input/brats20-data/BraTS20/data/volume_305_slice_95.npz,16
/kaggle/input/brats20-data/BraTS20/data/volume_305_slice_96.npz,16
/kaggle/input/brats20-data/BraTS20/data/volume_305_slice_97.npz,16
/kaggle/input/brats20-data/BraTS20/data/volume_305_slice_98.npz,16
/kaggle/input/brats20-data/BraTS20/data/volume_305_slice_99.npz,16
/kaggle/input/brats20-data/BraTS20/data/volume_305_slice_100.npz,16
/kaggle/input/brats20-data/BraTS20/data/volume_305_slice_101.npz,16
/kaggle/input/brats20-data/BraTS20/data/volume_305_slice_102.npz,16
/kaggle/input/brats20-data/BraTS20/data/volume_305_slice_103.npz,16
/kaggle/input/brats20-data/BraTS20/data/volume_305_slice_104.npz,16
/kaggle/input/brats20-data/BraTS20/data/volume_305_slice_105.npz,36
/kaggle/input/brats20-data/BraTS20/data/volume_305_slice_106.npz,36
/kaggle/input/brats20-data/BraTS20/data/volume_305_slice_107.npz,36
/kaggle/input/brats20-data/BraTS20/data/volume_305_slice_108.npz,36
/kaggle/input/brats20-data/BraTS20/data/volume_305_slice_109.npz,36
/kaggle/input/brats20-data/BraTS20/data/volume_305_slice_110.npz,36
/kaggle/input/brats20-data/BraTS20/data/volume_305_slice_111.npz,36
/kaggle/input/brats20-data/BraTS20/data/volume_305_slice_112.npz,36
/kaggle/input/brats20-data/BraTS20/data/volume_305_slice_113.npz,52
/kaggle/input/brats20-data/BraTS20/data/volume_305_slice_114.npz,52
/kaggle/input/brats20-data/BraTS20/data/volume_305_slice_115.npz,54
/kaggle/input/brats20-data/BraTS20/data/volume_305_slice_116.npz,54
/kaggle/input/brats20-data/BraTS20/data/volume_305_slice_117.npz,54
/kaggle/input/brats20-data/BraTS20/data/volume_305_slice_118.npz,69
/kaggle/input/brats20-data/BraTS20/data/volume_305_slice_119.npz,85
/kaggle/input/brats20-data/BraTS20/data/volume_305_slice_120.npz,85
/kaggle/input/brats20-data/BraTS20/data/volume_305_slice_121.npz,85
/kaggle/input/brats20-data/BraTS20/data/volume_305_slice_122.npz,75
/kaggle/input/brats20-data/BraTS20/data/volume_305_slice_123.npz,75
/kaggle/input/brats20-data/BraTS20/data/volume_305_slice_124.npz,75
/kaggle/input/brats20-data/BraTS20/data/volume_305_slice_125.npz,75
/kaggle/input/brats20-data/BraTS20/data/volume_305_slice_126.npz,83
/kaggle/input/brats20-data/BraTS20/data/volume_305_slice_127.npz,43
/kaggle/input/brats20-data/BraTS20/data/volume_305_slice_128.npz,43
/kaggle/input/brats20-data/BraTS20/data/volume_296_slice_80.npz,53
/kaggle/input/brats20-data/BraTS20/data/volume_296_slice_81.npz,53
/kaggle/input/brats20-data/BraTS20/data/volume_296_slice_82.npz,53
/kaggle/input/brats20-data/BraTS20/data/volume_296_slice_83.npz,53
/kaggle/input/brats20-data/BraTS20/data/volume_296_slice_84.npz,53
/kaggle/input/brats20-data/BraTS20/data/volume_296_slice_85.npz,53
/kaggle/input/brats20-data/BraTS20/data/volume_296_slice_86.npz,53
/kaggle/input/brats20-data/BraTS20/data/volume_296_slice_87.npz,53
/kaggle/input/brats20-data/BraTS20/data/volume_296_slice_88.npz,53
/kaggle/input/brats20-data/BraTS20/data/volume_296_slice_89.npz,53
/kaggle/input/brats20-data/BraTS20/data/volume_296_slice_90.npz,53
/kaggle/input/brats20-data/BraTS20/data/volume_296_slice_91.npz,53
/kaggle/input/brats20-data/BraTS20/data/volume_296_slice_92.npz,53
/kaggle/input/brats20-data/BraTS20/data/volume_296_slice_93.npz,4
/kaggle/input/brats20-data/BraTS20/data/volume_296_slice_94.npz,4
/kaggle/input/brats20-data/BraTS20/data/volume_296_slice_95.npz,4
/kaggle/input/brats20-data/BraTS20/data/volume_296_slice_96.npz,4
/kaggle/input/brats20-data/BraTS20/data/volume_296_slice_97.npz,4
/kaggle/input/brats20-data/BraTS20/data/volume_296_slice_98.npz,4
/kaggle/input/brats20-data/BraTS20/data/volume_296_slice_99.npz,4
/kaggle/input/brats20-data/BraTS20/data/volume_296_slice_100.npz,4
/kaggle/input/brats20-data/BraTS20/data/volume_296_slice_101.npz,4
/kaggle/input/brats20-data/BraTS20/data/volume_296_slice_102.npz,4
/kaggle/input/brats20-data/BraTS20/data/volume_296_slice_103.npz,4
/kaggle/input/brats20-data/BraTS20/data/volume_296_slice_104.npz,60
/kaggle/input/brats20-data/BraTS20/data/volume_296_slice_105.npz,60
/kaggle/input/brats20-data/BraTS20/data/volume_296_slice_106.npz,60
/kaggle/input/brats20-data/BraTS20/data/volume_296_slice_107.npz,60
/kaggle/input/brats20-data/BraTS20/data/volume_296_slice_108.npz,51
/kaggle/input/brats20-data/BraTS20/data/volume_296_slice_109.npz,51
/kaggle/input/brats20-data/BraTS20/data/volume_296_slice_110.npz,51
/kaggle/input/brats20-data/BraTS20/data/volume_296_slice_111.npz,51
/kaggle/input/brats20-data/BraTS20/data/volume_296_slice_112.npz,64
/kaggle/input/brats20-data/BraTS20/data/volume_296_slice_113.npz,64
/kaggle/input/brats20-data/BraTS20/data/volume_296_slice_114.npz,64
/kaggle/input/brats20-data/BraTS20/data/volume_296_slice_115.npz,64
/kaggle/input/brats20-data/BraTS20/data/volume_296_slice_116.npz,64
/kaggle/input/brats20-data/BraTS20/data/volume_296_slice_117.npz,64
/kaggle/input/brats20-data/BraTS20/data/volume_296_slice_118.npz,64
/kaggle/input/brats20-data/BraTS20/data/volume_296_slice_119.npz,87
/kaggle/input/brats20-data/BraTS20/data/volume_296_slice_120.npz,87
/kaggle/input/brats20-data/BraTS20/data/volume_296_slice_121.npz,78
/kaggle/input/brats20-data/BraTS20/data/volume_296_slice_122.npz,78
/kaggle/input/brats20-data/BraTS20/data/volume_296_slice_123.npz,78
/kaggle/input/brats20-data/BraTS20/data/volume_296_slice_124.npz,65
/kaggle/input/brats20-data/BraTS20/data/volume_296_slice_125.npz,83
/kaggle/input/brats20-data/BraTS20/data/volume_296_slice_126.npz,83
/kaggle/input/brats20-data/BraTS20/data/volume_296_slice_127.npz,83
/kaggle/input/brats20-data/BraTS20/data/volume_296_slice_128.npz,11
/kaggle/input/brats20-data/BraTS20/data/volume_36_slice_80.npz,1
/kaggle/input/brats20-data/BraTS20/data/volume_36_slice_81.npz,1
/kaggle/input/brats20-data/BraTS20/data/volume_36_slice_82.npz,1
/kaggle/input/brats20-data/BraTS20/data/volume_36_slice_83.npz,1
/kaggle/input/brats20-data/BraTS20/data/volume_36_slice_84.npz,1
/kaggle/input/brats20-data/BraTS20/data/volume_36_slice_85.npz,1
/kaggle/input/brats20-data/BraTS20/data/volume_36_slice_86.npz,1
/kaggle/input/brats20-data/BraTS20/data/volume_36_slice_87.npz,1
/kaggle/input/brats20-data/BraTS20/data/volume_36_slice_88.npz,59
/kaggle/input/brats20-data/BraTS20/data/volume_36_slice_89.npz,59
/kaggle/input/brats20-data/BraTS20/data/volume_36_slice_90.npz,18
/kaggle/input/brats20-data/BraTS20/data/volume_36_slice_91.npz,27
/kaggle/input/brats20-data/BraTS20/data/volume_36_slice_92.npz,27
/kaggle/input/brats20-data/BraTS20/data/volume_36_slice_93.npz,27
/kaggle/input/brats20-data/BraTS20/data/volume_36_slice_94.npz,57
/kaggle/input/brats20-data/BraTS20/data/volume_36_slice_95.npz,31
/kaggle/input/brats20-data/BraTS20/data/volume_36_slice_96.npz,31
/kaggle/input/brats20-data/BraTS20/data/volume_36_slice_97.npz,2
/kaggle/input/brats20-data/BraTS20/data/volume_36_slice_98.npz,2
/kaggle/input/brats20-data/BraTS20/data/volume_36_slice_99.npz,2
/kaggle/input/brats20-data/BraTS20/data/volume_36_slice_100.npz,56
/kaggle/input/brats20-data/BraTS20/data/volume_36_slice_101.npz,56
/kaggle/input/brats20-data/BraTS20/data/volume_36_slice_102.npz,2
/kaggle/input/brats20-data/BraTS20/data/volume_36_slice_103.npz,95
/kaggle/input/brats20-data/BraTS20/data/volume_36_slice_104.npz,95
/kaggle/input/brats20-data/BraTS20/data/volume_36_slice_105.npz,95
/kaggle/input/brats20-data/BraTS20/data/volume_36_slice_106.npz,95
/kaggle/input/brats20-data/BraTS20/data/volume_36_slice_107.npz,95
/kaggle/input/brats20-data/BraTS20/data/volume_36_slice_109.npz,76
/kaggle/input/brats20-data/BraTS20/data/volume_36_slice_110.npz,76
/kaggle/input/brats20-data/BraTS20/data/volume_36_slice_111.npz,76
/kaggle/input/brats20-data/BraTS20/data/volume_36_slice_112.npz,76
/kaggle/input/brats20-data/BraTS20/data/volume_36_slice_113.npz,76
/kaggle/input/brats20-data/BraTS20/data/volume_36_slice_114.npz,63
/kaggle/input/brats20-data/BraTS20/data/volume_36_slice_115.npz,63
/kaggle/input/brats20-data/BraTS20/data/volume_36_slice_116.npz,98
/kaggle/input/brats20-data/BraTS20/data/volume_36_slice_117.npz,98
/kaggle/input/brats20-data/BraTS20/data/volume_36_slice_118.npz,39
/kaggle/input/brats20-data/BraTS20/data/volume_36_slice_119.npz,39
/kaggle/input/brats20-data/BraTS20/data/volume_36_slice_120.npz,82
/kaggle/input/brats20-data/BraTS20/data/volume_36_slice_121.npz,82
/kaggle/input/brats20-data/BraTS20/data/volume_36_slice_122.npz,82
/kaggle/input/brats20-data/BraTS20/data/volume_36_slice_123.npz,23
/kaggle/input/brats20-data/BraTS20/data/volume_36_slice_124.npz,23
/kaggle/input/brats20-data/BraTS20/data/volume_36_slice_125.npz,75
/kaggle/input/brats20-data/BraTS20/data/volume_36_slice_126.npz,83
/kaggle/input/brats20-data/BraTS20/data/volume_36_slice_127.npz,83
/kaggle/input/brats20-data/BraTS20/data/volume_36_slice_128.npz,83
/kaggle/input/brats20-data/BraTS20/data/volume_242_slice_80.npz,9
/kaggle/input/brats20-data/BraTS20/data/volume_242_slice_81.npz,9
/kaggle/input/brats20-data/BraTS20/data/volume_242_slice_82.npz,9
/kaggle/input/brats20-data/BraTS20/data/volume_242_slice_83.npz,30
/kaggle/input/brats20-data/BraTS20/data/volume_242_slice_84.npz,30
/kaggle/input/brats20-data/BraTS20/data/volume_242_slice_85.npz,15
/kaggle/input/brats20-data/BraTS20/data/volume_242_slice_86.npz,15
/kaggle/input/brats20-data/BraTS20/data/volume_242_slice_87.npz,15
/kaggle/input/brats20-data/BraTS20/data/volume_242_slice_88.npz,74
/kaggle/input/brats20-data/BraTS20/data/volume_242_slice_89.npz,74
/kaggle/input/brats20-data/BraTS20/data/volume_242_slice_90.npz,74
/kaggle/input/brats20-data/BraTS20/data/volume_242_slice_91.npz,55
/kaggle/input/brats20-data/BraTS20/data/volume_242_slice_92.npz,55
/kaggle/input/brats20-data/BraTS20/data/volume_242_slice_93.npz,55
/kaggle/input/brats20-data/BraTS20/data/volume_242_slice_94.npz,55
/kaggle/input/brats20-data/BraTS20/data/volume_242_slice_95.npz,71
/kaggle/input/brats20-data/BraTS20/data/volume_242_slice_96.npz,71
/kaggle/input/brats20-data/BraTS20/data/volume_242_slice_97.npz,71
/kaggle/input/brats20-data/BraTS20/data/volume_242_slice_98.npz,71
/kaggle/input/brats20-data/BraTS20/data/volume_242_slice_99.npz,71
/kaggle/input/brats20-data/BraTS20/data/volume_242_slice_100.npz,36
/kaggle/input/brats20-data/BraTS20/data/volume_242_slice_101.npz,36
/kaggle/input/brats20-data/BraTS20/data/volume_242_slice_102.npz,36
/kaggle/input/brats20-data/BraTS20/data/volume_242_slice_103.npz,36
/kaggle/input/brats20-data/BraTS20/data/volume_242_slice_104.npz,36
/kaggle/input/brats20-data/BraTS20/data/volume_242_slice_105.npz,52
/kaggle/input/brats20-data/BraTS20/data/volume_242_slice_106.npz,52
/kaggle/input/brats20-data/BraTS20/data/volume_242_slice_107.npz,52
/kaggle/input/brats20-data/BraTS20/data/volume_242_slice_108.npz,52
/kaggle/input/brats20-data/BraTS20/data/volume_242_slice_109.npz,54
/kaggle/input/brats20-data/BraTS20/data/volume_242_slice_110.npz,54
/kaggle/input/brats20-data/BraTS20/data/volume_242_slice_111.npz,54
/kaggle/input/brats20-data/BraTS20/data/volume_242_slice_112.npz,54
/kaggle/input/brats20-data/BraTS20/data/volume_242_slice_113.npz,87
/kaggle/input/brats20-data/BraTS20/data/volume_242_slice_114.npz,85
/kaggle/input/brats20-data/BraTS20/data/volume_242_slice_115.npz,85
/kaggle/input/brats20-data/BraTS20/data/volume_242_slice_116.npz,85
/kaggle/input/brats20-data/BraTS20/data/volume_242_slice_117.npz,75
/kaggle/input/brats20-data/BraTS20/data/volume_242_slice_118.npz,75
/kaggle/input/brats20-data/BraTS20/data/volume_242_slice_119.npz,75
/kaggle/input/brats20-data/BraTS20/data/volume_242_slice_120.npz,75
/kaggle/input/brats20-data/BraTS20/data/volume_242_slice_121.npz,75
/kaggle/input/brats20-data/BraTS20/data/volume_242_slice_122.npz,11
/kaggle/input/brats20-data/BraTS20/data/volume_242_slice_123.npz,43
/kaggle/input/brats20-data/BraTS20/data/volume_242_slice_124.npz,43
/kaggle/input/brats20-data/BraTS20/data/volume_242_slice_125.npz,43
/kaggle/input/brats20-data/BraTS20/data/volume_242_slice_126.npz,43
/kaggle/input/brats20-data/BraTS20/data/volume_242_slice_127.npz,43
/kaggle/input/brats20-data/BraTS20/data/volume_242_slice_128.npz,43
/kaggle/input/brats20-data/BraTS20/data/volume_309_slice_80.npz,41
/kaggle/input/brats20-data/BraTS20/data/volume_309_slice_81.npz,41
/kaggle/input/brats20-data/BraTS20/data/volume_309_slice_82.npz,41
/kaggle/input/brats20-data/BraTS20/data/volume_309_slice_83.npz,41
/kaggle/input/brats20-data/BraTS20/data/volume_309_slice_84.npz,50
/kaggle/input/brats20-data/BraTS20/data/volume_309_slice_85.npz,50
/kaggle/input/brats20-data/BraTS20/data/volume_309_slice_86.npz,50
/kaggle/input/brats20-data/BraTS20/data/volume_309_slice_87.npz,50
/kaggle/input/brats20-data/BraTS20/data/volume_309_slice_88.npz,50
/kaggle/input/brats20-data/BraTS20/data/volume_309_slice_89.npz,50
/kaggle/input/brats20-data/BraTS20/data/volume_309_slice_90.npz,50
/kaggle/input/brats20-data/BraTS20/data/volume_309_slice_91.npz,50
/kaggle/input/brats20-data/BraTS20/data/volume_309_slice_92.npz,84
/kaggle/input/brats20-data/BraTS20/data/volume_309_slice_93.npz,84
/kaggle/input/brats20-data/BraTS20/data/volume_309_slice_94.npz,84
/kaggle/input/brats20-data/BraTS20/data/volume_309_slice_95.npz,84
/kaggle/input/brats20-data/BraTS20/data/volume_309_slice_96.npz,84
/kaggle/input/brats20-data/BraTS20/data/volume_309_slice_97.npz,84
/kaggle/input/brats20-data/BraTS20/data/volume_309_slice_99.npz,94
/kaggle/input/brats20-data/BraTS20/data/volume_309_slice_100.npz,94
/kaggle/input/brats20-data/BraTS20/data/volume_309_slice_101.npz,94
/kaggle/input/brats20-data/BraTS20/data/volume_309_slice_102.npz,94
/kaggle/input/brats20-data/BraTS20/data/volume_309_slice_103.npz,70
/kaggle/input/brats20-data/BraTS20/data/volume_309_slice_104.npz,70
/kaggle/input/brats20-data/BraTS20/data/volume_309_slice_105.npz,70
/kaggle/input/brats20-data/BraTS20/data/volume_309_slice_106.npz,70
/kaggle/input/brats20-data/BraTS20/data/volume_309_slice_107.npz,70
/kaggle/input/brats20-data/BraTS20/data/volume_309_slice_108.npz,72
/kaggle/input/brats20-data/BraTS20/data/volume_309_slice_109.npz,72
/kaggle/input/brats20-data/BraTS20/data/volume_309_slice_110.npz,72
/kaggle/input/brats20-data/BraTS20/data/volume_309_slice_111.npz,52
/kaggle/input/brats20-data/BraTS20/data/volume_309_slice_112.npz,52
/kaggle/input/brats20-data/BraTS20/data/volume_309_slice_113.npz,52
/kaggle/input/brats20-data/BraTS20/data/volume_309_slice_114.npz,54
/kaggle/input/brats20-data/BraTS20/data/volume_309_slice_115.npz,54
/kaggle/input/brats20-data/BraTS20/data/volume_309_slice_116.npz,54
/kaggle/input/brats20-data/BraTS20/data/volume_309_slice_117.npz,54
/kaggle/input/brats20-data/BraTS20/data/volume_309_slice_118.npz,54
/kaggle/input/brats20-data/BraTS20/data/volume_309_slice_119.npz,69
/kaggle/input/brats20-data/BraTS20/data/volume_309_slice_120.npz,69
/kaggle/input/brats20-data/BraTS20/data/volume_309_slice_121.npz,78
/kaggle/input/brats20-data/BraTS20/data/volume_309_slice_122.npz,78
/kaggle/input/brats20-data/BraTS20/data/volume_309_slice_123.npz,78
/kaggle/input/brats20-data/BraTS20/data/volume_309_slice_124.npz,83
/kaggle/input/brats20-data/BraTS20/data/volume_309_slice_125.npz,83
/kaggle/input/brats20-data/BraTS20/data/volume_309_slice_126.npz,83
/kaggle/input/brats20-data/BraTS20/data/volume_309_slice_127.npz,83
/kaggle/input/brats20-data/BraTS20/data/volume_309_slice_128.npz,11
/kaggle/input/brats20-data/BraTS20/data/volume_217_slice_80.npz,81
/kaggle/input/brats20-data/BraTS20/data/volume_217_slice_81.npz,81
/kaggle/input/brats20-data/BraTS20/data/volume_217_slice_82.npz,81
/kaggle/input/brats20-data/BraTS20/data/volume_217_slice_83.npz,81
/kaggle/input/brats20-data/BraTS20/data/volume_217_slice_84.npz,81
/kaggle/input/brats20-data/BraTS20/data/volume_217_slice_85.npz,81
/kaggle/input/brats20-data/BraTS20/data/volume_217_slice_86.npz,81
/kaggle/input/brats20-data/BraTS20/data/volume_217_slice_87.npz,81
/kaggle/input/brats20-data/BraTS20/data/volume_217_slice_88.npz,81
/kaggle/input/brats20-data/BraTS20/data/volume_217_slice_89.npz,81
/kaggle/input/brats20-data/BraTS20/data/volume_217_slice_90.npz,81
/kaggle/input/brats20-data/BraTS20/data/volume_217_slice_91.npz,81
/kaggle/input/brats20-data/BraTS20/data/volume_217_slice_92.npz,81
/kaggle/input/brats20-data/BraTS20/data/volume_217_slice_93.npz,81
/kaggle/input/brats20-data/BraTS20/data/volume_217_slice_94.npz,81
/kaggle/input/brats20-data/BraTS20/data/volume_217_slice_95.npz,55
/kaggle/input/brats20-data/BraTS20/data/volume_217_slice_96.npz,55
/kaggle/input/brats20-data/BraTS20/data/volume_217_slice_97.npz,71
/kaggle/input/brats20-data/BraTS20/data/volume_217_slice_98.npz,71
/kaggle/input/brats20-data/BraTS20/data/volume_217_slice_99.npz,71
/kaggle/input/brats20-data/BraTS20/data/volume_217_slice_100.npz,71
/kaggle/input/brats20-data/BraTS20/data/volume_217_slice_101.npz,71
/kaggle/input/brats20-data/BraTS20/data/volume_217_slice_102.npz,71
/kaggle/input/brats20-data/BraTS20/data/volume_217_slice_103.npz,71
/kaggle/input/brats20-data/BraTS20/data/volume_217_slice_104.npz,36
/kaggle/input/brats20-data/BraTS20/data/volume_217_slice_105.npz,36
/kaggle/input/brats20-data/BraTS20/data/volume_217_slice_106.npz,36
/kaggle/input/brats20-data/BraTS20/data/volume_217_slice_107.npz,36
/kaggle/input/brats20-data/BraTS20/data/volume_217_slice_108.npz,36
/kaggle/input/brats20-data/BraTS20/data/volume_217_slice_109.npz,52
/kaggle/input/brats20-data/BraTS20/data/volume_217_slice_110.npz,52
/kaggle/input/brats20-data/BraTS20/data/volume_217_slice_111.npz,52
/kaggle/input/brats20-data/BraTS20/data/volume_217_slice_112.npz,52
/kaggle/input/brats20-data/BraTS20/data/volume_217_slice_113.npz,54
/kaggle/input/brats20-data/BraTS20/data/volume_217_slice_114.npz,54
/kaggle/input/brats20-data/BraTS20/data/volume_217_slice_115.npz,69
/kaggle/input/brats20-data/BraTS20/data/volume_217_slice_116.npz,69
/kaggle/input/brats20-data/BraTS20/data/volume_217_slice_117.npz,69
/kaggle/input/brats20-data/BraTS20/data/volume_217_slice_118.npz,69
/kaggle/input/brats20-data/BraTS20/data/volume_217_slice_119.npz,61
/kaggle/input/brats20-data/BraTS20/data/volume_217_slice_120.npz,61
/kaggle/input/brats20-data/BraTS20/data/volume_217_slice_121.npz,75
/kaggle/input/brats20-data/BraTS20/data/volume_217_slice_122.npz,75
/kaggle/input/brats20-data/BraTS20/data/volume_217_slice_123.npz,75
/kaggle/input/brats20-data/BraTS20/data/volume_217_slice_124.npz,75
/kaggle/input/brats20-data/BraTS20/data/volume_217_slice_125.npz,83
/kaggle/input/brats20-data/BraTS20/data/volume_217_slice_126.npz,83
/kaggle/input/brats20-data/BraTS20/data/volume_217_slice_127.npz,43
/kaggle/input/brats20-data/BraTS20/data/volume_217_slice_128.npz,43
/kaggle/input/brats20-data/BraTS20/data/volume_336_slice_80.npz,19
/kaggle/input/brats20-data/BraTS20/data/volume_336_slice_81.npz,19
/kaggle/input/brats20-data/BraTS20/data/volume_336_slice_82.npz,19
/kaggle/input/brats20-data/BraTS20/data/volume_336_slice_83.npz,19
/kaggle/input/brats20-data/BraTS20/data/volume_336_slice_84.npz,19
/kaggle/input/brats20-data/BraTS20/data/volume_336_slice_85.npz,19
/kaggle/input/brats20-data/BraTS20/data/volume_336_slice_86.npz,19
/kaggle/input/brats20-data/BraTS20/data/volume_336_slice_87.npz,19
/kaggle/input/brats20-data/BraTS20/data/volume_336_slice_88.npz,45
/kaggle/input/brats20-data/BraTS20/data/volume_336_slice_89.npz,45
/kaggle/input/brats20-data/BraTS20/data/volume_336_slice_90.npz,45
/kaggle/input/brats20-data/BraTS20/data/volume_336_slice_91.npz,45
/kaggle/input/brats20-data/BraTS20/data/volume_336_slice_92.npz,45
/kaggle/input/brats20-data/BraTS20/data/volume_336_slice_93.npz,5
/kaggle/input/brats20-data/BraTS20/data/volume_336_slice_94.npz,5
/kaggle/input/brats20-data/BraTS20/data/volume_336_slice_95.npz,5
/kaggle/input/brats20-data/BraTS20/data/volume_336_slice_96.npz,45
/kaggle/input/brats20-data/BraTS20/data/volume_336_slice_97.npz,57
/kaggle/input/brats20-data/BraTS20/data/volume_336_slice_98.npz,57
/kaggle/input/brats20-data/BraTS20/data/volume_336_slice_99.npz,57
/kaggle/input/brats20-data/BraTS20/data/volume_336_slice_100.npz,57
/kaggle/input/brats20-data/BraTS20/data/volume_336_slice_101.npz,56
/kaggle/input/brats20-data/BraTS20/data/volume_336_slice_102.npz,56
/kaggle/input/brats20-data/BraTS20/data/volume_336_slice_103.npz,2
/kaggle/input/brats20-data/BraTS20/data/volume_336_slice_104.npz,2
/kaggle/input/brats20-data/BraTS20/data/volume_336_slice_105.npz,2
/kaggle/input/brats20-data/BraTS20/data/volume_336_slice_106.npz,2
/kaggle/input/brats20-data/BraTS20/data/volume_336_slice_107.npz,2
/kaggle/input/brats20-data/BraTS20/data/volume_336_slice_108.npz,2
/kaggle/input/brats20-data/BraTS20/data/volume_336_slice_109.npz,2
/kaggle/input/brats20-data/BraTS20/data/volume_336_slice_110.npz,2
/kaggle/input/brats20-data/BraTS20/data/volume_336_slice_111.npz,36
/kaggle/input/brats20-data/BraTS20/data/volume_336_slice_112.npz,76
/kaggle/input/brats20-data/BraTS20/data/volume_336_slice_113.npz,76
/kaggle/input/brats20-data/BraTS20/data/volume_336_slice_114.npz,76
/kaggle/input/brats20-data/BraTS20/data/volume_336_slice_115.npz,44
/kaggle/input/brats20-data/BraTS20/data/volume_336_slice_116.npz,44
/kaggle/input/brats20-data/BraTS20/data/volume_336_slice_117.npz,44
/kaggle/input/brats20-data/BraTS20/data/volume_336_slice_118.npz,44
/kaggle/input/brats20-data/BraTS20/data/volume_336_slice_119.npz,44
/kaggle/input/brats20-data/BraTS20/data/volume_336_slice_120.npz,61
/kaggle/input/brats20-data/BraTS20/data/volume_336_slice_121.npz,61
/kaggle/input/brats20-data/BraTS20/data/volume_336_slice_122.npz,61
/kaggle/input/brats20-data/BraTS20/data/volume_336_slice_123.npz,61
/kaggle/input/brats20-data/BraTS20/data/volume_336_slice_125.npz,78
/kaggle/input/brats20-data/BraTS20/data/volume_336_slice_126.npz,83
/kaggle/input/brats20-data/BraTS20/data/volume_336_slice_127.npz,83
/kaggle/input/brats20-data/BraTS20/data/volume_336_slice_128.npz,83
/kaggle/input/brats20-data/BraTS20/data/volume_24_slice_80.npz,46
/kaggle/input/brats20-data/BraTS20/data/volume_24_slice_81.npz,46
/kaggle/input/brats20-data/BraTS20/data/volume_24_slice_82.npz,46
/kaggle/input/brats20-data/BraTS20/data/volume_24_slice_83.npz,46
/kaggle/input/brats20-data/BraTS20/data/volume_24_slice_84.npz,46
/kaggle/input/brats20-data/BraTS20/data/volume_24_slice_85.npz,46
/kaggle/input/brats20-data/BraTS20/data/volume_24_slice_86.npz,30
/kaggle/input/brats20-data/BraTS20/data/volume_24_slice_87.npz,30
/kaggle/input/brats20-data/BraTS20/data/volume_24_slice_88.npz,30
/kaggle/input/brats20-data/BraTS20/data/volume_24_slice_89.npz,45
/kaggle/input/brats20-data/BraTS20/data/volume_24_slice_90.npz,45
/kaggle/input/brats20-data/BraTS20/data/volume_24_slice_91.npz,45
/kaggle/input/brats20-data/BraTS20/data/volume_24_slice_92.npz,45
/kaggle/input/brats20-data/BraTS20/data/volume_24_slice_93.npz,45
/kaggle/input/brats20-data/BraTS20/data/volume_24_slice_94.npz,45
/kaggle/input/brats20-data/BraTS20/data/volume_24_slice_95.npz,45
/kaggle/input/brats20-data/BraTS20/data/volume_24_slice_96.npz,26
/kaggle/input/brats20-data/BraTS20/data/volume_24_slice_97.npz,26
/kaggle/input/brats20-data/BraTS20/data/volume_24_slice_98.npz,26
/kaggle/input/brats20-data/BraTS20/data/volume_24_slice_99.npz,26
/kaggle/input/brats20-data/BraTS20/data/volume_24_slice_100.npz,26
/kaggle/input/brats20-data/BraTS20/data/volume_24_slice_101.npz,26
/kaggle/input/brats20-data/BraTS20/data/volume_24_slice_102.npz,26
/kaggle/input/brats20-data/BraTS20/data/volume_24_slice_103.npz,26
/kaggle/input/brats20-data/BraTS20/data/volume_24_slice_104.npz,26
/kaggle/input/brats20-data/BraTS20/data/volume_24_slice_105.npz,2
/kaggle/input/brats20-data/BraTS20/data/volume_24_slice_106.npz,2
/kaggle/input/brats20-data/BraTS20/data/volume_24_slice_107.npz,2
/kaggle/input/brats20-data/BraTS20/data/volume_24_slice_108.npz,2
/kaggle/input/brats20-data/BraTS20/data/volume_24_slice_109.npz,2
/kaggle/input/brats20-data/BraTS20/data/volume_24_slice_110.npz,2
/kaggle/input/brats20-data/BraTS20/data/volume_24_slice_111.npz,2
/kaggle/input/brats20-data/BraTS20/data/volume_24_slice_112.npz,2
/kaggle/input/brats20-data/BraTS20/data/volume_24_slice_113.npz,2
/kaggle/input/brats20-data/BraTS20/data/volume_24_slice_114.npz,2
/kaggle/input/brats20-data/BraTS20/data/volume_24_slice_115.npz,2
/kaggle/input/brats20-data/BraTS20/data/volume_24_slice_116.npz,76
/kaggle/input/brats20-data/BraTS20/data/volume_24_slice_117.npz,76
/kaggle/input/brats20-data/BraTS20/data/volume_24_slice_118.npz,76
/kaggle/input/brats20-data/BraTS20/data/volume_24_slice_120.npz,98
/kaggle/input/brats20-data/BraTS20/data/volume_24_slice_121.npz,98
/kaggle/input/brats20-data/BraTS20/data/volume_24_slice_122.npz,98
/kaggle/input/brats20-data/BraTS20/data/volume_24_slice_123.npz,98
/kaggle/input/brats20-data/BraTS20/data/volume_24_slice_124.npz,98
/kaggle/input/brats20-data/BraTS20/data/volume_24_slice_125.npz,61
/kaggle/input/brats20-data/BraTS20/data/volume_24_slice_126.npz,61
/kaggle/input/brats20-data/BraTS20/data/volume_24_slice_127.npz,61
/kaggle/input/brats20-data/BraTS20/data/volume_24_slice_128.npz,61
/kaggle/input/brats20-data/BraTS20/data/volume_362_slice_80.npz,19
/kaggle/input/brats20-data/BraTS20/data/volume_362_slice_81.npz,19
/kaggle/input/brats20-data/BraTS20/data/volume_362_slice_82.npz,19
/kaggle/input/brats20-data/BraTS20/data/volume_362_slice_83.npz,19
/kaggle/input/brats20-data/BraTS20/data/volume_362_slice_84.npz,19
/kaggle/input/brats20-data/BraTS20/data/volume_362_slice_85.npz,19
/kaggle/input/brats20-data/BraTS20/data/volume_362_slice_86.npz,99
/kaggle/input/brats20-data/BraTS20/data/volume_362_slice_87.npz,99
/kaggle/input/brats20-data/BraTS20/data/volume_362_slice_88.npz,99
/kaggle/input/brats20-data/BraTS20/data/volume_362_slice_89.npz,41
/kaggle/input/brats20-data/BraTS20/data/volume_362_slice_90.npz,50
/kaggle/input/brats20-data/BraTS20/data/volume_362_slice_91.npz,50
/kaggle/input/brats20-data/BraTS20/data/volume_362_slice_92.npz,50
/kaggle/input/brats20-data/BraTS20/data/volume_362_slice_93.npz,50
/kaggle/input/brats20-data/BraTS20/data/volume_362_slice_94.npz,50
/kaggle/input/brats20-data/BraTS20/data/volume_362_slice_95.npz,50
/kaggle/input/brats20-data/BraTS20/data/volume_362_slice_96.npz,50
/kaggle/input/brats20-data/BraTS20/data/volume_362_slice_97.npz,50
/kaggle/input/brats20-data/BraTS20/data/volume_362_slice_98.npz,50
/kaggle/input/brats20-data/BraTS20/data/volume_362_slice_99.npz,50
/kaggle/input/brats20-data/BraTS20/data/volume_362_slice_100.npz,94
/kaggle/input/brats20-data/BraTS20/data/volume_362_slice_101.npz,94
/kaggle/input/brats20-data/BraTS20/data/volume_362_slice_102.npz,94
/kaggle/input/brats20-data/BraTS20/data/volume_362_slice_103.npz,94
/kaggle/input/brats20-data/BraTS20/data/volume_362_slice_104.npz,94
/kaggle/input/brats20-data/BraTS20/data/volume_362_slice_105.npz,94
/kaggle/input/brats20-data/BraTS20/data/volume_362_slice_106.npz,55
/kaggle/input/brats20-data/BraTS20/data/volume_362_slice_107.npz,55
/kaggle/input/brats20-data/BraTS20/data/volume_362_slice_108.npz,55
/kaggle/input/brats20-data/BraTS20/data/volume_362_slice_109.npz,55
/kaggle/input/brats20-data/BraTS20/data/volume_362_slice_110.npz,71
/kaggle/input/brats20-data/BraTS20/data/volume_362_slice_111.npz,71
/kaggle/input/brats20-data/BraTS20/data/volume_362_slice_112.npz,71
/kaggle/input/brats20-data/BraTS20/data/volume_362_slice_113.npz,71
/kaggle/input/brats20-data/BraTS20/data/volume_362_slice_114.npz,71
/kaggle/input/brats20-data/BraTS20/data/volume_362_slice_115.npz,36
/kaggle/input/brats20-data/BraTS20/data/volume_362_slice_116.npz,36
/kaggle/input/brats20-data/BraTS20/data/volume_362_slice_117.npz,36
/kaggle/input/brats20-data/BraTS20/data/volume_362_slice_118.npz,52
/kaggle/input/brats20-data/BraTS20/data/volume_362_slice_119.npz,52
/kaggle/input/brats20-data/BraTS20/data/volume_362_slice_120.npz,64
/kaggle/input/brats20-data/BraTS20/data/volume_362_slice_121.npz,64
/kaggle/input/brats20-data/BraTS20/data/volume_362_slice_122.npz,79
/kaggle/input/brats20-data/BraTS20/data/volume_362_slice_123.npz,79
/kaggle/input/brats20-data/BraTS20/data/volume_362_slice_124.npz,87
/kaggle/input/brats20-data/BraTS20/data/volume_362_slice_125.npz,87
/kaggle/input/brats20-data/BraTS20/data/volume_362_slice_126.npz,61
/kaggle/input/brats20-data/BraTS20/data/volume_362_slice_127.npz,61
/kaggle/input/brats20-data/BraTS20/data/volume_362_slice_128.npz,89
/kaggle/input/brats20-data/BraTS20/data/volume_48_slice_80.npz,46
/kaggle/input/brats20-data/BraTS20/data/volume_48_slice_81.npz,46
/kaggle/input/brats20-data/BraTS20/data/volume_48_slice_82.npz,46
/kaggle/input/brats20-data/BraTS20/data/volume_48_slice_83.npz,46
/kaggle/input/brats20-data/BraTS20/data/volume_48_slice_84.npz,46
/kaggle/input/brats20-data/BraTS20/data/volume_48_slice_85.npz,46
/kaggle/input/brats20-data/BraTS20/data/volume_48_slice_86.npz,46
/kaggle/input/brats20-data/BraTS20/data/volume_48_slice_87.npz,20
/kaggle/input/brats20-data/BraTS20/data/volume_48_slice_88.npz,30
/kaggle/input/brats20-data/BraTS20/data/volume_48_slice_89.npz,30
/kaggle/input/brats20-data/BraTS20/data/volume_48_slice_90.npz,30
/kaggle/input/brats20-data/BraTS20/data/volume_48_slice_91.npz,30
/kaggle/input/brats20-data/BraTS20/data/volume_48_slice_92.npz,30
/kaggle/input/brats20-data/BraTS20/data/volume_48_slice_93.npz,30
/kaggle/input/brats20-data/BraTS20/data/volume_48_slice_94.npz,84
/kaggle/input/brats20-data/BraTS20/data/volume_48_slice_95.npz,84
/kaggle/input/brats20-data/BraTS20/data/volume_48_slice_96.npz,84
/kaggle/input/brats20-data/BraTS20/data/volume_48_slice_97.npz,84
/kaggle/input/brats20-data/BraTS20/data/volume_48_slice_98.npz,56
/kaggle/input/brats20-data/BraTS20/data/volume_48_slice_99.npz,56
/kaggle/input/brats20-data/BraTS20/data/volume_48_slice_100.npz,56
/kaggle/input/brats20-data/BraTS20/data/volume_48_slice_101.npz,56
/kaggle/input/brats20-data/BraTS20/data/volume_48_slice_102.npz,56
/kaggle/input/brats20-data/BraTS20/data/volume_48_slice_103.npz,56
/kaggle/input/brats20-data/BraTS20/data/volume_48_slice_104.npz,56
/kaggle/input/brats20-data/BraTS20/data/volume_48_slice_105.npz,16
/kaggle/input/brats20-data/BraTS20/data/volume_48_slice_106.npz,2
/kaggle/input/brats20-data/BraTS20/data/volume_48_slice_107.npz,2
/kaggle/input/brats20-data/BraTS20/data/volume_48_slice_108.npz,2
/kaggle/input/brats20-data/BraTS20/data/volume_48_slice_109.npz,2
/kaggle/input/brats20-data/BraTS20/data/volume_48_slice_110.npz,2
/kaggle/input/brats20-data/BraTS20/data/volume_48_slice_111.npz,2
/kaggle/input/brats20-data/BraTS20/data/volume_48_slice_112.npz,76
/kaggle/input/brats20-data/BraTS20/data/volume_48_slice_113.npz,76
/kaggle/input/brats20-data/BraTS20/data/volume_48_slice_114.npz,76
/kaggle/input/brats20-data/BraTS20/data/volume_48_slice_115.npz,76
/kaggle/input/brats20-data/BraTS20/data/volume_48_slice_116.npz,76
/kaggle/input/brats20-data/BraTS20/data/volume_48_slice_117.npz,76
/kaggle/input/brats20-data/BraTS20/data/volume_48_slice_118.npz,63
/kaggle/input/brats20-data/BraTS20/data/volume_48_slice_119.npz,39
/kaggle/input/brats20-data/BraTS20/data/volume_48_slice_120.npz,44
/kaggle/input/brats20-data/BraTS20/data/volume_48_slice_121.npz,39
/kaggle/input/brats20-data/BraTS20/data/volume_48_slice_122.npz,82
/kaggle/input/brats20-data/BraTS20/data/volume_48_slice_123.npz,82
/kaggle/input/brats20-data/BraTS20/data/volume_48_slice_124.npz,82
/kaggle/input/brats20-data/BraTS20/data/volume_48_slice_125.npz,61
/kaggle/input/brats20-data/BraTS20/data/volume_48_slice_126.npz,61
/kaggle/input/brats20-data/BraTS20/data/volume_48_slice_127.npz,89
/kaggle/input/brats20-data/BraTS20/data/volume_48_slice_128.npz,89
/kaggle/input/brats20-data/BraTS20/data/volume_19_slice_80.npz,46
/kaggle/input/brats20-data/BraTS20/data/volume_19_slice_81.npz,46
/kaggle/input/brats20-data/BraTS20/data/volume_19_slice_82.npz,46
/kaggle/input/brats20-data/BraTS20/data/volume_19_slice_83.npz,46
/kaggle/input/brats20-data/BraTS20/data/volume_19_slice_84.npz,46
/kaggle/input/brats20-data/BraTS20/data/volume_19_slice_85.npz,46
/kaggle/input/brats20-data/BraTS20/data/volume_19_slice_86.npz,46
/kaggle/input/brats20-data/BraTS20/data/volume_19_slice_87.npz,46
/kaggle/input/brats20-data/BraTS20/data/volume_19_slice_88.npz,46
/kaggle/input/brats20-data/BraTS20/data/volume_19_slice_89.npz,46
/kaggle/input/brats20-data/BraTS20/data/volume_19_slice_90.npz,46
/kaggle/input/brats20-data/BraTS20/data/volume_19_slice_91.npz,50
/kaggle/input/brats20-data/BraTS20/data/volume_19_slice_92.npz,50
/kaggle/input/brats20-data/BraTS20/data/volume_19_slice_93.npz,50
/kaggle/input/brats20-data/BraTS20/data/volume_19_slice_94.npz,50
/kaggle/input/brats20-data/BraTS20/data/volume_19_slice_95.npz,50
/kaggle/input/brats20-data/BraTS20/data/volume_19_slice_96.npz,50
/kaggle/input/brats20-data/BraTS20/data/volume_19_slice_97.npz,84
/kaggle/input/brats20-data/BraTS20/data/volume_19_slice_98.npz,84
/kaggle/input/brats20-data/BraTS20/data/volume_19_slice_99.npz,94
/kaggle/input/brats20-data/BraTS20/data/volume_19_slice_100.npz,94
/kaggle/input/brats20-data/BraTS20/data/volume_19_slice_101.npz,56
/kaggle/input/brats20-data/BraTS20/data/volume_19_slice_102.npz,25
/kaggle/input/brats20-data/BraTS20/data/volume_19_slice_103.npz,16
/kaggle/input/brats20-data/BraTS20/data/volume_19_slice_104.npz,16
/kaggle/input/brats20-data/BraTS20/data/volume_19_slice_105.npz,16
/kaggle/input/brats20-data/BraTS20/data/volume_19_slice_106.npz,16
/kaggle/input/brats20-data/BraTS20/data/volume_19_slice_107.npz,16
/kaggle/input/brats20-data/BraTS20/data/volume_19_slice_108.npz,16
/kaggle/input/brats20-data/BraTS20/data/volume_19_slice_109.npz,22
/kaggle/input/brats20-data/BraTS20/data/volume_19_slice_110.npz,22
/kaggle/input/brats20-data/BraTS20/data/volume_19_slice_111.npz,76
/kaggle/input/brats20-data/BraTS20/data/volume_19_slice_112.npz,76
/kaggle/input/brats20-data/BraTS20/data/volume_19_slice_113.npz,76
/kaggle/input/brats20-data/BraTS20/data/volume_19_slice_114.npz,76
/kaggle/input/brats20-data/BraTS20/data/volume_19_slice_115.npz,76
/kaggle/input/brats20-data/BraTS20/data/volume_19_slice_116.npz,76
/kaggle/input/brats20-data/BraTS20/data/volume_19_slice_117.npz,76
/kaggle/input/brats20-data/BraTS20/data/volume_19_slice_118.npz,76
/kaggle/input/brats20-data/BraTS20/data/volume_19_slice_119.npz,90
/kaggle/input/brats20-data/BraTS20/data/volume_19_slice_120.npz,93
/kaggle/input/brats20-data/BraTS20/data/volume_19_slice_121.npz,93
/kaggle/input/brats20-data/BraTS20/data/volume_19_slice_122.npz,93
/kaggle/input/brats20-data/BraTS20/data/volume_19_slice_123.npz,69
/kaggle/input/brats20-data/BraTS20/data/volume_19_slice_124.npz,69
/kaggle/input/brats20-data/BraTS20/data/volume_19_slice_125.npz,78
/kaggle/input/brats20-data/BraTS20/data/volume_19_slice_126.npz,78
/kaggle/input/brats20-data/BraTS20/data/volume_19_slice_127.npz,89
/kaggle/input/brats20-data/BraTS20/data/volume_19_slice_128.npz,75
/kaggle/input/brats20-data/BraTS20/data/volume_73_slice_80.npz,26
/kaggle/input/brats20-data/BraTS20/data/volume_73_slice_81.npz,26
/kaggle/input/brats20-data/BraTS20/data/volume_73_slice_82.npz,26
/kaggle/input/brats20-data/BraTS20/data/volume_73_slice_83.npz,26
/kaggle/input/brats20-data/BraTS20/data/volume_73_slice_84.npz,20
/kaggle/input/brats20-data/BraTS20/data/volume_73_slice_85.npz,20
/kaggle/input/brats20-data/BraTS20/data/volume_73_slice_86.npz,20
/kaggle/input/brats20-data/BraTS20/data/volume_73_slice_87.npz,26
/kaggle/input/brats20-data/BraTS20/data/volume_73_slice_88.npz,18
/kaggle/input/brats20-data/BraTS20/data/volume_73_slice_89.npz,18
/kaggle/input/brats20-data/BraTS20/data/volume_73_slice_90.npz,18
/kaggle/input/brats20-data/BraTS20/data/volume_73_slice_91.npz,18
/kaggle/input/brats20-data/BraTS20/data/volume_73_slice_92.npz,18
/kaggle/input/brats20-data/BraTS20/data/volume_73_slice_93.npz,18
/kaggle/input/brats20-data/BraTS20/data/volume_73_slice_94.npz,18
/kaggle/input/brats20-data/BraTS20/data/volume_73_slice_95.npz,5
/kaggle/input/brats20-data/BraTS20/data/volume_73_slice_96.npz,5
/kaggle/input/brats20-data/BraTS20/data/volume_73_slice_97.npz,5
/kaggle/input/brats20-data/BraTS20/data/volume_73_slice_98.npz,2
/kaggle/input/brats20-data/BraTS20/data/volume_73_slice_99.npz,2
/kaggle/input/brats20-data/BraTS20/data/volume_73_slice_100.npz,2
/kaggle/input/brats20-data/BraTS20/data/volume_73_slice_101.npz,2
/kaggle/input/brats20-data/BraTS20/data/volume_73_slice_102.npz,2
/kaggle/input/brats20-data/BraTS20/data/volume_73_slice_103.npz,2
/kaggle/input/brats20-data/BraTS20/data/volume_73_slice_104.npz,2
/kaggle/input/brats20-data/BraTS20/data/volume_73_slice_105.npz,2
/kaggle/input/brats20-data/BraTS20/data/volume_73_slice_106.npz,2
/kaggle/input/brats20-data/BraTS20/data/volume_73_slice_107.npz,2
/kaggle/input/brats20-data/BraTS20/data/volume_73_slice_108.npz,76
/kaggle/input/brats20-data/BraTS20/data/volume_73_slice_109.npz,76
/kaggle/input/brats20-data/BraTS20/data/volume_73_slice_110.npz,76
/kaggle/input/brats20-data/BraTS20/data/volume_73_slice_111.npz,76
/kaggle/input/brats20-data/BraTS20/data/volume_73_slice_112.npz,76
/kaggle/input/brats20-data/BraTS20/data/volume_73_slice_114.npz,98
/kaggle/input/brats20-data/BraTS20/data/volume_73_slice_115.npz,98
/kaggle/input/brats20-data/BraTS20/data/volume_73_slice_116.npz,44
/kaggle/input/brats20-data/BraTS20/data/volume_73_slice_117.npz,44
/kaggle/input/brats20-data/BraTS20/data/volume_73_slice_118.npz,61
/kaggle/input/brats20-data/BraTS20/data/volume_73_slice_119.npz,61
/kaggle/input/brats20-data/BraTS20/data/volume_73_slice_120.npz,61
/kaggle/input/brats20-data/BraTS20/data/volume_73_slice_121.npz,61
/kaggle/input/brats20-data/BraTS20/data/volume_73_slice_122.npz,61
/kaggle/input/brats20-data/BraTS20/data/volume_73_slice_123.npz,89
/kaggle/input/brats20-data/BraTS20/data/volume_73_slice_124.npz,83
/kaggle/input/brats20-data/BraTS20/data/volume_73_slice_125.npz,11
/kaggle/input/brats20-data/BraTS20/data/volume_73_slice_126.npz,11
/kaggle/input/brats20-data/BraTS20/data/volume_73_slice_127.npz,11
/kaggle/input/brats20-data/BraTS20/data/volume_73_slice_128.npz,11
/kaggle/input/brats20-data/BraTS20/data/volume_103_slice_80.npz,30
/kaggle/input/brats20-data/BraTS20/data/volume_103_slice_81.npz,30
/kaggle/input/brats20-data/BraTS20/data/volume_103_slice_82.npz,30
/kaggle/input/brats20-data/BraTS20/data/volume_103_slice_83.npz,30
/kaggle/input/brats20-data/BraTS20/data/volume_103_slice_84.npz,30
/kaggle/input/brats20-data/BraTS20/data/volume_103_slice_85.npz,30
/kaggle/input/brats20-data/BraTS20/data/volume_103_slice_86.npz,30
/kaggle/input/brats20-data/BraTS20/data/volume_103_slice_87.npz,30
/kaggle/input/brats20-data/BraTS20/data/volume_103_slice_88.npz,30
/kaggle/input/brats20-data/BraTS20/data/volume_103_slice_89.npz,30
/kaggle/input/brats20-data/BraTS20/data/volume_103_slice_90.npz,30
/kaggle/input/brats20-data/BraTS20/data/volume_103_slice_91.npz,30
/kaggle/input/brats20-data/BraTS20/data/volume_103_slice_92.npz,30
/kaggle/input/brats20-data/BraTS20/data/volume_103_slice_93.npz,30
/kaggle/input/brats20-data/BraTS20/data/volume_103_slice_94.npz,1
/kaggle/input/brats20-data/BraTS20/data/volume_103_slice_95.npz,1
/kaggle/input/brats20-data/BraTS20/data/volume_103_slice_96.npz,1
/kaggle/input/brats20-data/BraTS20/data/volume_103_slice_97.npz,1
/kaggle/input/brats20-data/BraTS20/data/volume_103_slice_98.npz,15
/kaggle/input/brats20-data/BraTS20/data/volume_103_slice_99.npz,15
/kaggle/input/brats20-data/BraTS20/data/volume_103_slice_100.npz,74
/kaggle/input/brats20-data/BraTS20/data/volume_103_slice_101.npz,74
/kaggle/input/brats20-data/BraTS20/data/volume_103_slice_102.npz,74
/kaggle/input/brats20-data/BraTS20/data/volume_103_slice_103.npz,31
/kaggle/input/brats20-data/BraTS20/data/volume_103_slice_104.npz,68
/kaggle/input/brats20-data/BraTS20/data/volume_103_slice_106.npz,68
/kaggle/input/brats20-data/BraTS20/data/volume_103_slice_107.npz,68
/kaggle/input/brats20-data/BraTS20/data/volume_103_slice_108.npz,68
/kaggle/input/brats20-data/BraTS20/data/volume_103_slice_109.npz,68
/kaggle/input/brats20-data/BraTS20/data/volume_103_slice_110.npz,68
/kaggle/input/brats20-data/BraTS20/data/volume_103_slice_111.npz,68
/kaggle/input/brats20-data/BraTS20/data/volume_103_slice_112.npz,68
/kaggle/input/brats20-data/BraTS20/data/volume_103_slice_113.npz,68
/kaggle/input/brats20-data/BraTS20/data/volume_103_slice_114.npz,95
/kaggle/input/brats20-data/BraTS20/data/volume_103_slice_115.npz,95
/kaggle/input/brats20-data/BraTS20/data/volume_103_slice_116.npz,36
/kaggle/input/brats20-data/BraTS20/data/volume_103_slice_117.npz,36
/kaggle/input/brats20-data/BraTS20/data/volume_103_slice_118.npz,36
/kaggle/input/brats20-data/BraTS20/data/volume_103_slice_119.npz,36
/kaggle/input/brats20-data/BraTS20/data/volume_103_slice_120.npz,76
/kaggle/input/brats20-data/BraTS20/data/volume_103_slice_121.npz,90
/kaggle/input/brats20-data/BraTS20/data/volume_103_slice_122.npz,93
/kaggle/input/brats20-data/BraTS20/data/volume_103_slice_123.npz,93
/kaggle/input/brats20-data/BraTS20/data/volume_103_slice_124.npz,82
/kaggle/input/brats20-data/BraTS20/data/volume_103_slice_125.npz,82
/kaggle/input/brats20-data/BraTS20/data/volume_103_slice_126.npz,61
/kaggle/input/brats20-data/BraTS20/data/volume_103_slice_127.npz,78
/kaggle/input/brats20-data/BraTS20/data/volume_103_slice_128.npz,89
/kaggle/input/brats20-data/BraTS20/data/volume_69_slice_80.npz,46
/kaggle/input/brats20-data/BraTS20/data/volume_69_slice_81.npz,46
/kaggle/input/brats20-data/BraTS20/data/volume_69_slice_82.npz,46
/kaggle/input/brats20-data/BraTS20/data/volume_69_slice_83.npz,46
/kaggle/input/brats20-data/BraTS20/data/volume_69_slice_84.npz,46
/kaggle/input/brats20-data/BraTS20/data/volume_69_slice_85.npz,46
/kaggle/input/brats20-data/BraTS20/data/volume_69_slice_86.npz,46
/kaggle/input/brats20-data/BraTS20/data/volume_69_slice_87.npz,46
/kaggle/input/brats20-data/BraTS20/data/volume_69_slice_88.npz,46
/kaggle/input/brats20-data/BraTS20/data/volume_69_slice_89.npz,46
/kaggle/input/brats20-data/BraTS20/data/volume_69_slice_90.npz,30
/kaggle/input/brats20-data/BraTS20/data/volume_69_slice_91.npz,30
/kaggle/input/brats20-data/BraTS20/data/volume_69_slice_92.npz,30
/kaggle/input/brats20-data/BraTS20/data/volume_69_slice_93.npz,30
/kaggle/input/brats20-data/BraTS20/data/volume_69_slice_94.npz,45
/kaggle/input/brats20-data/BraTS20/data/volume_69_slice_95.npz,45
/kaggle/input/brats20-data/BraTS20/data/volume_69_slice_96.npz,45
/kaggle/input/brats20-data/BraTS20/data/volume_69_slice_97.npz,45
/kaggle/input/brats20-data/BraTS20/data/volume_69_slice_98.npz,45
/kaggle/input/brats20-data/BraTS20/data/volume_69_slice_99.npz,45
/kaggle/input/brats20-data/BraTS20/data/volume_69_slice_100.npz,45
/kaggle/input/brats20-data/BraTS20/data/volume_69_slice_101.npz,45
/kaggle/input/brats20-data/BraTS20/data/volume_69_slice_102.npz,57
/kaggle/input/brats20-data/BraTS20/data/volume_69_slice_103.npz,57
/kaggle/input/brats20-data/BraTS20/data/volume_69_slice_104.npz,57
/kaggle/input/brats20-data/BraTS20/data/volume_69_slice_105.npz,57
/kaggle/input/brats20-data/BraTS20/data/volume_69_slice_106.npz,57
/kaggle/input/brats20-data/BraTS20/data/volume_69_slice_107.npz,57
/kaggle/input/brats20-data/BraTS20/data/volume_69_slice_108.npz,57
/kaggle/input/brats20-data/BraTS20/data/volume_69_slice_109.npz,2
/kaggle/input/brats20-data/BraTS20/data/volume_69_slice_110.npz,2
/kaggle/input/brats20-data/BraTS20/data/volume_69_slice_111.npz,2
/kaggle/input/brats20-data/BraTS20/data/volume_69_slice_112.npz,2
/kaggle/input/brats20-data/BraTS20/data/volume_69_slice_113.npz,2
/kaggle/input/brats20-data/BraTS20/data/volume_69_slice_114.npz,21
/kaggle/input/brats20-data/BraTS20/data/volume_69_slice_115.npz,21
/kaggle/input/brats20-data/BraTS20/data/volume_69_slice_116.npz,36
/kaggle/input/brats20-data/BraTS20/data/volume_69_slice_117.npz,51
/kaggle/input/brats20-data/BraTS20/data/volume_69_slice_118.npz,51
/kaggle/input/brats20-data/BraTS20/data/volume_69_slice_119.npz,51
/kaggle/input/brats20-data/BraTS20/data/volume_69_slice_120.npz,44
/kaggle/input/brats20-data/BraTS20/data/volume_69_slice_121.npz,44
/kaggle/input/brats20-data/BraTS20/data/volume_69_slice_122.npz,44
/kaggle/input/brats20-data/BraTS20/data/volume_69_slice_123.npz,44
/kaggle/input/brats20-data/BraTS20/data/volume_69_slice_124.npz,44
/kaggle/input/brats20-data/BraTS20/data/volume_69_slice_125.npz,61
/kaggle/input/brats20-data/BraTS20/data/volume_69_slice_126.npz,62
/kaggle/input/brats20-data/BraTS20/data/volume_69_slice_127.npz,89
/kaggle/input/brats20-data/BraTS20/data/volume_69_slice_128.npz,83
/kaggle/input/brats20-data/BraTS20/data/volume_8_slice_80.npz,80
/kaggle/input/brats20-data/BraTS20/data/volume_8_slice_81.npz,80
/kaggle/input/brats20-data/BraTS20/data/volume_8_slice_82.npz,80
/kaggle/input/brats20-data/BraTS20/data/volume_8_slice_83.npz,99
/kaggle/input/brats20-data/BraTS20/data/volume_8_slice_84.npz,99
/kaggle/input/brats20-data/BraTS20/data/volume_8_slice_85.npz,99
/kaggle/input/brats20-data/BraTS20/data/volume_8_slice_86.npz,99
/kaggle/input/brats20-data/BraTS20/data/volume_8_slice_87.npz,99
/kaggle/input/brats20-data/BraTS20/data/volume_8_slice_88.npz,50
/kaggle/input/brats20-data/BraTS20/data/volume_8_slice_89.npz,50
/kaggle/input/brats20-data/BraTS20/data/volume_8_slice_90.npz,84
/kaggle/input/brats20-data/BraTS20/data/volume_8_slice_91.npz,84
/kaggle/input/brats20-data/BraTS20/data/volume_8_slice_92.npz,84
/kaggle/input/brats20-data/BraTS20/data/volume_8_slice_93.npz,84
/kaggle/input/brats20-data/BraTS20/data/volume_8_slice_94.npz,84
/kaggle/input/brats20-data/BraTS20/data/volume_8_slice_95.npz,84
/kaggle/input/brats20-data/BraTS20/data/volume_8_slice_96.npz,84
/kaggle/input/brats20-data/BraTS20/data/volume_8_slice_97.npz,84
/kaggle/input/brats20-data/BraTS20/data/volume_8_slice_98.npz,84
/kaggle/input/brats20-data/BraTS20/data/volume_8_slice_99.npz,94
/kaggle/input/brats20-data/BraTS20/data/volume_8_slice_100.npz,94
/kaggle/input/brats20-data/BraTS20/data/volume_8_slice_101.npz,56
/kaggle/input/brats20-data/BraTS20/data/volume_8_slice_102.npz,56
/kaggle/input/brats20-data/BraTS20/data/volume_8_slice_103.npz,56
/kaggle/input/brats20-data/BraTS20/data/volume_8_slice_104.npz,16
/kaggle/input/brats20-data/BraTS20/data/volume_8_slice_105.npz,16
/kaggle/input/brats20-data/BraTS20/data/volume_8_slice_106.npz,16
/kaggle/input/brats20-data/BraTS20/data/volume_8_slice_107.npz,70
/kaggle/input/brats20-data/BraTS20/data/volume_8_slice_108.npz,92
/kaggle/input/brats20-data/BraTS20/data/volume_8_slice_109.npz,92
/kaggle/input/brats20-data/BraTS20/data/volume_8_slice_110.npz,92
/kaggle/input/brats20-data/BraTS20/data/volume_8_slice_111.npz,92
/kaggle/input/brats20-data/BraTS20/data/volume_8_slice_112.npz,92
/kaggle/input/brats20-data/BraTS20/data/volume_8_slice_113.npz,92
/kaggle/input/brats20-data/BraTS20/data/volume_8_slice_114.npz,92
/kaggle/input/brats20-data/BraTS20/data/volume_8_slice_115.npz,92
/kaggle/input/brats20-data/BraTS20/data/volume_8_slice_116.npz,92
/kaggle/input/brats20-data/BraTS20/data/volume_8_slice_117.npz,92
/kaggle/input/brats20-data/BraTS20/data/volume_8_slice_118.npz,63
/kaggle/input/brats20-data/BraTS20/data/volume_8_slice_119.npz,82
/kaggle/input/brats20-data/BraTS20/data/volume_8_slice_120.npz,82
/kaggle/input/brats20-data/BraTS20/data/volume_8_slice_121.npz,82
/kaggle/input/brats20-data/BraTS20/data/volume_8_slice_122.npz,61
/kaggle/input/brats20-data/BraTS20/data/volume_8_slice_123.npz,61
/kaggle/input/brats20-data/BraTS20/data/volume_8_slice_124.npz,89
/kaggle/input/brats20-data/BraTS20/data/volume_8_slice_125.npz,89
/kaggle/input/brats20-data/BraTS20/data/volume_8_slice_126.npz,89
/kaggle/input/brats20-data/BraTS20/data/volume_8_slice_127.npz,83
/kaggle/input/brats20-data/BraTS20/data/volume_8_slice_128.npz,11
/kaggle/input/brats20-data/BraTS20/data/volume_5_slice_80.npz,46
/kaggle/input/brats20-data/BraTS20/data/volume_5_slice_81.npz,46
/kaggle/input/brats20-data/BraTS20/data/volume_5_slice_82.npz,46
/kaggle/input/brats20-data/BraTS20/data/volume_5_slice_83.npz,46
/kaggle/input/brats20-data/BraTS20/data/volume_5_slice_84.npz,46
/kaggle/input/brats20-data/BraTS20/data/volume_5_slice_85.npz,30
/kaggle/input/brats20-data/BraTS20/data/volume_5_slice_86.npz,30
/kaggle/input/brats20-data/BraTS20/data/volume_5_slice_87.npz,30
/kaggle/input/brats20-data/BraTS20/data/volume_5_slice_88.npz,30
/kaggle/input/brats20-data/BraTS20/data/volume_5_slice_89.npz,30
/kaggle/input/brats20-data/BraTS20/data/volume_5_slice_90.npz,18
/kaggle/input/brats20-data/BraTS20/data/volume_5_slice_91.npz,18
/kaggle/input/brats20-data/BraTS20/data/volume_5_slice_92.npz,18
/kaggle/input/brats20-data/BraTS20/data/volume_5_slice_93.npz,27
/kaggle/input/brats20-data/BraTS20/data/volume_5_slice_94.npz,45
/kaggle/input/brats20-data/BraTS20/data/volume_5_slice_95.npz,45
/kaggle/input/brats20-data/BraTS20/data/volume_5_slice_96.npz,45
/kaggle/input/brats20-data/BraTS20/data/volume_5_slice_97.npz,45
/kaggle/input/brats20-data/BraTS20/data/volume_5_slice_98.npz,26
/kaggle/input/brats20-data/BraTS20/data/volume_5_slice_99.npz,26
/kaggle/input/brats20-data/BraTS20/data/volume_5_slice_100.npz,2
/kaggle/input/brats20-data/BraTS20/data/volume_5_slice_101.npz,2
/kaggle/input/brats20-data/BraTS20/data/volume_5_slice_102.npz,2
/kaggle/input/brats20-data/BraTS20/data/volume_5_slice_103.npz,22
/kaggle/input/brats20-data/BraTS20/data/volume_5_slice_104.npz,22
/kaggle/input/brats20-data/BraTS20/data/volume_5_slice_105.npz,22
/kaggle/input/brats20-data/BraTS20/data/volume_5_slice_106.npz,22
/kaggle/input/brats20-data/BraTS20/data/volume_5_slice_107.npz,22
/kaggle/input/brats20-data/BraTS20/data/volume_5_slice_108.npz,22
/kaggle/input/brats20-data/BraTS20/data/volume_5_slice_109.npz,22
/kaggle/input/brats20-data/BraTS20/data/volume_5_slice_110.npz,22
/kaggle/input/brats20-data/BraTS20/data/volume_5_slice_111.npz,22
/kaggle/input/brats20-data/BraTS20/data/volume_5_slice_112.npz,22
/kaggle/input/brats20-data/BraTS20/data/volume_5_slice_113.npz,76
/kaggle/input/brats20-data/BraTS20/data/volume_5_slice_114.npz,76
/kaggle/input/brats20-data/BraTS20/data/volume_5_slice_115.npz,76
/kaggle/input/brats20-data/BraTS20/data/volume_5_slice_116.npz,63
/kaggle/input/brats20-data/BraTS20/data/volume_5_slice_117.npz,63
/kaggle/input/brats20-data/BraTS20/data/volume_5_slice_118.npz,98
/kaggle/input/brats20-data/BraTS20/data/volume_5_slice_119.npz,98
/kaggle/input/brats20-data/BraTS20/data/volume_5_slice_120.npz,98
/kaggle/input/brats20-data/BraTS20/data/volume_5_slice_121.npz,98
/kaggle/input/brats20-data/BraTS20/data/volume_5_slice_122.npz,61
/kaggle/input/brats20-data/BraTS20/data/volume_5_slice_123.npz,61
/kaggle/input/brats20-data/BraTS20/data/volume_5_slice_124.npz,61
/kaggle/input/brats20-data/BraTS20/data/volume_5_slice_125.npz,89
/kaggle/input/brats20-data/BraTS20/data/volume_5_slice_126.npz,89
/kaggle/input/brats20-data/BraTS20/data/volume_5_slice_127.npz,89
/kaggle/input/brats20-data/BraTS20/data/volume_5_slice_128.npz,11
/kaggle/input/brats20-data/BraTS20/data/volume_256_slice_80.npz,40
/kaggle/input/brats20-data/BraTS20/data/volume_256_slice_81.npz,40
/kaggle/input/brats20-data/BraTS20/data/volume_256_slice_82.npz,40
/kaggle/input/brats20-data/BraTS20/data/volume_256_slice_83.npz,40
/kaggle/input/brats20-data/BraTS20/data/volume_256_slice_84.npz,40
/kaggle/input/brats20-data/BraTS20/data/volume_256_slice_85.npz,40
/kaggle/input/brats20-data/BraTS20/data/volume_256_slice_86.npz,40
/kaggle/input/brats20-data/BraTS20/data/volume_256_slice_87.npz,40
/kaggle/input/brats20-data/BraTS20/data/volume_256_slice_88.npz,40
/kaggle/input/brats20-data/BraTS20/data/volume_256_slice_89.npz,40
/kaggle/input/brats20-data/BraTS20/data/volume_256_slice_90.npz,40
/kaggle/input/brats20-data/BraTS20/data/volume_256_slice_91.npz,40
/kaggle/input/brats20-data/BraTS20/data/volume_256_slice_92.npz,40
/kaggle/input/brats20-data/BraTS20/data/volume_256_slice_93.npz,40
/kaggle/input/brats20-data/BraTS20/data/volume_256_slice_94.npz,40
/kaggle/input/brats20-data/BraTS20/data/volume_256_slice_95.npz,40
/kaggle/input/brats20-data/BraTS20/data/volume_256_slice_96.npz,40
/kaggle/input/brats20-data/BraTS20/data/volume_256_slice_97.npz,40
/kaggle/input/brats20-data/BraTS20/data/volume_256_slice_98.npz,40
/kaggle/input/brats20-data/BraTS20/data/volume_256_slice_99.npz,40
/kaggle/input/brats20-data/BraTS20/data/volume_256_slice_100.npz,40
/kaggle/input/brats20-data/BraTS20/data/volume_256_slice_101.npz,40
/kaggle/input/brats20-data/BraTS20/data/volume_256_slice_102.npz,40
/kaggle/input/brats20-data/BraTS20/data/volume_256_slice_103.npz,40
/kaggle/input/brats20-data/BraTS20/data/volume_256_slice_104.npz,40
/kaggle/input/brats20-data/BraTS20/data/volume_256_slice_105.npz,40
/kaggle/input/brats20-data/BraTS20/data/volume_256_slice_106.npz,40
/kaggle/input/brats20-data/BraTS20/data/volume_256_slice_108.npz,40
/kaggle/input/brats20-data/BraTS20/data/volume_256_slice_109.npz,40
/kaggle/input/brats20-data/BraTS20/data/volume_256_slice_110.npz,40
/kaggle/input/brats20-data/BraTS20/data/volume_256_slice_111.npz,40
/kaggle/input/brats20-data/BraTS20/data/volume_256_slice_112.npz,40
/kaggle/input/brats20-data/BraTS20/data/volume_256_slice_113.npz,40
/kaggle/input/brats20-data/BraTS20/data/volume_256_slice_114.npz,40
/kaggle/input/brats20-data/BraTS20/data/volume_256_slice_115.npz,40
/kaggle/input/brats20-data/BraTS20/data/volume_256_slice_116.npz,40
/kaggle/input/brats20-data/BraTS20/data/volume_256_slice_117.npz,36
/kaggle/input/brats20-data/BraTS20/data/volume_256_slice_118.npz,36
/kaggle/input/brats20-data/BraTS20/data/volume_256_slice_119.npz,36
/kaggle/input/brats20-data/BraTS20/data/volume_256_slice_120.npz,36
/kaggle/input/brats20-data/BraTS20/data/volume_256_slice_121.npz,36
/kaggle/input/brats20-data/BraTS20/data/volume_256_slice_122.npz,36
/kaggle/input/brats20-data/BraTS20/data/volume_256_slice_123.npz,36
/kaggle/input/brats20-data/BraTS20/data/volume_256_slice_124.npz,64
/kaggle/input/brats20-data/BraTS20/data/volume_256_slice_125.npz,64
/kaggle/input/brats20-data/BraTS20/data/volume_256_slice_126.npz,64
/kaggle/input/brats20-data/BraTS20/data/volume_256_slice_127.npz,87
/kaggle/input/brats20-data/BraTS20/data/volume_256_slice_128.npz,87
/kaggle/input/brats20-data/BraTS20/data/volume_89_slice_80.npz,46
/kaggle/input/brats20-data/BraTS20/data/volume_89_slice_81.npz,46
/kaggle/input/brats20-data/BraTS20/data/volume_89_slice_82.npz,46
/kaggle/input/brats20-data/BraTS20/data/volume_89_slice_83.npz,46
/kaggle/input/brats20-data/BraTS20/data/volume_89_slice_84.npz,46
/kaggle/input/brats20-data/BraTS20/data/volume_89_slice_85.npz,46
/kaggle/input/brats20-data/BraTS20/data/volume_89_slice_86.npz,80
/kaggle/input/brats20-data/BraTS20/data/volume_89_slice_87.npz,80
/kaggle/input/brats20-data/BraTS20/data/volume_89_slice_88.npz,80
/kaggle/input/brats20-data/BraTS20/data/volume_89_slice_89.npz,80
/kaggle/input/brats20-data/BraTS20/data/volume_89_slice_90.npz,80
/kaggle/input/brats20-data/BraTS20/data/volume_89_slice_91.npz,80
/kaggle/input/brats20-data/BraTS20/data/volume_89_slice_92.npz,30
/kaggle/input/brats20-data/BraTS20/data/volume_89_slice_93.npz,30
/kaggle/input/brats20-data/BraTS20/data/volume_89_slice_94.npz,30
/kaggle/input/brats20-data/BraTS20/data/volume_89_slice_95.npz,30
/kaggle/input/brats20-data/BraTS20/data/volume_89_slice_96.npz,30
/kaggle/input/brats20-data/BraTS20/data/volume_89_slice_97.npz,30
/kaggle/input/brats20-data/BraTS20/data/volume_89_slice_98.npz,30
/kaggle/input/brats20-data/BraTS20/data/volume_89_slice_99.npz,30
/kaggle/input/brats20-data/BraTS20/data/volume_89_slice_100.npz,30
/kaggle/input/brats20-data/BraTS20/data/volume_89_slice_101.npz,41
/kaggle/input/brats20-data/BraTS20/data/volume_89_slice_102.npz,84
/kaggle/input/brats20-data/BraTS20/data/volume_89_slice_103.npz,84
/kaggle/input/brats20-data/BraTS20/data/volume_89_slice_104.npz,4
/kaggle/input/brats20-data/BraTS20/data/volume_89_slice_105.npz,4
/kaggle/input/brats20-data/BraTS20/data/volume_89_slice_106.npz,4
/kaggle/input/brats20-data/BraTS20/data/volume_89_slice_107.npz,4
/kaggle/input/brats20-data/BraTS20/data/volume_89_slice_108.npz,4
/kaggle/input/brats20-data/BraTS20/data/volume_89_slice_109.npz,2
/kaggle/input/brats20-data/BraTS20/data/volume_89_slice_110.npz,2
/kaggle/input/brats20-data/BraTS20/data/volume_89_slice_111.npz,70
/kaggle/input/brats20-data/BraTS20/data/volume_89_slice_112.npz,70
/kaggle/input/brats20-data/BraTS20/data/volume_89_slice_113.npz,70
/kaggle/input/brats20-data/BraTS20/data/volume_89_slice_114.npz,36
/kaggle/input/brats20-data/BraTS20/data/volume_89_slice_115.npz,77
/kaggle/input/brats20-data/BraTS20/data/volume_89_slice_116.npz,77
/kaggle/input/brats20-data/BraTS20/data/volume_89_slice_117.npz,77
/kaggle/input/brats20-data/BraTS20/data/volume_89_slice_118.npz,77
/kaggle/input/brats20-data/BraTS20/data/volume_89_slice_119.npz,98
/kaggle/input/brats20-data/BraTS20/data/volume_89_slice_120.npz,98
/kaggle/input/brats20-data/BraTS20/data/volume_89_slice_121.npz,98
/kaggle/input/brats20-data/BraTS20/data/volume_89_slice_122.npz,98
/kaggle/input/brats20-data/BraTS20/data/volume_89_slice_123.npz,98
/kaggle/input/brats20-data/BraTS20/data/volume_89_slice_124.npz,98
/kaggle/input/brats20-data/BraTS20/data/volume_89_slice_125.npz,61
/kaggle/input/brats20-data/BraTS20/data/volume_89_slice_126.npz,61
/kaggle/input/brats20-data/BraTS20/data/volume_89_slice_127.npz,61
/kaggle/input/brats20-data/BraTS20/data/volume_89_slice_128.npz,61
/kaggle/input/brats20-data/BraTS20/data/volume_158_slice_80.npz,50
/kaggle/input/brats20-data/BraTS20/data/volume_158_slice_81.npz,50
/kaggle/input/brats20-data/BraTS20/data/volume_158_slice_82.npz,50
/kaggle/input/brats20-data/BraTS20/data/volume_158_slice_83.npz,50
/kaggle/input/brats20-data/BraTS20/data/volume_158_slice_84.npz,50
/kaggle/input/brats20-data/BraTS20/data/volume_158_slice_85.npz,50
/kaggle/input/brats20-data/BraTS20/data/volume_158_slice_86.npz,50
/kaggle/input/brats20-data/BraTS20/data/volume_158_slice_87.npz,50
/kaggle/input/brats20-data/BraTS20/data/volume_158_slice_88.npz,50
/kaggle/input/brats20-data/BraTS20/data/volume_158_slice_89.npz,50
/kaggle/input/brats20-data/BraTS20/data/volume_158_slice_90.npz,50
/kaggle/input/brats20-data/BraTS20/data/volume_158_slice_91.npz,50
/kaggle/input/brats20-data/BraTS20/data/volume_158_slice_92.npz,50
/kaggle/input/brats20-data/BraTS20/data/volume_158_slice_93.npz,50
/kaggle/input/brats20-data/BraTS20/data/volume_158_slice_94.npz,84
/kaggle/input/brats20-data/BraTS20/data/volume_158_slice_95.npz,55
/kaggle/input/brats20-data/BraTS20/data/volume_158_slice_96.npz,55
/kaggle/input/brats20-data/BraTS20/data/volume_158_slice_97.npz,55
/kaggle/input/brats20-data/BraTS20/data/volume_158_slice_98.npz,55
/kaggle/input/brats20-data/BraTS20/data/volume_158_slice_99.npz,71
/kaggle/input/brats20-data/BraTS20/data/volume_158_slice_100.npz,71
/kaggle/input/brats20-data/BraTS20/data/volume_158_slice_101.npz,71
/kaggle/input/brats20-data/BraTS20/data/volume_158_slice_102.npz,71
/kaggle/input/brats20-data/BraTS20/data/volume_158_slice_103.npz,71
/kaggle/input/brats20-data/BraTS20/data/volume_158_slice_104.npz,71
/kaggle/input/brats20-data/BraTS20/data/volume_158_slice_105.npz,71
/kaggle/input/brats20-data/BraTS20/data/volume_158_slice_106.npz,71
/kaggle/input/brats20-data/BraTS20/data/volume_158_slice_107.npz,36
/kaggle/input/brats20-data/BraTS20/data/volume_158_slice_108.npz,66
/kaggle/input/brats20-data/BraTS20/data/volume_158_slice_109.npz,66
/kaggle/input/brats20-data/BraTS20/data/volume_158_slice_110.npz,66
/kaggle/input/brats20-data/BraTS20/data/volume_158_slice_111.npz,66
/kaggle/input/brats20-data/BraTS20/data/volume_158_slice_112.npz,66
/kaggle/input/brats20-data/BraTS20/data/volume_158_slice_113.npz,66
/kaggle/input/brats20-data/BraTS20/data/volume_158_slice_114.npz,90
/kaggle/input/brats20-data/BraTS20/data/volume_158_slice_115.npz,54
/kaggle/input/brats20-data/BraTS20/data/volume_158_slice_116.npz,54
/kaggle/input/brats20-data/BraTS20/data/volume_158_slice_117.npz,85
/kaggle/input/brats20-data/BraTS20/data/volume_158_slice_118.npz,85
/kaggle/input/brats20-data/BraTS20/data/volume_158_slice_119.npz,85
/kaggle/input/brats20-data/BraTS20/data/volume_158_slice_120.npz,85
/kaggle/input/brats20-data/BraTS20/data/volume_158_slice_121.npz,75
/kaggle/input/brats20-data/BraTS20/data/volume_158_slice_122.npz,75
/kaggle/input/brats20-data/BraTS20/data/volume_158_slice_123.npz,75
/kaggle/input/brats20-data/BraTS20/data/volume_158_slice_124.npz,75
/kaggle/input/brats20-data/BraTS20/data/volume_158_slice_125.npz,75
/kaggle/input/brats20-data/BraTS20/data/volume_158_slice_126.npz,75
/kaggle/input/brats20-data/BraTS20/data/volume_158_slice_127.npz,43
/kaggle/input/brats20-data/BraTS20/data/volume_158_slice_128.npz,43
/kaggle/input/brats20-data/BraTS20/data/volume_298_slice_80.npz,41
/kaggle/input/brats20-data/BraTS20/data/volume_298_slice_81.npz,41
/kaggle/input/brats20-data/BraTS20/data/volume_298_slice_82.npz,41
/kaggle/input/brats20-data/BraTS20/data/volume_298_slice_83.npz,41
/kaggle/input/brats20-data/BraTS20/data/volume_298_slice_84.npz,41
/kaggle/input/brats20-data/BraTS20/data/volume_298_slice_85.npz,41
/kaggle/input/brats20-data/BraTS20/data/volume_298_slice_86.npz,41
/kaggle/input/brats20-data/BraTS20/data/volume_298_slice_87.npz,41
/kaggle/input/brats20-data/BraTS20/data/volume_298_slice_88.npz,41
/kaggle/input/brats20-data/BraTS20/data/volume_298_slice_89.npz,41
/kaggle/input/brats20-data/BraTS20/data/volume_298_slice_90.npz,41
/kaggle/input/brats20-data/BraTS20/data/volume_298_slice_91.npz,41
/kaggle/input/brats20-data/BraTS20/data/volume_298_slice_92.npz,4
/kaggle/input/brats20-data/BraTS20/data/volume_298_slice_93.npz,4
/kaggle/input/brats20-data/BraTS20/data/volume_298_slice_94.npz,4
/kaggle/input/brats20-data/BraTS20/data/volume_298_slice_95.npz,4
/kaggle/input/brats20-data/BraTS20/data/volume_298_slice_96.npz,4
/kaggle/input/brats20-data/BraTS20/data/volume_298_slice_97.npz,4
/kaggle/input/brats20-data/BraTS20/data/volume_298_slice_98.npz,4
/kaggle/input/brats20-data/BraTS20/data/volume_298_slice_99.npz,55
/kaggle/input/brats20-data/BraTS20/data/volume_298_slice_100.npz,55
/kaggle/input/brats20-data/BraTS20/data/volume_298_slice_101.npz,55
/kaggle/input/brats20-data/BraTS20/data/volume_298_slice_102.npz,55
/kaggle/input/brats20-data/BraTS20/data/volume_298_slice_103.npz,71
/kaggle/input/brats20-data/BraTS20/data/volume_298_slice_104.npz,36
/kaggle/input/brats20-data/BraTS20/data/volume_298_slice_105.npz,36
/kaggle/input/brats20-data/BraTS20/data/volume_298_slice_106.npz,36
/kaggle/input/brats20-data/BraTS20/data/volume_298_slice_107.npz,36
/kaggle/input/brats20-data/BraTS20/data/volume_298_slice_108.npz,36
/kaggle/input/brats20-data/BraTS20/data/volume_298_slice_109.npz,36
/kaggle/input/brats20-data/BraTS20/data/volume_298_slice_110.npz,36
/kaggle/input/brats20-data/BraTS20/data/volume_298_slice_111.npz,52
/kaggle/input/brats20-data/BraTS20/data/volume_298_slice_112.npz,52
/kaggle/input/brats20-data/BraTS20/data/volume_298_slice_113.npz,54
/kaggle/input/brats20-data/BraTS20/data/volume_298_slice_114.npz,54
/kaggle/input/brats20-data/BraTS20/data/volume_298_slice_115.npz,54
/kaggle/input/brats20-data/BraTS20/data/volume_298_slice_116.npz,54
/kaggle/input/brats20-data/BraTS20/data/volume_298_slice_117.npz,69
/kaggle/input/brats20-data/BraTS20/data/volume_298_slice_118.npz,69
/kaggle/input/brats20-data/BraTS20/data/volume_298_slice_119.npz,61
/kaggle/input/brats20-data/BraTS20/data/volume_298_slice_120.npz,89
/kaggle/input/brats20-data/BraTS20/data/volume_298_slice_121.npz,89
/kaggle/input/brats20-data/BraTS20/data/volume_298_slice_122.npz,89
/kaggle/input/brats20-data/BraTS20/data/volume_298_slice_123.npz,89
/kaggle/input/brats20-data/BraTS20/data/volume_298_slice_124.npz,11
/kaggle/input/brats20-data/BraTS20/data/volume_298_slice_125.npz,11
/kaggle/input/brats20-data/BraTS20/data/volume_298_slice_126.npz,11
/kaggle/input/brats20-data/BraTS20/data/volume_298_slice_127.npz,43
/kaggle/input/brats20-data/BraTS20/data/volume_298_slice_128.npz,43
/kaggle/input/brats20-data/BraTS20/data/volume_280_slice_80.npz,46
/kaggle/input/brats20-data/BraTS20/data/volume_280_slice_81.npz,46
/kaggle/input/brats20-data/BraTS20/data/volume_280_slice_82.npz,46
/kaggle/input/brats20-data/BraTS20/data/volume_280_slice_83.npz,46
/kaggle/input/brats20-data/BraTS20/data/volume_280_slice_84.npz,19
/kaggle/input/brats20-data/BraTS20/data/volume_280_slice_85.npz,19
/kaggle/input/brats20-data/BraTS20/data/volume_280_slice_86.npz,19
/kaggle/input/brats20-data/BraTS20/data/volume_280_slice_87.npz,19
/kaggle/input/brats20-data/BraTS20/data/volume_280_slice_88.npz,19
/kaggle/input/brats20-data/BraTS20/data/volume_280_slice_89.npz,19
/kaggle/input/brats20-data/BraTS20/data/volume_280_slice_90.npz,19
/kaggle/input/brats20-data/BraTS20/data/volume_280_slice_91.npz,19
/kaggle/input/brats20-data/BraTS20/data/volume_280_slice_92.npz,19
/kaggle/input/brats20-data/BraTS20/data/volume_280_slice_93.npz,19
/kaggle/input/brats20-data/BraTS20/data/volume_280_slice_94.npz,19
/kaggle/input/brats20-data/BraTS20/data/volume_280_slice_95.npz,25
/kaggle/input/brats20-data/BraTS20/data/volume_280_slice_96.npz,25
/kaggle/input/brats20-data/BraTS20/data/volume_280_slice_97.npz,25
/kaggle/input/brats20-data/BraTS20/data/volume_280_slice_98.npz,25
/kaggle/input/brats20-data/BraTS20/data/volume_280_slice_99.npz,25
/kaggle/input/brats20-data/BraTS20/data/volume_280_slice_100.npz,25
/kaggle/input/brats20-data/BraTS20/data/volume_280_slice_101.npz,25
/kaggle/input/brats20-data/BraTS20/data/volume_280_slice_102.npz,25
/kaggle/input/brats20-data/BraTS20/data/volume_280_slice_103.npz,2
/kaggle/input/brats20-data/BraTS20/data/volume_280_slice_104.npz,2
/kaggle/input/brats20-data/BraTS20/data/volume_280_slice_105.npz,2
/kaggle/input/brats20-data/BraTS20/data/volume_280_slice_106.npz,2
/kaggle/input/brats20-data/BraTS20/data/volume_280_slice_107.npz,36
/kaggle/input/brats20-data/BraTS20/data/volume_280_slice_109.npz,36
/kaggle/input/brats20-data/BraTS20/data/volume_280_slice_110.npz,76
/kaggle/input/brats20-data/BraTS20/data/volume_280_slice_111.npz,76
/kaggle/input/brats20-data/BraTS20/data/volume_280_slice_112.npz,52
/kaggle/input/brats20-data/BraTS20/data/volume_280_slice_113.npz,52
/kaggle/input/brats20-data/BraTS20/data/volume_280_slice_114.npz,52
/kaggle/input/brats20-data/BraTS20/data/volume_280_slice_115.npz,98
/kaggle/input/brats20-data/BraTS20/data/volume_280_slice_116.npz,98
/kaggle/input/brats20-data/BraTS20/data/volume_280_slice_117.npz,93
/kaggle/input/brats20-data/BraTS20/data/volume_280_slice_118.npz,69
/kaggle/input/brats20-data/BraTS20/data/volume_280_slice_119.npz,69
/kaggle/input/brats20-data/BraTS20/data/volume_280_slice_120.npz,69
/kaggle/input/brats20-data/BraTS20/data/volume_280_slice_121.npz,69
/kaggle/input/brats20-data/BraTS20/data/volume_280_slice_122.npz,78
/kaggle/input/brats20-data/BraTS20/data/volume_280_slice_123.npz,78
/kaggle/input/brats20-data/BraTS20/data/volume_280_slice_124.npz,65
/kaggle/input/brats20-data/BraTS20/data/volume_280_slice_125.npz,65
/kaggle/input/brats20-data/BraTS20/data/volume_280_slice_126.npz,83
/kaggle/input/brats20-data/BraTS20/data/volume_280_slice_127.npz,11
/kaggle/input/brats20-data/BraTS20/data/volume_280_slice_128.npz,11
/kaggle/input/brats20-data/BraTS20/data/volume_117_slice_80.npz,26
/kaggle/input/brats20-data/BraTS20/data/volume_117_slice_81.npz,46
/kaggle/input/brats20-data/BraTS20/data/volume_117_slice_82.npz,46
/kaggle/input/brats20-data/BraTS20/data/volume_117_slice_83.npz,46
/kaggle/input/brats20-data/BraTS20/data/volume_117_slice_84.npz,46
/kaggle/input/brats20-data/BraTS20/data/volume_117_slice_85.npz,46
/kaggle/input/brats20-data/BraTS20/data/volume_117_slice_86.npz,46
/kaggle/input/brats20-data/BraTS20/data/volume_117_slice_87.npz,15
/kaggle/input/brats20-data/BraTS20/data/volume_117_slice_88.npz,15
/kaggle/input/brats20-data/BraTS20/data/volume_117_slice_89.npz,15
/kaggle/input/brats20-data/BraTS20/data/volume_117_slice_90.npz,15
/kaggle/input/brats20-data/BraTS20/data/volume_117_slice_91.npz,15
/kaggle/input/brats20-data/BraTS20/data/volume_117_slice_92.npz,15
/kaggle/input/brats20-data/BraTS20/data/volume_117_slice_93.npz,12
/kaggle/input/brats20-data/BraTS20/data/volume_117_slice_94.npz,12
/kaggle/input/brats20-data/BraTS20/data/volume_117_slice_95.npz,12
/kaggle/input/brats20-data/BraTS20/data/volume_117_slice_96.npz,12
/kaggle/input/brats20-data/BraTS20/data/volume_117_slice_97.npz,84
/kaggle/input/brats20-data/BraTS20/data/volume_117_slice_98.npz,94
/kaggle/input/brats20-data/BraTS20/data/volume_117_slice_99.npz,94
/kaggle/input/brats20-data/BraTS20/data/volume_117_slice_100.npz,94
/kaggle/input/brats20-data/BraTS20/data/volume_117_slice_101.npz,94
/kaggle/input/brats20-data/BraTS20/data/volume_117_slice_102.npz,94
/kaggle/input/brats20-data/BraTS20/data/volume_117_slice_103.npz,56
/kaggle/input/brats20-data/BraTS20/data/volume_117_slice_104.npz,56
/kaggle/input/brats20-data/BraTS20/data/volume_117_slice_105.npz,56
/kaggle/input/brats20-data/BraTS20/data/volume_117_slice_106.npz,16
/kaggle/input/brats20-data/BraTS20/data/volume_117_slice_107.npz,16
/kaggle/input/brats20-data/BraTS20/data/volume_117_slice_108.npz,16
/kaggle/input/brats20-data/BraTS20/data/volume_117_slice_109.npz,70
/kaggle/input/brats20-data/BraTS20/data/volume_117_slice_110.npz,70
/kaggle/input/brats20-data/BraTS20/data/volume_117_slice_111.npz,70
/kaggle/input/brats20-data/BraTS20/data/volume_117_slice_112.npz,76
/kaggle/input/brats20-data/BraTS20/data/volume_117_slice_113.npz,76
/kaggle/input/brats20-data/BraTS20/data/volume_117_slice_114.npz,76
/kaggle/input/brats20-data/BraTS20/data/volume_117_slice_115.npz,76
/kaggle/input/brats20-data/BraTS20/data/volume_117_slice_116.npz,76
/kaggle/input/brats20-data/BraTS20/data/volume_117_slice_117.npz,90
/kaggle/input/brats20-data/BraTS20/data/volume_117_slice_118.npz,93
/kaggle/input/brats20-data/BraTS20/data/volume_117_slice_119.npz,93
/kaggle/input/brats20-data/BraTS20/data/volume_117_slice_120.npz,93
/kaggle/input/brats20-data/BraTS20/data/volume_117_slice_121.npz,82
/kaggle/input/brats20-data/BraTS20/data/volume_117_slice_122.npz,82
/kaggle/input/brats20-data/BraTS20/data/volume_117_slice_123.npz,82
/kaggle/input/brats20-data/BraTS20/data/volume_117_slice_124.npz,61
/kaggle/input/brats20-data/BraTS20/data/volume_117_slice_125.npz,78
/kaggle/input/brats20-data/BraTS20/data/volume_117_slice_126.npz,65
/kaggle/input/brats20-data/BraTS20/data/volume_117_slice_127.npz,11
/kaggle/input/brats20-data/BraTS20/data/volume_117_slice_128.npz,11
/kaggle/input/brats20-data/BraTS20/data/volume_31_slice_80.npz,46
/kaggle/input/brats20-data/BraTS20/data/volume_31_slice_81.npz,46
/kaggle/input/brats20-data/BraTS20/data/volume_31_slice_82.npz,46
/kaggle/input/brats20-data/BraTS20/data/volume_31_slice_83.npz,46
/kaggle/input/brats20-data/BraTS20/data/volume_31_slice_84.npz,30
/kaggle/input/brats20-data/BraTS20/data/volume_31_slice_85.npz,30
/kaggle/input/brats20-data/BraTS20/data/volume_31_slice_86.npz,30
/kaggle/input/brats20-data/BraTS20/data/volume_31_slice_87.npz,30
/kaggle/input/brats20-data/BraTS20/data/volume_31_slice_88.npz,30
/kaggle/input/brats20-data/BraTS20/data/volume_31_slice_89.npz,30
/kaggle/input/brats20-data/BraTS20/data/volume_31_slice_90.npz,30
/kaggle/input/brats20-data/BraTS20/data/volume_31_slice_91.npz,5
/kaggle/input/brats20-data/BraTS20/data/volume_31_slice_92.npz,5
/kaggle/input/brats20-data/BraTS20/data/volume_31_slice_93.npz,5
/kaggle/input/brats20-data/BraTS20/data/volume_31_slice_94.npz,5
/kaggle/input/brats20-data/BraTS20/data/volume_31_slice_95.npz,5
/kaggle/input/brats20-data/BraTS20/data/volume_31_slice_96.npz,5
/kaggle/input/brats20-data/BraTS20/data/volume_31_slice_97.npz,5
/kaggle/input/brats20-data/BraTS20/data/volume_31_slice_98.npz,5
/kaggle/input/brats20-data/BraTS20/data/volume_31_slice_99.npz,5
/kaggle/input/brats20-data/BraTS20/data/volume_31_slice_100.npz,5
/kaggle/input/brats20-data/BraTS20/data/volume_31_slice_101.npz,5
/kaggle/input/brats20-data/BraTS20/data/volume_31_slice_102.npz,5
/kaggle/input/brats20-data/BraTS20/data/volume_31_slice_103.npz,5
/kaggle/input/brats20-data/BraTS20/data/volume_31_slice_104.npz,5
/kaggle/input/brats20-data/BraTS20/data/volume_31_slice_105.npz,5
/kaggle/input/brats20-data/BraTS20/data/volume_31_slice_106.npz,5
/kaggle/input/brats20-data/BraTS20/data/volume_31_slice_107.npz,5
/kaggle/input/brats20-data/BraTS20/data/volume_31_slice_108.npz,21
/kaggle/input/brats20-data/BraTS20/data/volume_31_slice_109.npz,21
/kaggle/input/brats20-data/BraTS20/data/volume_31_slice_110.npz,21
/kaggle/input/brats20-data/BraTS20/data/volume_31_slice_111.npz,21
/kaggle/input/brats20-data/BraTS20/data/volume_31_slice_112.npz,21
/kaggle/input/brats20-data/BraTS20/data/volume_31_slice_113.npz,21
/kaggle/input/brats20-data/BraTS20/data/volume_31_slice_114.npz,21
/kaggle/input/brats20-data/BraTS20/data/volume_31_slice_115.npz,21
/kaggle/input/brats20-data/BraTS20/data/volume_31_slice_116.npz,51
/kaggle/input/brats20-data/BraTS20/data/volume_31_slice_117.npz,44
/kaggle/input/brats20-data/BraTS20/data/volume_31_slice_118.npz,44
/kaggle/input/brats20-data/BraTS20/data/volume_31_slice_119.npz,44
/kaggle/input/brats20-data/BraTS20/data/volume_31_slice_120.npz,44
/kaggle/input/brats20-data/BraTS20/data/volume_31_slice_121.npz,44
/kaggle/input/brats20-data/BraTS20/data/volume_31_slice_122.npz,44
/kaggle/input/brats20-data/BraTS20/data/volume_31_slice_123.npz,44
/kaggle/input/brats20-data/BraTS20/data/volume_31_slice_124.npz,44
/kaggle/input/brats20-data/BraTS20/data/volume_31_slice_125.npz,61
/kaggle/input/brats20-data/BraTS20/data/volume_31_slice_126.npz,61
/kaggle/input/brats20-data/BraTS20/data/volume_31_slice_127.npz,61
/kaggle/input/brats20-data/BraTS20/data/volume_31_slice_128.npz,61
/kaggle/input/brats20-data/BraTS20/data/volume_85_slice_80.npz,46
/kaggle/input/brats20-data/BraTS20/data/volume_85_slice_81.npz,46
/kaggle/input/brats20-data/BraTS20/data/volume_85_slice_82.npz,46
/kaggle/input/brats20-data/BraTS20/data/volume_85_slice_83.npz,1
/kaggle/input/brats20-data/BraTS20/data/volume_85_slice_84.npz,1
/kaggle/input/brats20-data/BraTS20/data/volume_85_slice_85.npz,1
/kaggle/input/brats20-data/BraTS20/data/volume_85_slice_86.npz,1
/kaggle/input/brats20-data/BraTS20/data/volume_85_slice_87.npz,30
/kaggle/input/brats20-data/BraTS20/data/volume_85_slice_88.npz,30
/kaggle/input/brats20-data/BraTS20/data/volume_85_slice_89.npz,45
/kaggle/input/brats20-data/BraTS20/data/volume_85_slice_90.npz,57
/kaggle/input/brats20-data/BraTS20/data/volume_85_slice_91.npz,57
/kaggle/input/brats20-data/BraTS20/data/volume_85_slice_92.npz,57
/kaggle/input/brats20-data/BraTS20/data/volume_85_slice_93.npz,57
/kaggle/input/brats20-data/BraTS20/data/volume_85_slice_94.npz,57
/kaggle/input/brats20-data/BraTS20/data/volume_85_slice_95.npz,45
/kaggle/input/brats20-data/BraTS20/data/volume_85_slice_96.npz,45
/kaggle/input/brats20-data/BraTS20/data/volume_85_slice_97.npz,45
/kaggle/input/brats20-data/BraTS20/data/volume_85_slice_98.npz,57
/kaggle/input/brats20-data/BraTS20/data/volume_85_slice_99.npz,57
/kaggle/input/brats20-data/BraTS20/data/volume_85_slice_100.npz,57
/kaggle/input/brats20-data/BraTS20/data/volume_85_slice_101.npz,57
/kaggle/input/brats20-data/BraTS20/data/volume_85_slice_102.npz,2
/kaggle/input/brats20-data/BraTS20/data/volume_85_slice_103.npz,2
/kaggle/input/brats20-data/BraTS20/data/volume_85_slice_104.npz,2
/kaggle/input/brats20-data/BraTS20/data/volume_85_slice_105.npz,2
/kaggle/input/brats20-data/BraTS20/data/volume_85_slice_106.npz,2
/kaggle/input/brats20-data/BraTS20/data/volume_85_slice_107.npz,2
/kaggle/input/brats20-data/BraTS20/data/volume_85_slice_108.npz,22
/kaggle/input/brats20-data/BraTS20/data/volume_85_slice_109.npz,22
/kaggle/input/brats20-data/BraTS20/data/volume_85_slice_110.npz,22
/kaggle/input/brats20-data/BraTS20/data/volume_85_slice_111.npz,22
/kaggle/input/brats20-data/BraTS20/data/volume_85_slice_112.npz,76
/kaggle/input/brats20-data/BraTS20/data/volume_85_slice_113.npz,76
/kaggle/input/brats20-data/BraTS20/data/volume_85_slice_114.npz,76
/kaggle/input/brats20-data/BraTS20/data/volume_85_slice_115.npz,76
/kaggle/input/brats20-data/BraTS20/data/volume_85_slice_116.npz,76
/kaggle/input/brats20-data/BraTS20/data/volume_85_slice_117.npz,76
/kaggle/input/brats20-data/BraTS20/data/volume_85_slice_118.npz,90
/kaggle/input/brats20-data/BraTS20/data/volume_85_slice_119.npz,39
/kaggle/input/brats20-data/BraTS20/data/volume_85_slice_120.npz,39
/kaggle/input/brats20-data/BraTS20/data/volume_85_slice_121.npz,39
/kaggle/input/brats20-data/BraTS20/data/volume_85_slice_122.npz,39
/kaggle/input/brats20-data/BraTS20/data/volume_85_slice_123.npz,39
/kaggle/input/brats20-data/BraTS20/data/volume_85_slice_124.npz,61
/kaggle/input/brats20-data/BraTS20/data/volume_85_slice_125.npz,89
/kaggle/input/brats20-data/BraTS20/data/volume_85_slice_126.npz,83
/kaggle/input/brats20-data/BraTS20/data/volume_85_slice_127.npz,83
/kaggle/input/brats20-data/BraTS20/data/volume_85_slice_128.npz,83
/kaggle/input/brats20-data/BraTS20/data/volume_345_slice_80.npz,1
/kaggle/input/brats20-data/BraTS20/data/volume_345_slice_81.npz,1
/kaggle/input/brats20-data/BraTS20/data/volume_345_slice_82.npz,1
/kaggle/input/brats20-data/BraTS20/data/volume_345_slice_83.npz,1
/kaggle/input/brats20-data/BraTS20/data/volume_345_slice_84.npz,1
/kaggle/input/brats20-data/BraTS20/data/volume_345_slice_85.npz,1
/kaggle/input/brats20-data/BraTS20/data/volume_345_slice_86.npz,1
/kaggle/input/brats20-data/BraTS20/data/volume_345_slice_87.npz,1
/kaggle/input/brats20-data/BraTS20/data/volume_345_slice_88.npz,1
/kaggle/input/brats20-data/BraTS20/data/volume_345_slice_89.npz,1
/kaggle/input/brats20-data/BraTS20/data/volume_345_slice_90.npz,1
/kaggle/input/brats20-data/BraTS20/data/volume_345_slice_91.npz,35
/kaggle/input/brats20-data/BraTS20/data/volume_345_slice_92.npz,35
/kaggle/input/brats20-data/BraTS20/data/volume_345_slice_93.npz,35
/kaggle/input/brats20-data/BraTS20/data/volume_345_slice_94.npz,31
/kaggle/input/brats20-data/BraTS20/data/volume_345_slice_95.npz,31
/kaggle/input/brats20-data/BraTS20/data/volume_345_slice_96.npz,31
/kaggle/input/brats20-data/BraTS20/data/volume_345_slice_97.npz,31
/kaggle/input/brats20-data/BraTS20/data/volume_345_slice_98.npz,31
/kaggle/input/brats20-data/BraTS20/data/volume_345_slice_99.npz,31
/kaggle/input/brats20-data/BraTS20/data/volume_345_slice_100.npz,31
/kaggle/input/brats20-data/BraTS20/data/volume_345_slice_101.npz,31
/kaggle/input/brats20-data/BraTS20/data/volume_345_slice_102.npz,31
/kaggle/input/brats20-data/BraTS20/data/volume_345_slice_103.npz,31
/kaggle/input/brats20-data/BraTS20/data/volume_345_slice_104.npz,31
/kaggle/input/brats20-data/BraTS20/data/volume_345_slice_105.npz,31
/kaggle/input/brats20-data/BraTS20/data/volume_345_slice_106.npz,31
/kaggle/input/brats20-data/BraTS20/data/volume_345_slice_107.npz,31
/kaggle/input/brats20-data/BraTS20/data/volume_345_slice_108.npz,48
/kaggle/input/brats20-data/BraTS20/data/volume_345_slice_109.npz,48
/kaggle/input/brats20-data/BraTS20/data/volume_345_slice_110.npz,48
/kaggle/input/brats20-data/BraTS20/data/volume_345_slice_111.npz,51
/kaggle/input/brats20-data/BraTS20/data/volume_345_slice_112.npz,51
/kaggle/input/brats20-data/BraTS20/data/volume_345_slice_113.npz,51
/kaggle/input/brats20-data/BraTS20/data/volume_345_slice_114.npz,51
/kaggle/input/brats20-data/BraTS20/data/volume_345_slice_115.npz,51
/kaggle/input/brats20-data/BraTS20/data/volume_345_slice_116.npz,51
/kaggle/input/brats20-data/BraTS20/data/volume_345_slice_117.npz,51
/kaggle/input/brats20-data/BraTS20/data/volume_345_slice_118.npz,51
/kaggle/input/brats20-data/BraTS20/data/volume_345_slice_119.npz,98
/kaggle/input/brats20-data/BraTS20/data/volume_345_slice_120.npz,98
/kaggle/input/brats20-data/BraTS20/data/volume_345_slice_121.npz,93
/kaggle/input/brats20-data/BraTS20/data/volume_345_slice_122.npz,82
/kaggle/input/brats20-data/BraTS20/data/volume_345_slice_123.npz,82
/kaggle/input/brats20-data/BraTS20/data/volume_345_slice_124.npz,82
/kaggle/input/brats20-data/BraTS20/data/volume_345_slice_125.npz,88
/kaggle/input/brats20-data/BraTS20/data/volume_345_slice_126.npz,83
/kaggle/input/brats20-data/BraTS20/data/volume_345_slice_127.npz,83
/kaggle/input/brats20-data/BraTS20/data/volume_345_slice_128.npz,83
/kaggle/input/brats20-data/BraTS20/data/volume_184_slice_80.npz,58
/kaggle/input/brats20-data/BraTS20/data/volume_184_slice_81.npz,58
/kaggle/input/brats20-data/BraTS20/data/volume_184_slice_82.npz,58
/kaggle/input/brats20-data/BraTS20/data/volume_184_slice_83.npz,58
/kaggle/input/brats20-data/BraTS20/data/volume_184_slice_84.npz,58
/kaggle/input/brats20-data/BraTS20/data/volume_184_slice_85.npz,58
/kaggle/input/brats20-data/BraTS20/data/volume_184_slice_86.npz,58
/kaggle/input/brats20-data/BraTS20/data/volume_184_slice_87.npz,58
/kaggle/input/brats20-data/BraTS20/data/volume_184_slice_88.npz,58
/kaggle/input/brats20-data/BraTS20/data/volume_184_slice_89.npz,58
/kaggle/input/brats20-data/BraTS20/data/volume_184_slice_90.npz,58
/kaggle/input/brats20-data/BraTS20/data/volume_184_slice_91.npz,58
/kaggle/input/brats20-data/BraTS20/data/volume_184_slice_92.npz,58
/kaggle/input/brats20-data/BraTS20/data/volume_184_slice_93.npz,58
/kaggle/input/brats20-data/BraTS20/data/volume_184_slice_94.npz,55
/kaggle/input/brats20-data/BraTS20/data/volume_184_slice_95.npz,55
/kaggle/input/brats20-data/BraTS20/data/volume_184_slice_96.npz,55
/kaggle/input/brats20-data/BraTS20/data/volume_184_slice_97.npz,55
/kaggle/input/brats20-data/BraTS20/data/volume_184_slice_98.npz,55
/kaggle/input/brats20-data/BraTS20/data/volume_184_slice_99.npz,25
/kaggle/input/brats20-data/BraTS20/data/volume_184_slice_100.npz,25
/kaggle/input/brats20-data/BraTS20/data/volume_184_slice_101.npz,71
/kaggle/input/brats20-data/BraTS20/data/volume_184_slice_102.npz,71
/kaggle/input/brats20-data/BraTS20/data/volume_184_slice_103.npz,71
/kaggle/input/brats20-data/BraTS20/data/volume_184_slice_104.npz,71
/kaggle/input/brats20-data/BraTS20/data/volume_184_slice_106.npz,91
/kaggle/input/brats20-data/BraTS20/data/volume_184_slice_107.npz,91
/kaggle/input/brats20-data/BraTS20/data/volume_184_slice_108.npz,91
/kaggle/input/brats20-data/BraTS20/data/volume_184_slice_109.npz,36
/kaggle/input/brats20-data/BraTS20/data/volume_184_slice_110.npz,52
/kaggle/input/brats20-data/BraTS20/data/volume_184_slice_111.npz,52
/kaggle/input/brats20-data/BraTS20/data/volume_184_slice_112.npz,52
/kaggle/input/brats20-data/BraTS20/data/volume_184_slice_113.npz,54
/kaggle/input/brats20-data/BraTS20/data/volume_184_slice_114.npz,54
/kaggle/input/brats20-data/BraTS20/data/volume_184_slice_115.npz,54
/kaggle/input/brats20-data/BraTS20/data/volume_184_slice_116.npz,54
/kaggle/input/brats20-data/BraTS20/data/volume_184_slice_117.npz,85
/kaggle/input/brats20-data/BraTS20/data/volume_184_slice_118.npz,85
/kaggle/input/brats20-data/BraTS20/data/volume_184_slice_119.npz,85
/kaggle/input/brats20-data/BraTS20/data/volume_184_slice_120.npz,85
/kaggle/input/brats20-data/BraTS20/data/volume_184_slice_121.npz,85
/kaggle/input/brats20-data/BraTS20/data/volume_184_slice_122.npz,75
/kaggle/input/brats20-data/BraTS20/data/volume_184_slice_123.npz,75
/kaggle/input/brats20-data/BraTS20/data/volume_184_slice_124.npz,75
/kaggle/input/brats20-data/BraTS20/data/volume_184_slice_125.npz,43
/kaggle/input/brats20-data/BraTS20/data/volume_184_slice_126.npz,43
/kaggle/input/brats20-data/BraTS20/data/volume_184_slice_127.npz,43
/kaggle/input/brats20-data/BraTS20/data/volume_184_slice_128.npz,43
/kaggle/input/brats20-data/BraTS20/data/volume_146_slice_80.npz,35
/kaggle/input/brats20-data/BraTS20/data/volume_146_slice_81.npz,35
/kaggle/input/brats20-data/BraTS20/data/volume_146_slice_82.npz,35
/kaggle/input/brats20-data/BraTS20/data/volume_146_slice_83.npz,35
/kaggle/input/brats20-data/BraTS20/data/volume_146_slice_84.npz,35
/kaggle/input/brats20-data/BraTS20/data/volume_146_slice_85.npz,35
/kaggle/input/brats20-data/BraTS20/data/volume_146_slice_86.npz,35
/kaggle/input/brats20-data/BraTS20/data/volume_146_slice_87.npz,35
/kaggle/input/brats20-data/BraTS20/data/volume_146_slice_88.npz,35
/kaggle/input/brats20-data/BraTS20/data/volume_146_slice_89.npz,35
/kaggle/input/brats20-data/BraTS20/data/volume_146_slice_90.npz,35
/kaggle/input/brats20-data/BraTS20/data/volume_146_slice_91.npz,35
/kaggle/input/brats20-data/BraTS20/data/volume_146_slice_92.npz,35
/kaggle/input/brats20-data/BraTS20/data/volume_146_slice_93.npz,35
/kaggle/input/brats20-data/BraTS20/data/volume_146_slice_94.npz,35
/kaggle/input/brats20-data/BraTS20/data/volume_146_slice_95.npz,35
/kaggle/input/brats20-data/BraTS20/data/volume_146_slice_96.npz,55
/kaggle/input/brats20-data/BraTS20/data/volume_146_slice_97.npz,55
/kaggle/input/brats20-data/BraTS20/data/volume_146_slice_99.npz,55
/kaggle/input/brats20-data/BraTS20/data/volume_146_slice_100.npz,4
/kaggle/input/brats20-data/BraTS20/data/volume_146_slice_101.npz,4
/kaggle/input/brats20-data/BraTS20/data/volume_146_slice_102.npz,4
/kaggle/input/brats20-data/BraTS20/data/volume_146_slice_103.npz,4
/kaggle/input/brats20-data/BraTS20/data/volume_146_slice_104.npz,48
/kaggle/input/brats20-data/BraTS20/data/volume_146_slice_105.npz,48
/kaggle/input/brats20-data/BraTS20/data/volume_146_slice_106.npz,48
/kaggle/input/brats20-data/BraTS20/data/volume_146_slice_107.npz,48
/kaggle/input/brats20-data/BraTS20/data/volume_146_slice_108.npz,48
/kaggle/input/brats20-data/BraTS20/data/volume_146_slice_109.npz,48
/kaggle/input/brats20-data/BraTS20/data/volume_146_slice_110.npz,48
/kaggle/input/brats20-data/BraTS20/data/volume_146_slice_111.npz,36
/kaggle/input/brats20-data/BraTS20/data/volume_146_slice_112.npz,64
/kaggle/input/brats20-data/BraTS20/data/volume_146_slice_113.npz,64
/kaggle/input/brats20-data/BraTS20/data/volume_146_slice_114.npz,64
/kaggle/input/brats20-data/BraTS20/data/volume_146_slice_115.npz,64
/kaggle/input/brats20-data/BraTS20/data/volume_146_slice_116.npz,64
/kaggle/input/brats20-data/BraTS20/data/volume_146_slice_117.npz,64
/kaggle/input/brats20-data/BraTS20/data/volume_146_slice_118.npz,64
/kaggle/input/brats20-data/BraTS20/data/volume_146_slice_119.npz,98
/kaggle/input/brats20-data/BraTS20/data/volume_146_slice_120.npz,98
/kaggle/input/brats20-data/BraTS20/data/volume_146_slice_121.npz,78
/kaggle/input/brats20-data/BraTS20/data/volume_146_slice_122.npz,78
/kaggle/input/brats20-data/BraTS20/data/volume_146_slice_123.npz,78
/kaggle/input/brats20-data/BraTS20/data/volume_146_slice_124.npz,78
/kaggle/input/brats20-data/BraTS20/data/volume_146_slice_125.npz,78
/kaggle/input/brats20-data/BraTS20/data/volume_146_slice_126.npz,83
/kaggle/input/brats20-data/BraTS20/data/volume_146_slice_127.npz,83
/kaggle/input/brats20-data/BraTS20/data/volume_146_slice_128.npz,83
/kaggle/input/brats20-data/BraTS20/data/volume_22_slice_80.npz,26
/kaggle/input/brats20-data/BraTS20/data/volume_22_slice_81.npz,26
/kaggle/input/brats20-data/BraTS20/data/volume_22_slice_82.npz,26
/kaggle/input/brats20-data/BraTS20/data/volume_22_slice_83.npz,26
/kaggle/input/brats20-data/BraTS20/data/volume_22_slice_84.npz,26
/kaggle/input/brats20-data/BraTS20/data/volume_22_slice_85.npz,26
/kaggle/input/brats20-data/BraTS20/data/volume_22_slice_86.npz,26
/kaggle/input/brats20-data/BraTS20/data/volume_22_slice_87.npz,26
/kaggle/input/brats20-data/BraTS20/data/volume_22_slice_88.npz,26
/kaggle/input/brats20-data/BraTS20/data/volume_22_slice_89.npz,26
/kaggle/input/brats20-data/BraTS20/data/volume_22_slice_90.npz,26
/kaggle/input/brats20-data/BraTS20/data/volume_22_slice_91.npz,26
/kaggle/input/brats20-data/BraTS20/data/volume_22_slice_92.npz,26
/kaggle/input/brats20-data/BraTS20/data/volume_22_slice_93.npz,26
/kaggle/input/brats20-data/BraTS20/data/volume_22_slice_94.npz,26
/kaggle/input/brats20-data/BraTS20/data/volume_22_slice_95.npz,49
/kaggle/input/brats20-data/BraTS20/data/volume_22_slice_96.npz,49
/kaggle/input/brats20-data/BraTS20/data/volume_22_slice_97.npz,49
/kaggle/input/brats20-data/BraTS20/data/volume_22_slice_98.npz,49
/kaggle/input/brats20-data/BraTS20/data/volume_22_slice_99.npz,49
/kaggle/input/brats20-data/BraTS20/data/volume_22_slice_100.npz,49
/kaggle/input/brats20-data/BraTS20/data/volume_22_slice_101.npz,49
/kaggle/input/brats20-data/BraTS20/data/volume_22_slice_102.npz,49
/kaggle/input/brats20-data/BraTS20/data/volume_22_slice_103.npz,49
/kaggle/input/brats20-data/BraTS20/data/volume_22_slice_104.npz,49
/kaggle/input/brats20-data/BraTS20/data/volume_22_slice_105.npz,49
/kaggle/input/brats20-data/BraTS20/data/volume_22_slice_106.npz,49
/kaggle/input/brats20-data/BraTS20/data/volume_22_slice_107.npz,49
/kaggle/input/brats20-data/BraTS20/data/volume_22_slice_108.npz,49
/kaggle/input/brats20-data/BraTS20/data/volume_22_slice_109.npz,49
/kaggle/input/brats20-data/BraTS20/data/volume_22_slice_110.npz,21
/kaggle/input/brats20-data/BraTS20/data/volume_22_slice_111.npz,21
/kaggle/input/brats20-data/BraTS20/data/volume_22_slice_112.npz,21
/kaggle/input/brats20-data/BraTS20/data/volume_22_slice_113.npz,21
/kaggle/input/brats20-data/BraTS20/data/volume_22_slice_114.npz,44
/kaggle/input/brats20-data/BraTS20/data/volume_22_slice_115.npz,44
/kaggle/input/brats20-data/BraTS20/data/volume_22_slice_116.npz,44
/kaggle/input/brats20-data/BraTS20/data/volume_22_slice_117.npz,44
/kaggle/input/brats20-data/BraTS20/data/volume_22_slice_118.npz,44
/kaggle/input/brats20-data/BraTS20/data/volume_22_slice_119.npz,44
/kaggle/input/brats20-data/BraTS20/data/volume_22_slice_120.npz,39
/kaggle/input/brats20-data/BraTS20/data/volume_22_slice_121.npz,62
/kaggle/input/brats20-data/BraTS20/data/volume_22_slice_122.npz,62
/kaggle/input/brats20-data/BraTS20/data/volume_22_slice_123.npz,62
/kaggle/input/brats20-data/BraTS20/data/volume_22_slice_124.npz,62
/kaggle/input/brats20-data/BraTS20/data/volume_22_slice_125.npz,62
/kaggle/input/brats20-data/BraTS20/data/volume_22_slice_126.npz,11
/kaggle/input/brats20-data/BraTS20/data/volume_22_slice_127.npz,11
/kaggle/input/brats20-data/BraTS20/data/volume_22_slice_128.npz,11
/kaggle/input/brats20-data/BraTS20/data/volume_112_slice_80.npz,34
/kaggle/input/brats20-data/BraTS20/data/volume_112_slice_81.npz,46
/kaggle/input/brats20-data/BraTS20/data/volume_112_slice_82.npz,46
/kaggle/input/brats20-data/BraTS20/data/volume_112_slice_83.npz,46
/kaggle/input/brats20-data/BraTS20/data/volume_112_slice_84.npz,46
/kaggle/input/brats20-data/BraTS20/data/volume_112_slice_85.npz,46
/kaggle/input/brats20-data/BraTS20/data/volume_112_slice_86.npz,1
/kaggle/input/brats20-data/BraTS20/data/volume_112_slice_87.npz,1
/kaggle/input/brats20-data/BraTS20/data/volume_112_slice_88.npz,1
/kaggle/input/brats20-data/BraTS20/data/volume_112_slice_89.npz,1
/kaggle/input/brats20-data/BraTS20/data/volume_112_slice_90.npz,1
/kaggle/input/brats20-data/BraTS20/data/volume_112_slice_91.npz,1
/kaggle/input/brats20-data/BraTS20/data/volume_112_slice_92.npz,1
/kaggle/input/brats20-data/BraTS20/data/volume_112_slice_93.npz,1
/kaggle/input/brats20-data/BraTS20/data/volume_112_slice_94.npz,47
/kaggle/input/brats20-data/BraTS20/data/volume_112_slice_95.npz,47
/kaggle/input/brats20-data/BraTS20/data/volume_112_slice_96.npz,47
/kaggle/input/brats20-data/BraTS20/data/volume_112_slice_97.npz,47
/kaggle/input/brats20-data/BraTS20/data/volume_112_slice_98.npz,47
/kaggle/input/brats20-data/BraTS20/data/volume_112_slice_99.npz,19
/kaggle/input/brats20-data/BraTS20/data/volume_112_slice_100.npz,19
/kaggle/input/brats20-data/BraTS20/data/volume_112_slice_101.npz,19
/kaggle/input/brats20-data/BraTS20/data/volume_112_slice_102.npz,19
/kaggle/input/brats20-data/BraTS20/data/volume_112_slice_103.npz,94
/kaggle/input/brats20-data/BraTS20/data/volume_112_slice_104.npz,19
/kaggle/input/brats20-data/BraTS20/data/volume_112_slice_106.npz,56
/kaggle/input/brats20-data/BraTS20/data/volume_112_slice_107.npz,56
/kaggle/input/brats20-data/BraTS20/data/volume_112_slice_108.npz,56
/kaggle/input/brats20-data/BraTS20/data/volume_112_slice_109.npz,56
/kaggle/input/brats20-data/BraTS20/data/volume_112_slice_110.npz,16
/kaggle/input/brats20-data/BraTS20/data/volume_112_slice_111.npz,97
/kaggle/input/brats20-data/BraTS20/data/volume_112_slice_112.npz,97
/kaggle/input/brats20-data/BraTS20/data/volume_112_slice_113.npz,95
/kaggle/input/brats20-data/BraTS20/data/volume_112_slice_114.npz,2
/kaggle/input/brats20-data/BraTS20/data/volume_112_slice_115.npz,2
/kaggle/input/brats20-data/BraTS20/data/volume_112_slice_116.npz,66
/kaggle/input/brats20-data/BraTS20/data/volume_112_slice_117.npz,66
/kaggle/input/brats20-data/BraTS20/data/volume_112_slice_118.npz,66
/kaggle/input/brats20-data/BraTS20/data/volume_112_slice_119.npz,66
/kaggle/input/brats20-data/BraTS20/data/volume_112_slice_120.npz,66
/kaggle/input/brats20-data/BraTS20/data/volume_112_slice_121.npz,66
/kaggle/input/brats20-data/BraTS20/data/volume_112_slice_122.npz,90
/kaggle/input/brats20-data/BraTS20/data/volume_112_slice_123.npz,90
/kaggle/input/brats20-data/BraTS20/data/volume_112_slice_124.npz,98
/kaggle/input/brats20-data/BraTS20/data/volume_112_slice_125.npz,82
/kaggle/input/brats20-data/BraTS20/data/volume_112_slice_126.npz,82
/kaggle/input/brats20-data/BraTS20/data/volume_112_slice_127.npz,82
/kaggle/input/brats20-data/BraTS20/data/volume_112_slice_128.npz,82
/kaggle/input/brats20-data/BraTS20/data/volume_94_slice_80.npz,41
/kaggle/input/brats20-data/BraTS20/data/volume_94_slice_81.npz,26
/kaggle/input/brats20-data/BraTS20/data/volume_94_slice_82.npz,41
/kaggle/input/brats20-data/BraTS20/data/volume_94_slice_83.npz,26
/kaggle/input/brats20-data/BraTS20/data/volume_94_slice_84.npz,41
/kaggle/input/brats20-data/BraTS20/data/volume_94_slice_85.npz,41
/kaggle/input/brats20-data/BraTS20/data/volume_94_slice_86.npz,41
/kaggle/input/brats20-data/BraTS20/data/volume_94_slice_91.npz,9
/kaggle/input/brats20-data/BraTS20/data/volume_94_slice_92.npz,9
/kaggle/input/brats20-data/BraTS20/data/volume_94_slice_93.npz,84
/kaggle/input/brats20-data/BraTS20/data/volume_94_slice_94.npz,84
/kaggle/input/brats20-data/BraTS20/data/volume_94_slice_95.npz,94
/kaggle/input/brats20-data/BraTS20/data/volume_94_slice_96.npz,94
/kaggle/input/brats20-data/BraTS20/data/volume_94_slice_97.npz,94
/kaggle/input/brats20-data/BraTS20/data/volume_94_slice_98.npz,94
/kaggle/input/brats20-data/BraTS20/data/volume_94_slice_99.npz,94
/kaggle/input/brats20-data/BraTS20/data/volume_94_slice_100.npz,94
/kaggle/input/brats20-data/BraTS20/data/volume_94_slice_101.npz,2
/kaggle/input/brats20-data/BraTS20/data/volume_94_slice_102.npz,2
/kaggle/input/brats20-data/BraTS20/data/volume_94_slice_103.npz,2
/kaggle/input/brats20-data/BraTS20/data/volume_94_slice_104.npz,2
/kaggle/input/brats20-data/BraTS20/data/volume_94_slice_105.npz,2
/kaggle/input/brats20-data/BraTS20/data/volume_94_slice_106.npz,2
/kaggle/input/brats20-data/BraTS20/data/volume_94_slice_107.npz,70
/kaggle/input/brats20-data/BraTS20/data/volume_94_slice_108.npz,70
/kaggle/input/brats20-data/BraTS20/data/volume_94_slice_109.npz,70
/kaggle/input/brats20-data/BraTS20/data/volume_94_slice_110.npz,70
/kaggle/input/brats20-data/BraTS20/data/volume_94_slice_111.npz,70
/kaggle/input/brats20-data/BraTS20/data/volume_94_slice_112.npz,36
/kaggle/input/brats20-data/BraTS20/data/volume_94_slice_113.npz,36
/kaggle/input/brats20-data/BraTS20/data/volume_94_slice_114.npz,51
/kaggle/input/brats20-data/BraTS20/data/volume_94_slice_115.npz,52
/kaggle/input/brats20-data/BraTS20/data/volume_94_slice_116.npz,52
/kaggle/input/brats20-data/BraTS20/data/volume_94_slice_117.npz,52
/kaggle/input/brats20-data/BraTS20/data/volume_94_slice_118.npz,54
/kaggle/input/brats20-data/BraTS20/data/volume_94_slice_119.npz,54
/kaggle/input/brats20-data/BraTS20/data/volume_94_slice_120.npz,54
/kaggle/input/brats20-data/BraTS20/data/volume_94_slice_121.npz,98
/kaggle/input/brats20-data/BraTS20/data/volume_94_slice_122.npz,98
/kaggle/input/brats20-data/BraTS20/data/volume_94_slice_123.npz,93
/kaggle/input/brats20-data/BraTS20/data/volume_94_slice_124.npz,61
/kaggle/input/brats20-data/BraTS20/data/volume_94_slice_125.npz,78
/kaggle/input/brats20-data/BraTS20/data/volume_94_slice_126.npz,78
/kaggle/input/brats20-data/BraTS20/data/volume_94_slice_127.npz,78
/kaggle/input/brats20-data/BraTS20/data/volume_94_slice_128.npz,65
/kaggle/input/brats20-data/BraTS20/data/volume_142_slice_80.npz,41
/kaggle/input/brats20-data/BraTS20/data/volume_142_slice_81.npz,41
/kaggle/input/brats20-data/BraTS20/data/volume_142_slice_82.npz,41
/kaggle/input/brats20-data/BraTS20/data/volume_142_slice_83.npz,41
/kaggle/input/brats20-data/BraTS20/data/volume_142_slice_84.npz,41
/kaggle/input/brats20-data/BraTS20/data/volume_142_slice_85.npz,41
/kaggle/input/brats20-data/BraTS20/data/volume_142_slice_86.npz,41
/kaggle/input/brats20-data/BraTS20/data/volume_142_slice_88.npz,41
/kaggle/input/brats20-data/BraTS20/data/volume_142_slice_89.npz,41
/kaggle/input/brats20-data/BraTS20/data/volume_142_slice_90.npz,41
/kaggle/input/brats20-data/BraTS20/data/volume_142_slice_91.npz,41
/kaggle/input/brats20-data/BraTS20/data/volume_142_slice_92.npz,30
/kaggle/input/brats20-data/BraTS20/data/volume_142_slice_93.npz,53
/kaggle/input/brats20-data/BraTS20/data/volume_142_slice_94.npz,35
/kaggle/input/brats20-data/BraTS20/data/volume_142_slice_95.npz,35
/kaggle/input/brats20-data/BraTS20/data/volume_142_slice_96.npz,35
/kaggle/input/brats20-data/BraTS20/data/volume_142_slice_97.npz,35
/kaggle/input/brats20-data/BraTS20/data/volume_142_slice_98.npz,35
/kaggle/input/brats20-data/BraTS20/data/volume_142_slice_99.npz,35
/kaggle/input/brats20-data/BraTS20/data/volume_142_slice_100.npz,4
/kaggle/input/brats20-data/BraTS20/data/volume_142_slice_101.npz,31
/kaggle/input/brats20-data/BraTS20/data/volume_142_slice_102.npz,31
/kaggle/input/brats20-data/BraTS20/data/volume_142_slice_103.npz,31
/kaggle/input/brats20-data/BraTS20/data/volume_142_slice_104.npz,56
/kaggle/input/brats20-data/BraTS20/data/volume_142_slice_105.npz,56
/kaggle/input/brats20-data/BraTS20/data/volume_142_slice_106.npz,56
/kaggle/input/brats20-data/BraTS20/data/volume_142_slice_107.npz,2
/kaggle/input/brats20-data/BraTS20/data/volume_142_slice_108.npz,2
/kaggle/input/brats20-data/BraTS20/data/volume_142_slice_109.npz,2
/kaggle/input/brats20-data/BraTS20/data/volume_142_slice_110.npz,2
/kaggle/input/brats20-data/BraTS20/data/volume_142_slice_111.npz,36
/kaggle/input/brats20-data/BraTS20/data/volume_142_slice_112.npz,36
/kaggle/input/brats20-data/BraTS20/data/volume_142_slice_113.npz,36
/kaggle/input/brats20-data/BraTS20/data/volume_142_slice_114.npz,51
/kaggle/input/brats20-data/BraTS20/data/volume_142_slice_115.npz,51
/kaggle/input/brats20-data/BraTS20/data/volume_142_slice_116.npz,51
/kaggle/input/brats20-data/BraTS20/data/volume_142_slice_117.npz,93
/kaggle/input/brats20-data/BraTS20/data/volume_142_slice_118.npz,93
/kaggle/input/brats20-data/BraTS20/data/volume_142_slice_119.npz,93
/kaggle/input/brats20-data/BraTS20/data/volume_142_slice_120.npz,93
/kaggle/input/brats20-data/BraTS20/data/volume_142_slice_121.npz,93
/kaggle/input/brats20-data/BraTS20/data/volume_142_slice_123.npz,93
/kaggle/input/brats20-data/BraTS20/data/volume_142_slice_124.npz,78
/kaggle/input/brats20-data/BraTS20/data/volume_142_slice_125.npz,78
/kaggle/input/brats20-data/BraTS20/data/volume_142_slice_126.npz,78
/kaggle/input/brats20-data/BraTS20/data/volume_142_slice_127.npz,65
/kaggle/input/brats20-data/BraTS20/data/volume_142_slice_128.npz,65
/kaggle/input/brats20-data/BraTS20/data/volume_207_slice_80.npz,0
/kaggle/input/brats20-data/BraTS20/data/volume_207_slice_81.npz,0
/kaggle/input/brats20-data/BraTS20/data/volume_207_slice_82.npz,20
/kaggle/input/brats20-data/BraTS20/data/volume_207_slice_83.npz,20
/kaggle/input/brats20-data/BraTS20/data/volume_207_slice_84.npz,20
/kaggle/input/brats20-data/BraTS20/data/volume_207_slice_85.npz,20
/kaggle/input/brats20-data/BraTS20/data/volume_207_slice_86.npz,59
/kaggle/input/brats20-data/BraTS20/data/volume_207_slice_87.npz,27
/kaggle/input/brats20-data/BraTS20/data/volume_207_slice_88.npz,49
/kaggle/input/brats20-data/BraTS20/data/volume_207_slice_89.npz,49
/kaggle/input/brats20-data/BraTS20/data/volume_207_slice_90.npz,49
/kaggle/input/brats20-data/BraTS20/data/volume_207_slice_91.npz,49
/kaggle/input/brats20-data/BraTS20/data/volume_207_slice_92.npz,49
/kaggle/input/brats20-data/BraTS20/data/volume_207_slice_93.npz,49
/kaggle/input/brats20-data/BraTS20/data/volume_207_slice_94.npz,49
/kaggle/input/brats20-data/BraTS20/data/volume_207_slice_95.npz,49
/kaggle/input/brats20-data/BraTS20/data/volume_207_slice_96.npz,49
/kaggle/input/brats20-data/BraTS20/data/volume_207_slice_97.npz,49
/kaggle/input/brats20-data/BraTS20/data/volume_207_slice_98.npz,49
/kaggle/input/brats20-data/BraTS20/data/volume_207_slice_99.npz,49
/kaggle/input/brats20-data/BraTS20/data/volume_207_slice_100.npz,49
/kaggle/input/brats20-data/BraTS20/data/volume_207_slice_101.npz,49
/kaggle/input/brats20-data/BraTS20/data/volume_207_slice_102.npz,49
/kaggle/input/brats20-data/BraTS20/data/volume_207_slice_103.npz,49
/kaggle/input/brats20-data/BraTS20/data/volume_207_slice_104.npz,49
/kaggle/input/brats20-data/BraTS20/data/volume_207_slice_105.npz,21
/kaggle/input/brats20-data/BraTS20/data/volume_207_slice_106.npz,21
/kaggle/input/brats20-data/BraTS20/data/volume_207_slice_107.npz,36
/kaggle/input/brats20-data/BraTS20/data/volume_207_slice_108.npz,36
/kaggle/input/brats20-data/BraTS20/data/volume_207_slice_109.npz,36
/kaggle/input/brats20-data/BraTS20/data/volume_207_slice_110.npz,36
/kaggle/input/brats20-data/BraTS20/data/volume_207_slice_111.npz,36
/kaggle/input/brats20-data/BraTS20/data/volume_207_slice_112.npz,51
/kaggle/input/brats20-data/BraTS20/data/volume_207_slice_113.npz,51
/kaggle/input/brats20-data/BraTS20/data/volume_207_slice_114.npz,44
/kaggle/input/brats20-data/BraTS20/data/volume_207_slice_115.npz,44
/kaggle/input/brats20-data/BraTS20/data/volume_207_slice_116.npz,44
/kaggle/input/brats20-data/BraTS20/data/volume_207_slice_117.npz,44
/kaggle/input/brats20-data/BraTS20/data/volume_207_slice_118.npz,44
/kaggle/input/brats20-data/BraTS20/data/volume_207_slice_119.npz,44
/kaggle/input/brats20-data/BraTS20/data/volume_207_slice_120.npz,93
/kaggle/input/brats20-data/BraTS20/data/volume_207_slice_121.npz,78
/kaggle/input/brats20-data/BraTS20/data/volume_207_slice_122.npz,78
/kaggle/input/brats20-data/BraTS20/data/volume_207_slice_123.npz,78
/kaggle/input/brats20-data/BraTS20/data/volume_207_slice_124.npz,78
/kaggle/input/brats20-data/BraTS20/data/volume_207_slice_125.npz,65
/kaggle/input/brats20-data/BraTS20/data/volume_207_slice_126.npz,65
/kaggle/input/brats20-data/BraTS20/data/volume_207_slice_128.npz,11
/kaggle/input/brats20-data/BraTS20/data/volume_279_slice_80.npz,46
/kaggle/input/brats20-data/BraTS20/data/volume_279_slice_81.npz,46
/kaggle/input/brats20-data/BraTS20/data/volume_279_slice_82.npz,99
/kaggle/input/brats20-data/BraTS20/data/volume_279_slice_83.npz,99
/kaggle/input/brats20-data/BraTS20/data/volume_279_slice_84.npz,99
/kaggle/input/brats20-data/BraTS20/data/volume_279_slice_85.npz,99
/kaggle/input/brats20-data/BraTS20/data/volume_279_slice_86.npz,99
/kaggle/input/brats20-data/BraTS20/data/volume_279_slice_87.npz,46
/kaggle/input/brats20-data/BraTS20/data/volume_279_slice_88.npz,46
/kaggle/input/brats20-data/BraTS20/data/volume_279_slice_89.npz,99
/kaggle/input/brats20-data/BraTS20/data/volume_279_slice_90.npz,99
/kaggle/input/brats20-data/BraTS20/data/volume_279_slice_91.npz,46
/kaggle/input/brats20-data/BraTS20/data/volume_279_slice_92.npz,46
/kaggle/input/brats20-data/BraTS20/data/volume_279_slice_93.npz,47
/kaggle/input/brats20-data/BraTS20/data/volume_279_slice_94.npz,47
/kaggle/input/brats20-data/BraTS20/data/volume_279_slice_95.npz,47
/kaggle/input/brats20-data/BraTS20/data/volume_279_slice_96.npz,47
/kaggle/input/brats20-data/BraTS20/data/volume_279_slice_97.npz,47
/kaggle/input/brats20-data/BraTS20/data/volume_279_slice_98.npz,47
/kaggle/input/brats20-data/BraTS20/data/volume_279_slice_99.npz,47
/kaggle/input/brats20-data/BraTS20/data/volume_279_slice_100.npz,47
/kaggle/input/brats20-data/BraTS20/data/volume_279_slice_101.npz,5
/kaggle/input/brats20-data/BraTS20/data/volume_279_slice_102.npz,5
/kaggle/input/brats20-data/BraTS20/data/volume_279_slice_103.npz,5
/kaggle/input/brats20-data/BraTS20/data/volume_279_slice_104.npz,56
/kaggle/input/brats20-data/BraTS20/data/volume_279_slice_105.npz,56
/kaggle/input/brats20-data/BraTS20/data/volume_279_slice_106.npz,56
/kaggle/input/brats20-data/BraTS20/data/volume_279_slice_107.npz,56
/kaggle/input/brats20-data/BraTS20/data/volume_279_slice_108.npz,16
/kaggle/input/brats20-data/BraTS20/data/volume_279_slice_109.npz,16
/kaggle/input/brats20-data/BraTS20/data/volume_279_slice_110.npz,16
/kaggle/input/brats20-data/BraTS20/data/volume_279_slice_111.npz,16
/kaggle/input/brats20-data/BraTS20/data/volume_279_slice_112.npz,16
/kaggle/input/brats20-data/BraTS20/data/volume_279_slice_113.npz,70
/kaggle/input/brats20-data/BraTS20/data/volume_279_slice_114.npz,70
/kaggle/input/brats20-data/BraTS20/data/volume_279_slice_115.npz,36
/kaggle/input/brats20-data/BraTS20/data/volume_279_slice_116.npz,36
/kaggle/input/brats20-data/BraTS20/data/volume_279_slice_117.npz,36
/kaggle/input/brats20-data/BraTS20/data/volume_279_slice_118.npz,36
/kaggle/input/brats20-data/BraTS20/data/volume_279_slice_119.npz,52
/kaggle/input/brats20-data/BraTS20/data/volume_279_slice_120.npz,52
/kaggle/input/brats20-data/BraTS20/data/volume_279_slice_121.npz,54
/kaggle/input/brats20-data/BraTS20/data/volume_279_slice_122.npz,44
/kaggle/input/brats20-data/BraTS20/data/volume_279_slice_123.npz,44
/kaggle/input/brats20-data/BraTS20/data/volume_279_slice_124.npz,44
/kaggle/input/brats20-data/BraTS20/data/volume_279_slice_125.npz,85
/kaggle/input/brats20-data/BraTS20/data/volume_279_slice_126.npz,85
/kaggle/input/brats20-data/BraTS20/data/volume_279_slice_127.npz,23
/kaggle/input/brats20-data/BraTS20/data/volume_279_slice_128.npz,23
/kaggle/input/brats20-data/BraTS20/data/volume_232_slice_80.npz,15
/kaggle/input/brats20-data/BraTS20/data/volume_232_slice_81.npz,15
/kaggle/input/brats20-data/BraTS20/data/volume_232_slice_82.npz,15
/kaggle/input/brats20-data/BraTS20/data/volume_232_slice_83.npz,15
/kaggle/input/brats20-data/BraTS20/data/volume_232_slice_84.npz,15
/kaggle/input/brats20-data/BraTS20/data/volume_232_slice_85.npz,15
/kaggle/input/brats20-data/BraTS20/data/volume_232_slice_86.npz,15
/kaggle/input/brats20-data/BraTS20/data/volume_232_slice_87.npz,15
/kaggle/input/brats20-data/BraTS20/data/volume_232_slice_88.npz,15
/kaggle/input/brats20-data/BraTS20/data/volume_232_slice_89.npz,15
/kaggle/input/brats20-data/BraTS20/data/volume_232_slice_90.npz,15
/kaggle/input/brats20-data/BraTS20/data/volume_232_slice_91.npz,50
/kaggle/input/brats20-data/BraTS20/data/volume_232_slice_92.npz,50
/kaggle/input/brats20-data/BraTS20/data/volume_232_slice_93.npz,50
/kaggle/input/brats20-data/BraTS20/data/volume_232_slice_94.npz,50
/kaggle/input/brats20-data/BraTS20/data/volume_232_slice_95.npz,94
/kaggle/input/brats20-data/BraTS20/data/volume_232_slice_96.npz,94
/kaggle/input/brats20-data/BraTS20/data/volume_232_slice_97.npz,94
/kaggle/input/brats20-data/BraTS20/data/volume_232_slice_100.npz,71
/kaggle/input/brats20-data/BraTS20/data/volume_232_slice_101.npz,71
/kaggle/input/brats20-data/BraTS20/data/volume_232_slice_102.npz,71
/kaggle/input/brats20-data/BraTS20/data/volume_232_slice_103.npz,71
/kaggle/input/brats20-data/BraTS20/data/volume_232_slice_104.npz,71
/kaggle/input/brats20-data/BraTS20/data/volume_232_slice_105.npz,71
/kaggle/input/brats20-data/BraTS20/data/volume_232_slice_106.npz,71
/kaggle/input/brats20-data/BraTS20/data/volume_232_slice_107.npz,71
/kaggle/input/brats20-data/BraTS20/data/volume_232_slice_108.npz,29
/kaggle/input/brats20-data/BraTS20/data/volume_232_slice_109.npz,36
/kaggle/input/brats20-data/BraTS20/data/volume_232_slice_110.npz,76
/kaggle/input/brats20-data/BraTS20/data/volume_232_slice_111.npz,36
/kaggle/input/brats20-data/BraTS20/data/volume_232_slice_112.npz,76
/kaggle/input/brats20-data/BraTS20/data/volume_232_slice_113.npz,52
/kaggle/input/brats20-data/BraTS20/data/volume_232_slice_114.npz,52
/kaggle/input/brats20-data/BraTS20/data/volume_232_slice_115.npz,52
/kaggle/input/brats20-data/BraTS20/data/volume_232_slice_116.npz,54
/kaggle/input/brats20-data/BraTS20/data/volume_232_slice_117.npz,69
/kaggle/input/brats20-data/BraTS20/data/volume_232_slice_118.npz,69
/kaggle/input/brats20-data/BraTS20/data/volume_232_slice_119.npz,69
/kaggle/input/brats20-data/BraTS20/data/volume_232_slice_120.npz,69
/kaggle/input/brats20-data/BraTS20/data/volume_232_slice_121.npz,69
/kaggle/input/brats20-data/BraTS20/data/volume_232_slice_122.npz,75
/kaggle/input/brats20-data/BraTS20/data/volume_232_slice_123.npz,75
/kaggle/input/brats20-data/BraTS20/data/volume_232_slice_124.npz,75
/kaggle/input/brats20-data/BraTS20/data/volume_232_slice_125.npz,11
/kaggle/input/brats20-data/BraTS20/data/volume_232_slice_126.npz,11
/kaggle/input/brats20-data/BraTS20/data/volume_232_slice_127.npz,11
/kaggle/input/brats20-data/BraTS20/data/volume_232_slice_128.npz,11
/kaggle/input/brats20-data/BraTS20/data/volume_127_slice_80.npz,1
/kaggle/input/brats20-data/BraTS20/data/volume_127_slice_81.npz,1
/kaggle/input/brats20-data/BraTS20/data/volume_127_slice_82.npz,1
/kaggle/input/brats20-data/BraTS20/data/volume_127_slice_83.npz,1
/kaggle/input/brats20-data/BraTS20/data/volume_127_slice_84.npz,30
/kaggle/input/brats20-data/BraTS20/data/volume_127_slice_85.npz,30
/kaggle/input/brats20-data/BraTS20/data/volume_127_slice_86.npz,30
/kaggle/input/brats20-data/BraTS20/data/volume_127_slice_87.npz,30
/kaggle/input/brats20-data/BraTS20/data/volume_127_slice_88.npz,30
/kaggle/input/brats20-data/BraTS20/data/volume_127_slice_89.npz,30
/kaggle/input/brats20-data/BraTS20/data/volume_127_slice_90.npz,30
/kaggle/input/brats20-data/BraTS20/data/volume_127_slice_91.npz,30
/kaggle/input/brats20-data/BraTS20/data/volume_127_slice_92.npz,15
/kaggle/input/brats20-data/BraTS20/data/volume_127_slice_93.npz,15
/kaggle/input/brats20-data/BraTS20/data/volume_127_slice_94.npz,15
/kaggle/input/brats20-data/BraTS20/data/volume_127_slice_95.npz,15
/kaggle/input/brats20-data/BraTS20/data/volume_127_slice_96.npz,31
/kaggle/input/brats20-data/BraTS20/data/volume_127_slice_97.npz,31
/kaggle/input/brats20-data/BraTS20/data/volume_127_slice_98.npz,31
/kaggle/input/brats20-data/BraTS20/data/volume_127_slice_99.npz,31
/kaggle/input/brats20-data/BraTS20/data/volume_127_slice_100.npz,56
/kaggle/input/brats20-data/BraTS20/data/volume_127_slice_101.npz,56
/kaggle/input/brats20-data/BraTS20/data/volume_127_slice_102.npz,56
/kaggle/input/brats20-data/BraTS20/data/volume_127_slice_103.npz,56
/kaggle/input/brats20-data/BraTS20/data/volume_127_slice_104.npz,2
/kaggle/input/brats20-data/BraTS20/data/volume_127_slice_105.npz,2
/kaggle/input/brats20-data/BraTS20/data/volume_127_slice_106.npz,95
/kaggle/input/brats20-data/BraTS20/data/volume_127_slice_107.npz,95
/kaggle/input/brats20-data/BraTS20/data/volume_127_slice_108.npz,95
/kaggle/input/brats20-data/BraTS20/data/volume_127_slice_109.npz,36
/kaggle/input/brats20-data/BraTS20/data/volume_127_slice_110.npz,36
/kaggle/input/brats20-data/BraTS20/data/volume_127_slice_111.npz,36
/kaggle/input/brats20-data/BraTS20/data/volume_127_slice_112.npz,36
/kaggle/input/brats20-data/BraTS20/data/volume_127_slice_113.npz,36
/kaggle/input/brats20-data/BraTS20/data/volume_127_slice_114.npz,36
/kaggle/input/brats20-data/BraTS20/data/volume_127_slice_115.npz,36
/kaggle/input/brats20-data/BraTS20/data/volume_127_slice_116.npz,63
/kaggle/input/brats20-data/BraTS20/data/volume_127_slice_117.npz,63
/kaggle/input/brats20-data/BraTS20/data/volume_127_slice_118.npz,63
/kaggle/input/brats20-data/BraTS20/data/volume_127_slice_119.npz,44
/kaggle/input/brats20-data/BraTS20/data/volume_127_slice_120.npz,44
/kaggle/input/brats20-data/BraTS20/data/volume_127_slice_121.npz,82
/kaggle/input/brats20-data/BraTS20/data/volume_127_slice_122.npz,82
/kaggle/input/brats20-data/BraTS20/data/volume_127_slice_123.npz,82
/kaggle/input/brats20-data/BraTS20/data/volume_127_slice_124.npz,61
/kaggle/input/brats20-data/BraTS20/data/volume_127_slice_125.npz,61
/kaggle/input/brats20-data/BraTS20/data/volume_127_slice_126.npz,89
/kaggle/input/brats20-data/BraTS20/data/volume_127_slice_127.npz,89
/kaggle/input/brats20-data/BraTS20/data/volume_127_slice_128.npz,83
/kaggle/input/brats20-data/BraTS20/data/volume_327_slice_80.npz,0
/kaggle/input/brats20-data/BraTS20/data/volume_327_slice_81.npz,0
/kaggle/input/brats20-data/BraTS20/data/volume_327_slice_82.npz,0
/kaggle/input/brats20-data/BraTS20/data/volume_327_slice_83.npz,0
/kaggle/input/brats20-data/BraTS20/data/volume_327_slice_84.npz,0
/kaggle/input/brats20-data/BraTS20/data/volume_327_slice_85.npz,0
/kaggle/input/brats20-data/BraTS20/data/volume_327_slice_86.npz,0
/kaggle/input/brats20-data/BraTS20/data/volume_327_slice_87.npz,0
/kaggle/input/brats20-data/BraTS20/data/volume_327_slice_88.npz,0
/kaggle/input/brats20-data/BraTS20/data/volume_327_slice_89.npz,0
/kaggle/input/brats20-data/BraTS20/data/volume_327_slice_90.npz,0
/kaggle/input/brats20-data/BraTS20/data/volume_327_slice_91.npz,0
/kaggle/input/brats20-data/BraTS20/data/volume_327_slice_92.npz,0
/kaggle/input/brats20-data/BraTS20/data/volume_327_slice_93.npz,0
/kaggle/input/brats20-data/BraTS20/data/volume_327_slice_94.npz,0
/kaggle/input/brats20-data/BraTS20/data/volume_327_slice_95.npz,0
/kaggle/input/brats20-data/BraTS20/data/volume_327_slice_96.npz,0
/kaggle/input/brats20-data/BraTS20/data/volume_327_slice_97.npz,0
/kaggle/input/brats20-data/BraTS20/data/volume_327_slice_98.npz,0
/kaggle/input/brats20-data/BraTS20/data/volume_327_slice_99.npz,0
/kaggle/input/brats20-data/BraTS20/data/volume_327_slice_100.npz,53
/kaggle/input/brats20-data/BraTS20/data/volume_327_slice_101.npz,53
/kaggle/input/brats20-data/BraTS20/data/volume_327_slice_102.npz,53
/kaggle/input/brats20-data/BraTS20/data/volume_327_slice_103.npz,53
/kaggle/input/brats20-data/BraTS20/data/volume_327_slice_104.npz,53
/kaggle/input/brats20-data/BraTS20/data/volume_327_slice_105.npz,53
/kaggle/input/brats20-data/BraTS20/data/volume_327_slice_106.npz,53
/kaggle/input/brats20-data/BraTS20/data/volume_327_slice_107.npz,53
/kaggle/input/brats20-data/BraTS20/data/volume_327_slice_108.npz,53
/kaggle/input/brats20-data/BraTS20/data/volume_327_slice_109.npz,53
/kaggle/input/brats20-data/BraTS20/data/volume_327_slice_110.npz,53
/kaggle/input/brats20-data/BraTS20/data/volume_327_slice_111.npz,60
/kaggle/input/brats20-data/BraTS20/data/volume_327_slice_112.npz,60
/kaggle/input/brats20-data/BraTS20/data/volume_327_slice_113.npz,60
/kaggle/input/brats20-data/BraTS20/data/volume_327_slice_114.npz,60
/kaggle/input/brats20-data/BraTS20/data/volume_327_slice_115.npz,60
/kaggle/input/brats20-data/BraTS20/data/volume_327_slice_116.npz,36
/kaggle/input/brats20-data/BraTS20/data/volume_327_slice_117.npz,36
/kaggle/input/brats20-data/BraTS20/data/volume_327_slice_118.npz,36
/kaggle/input/brats20-data/BraTS20/data/volume_327_slice_119.npz,36
/kaggle/input/brats20-data/BraTS20/data/volume_327_slice_120.npz,51
/kaggle/input/brats20-data/BraTS20/data/volume_327_slice_121.npz,44
/kaggle/input/brats20-data/BraTS20/data/volume_327_slice_122.npz,44
/kaggle/input/brats20-data/BraTS20/data/volume_327_slice_123.npz,44
/kaggle/input/brats20-data/BraTS20/data/volume_327_slice_124.npz,44
/kaggle/input/brats20-data/BraTS20/data/volume_327_slice_125.npz,44
/kaggle/input/brats20-data/BraTS20/data/volume_327_slice_126.npz,44
/kaggle/input/brats20-data/BraTS20/data/volume_327_slice_127.npz,78
/kaggle/input/brats20-data/BraTS20/data/volume_80_slice_80.npz,46
/kaggle/input/brats20-data/BraTS20/data/volume_80_slice_81.npz,46
/kaggle/input/brats20-data/BraTS20/data/volume_80_slice_82.npz,46
/kaggle/input/brats20-data/BraTS20/data/volume_80_slice_83.npz,46
/kaggle/input/brats20-data/BraTS20/data/volume_80_slice_84.npz,46
/kaggle/input/brats20-data/BraTS20/data/volume_80_slice_85.npz,46
/kaggle/input/brats20-data/BraTS20/data/volume_80_slice_86.npz,30
/kaggle/input/brats20-data/BraTS20/data/volume_80_slice_87.npz,30
/kaggle/input/brats20-data/BraTS20/data/volume_80_slice_88.npz,30
/kaggle/input/brats20-data/BraTS20/data/volume_80_slice_89.npz,30
/kaggle/input/brats20-data/BraTS20/data/volume_80_slice_90.npz,30
/kaggle/input/brats20-data/BraTS20/data/volume_80_slice_91.npz,30
/kaggle/input/brats20-data/BraTS20/data/volume_80_slice_92.npz,30
/kaggle/input/brats20-data/BraTS20/data/volume_80_slice_93.npz,30
/kaggle/input/brats20-data/BraTS20/data/volume_80_slice_94.npz,30
/kaggle/input/brats20-data/BraTS20/data/volume_80_slice_95.npz,27
/kaggle/input/brats20-data/BraTS20/data/volume_80_slice_96.npz,5
/kaggle/input/brats20-data/BraTS20/data/volume_80_slice_97.npz,5
/kaggle/input/brats20-data/BraTS20/data/volume_80_slice_98.npz,25
/kaggle/input/brats20-data/BraTS20/data/volume_80_slice_99.npz,25
/kaggle/input/brats20-data/BraTS20/data/volume_80_slice_100.npz,16
/kaggle/input/brats20-data/BraTS20/data/volume_80_slice_101.npz,16
/kaggle/input/brats20-data/BraTS20/data/volume_80_slice_102.npz,16
/kaggle/input/brats20-data/BraTS20/data/volume_80_slice_103.npz,16
/kaggle/input/brats20-data/BraTS20/data/volume_80_slice_104.npz,16
/kaggle/input/brats20-data/BraTS20/data/volume_80_slice_105.npz,2
/kaggle/input/brats20-data/BraTS20/data/volume_80_slice_106.npz,2
/kaggle/input/brats20-data/BraTS20/data/volume_80_slice_107.npz,95
/kaggle/input/brats20-data/BraTS20/data/volume_80_slice_108.npz,76
/kaggle/input/brats20-data/BraTS20/data/volume_80_slice_109.npz,76
/kaggle/input/brats20-data/BraTS20/data/volume_80_slice_110.npz,76
/kaggle/input/brats20-data/BraTS20/data/volume_80_slice_111.npz,76
/kaggle/input/brats20-data/BraTS20/data/volume_80_slice_112.npz,76
/kaggle/input/brats20-data/BraTS20/data/volume_80_slice_113.npz,76
/kaggle/input/brats20-data/BraTS20/data/volume_80_slice_114.npz,51
/kaggle/input/brats20-data/BraTS20/data/volume_80_slice_115.npz,98
/kaggle/input/brats20-data/BraTS20/data/volume_80_slice_116.npz,98
/kaggle/input/brats20-data/BraTS20/data/volume_80_slice_117.npz,98
/kaggle/input/brats20-data/BraTS20/data/volume_80_slice_118.npz,98
/kaggle/input/brats20-data/BraTS20/data/volume_80_slice_119.npz,98
/kaggle/input/brats20-data/BraTS20/data/volume_80_slice_120.npz,98
/kaggle/input/brats20-data/BraTS20/data/volume_80_slice_121.npz,98
/kaggle/input/brats20-data/BraTS20/data/volume_80_slice_122.npz,61
/kaggle/input/brats20-data/BraTS20/data/volume_80_slice_123.npz,61
/kaggle/input/brats20-data/BraTS20/data/volume_80_slice_124.npz,61
/kaggle/input/brats20-data/BraTS20/data/volume_80_slice_125.npz,78
/kaggle/input/brats20-data/BraTS20/data/volume_80_slice_126.npz,78
/kaggle/input/brats20-data/BraTS20/data/volume_80_slice_127.npz,89
/kaggle/input/brats20-data/BraTS20/data/volume_80_slice_128.npz,83
/kaggle/input/brats20-data/BraTS20/data/volume_58_slice_80.npz,46
/kaggle/input/brats20-data/BraTS20/data/volume_58_slice_81.npz,46
/kaggle/input/brats20-data/BraTS20/data/volume_58_slice_82.npz,46
/kaggle/input/brats20-data/BraTS20/data/volume_58_slice_83.npz,46
/kaggle/input/brats20-data/BraTS20/data/volume_58_slice_84.npz,46
/kaggle/input/brats20-data/BraTS20/data/volume_58_slice_85.npz,15
/kaggle/input/brats20-data/BraTS20/data/volume_58_slice_86.npz,15
/kaggle/input/brats20-data/BraTS20/data/volume_58_slice_87.npz,15
/kaggle/input/brats20-data/BraTS20/data/volume_58_slice_88.npz,15
/kaggle/input/brats20-data/BraTS20/data/volume_58_slice_89.npz,15
/kaggle/input/brats20-data/BraTS20/data/volume_58_slice_90.npz,15
/kaggle/input/brats20-data/BraTS20/data/volume_58_slice_91.npz,12
/kaggle/input/brats20-data/BraTS20/data/volume_58_slice_92.npz,12
/kaggle/input/brats20-data/BraTS20/data/volume_58_slice_93.npz,50
/kaggle/input/brats20-data/BraTS20/data/volume_58_slice_94.npz,84
/kaggle/input/brats20-data/BraTS20/data/volume_58_slice_95.npz,84
/kaggle/input/brats20-data/BraTS20/data/volume_58_slice_96.npz,84
/kaggle/input/brats20-data/BraTS20/data/volume_58_slice_97.npz,84
/kaggle/input/brats20-data/BraTS20/data/volume_58_slice_98.npz,94
/kaggle/input/brats20-data/BraTS20/data/volume_58_slice_99.npz,94
/kaggle/input/brats20-data/BraTS20/data/volume_58_slice_100.npz,94
/kaggle/input/brats20-data/BraTS20/data/volume_58_slice_101.npz,56
/kaggle/input/brats20-data/BraTS20/data/volume_58_slice_102.npz,56
/kaggle/input/brats20-data/BraTS20/data/volume_58_slice_103.npz,70
/kaggle/input/brats20-data/BraTS20/data/volume_58_slice_104.npz,70
/kaggle/input/brats20-data/BraTS20/data/volume_58_slice_105.npz,70
/kaggle/input/brats20-data/BraTS20/data/volume_58_slice_106.npz,70
/kaggle/input/brats20-data/BraTS20/data/volume_58_slice_107.npz,70
/kaggle/input/brats20-data/BraTS20/data/volume_58_slice_108.npz,70
/kaggle/input/brats20-data/BraTS20/data/volume_58_slice_109.npz,70
/kaggle/input/brats20-data/BraTS20/data/volume_58_slice_110.npz,70
/kaggle/input/brats20-data/BraTS20/data/volume_58_slice_111.npz,70
/kaggle/input/brats20-data/BraTS20/data/volume_58_slice_112.npz,36
/kaggle/input/brats20-data/BraTS20/data/volume_58_slice_113.npz,51
/kaggle/input/brats20-data/BraTS20/data/volume_58_slice_114.npz,51
/kaggle/input/brats20-data/BraTS20/data/volume_58_slice_115.npz,51
/kaggle/input/brats20-data/BraTS20/data/volume_58_slice_116.npz,51
/kaggle/input/brats20-data/BraTS20/data/volume_58_slice_117.npz,51
/kaggle/input/brats20-data/BraTS20/data/volume_58_slice_118.npz,98
/kaggle/input/brats20-data/BraTS20/data/volume_58_slice_119.npz,98
/kaggle/input/brats20-data/BraTS20/data/volume_58_slice_120.npz,98
/kaggle/input/brats20-data/BraTS20/data/volume_58_slice_121.npz,82
/kaggle/input/brats20-data/BraTS20/data/volume_58_slice_122.npz,82
/kaggle/input/brats20-data/BraTS20/data/volume_58_slice_123.npz,82
/kaggle/input/brats20-data/BraTS20/data/volume_58_slice_124.npz,61
/kaggle/input/brats20-data/BraTS20/data/volume_58_slice_125.npz,61
/kaggle/input/brats20-data/BraTS20/data/volume_58_slice_126.npz,61
/kaggle/input/brats20-data/BraTS20/data/volume_58_slice_127.npz,83
/kaggle/input/brats20-data/BraTS20/data/volume_58_slice_128.npz,83
/kaggle/input/brats20-data/BraTS20/data/volume_353_slice_81.npz,80
/kaggle/input/brats20-data/BraTS20/data/volume_353_slice_82.npz,80
/kaggle/input/brats20-data/BraTS20/data/volume_353_slice_83.npz,80
/kaggle/input/brats20-data/BraTS20/data/volume_353_slice_84.npz,80
/kaggle/input/brats20-data/BraTS20/data/volume_353_slice_85.npz,80
/kaggle/input/brats20-data/BraTS20/data/volume_353_slice_86.npz,80
/kaggle/input/brats20-data/BraTS20/data/volume_353_slice_87.npz,80
/kaggle/input/brats20-data/BraTS20/data/volume_353_slice_88.npz,80
/kaggle/input/brats20-data/BraTS20/data/volume_353_slice_89.npz,80
/kaggle/input/brats20-data/BraTS20/data/volume_353_slice_90.npz,80
/kaggle/input/brats20-data/BraTS20/data/volume_353_slice_91.npz,84
/kaggle/input/brats20-data/BraTS20/data/volume_353_slice_92.npz,84
/kaggle/input/brats20-data/BraTS20/data/volume_353_slice_93.npz,84
/kaggle/input/brats20-data/BraTS20/data/volume_353_slice_94.npz,84
/kaggle/input/brats20-data/BraTS20/data/volume_353_slice_95.npz,84
/kaggle/input/brats20-data/BraTS20/data/volume_353_slice_96.npz,84
/kaggle/input/brats20-data/BraTS20/data/volume_353_slice_97.npz,84
/kaggle/input/brats20-data/BraTS20/data/volume_353_slice_98.npz,84
/kaggle/input/brats20-data/BraTS20/data/volume_353_slice_99.npz,94
/kaggle/input/brats20-data/BraTS20/data/volume_353_slice_100.npz,94
/kaggle/input/brats20-data/BraTS20/data/volume_353_slice_101.npz,94
/kaggle/input/brats20-data/BraTS20/data/volume_353_slice_102.npz,94
/kaggle/input/brats20-data/BraTS20/data/volume_353_slice_103.npz,94
/kaggle/input/brats20-data/BraTS20/data/volume_353_slice_104.npz,94
/kaggle/input/brats20-data/BraTS20/data/volume_353_slice_105.npz,16
/kaggle/input/brats20-data/BraTS20/data/volume_353_slice_106.npz,16
/kaggle/input/brats20-data/BraTS20/data/volume_353_slice_107.npz,16
/kaggle/input/brats20-data/BraTS20/data/volume_353_slice_108.npz,2
/kaggle/input/brats20-data/BraTS20/data/volume_353_slice_109.npz,77
/kaggle/input/brats20-data/BraTS20/data/volume_353_slice_110.npz,77
/kaggle/input/brats20-data/BraTS20/data/volume_353_slice_111.npz,77
/kaggle/input/brats20-data/BraTS20/data/volume_353_slice_112.npz,77
/kaggle/input/brats20-data/BraTS20/data/volume_353_slice_113.npz,77
/kaggle/input/brats20-data/BraTS20/data/volume_353_slice_114.npz,77
/kaggle/input/brats20-data/BraTS20/data/volume_353_slice_115.npz,77
/kaggle/input/brats20-data/BraTS20/data/volume_353_slice_116.npz,77
/kaggle/input/brats20-data/BraTS20/data/volume_353_slice_117.npz,77
/kaggle/input/brats20-data/BraTS20/data/volume_353_slice_118.npz,77
/kaggle/input/brats20-data/BraTS20/data/volume_353_slice_119.npz,98
/kaggle/input/brats20-data/BraTS20/data/volume_353_slice_120.npz,98
/kaggle/input/brats20-data/BraTS20/data/volume_353_slice_121.npz,98
/kaggle/input/brats20-data/BraTS20/data/volume_353_slice_122.npz,82
/kaggle/input/brats20-data/BraTS20/data/volume_353_slice_123.npz,61
/kaggle/input/brats20-data/BraTS20/data/volume_353_slice_124.npz,61
/kaggle/input/brats20-data/BraTS20/data/volume_353_slice_125.npz,61
/kaggle/input/brats20-data/BraTS20/data/volume_353_slice_126.npz,61
/kaggle/input/brats20-data/BraTS20/data/volume_353_slice_127.npz,83
/kaggle/input/brats20-data/BraTS20/data/volume_353_slice_128.npz,83
/kaggle/input/brats20-data/BraTS20/data/volume_189_slice_80.npz,0
/kaggle/input/brats20-data/BraTS20/data/volume_189_slice_81.npz,80
/kaggle/input/brats20-data/BraTS20/data/volume_189_slice_82.npz,80
/kaggle/input/brats20-data/BraTS20/data/volume_189_slice_83.npz,80
/kaggle/input/brats20-data/BraTS20/data/volume_189_slice_84.npz,99
/kaggle/input/brats20-data/BraTS20/data/volume_189_slice_85.npz,99
/kaggle/input/brats20-data/BraTS20/data/volume_189_slice_86.npz,38
/kaggle/input/brats20-data/BraTS20/data/volume_189_slice_87.npz,38
/kaggle/input/brats20-data/BraTS20/data/volume_189_slice_88.npz,53
/kaggle/input/brats20-data/BraTS20/data/volume_189_slice_89.npz,53
/kaggle/input/brats20-data/BraTS20/data/volume_189_slice_90.npz,53
/kaggle/input/brats20-data/BraTS20/data/volume_189_slice_91.npz,53
/kaggle/input/brats20-data/BraTS20/data/volume_189_slice_92.npz,53
/kaggle/input/brats20-data/BraTS20/data/volume_189_slice_93.npz,53
/kaggle/input/brats20-data/BraTS20/data/volume_189_slice_94.npz,53
/kaggle/input/brats20-data/BraTS20/data/volume_189_slice_95.npz,53
/kaggle/input/brats20-data/BraTS20/data/volume_189_slice_96.npz,53
/kaggle/input/brats20-data/BraTS20/data/volume_189_slice_97.npz,60
/kaggle/input/brats20-data/BraTS20/data/volume_189_slice_98.npz,45
/kaggle/input/brats20-data/BraTS20/data/volume_189_slice_99.npz,45
/kaggle/input/brats20-data/BraTS20/data/volume_189_slice_100.npz,14
/kaggle/input/brats20-data/BraTS20/data/volume_189_slice_101.npz,14
/kaggle/input/brats20-data/BraTS20/data/volume_189_slice_102.npz,14
/kaggle/input/brats20-data/BraTS20/data/volume_189_slice_103.npz,14
/kaggle/input/brats20-data/BraTS20/data/volume_189_slice_104.npz,14
/kaggle/input/brats20-data/BraTS20/data/volume_189_slice_105.npz,14
/kaggle/input/brats20-data/BraTS20/data/volume_189_slice_106.npz,14
/kaggle/input/brats20-data/BraTS20/data/volume_189_slice_107.npz,14
/kaggle/input/brats20-data/BraTS20/data/volume_189_slice_108.npz,14
/kaggle/input/brats20-data/BraTS20/data/volume_189_slice_109.npz,14
/kaggle/input/brats20-data/BraTS20/data/volume_189_slice_110.npz,14
/kaggle/input/brats20-data/BraTS20/data/volume_189_slice_111.npz,14
/kaggle/input/brats20-data/BraTS20/data/volume_189_slice_112.npz,14
/kaggle/input/brats20-data/BraTS20/data/volume_189_slice_113.npz,14
/kaggle/input/brats20-data/BraTS20/data/volume_189_slice_114.npz,14
/kaggle/input/brats20-data/BraTS20/data/volume_189_slice_115.npz,14
/kaggle/input/brats20-data/BraTS20/data/volume_189_slice_116.npz,14
/kaggle/input/brats20-data/BraTS20/data/volume_189_slice_117.npz,44
/kaggle/input/brats20-data/BraTS20/data/volume_189_slice_118.npz,44
/kaggle/input/brats20-data/BraTS20/data/volume_189_slice_119.npz,62
/kaggle/input/brats20-data/BraTS20/data/volume_189_slice_120.npz,62
/kaggle/input/brats20-data/BraTS20/data/volume_189_slice_121.npz,62
/kaggle/input/brats20-data/BraTS20/data/volume_189_slice_122.npz,62
/kaggle/input/brats20-data/BraTS20/data/volume_189_slice_123.npz,62
/kaggle/input/brats20-data/BraTS20/data/volume_189_slice_124.npz,62
/kaggle/input/brats20-data/BraTS20/data/volume_189_slice_125.npz,75
/kaggle/input/brats20-data/BraTS20/data/volume_189_slice_126.npz,75
/kaggle/input/brats20-data/BraTS20/data/volume_189_slice_127.npz,83
/kaggle/input/brats20-data/BraTS20/data/volume_189_slice_128.npz,43
/kaggle/input/brats20-data/BraTS20/data/volume_44_slice_80.npz,46
/kaggle/input/brats20-data/BraTS20/data/volume_44_slice_81.npz,46
/kaggle/input/brats20-data/BraTS20/data/volume_44_slice_82.npz,46
/kaggle/input/brats20-data/BraTS20/data/volume_44_slice_83.npz,46
/kaggle/input/brats20-data/BraTS20/data/volume_44_slice_84.npz,46
/kaggle/input/brats20-data/BraTS20/data/volume_44_slice_85.npz,46
/kaggle/input/brats20-data/BraTS20/data/volume_44_slice_86.npz,46
/kaggle/input/brats20-data/BraTS20/data/volume_44_slice_87.npz,19
/kaggle/input/brats20-data/BraTS20/data/volume_44_slice_88.npz,19
/kaggle/input/brats20-data/BraTS20/data/volume_44_slice_89.npz,19
/kaggle/input/brats20-data/BraTS20/data/volume_44_slice_90.npz,19
/kaggle/input/brats20-data/BraTS20/data/volume_44_slice_91.npz,45
/kaggle/input/brats20-data/BraTS20/data/volume_44_slice_92.npz,57
/kaggle/input/brats20-data/BraTS20/data/volume_44_slice_93.npz,57
/kaggle/input/brats20-data/BraTS20/data/volume_44_slice_94.npz,45
/kaggle/input/brats20-data/BraTS20/data/volume_44_slice_95.npz,45
/kaggle/input/brats20-data/BraTS20/data/volume_44_slice_96.npz,45
/kaggle/input/brats20-data/BraTS20/data/volume_44_slice_97.npz,45
/kaggle/input/brats20-data/BraTS20/data/volume_44_slice_98.npz,37
/kaggle/input/brats20-data/BraTS20/data/volume_44_slice_99.npz,37
/kaggle/input/brats20-data/BraTS20/data/volume_44_slice_100.npz,37
/kaggle/input/brats20-data/BraTS20/data/volume_44_slice_101.npz,37
/kaggle/input/brats20-data/BraTS20/data/volume_44_slice_102.npz,37
/kaggle/input/brats20-data/BraTS20/data/volume_44_slice_103.npz,37
/kaggle/input/brats20-data/BraTS20/data/volume_44_slice_104.npz,37
/kaggle/input/brats20-data/BraTS20/data/volume_44_slice_105.npz,37
/kaggle/input/brats20-data/BraTS20/data/volume_44_slice_106.npz,37
/kaggle/input/brats20-data/BraTS20/data/volume_44_slice_107.npz,37
/kaggle/input/brats20-data/BraTS20/data/volume_44_slice_108.npz,2
/kaggle/input/brats20-data/BraTS20/data/volume_44_slice_109.npz,2
/kaggle/input/brats20-data/BraTS20/data/volume_44_slice_110.npz,2
/kaggle/input/brats20-data/BraTS20/data/volume_44_slice_111.npz,2
/kaggle/input/brats20-data/BraTS20/data/volume_44_slice_112.npz,76
/kaggle/input/brats20-data/BraTS20/data/volume_44_slice_113.npz,76
/kaggle/input/brats20-data/BraTS20/data/volume_44_slice_114.npz,76
/kaggle/input/brats20-data/BraTS20/data/volume_44_slice_115.npz,76
/kaggle/input/brats20-data/BraTS20/data/volume_44_slice_116.npz,86
/kaggle/input/brats20-data/BraTS20/data/volume_44_slice_117.npz,90
/kaggle/input/brats20-data/BraTS20/data/volume_44_slice_118.npz,90
/kaggle/input/brats20-data/BraTS20/data/volume_44_slice_119.npz,63
/kaggle/input/brats20-data/BraTS20/data/volume_44_slice_120.npz,63
/kaggle/input/brats20-data/BraTS20/data/volume_44_slice_121.npz,39
/kaggle/input/brats20-data/BraTS20/data/volume_44_slice_122.npz,62
/kaggle/input/brats20-data/BraTS20/data/volume_44_slice_123.npz,62
/kaggle/input/brats20-data/BraTS20/data/volume_44_slice_124.npz,89
/kaggle/input/brats20-data/BraTS20/data/volume_44_slice_125.npz,89
/kaggle/input/brats20-data/BraTS20/data/volume_44_slice_126.npz,89
/kaggle/input/brats20-data/BraTS20/data/volume_44_slice_127.npz,89
/kaggle/input/brats20-data/BraTS20/data/volume_44_slice_128.npz,89
/kaggle/input/brats20-data/BraTS20/data/volume_164_slice_80.npz,35
/kaggle/input/brats20-data/BraTS20/data/volume_164_slice_81.npz,35
/kaggle/input/brats20-data/BraTS20/data/volume_164_slice_82.npz,35
/kaggle/input/brats20-data/BraTS20/data/volume_164_slice_83.npz,35
/kaggle/input/brats20-data/BraTS20/data/volume_164_slice_84.npz,35
/kaggle/input/brats20-data/BraTS20/data/volume_164_slice_85.npz,35
/kaggle/input/brats20-data/BraTS20/data/volume_164_slice_86.npz,35
/kaggle/input/brats20-data/BraTS20/data/volume_164_slice_87.npz,35
/kaggle/input/brats20-data/BraTS20/data/volume_164_slice_88.npz,35
/kaggle/input/brats20-data/BraTS20/data/volume_164_slice_89.npz,35
/kaggle/input/brats20-data/BraTS20/data/volume_164_slice_90.npz,31
/kaggle/input/brats20-data/BraTS20/data/volume_164_slice_91.npz,31
/kaggle/input/brats20-data/BraTS20/data/volume_164_slice_92.npz,31
/kaggle/input/brats20-data/BraTS20/data/volume_164_slice_93.npz,31
/kaggle/input/brats20-data/BraTS20/data/volume_164_slice_94.npz,31
/kaggle/input/brats20-data/BraTS20/data/volume_164_slice_95.npz,31
/kaggle/input/brats20-data/BraTS20/data/volume_164_slice_96.npz,31
/kaggle/input/brats20-data/BraTS20/data/volume_164_slice_97.npz,31
/kaggle/input/brats20-data/BraTS20/data/volume_164_slice_98.npz,31
/kaggle/input/brats20-data/BraTS20/data/volume_164_slice_99.npz,31
/kaggle/input/brats20-data/BraTS20/data/volume_164_slice_100.npz,31
/kaggle/input/brats20-data/BraTS20/data/volume_164_slice_101.npz,31
/kaggle/input/brats20-data/BraTS20/data/volume_164_slice_102.npz,2
/kaggle/input/brats20-data/BraTS20/data/volume_164_slice_103.npz,36
/kaggle/input/brats20-data/BraTS20/data/volume_164_slice_104.npz,36
/kaggle/input/brats20-data/BraTS20/data/volume_164_slice_105.npz,36
/kaggle/input/brats20-data/BraTS20/data/volume_164_slice_106.npz,36
/kaggle/input/brats20-data/BraTS20/data/volume_164_slice_107.npz,66
/kaggle/input/brats20-data/BraTS20/data/volume_164_slice_108.npz,66
/kaggle/input/brats20-data/BraTS20/data/volume_164_slice_109.npz,90
/kaggle/input/brats20-data/BraTS20/data/volume_164_slice_110.npz,90
/kaggle/input/brats20-data/BraTS20/data/volume_164_slice_111.npz,90
/kaggle/input/brats20-data/BraTS20/data/volume_164_slice_112.npz,39
/kaggle/input/brats20-data/BraTS20/data/volume_164_slice_113.npz,39
/kaggle/input/brats20-data/BraTS20/data/volume_164_slice_114.npz,39
/kaggle/input/brats20-data/BraTS20/data/volume_164_slice_115.npz,39
/kaggle/input/brats20-data/BraTS20/data/volume_164_slice_116.npz,39
/kaggle/input/brats20-data/BraTS20/data/volume_164_slice_117.npz,82
/kaggle/input/brats20-data/BraTS20/data/volume_164_slice_118.npz,82
/kaggle/input/brats20-data/BraTS20/data/volume_164_slice_119.npz,75
/kaggle/input/brats20-data/BraTS20/data/volume_164_slice_120.npz,75
/kaggle/input/brats20-data/BraTS20/data/volume_164_slice_121.npz,75
/kaggle/input/brats20-data/BraTS20/data/volume_164_slice_122.npz,75
/kaggle/input/brats20-data/BraTS20/data/volume_164_slice_123.npz,75
/kaggle/input/brats20-data/BraTS20/data/volume_164_slice_124.npz,75
/kaggle/input/brats20-data/BraTS20/data/volume_164_slice_125.npz,75
/kaggle/input/brats20-data/BraTS20/data/volume_164_slice_126.npz,75
/kaggle/input/brats20-data/BraTS20/data/volume_164_slice_127.npz,43
/kaggle/input/brats20-data/BraTS20/data/volume_360_slice_80.npz,48
/kaggle/input/brats20-data/BraTS20/data/volume_360_slice_81.npz,48
/kaggle/input/brats20-data/BraTS20/data/volume_360_slice_82.npz,38
/kaggle/input/brats20-data/BraTS20/data/volume_360_slice_83.npz,38
/kaggle/input/brats20-data/BraTS20/data/volume_360_slice_84.npz,38
/kaggle/input/brats20-data/BraTS20/data/volume_360_slice_85.npz,38
/kaggle/input/brats20-data/BraTS20/data/volume_360_slice_86.npz,38
/kaggle/input/brats20-data/BraTS20/data/volume_360_slice_87.npz,38
/kaggle/input/brats20-data/BraTS20/data/volume_360_slice_88.npz,38
/kaggle/input/brats20-data/BraTS20/data/volume_360_slice_89.npz,38
/kaggle/input/brats20-data/BraTS20/data/volume_360_slice_90.npz,38
/kaggle/input/brats20-data/BraTS20/data/volume_360_slice_91.npz,41
/kaggle/input/brats20-data/BraTS20/data/volume_360_slice_92.npz,41
/kaggle/input/brats20-data/BraTS20/data/volume_360_slice_93.npz,46
/kaggle/input/brats20-data/BraTS20/data/volume_360_slice_94.npz,30
/kaggle/input/brats20-data/BraTS20/data/volume_360_slice_95.npz,30
/kaggle/input/brats20-data/BraTS20/data/volume_360_slice_96.npz,20
/kaggle/input/brats20-data/BraTS20/data/volume_360_slice_97.npz,20
/kaggle/input/brats20-data/BraTS20/data/volume_360_slice_98.npz,20
/kaggle/input/brats20-data/BraTS20/data/volume_360_slice_99.npz,20
/kaggle/input/brats20-data/BraTS20/data/volume_360_slice_100.npz,20
/kaggle/input/brats20-data/BraTS20/data/volume_360_slice_101.npz,20
/kaggle/input/brats20-data/BraTS20/data/volume_360_slice_102.npz,20
/kaggle/input/brats20-data/BraTS20/data/volume_360_slice_103.npz,16
/kaggle/input/brats20-data/BraTS20/data/volume_360_slice_104.npz,16
/kaggle/input/brats20-data/BraTS20/data/volume_360_slice_105.npz,16
/kaggle/input/brats20-data/BraTS20/data/volume_360_slice_106.npz,16
/kaggle/input/brats20-data/BraTS20/data/volume_360_slice_107.npz,16
/kaggle/input/brats20-data/BraTS20/data/volume_360_slice_108.npz,16
/kaggle/input/brats20-data/BraTS20/data/volume_360_slice_109.npz,16
/kaggle/input/brats20-data/BraTS20/data/volume_360_slice_110.npz,16
/kaggle/input/brats20-data/BraTS20/data/volume_360_slice_111.npz,14
/kaggle/input/brats20-data/BraTS20/data/volume_360_slice_112.npz,14
/kaggle/input/brats20-data/BraTS20/data/volume_360_slice_113.npz,14
/kaggle/input/brats20-data/BraTS20/data/volume_360_slice_114.npz,14
/kaggle/input/brats20-data/BraTS20/data/volume_360_slice_115.npz,14
/kaggle/input/brats20-data/BraTS20/data/volume_360_slice_116.npz,14
/kaggle/input/brats20-data/BraTS20/data/volume_360_slice_117.npz,14
/kaggle/input/brats20-data/BraTS20/data/volume_360_slice_118.npz,14
/kaggle/input/brats20-data/BraTS20/data/volume_360_slice_119.npz,14
/kaggle/input/brats20-data/BraTS20/data/volume_360_slice_120.npz,14
/kaggle/input/brats20-data/BraTS20/data/volume_360_slice_121.npz,63
/kaggle/input/brats20-data/BraTS20/data/volume_360_slice_122.npz,63
/kaggle/input/brats20-data/BraTS20/data/volume_360_slice_123.npz,44
/kaggle/input/brats20-data/BraTS20/data/volume_360_slice_124.npz,44
/kaggle/input/brats20-data/BraTS20/data/volume_360_slice_125.npz,44
/kaggle/input/brats20-data/BraTS20/data/volume_360_slice_126.npz,44
/kaggle/input/brats20-data/BraTS20/data/volume_360_slice_127.npz,85
/kaggle/input/brats20-data/BraTS20/data/volume_360_slice_128.npz,85
/kaggle/input/brats20-data/BraTS20/data/volume_282_slice_80.npz,53
/kaggle/input/brats20-data/BraTS20/data/volume_282_slice_81.npz,53
/kaggle/input/brats20-data/BraTS20/data/volume_282_slice_82.npz,53
/kaggle/input/brats20-data/BraTS20/data/volume_282_slice_83.npz,53
/kaggle/input/brats20-data/BraTS20/data/volume_282_slice_84.npz,53
/kaggle/input/brats20-data/BraTS20/data/volume_282_slice_85.npz,53
/kaggle/input/brats20-data/BraTS20/data/volume_282_slice_86.npz,53
/kaggle/input/brats20-data/BraTS20/data/volume_282_slice_87.npz,53
/kaggle/input/brats20-data/BraTS20/data/volume_282_slice_88.npz,53
/kaggle/input/brats20-data/BraTS20/data/volume_282_slice_89.npz,53
/kaggle/input/brats20-data/BraTS20/data/volume_282_slice_90.npz,53
/kaggle/input/brats20-data/BraTS20/data/volume_282_slice_91.npz,53
/kaggle/input/brats20-data/BraTS20/data/volume_282_slice_92.npz,53
/kaggle/input/brats20-data/BraTS20/data/volume_282_slice_93.npz,53
/kaggle/input/brats20-data/BraTS20/data/volume_282_slice_94.npz,53
/kaggle/input/brats20-data/BraTS20/data/volume_282_slice_95.npz,4
/kaggle/input/brats20-data/BraTS20/data/volume_282_slice_96.npz,4
/kaggle/input/brats20-data/BraTS20/data/volume_282_slice_97.npz,4
/kaggle/input/brats20-data/BraTS20/data/volume_282_slice_98.npz,4
/kaggle/input/brats20-data/BraTS20/data/volume_282_slice_99.npz,4
/kaggle/input/brats20-data/BraTS20/data/volume_282_slice_100.npz,4
/kaggle/input/brats20-data/BraTS20/data/volume_282_slice_101.npz,4
/kaggle/input/brats20-data/BraTS20/data/volume_282_slice_102.npz,4
/kaggle/input/brats20-data/BraTS20/data/volume_282_slice_103.npz,4
/kaggle/input/brats20-data/BraTS20/data/volume_282_slice_104.npz,4
/kaggle/input/brats20-data/BraTS20/data/volume_282_slice_105.npz,4
/kaggle/input/brats20-data/BraTS20/data/volume_282_slice_106.npz,55
/kaggle/input/brats20-data/BraTS20/data/volume_282_slice_107.npz,36
/kaggle/input/brats20-data/BraTS20/data/volume_282_slice_108.npz,36
/kaggle/input/brats20-data/BraTS20/data/volume_282_slice_109.npz,36
/kaggle/input/brats20-data/BraTS20/data/volume_282_slice_110.npz,36
/kaggle/input/brats20-data/BraTS20/data/volume_282_slice_111.npz,36
/kaggle/input/brats20-data/BraTS20/data/volume_282_slice_112.npz,36
/kaggle/input/brats20-data/BraTS20/data/volume_282_slice_113.npz,51
/kaggle/input/brats20-data/BraTS20/data/volume_282_slice_114.npz,64
/kaggle/input/brats20-data/BraTS20/data/volume_282_slice_115.npz,64
/kaggle/input/brats20-data/BraTS20/data/volume_282_slice_116.npz,64
/kaggle/input/brats20-data/BraTS20/data/volume_282_slice_117.npz,64
/kaggle/input/brats20-data/BraTS20/data/volume_282_slice_118.npz,64
/kaggle/input/brats20-data/BraTS20/data/volume_282_slice_119.npz,64
/kaggle/input/brats20-data/BraTS20/data/volume_282_slice_120.npz,64
/kaggle/input/brats20-data/BraTS20/data/volume_282_slice_121.npz,64
/kaggle/input/brats20-data/BraTS20/data/volume_282_slice_122.npz,64
/kaggle/input/brats20-data/BraTS20/data/volume_282_slice_123.npz,87
/kaggle/input/brats20-data/BraTS20/data/volume_282_slice_124.npz,87
/kaggle/input/brats20-data/BraTS20/data/volume_282_slice_125.npz,78
/kaggle/input/brats20-data/BraTS20/data/volume_282_slice_126.npz,78
/kaggle/input/brats20-data/BraTS20/data/volume_282_slice_127.npz,78
/kaggle/input/brats20-data/BraTS20/data/volume_282_slice_128.npz,83
/kaggle/input/brats20-data/BraTS20/data/volume_351_slice_80.npz,46
/kaggle/input/brats20-data/BraTS20/data/volume_351_slice_81.npz,46
/kaggle/input/brats20-data/BraTS20/data/volume_351_slice_82.npz,19
/kaggle/input/brats20-data/BraTS20/data/volume_351_slice_83.npz,19
/kaggle/input/brats20-data/BraTS20/data/volume_351_slice_84.npz,19
/kaggle/input/brats20-data/BraTS20/data/volume_351_slice_85.npz,19
/kaggle/input/brats20-data/BraTS20/data/volume_351_slice_86.npz,19
/kaggle/input/brats20-data/BraTS20/data/volume_351_slice_87.npz,19
/kaggle/input/brats20-data/BraTS20/data/volume_351_slice_88.npz,19
/kaggle/input/brats20-data/BraTS20/data/volume_351_slice_89.npz,9
/kaggle/input/brats20-data/BraTS20/data/volume_351_slice_90.npz,9
/kaggle/input/brats20-data/BraTS20/data/volume_351_slice_91.npz,9
/kaggle/input/brats20-data/BraTS20/data/volume_351_slice_92.npz,19
/kaggle/input/brats20-data/BraTS20/data/volume_351_slice_93.npz,19
/kaggle/input/brats20-data/BraTS20/data/volume_351_slice_94.npz,84
/kaggle/input/brats20-data/BraTS20/data/volume_351_slice_95.npz,84
/kaggle/input/brats20-data/BraTS20/data/volume_351_slice_96.npz,84
/kaggle/input/brats20-data/BraTS20/data/volume_351_slice_97.npz,84
/kaggle/input/brats20-data/BraTS20/data/volume_351_slice_98.npz,84
/kaggle/input/brats20-data/BraTS20/data/volume_351_slice_99.npz,94
/kaggle/input/brats20-data/BraTS20/data/volume_351_slice_100.npz,94
/kaggle/input/brats20-data/BraTS20/data/volume_351_slice_101.npz,94
/kaggle/input/brats20-data/BraTS20/data/volume_351_slice_102.npz,94
/kaggle/input/brats20-data/BraTS20/data/volume_351_slice_103.npz,16
/kaggle/input/brats20-data/BraTS20/data/volume_351_slice_104.npz,16
/kaggle/input/brats20-data/BraTS20/data/volume_351_slice_105.npz,16
/kaggle/input/brats20-data/BraTS20/data/volume_351_slice_106.npz,16
/kaggle/input/brats20-data/BraTS20/data/volume_351_slice_107.npz,2
/kaggle/input/brats20-data/BraTS20/data/volume_351_slice_108.npz,2
/kaggle/input/brats20-data/BraTS20/data/volume_351_slice_109.npz,2
/kaggle/input/brats20-data/BraTS20/data/volume_351_slice_110.npz,2
/kaggle/input/brats20-data/BraTS20/data/volume_351_slice_111.npz,2
/kaggle/input/brats20-data/BraTS20/data/volume_351_slice_112.npz,2
/kaggle/input/brats20-data/BraTS20/data/volume_351_slice_113.npz,77
/kaggle/input/brats20-data/BraTS20/data/volume_351_slice_114.npz,77
/kaggle/input/brats20-data/BraTS20/data/volume_351_slice_115.npz,77
/kaggle/input/brats20-data/BraTS20/data/volume_351_slice_116.npz,77
/kaggle/input/brats20-data/BraTS20/data/volume_351_slice_117.npz,63
/kaggle/input/brats20-data/BraTS20/data/volume_351_slice_118.npz,63
/kaggle/input/brats20-data/BraTS20/data/volume_351_slice_119.npz,63
/kaggle/input/brats20-data/BraTS20/data/volume_351_slice_120.npz,63
/kaggle/input/brats20-data/BraTS20/data/volume_351_slice_121.npz,63
/kaggle/input/brats20-data/BraTS20/data/volume_351_slice_122.npz,63
/kaggle/input/brats20-data/BraTS20/data/volume_351_slice_123.npz,61
/kaggle/input/brats20-data/BraTS20/data/volume_351_slice_124.npz,61
/kaggle/input/brats20-data/BraTS20/data/volume_351_slice_125.npz,61
/kaggle/input/brats20-data/BraTS20/data/volume_351_slice_126.npz,61
/kaggle/input/brats20-data/BraTS20/data/volume_351_slice_127.npz,89
/kaggle/input/brats20-data/BraTS20/data/volume_351_slice_128.npz,89
/kaggle/input/brats20-data/BraTS20/data/volume_355_slice_80.npz,26
/kaggle/input/brats20-data/BraTS20/data/volume_355_slice_81.npz,26
/kaggle/input/brats20-data/BraTS20/data/volume_355_slice_82.npz,26
/kaggle/input/brats20-data/BraTS20/data/volume_355_slice_83.npz,26
/kaggle/input/brats20-data/BraTS20/data/volume_355_slice_84.npz,26
/kaggle/input/brats20-data/BraTS20/data/volume_355_slice_85.npz,26
/kaggle/input/brats20-data/BraTS20/data/volume_355_slice_86.npz,26
/kaggle/input/brats20-data/BraTS20/data/volume_355_slice_87.npz,17
/kaggle/input/brats20-data/BraTS20/data/volume_355_slice_88.npz,17
/kaggle/input/brats20-data/BraTS20/data/volume_355_slice_89.npz,17
/kaggle/input/brats20-data/BraTS20/data/volume_355_slice_90.npz,17
/kaggle/input/brats20-data/BraTS20/data/volume_355_slice_91.npz,17
/kaggle/input/brats20-data/BraTS20/data/volume_355_slice_92.npz,17
/kaggle/input/brats20-data/BraTS20/data/volume_355_slice_93.npz,17
/kaggle/input/brats20-data/BraTS20/data/volume_355_slice_94.npz,17
/kaggle/input/brats20-data/BraTS20/data/volume_355_slice_95.npz,17
/kaggle/input/brats20-data/BraTS20/data/volume_355_slice_96.npz,17
/kaggle/input/brats20-data/BraTS20/data/volume_355_slice_97.npz,17
/kaggle/input/brats20-data/BraTS20/data/volume_355_slice_98.npz,17
/kaggle/input/brats20-data/BraTS20/data/volume_355_slice_99.npz,17
/kaggle/input/brats20-data/BraTS20/data/volume_355_slice_100.npz,3
/kaggle/input/brats20-data/BraTS20/data/volume_355_slice_101.npz,14
/kaggle/input/brats20-data/BraTS20/data/volume_355_slice_102.npz,14
/kaggle/input/brats20-data/BraTS20/data/volume_355_slice_103.npz,36
/kaggle/input/brats20-data/BraTS20/data/volume_355_slice_104.npz,36
/kaggle/input/brats20-data/BraTS20/data/volume_355_slice_105.npz,36
/kaggle/input/brats20-data/BraTS20/data/volume_355_slice_106.npz,36
/kaggle/input/brats20-data/BraTS20/data/volume_355_slice_107.npz,36
/kaggle/input/brats20-data/BraTS20/data/volume_355_slice_108.npz,36
/kaggle/input/brats20-data/BraTS20/data/volume_355_slice_109.npz,36
/kaggle/input/brats20-data/BraTS20/data/volume_355_slice_110.npz,86
/kaggle/input/brats20-data/BraTS20/data/volume_355_slice_111.npz,86
/kaggle/input/brats20-data/BraTS20/data/volume_355_slice_112.npz,90
/kaggle/input/brats20-data/BraTS20/data/volume_355_slice_113.npz,39
/kaggle/input/brats20-data/BraTS20/data/volume_355_slice_114.npz,39
/kaggle/input/brats20-data/BraTS20/data/volume_355_slice_115.npz,39
/kaggle/input/brats20-data/BraTS20/data/volume_355_slice_116.npz,39
/kaggle/input/brats20-data/BraTS20/data/volume_355_slice_117.npz,39
/kaggle/input/brats20-data/BraTS20/data/volume_355_slice_118.npz,39
/kaggle/input/brats20-data/BraTS20/data/volume_355_slice_119.npz,62
/kaggle/input/brats20-data/BraTS20/data/volume_355_slice_120.npz,62
/kaggle/input/brats20-data/BraTS20/data/volume_355_slice_121.npz,62
/kaggle/input/brats20-data/BraTS20/data/volume_355_slice_122.npz,62
/kaggle/input/brats20-data/BraTS20/data/volume_355_slice_123.npz,62
/kaggle/input/brats20-data/BraTS20/data/volume_355_slice_124.npz,62
/kaggle/input/brats20-data/BraTS20/data/volume_355_slice_125.npz,75
/kaggle/input/brats20-data/BraTS20/data/volume_355_slice_126.npz,75
/kaggle/input/brats20-data/BraTS20/data/volume_355_slice_127.npz,83
/kaggle/input/brats20-data/BraTS20/data/volume_355_slice_128.npz,83
/kaggle/input/brats20-data/BraTS20/data/volume_38_slice_80.npz,34
/kaggle/input/brats20-data/BraTS20/data/volume_38_slice_81.npz,1
/kaggle/input/brats20-data/BraTS20/data/volume_38_slice_82.npz,1
/kaggle/input/brats20-data/BraTS20/data/volume_38_slice_83.npz,1
/kaggle/input/brats20-data/BraTS20/data/volume_38_slice_84.npz,27
/kaggle/input/brats20-data/BraTS20/data/volume_38_slice_85.npz,27
/kaggle/input/brats20-data/BraTS20/data/volume_38_slice_86.npz,27
/kaggle/input/brats20-data/BraTS20/data/volume_38_slice_87.npz,27
/kaggle/input/brats20-data/BraTS20/data/volume_38_slice_88.npz,27
/kaggle/input/brats20-data/BraTS20/data/volume_38_slice_89.npz,27
/kaggle/input/brats20-data/BraTS20/data/volume_38_slice_90.npz,27
/kaggle/input/brats20-data/BraTS20/data/volume_38_slice_91.npz,27
/kaggle/input/brats20-data/BraTS20/data/volume_38_slice_92.npz,27
/kaggle/input/brats20-data/BraTS20/data/volume_38_slice_93.npz,27
/kaggle/input/brats20-data/BraTS20/data/volume_38_slice_94.npz,27
/kaggle/input/brats20-data/BraTS20/data/volume_38_slice_95.npz,27
/kaggle/input/brats20-data/BraTS20/data/volume_38_slice_96.npz,27
/kaggle/input/brats20-data/BraTS20/data/volume_38_slice_97.npz,27
/kaggle/input/brats20-data/BraTS20/data/volume_38_slice_98.npz,56
/kaggle/input/brats20-data/BraTS20/data/volume_38_slice_99.npz,3
/kaggle/input/brats20-data/BraTS20/data/volume_38_slice_100.npz,3
/kaggle/input/brats20-data/BraTS20/data/volume_38_slice_101.npz,3
/kaggle/input/brats20-data/BraTS20/data/volume_38_slice_102.npz,3
/kaggle/input/brats20-data/BraTS20/data/volume_38_slice_103.npz,3
/kaggle/input/brats20-data/BraTS20/data/volume_38_slice_104.npz,3
/kaggle/input/brats20-data/BraTS20/data/volume_38_slice_105.npz,3
/kaggle/input/brats20-data/BraTS20/data/volume_38_slice_106.npz,3
/kaggle/input/brats20-data/BraTS20/data/volume_38_slice_107.npz,3
/kaggle/input/brats20-data/BraTS20/data/volume_38_slice_108.npz,3
/kaggle/input/brats20-data/BraTS20/data/volume_38_slice_109.npz,3
/kaggle/input/brats20-data/BraTS20/data/volume_38_slice_110.npz,3
/kaggle/input/brats20-data/BraTS20/data/volume_38_slice_111.npz,3
/kaggle/input/brats20-data/BraTS20/data/volume_38_slice_112.npz,3
/kaggle/input/brats20-data/BraTS20/data/volume_38_slice_113.npz,44
/kaggle/input/brats20-data/BraTS20/data/volume_38_slice_114.npz,44
/kaggle/input/brats20-data/BraTS20/data/volume_38_slice_115.npz,44
/kaggle/input/brats20-data/BraTS20/data/volume_38_slice_116.npz,44
/kaggle/input/brats20-data/BraTS20/data/volume_38_slice_117.npz,44
/kaggle/input/brats20-data/BraTS20/data/volume_38_slice_118.npz,39
/kaggle/input/brats20-data/BraTS20/data/volume_38_slice_119.npz,39
/kaggle/input/brats20-data/BraTS20/data/volume_38_slice_120.npz,23
/kaggle/input/brats20-data/BraTS20/data/volume_38_slice_121.npz,23
/kaggle/input/brats20-data/BraTS20/data/volume_38_slice_122.npz,23
/kaggle/input/brats20-data/BraTS20/data/volume_38_slice_123.npz,23
/kaggle/input/brats20-data/BraTS20/data/volume_38_slice_124.npz,23
/kaggle/input/brats20-data/BraTS20/data/volume_38_slice_125.npz,23
/kaggle/input/brats20-data/BraTS20/data/volume_38_slice_126.npz,23
/kaggle/input/brats20-data/BraTS20/data/volume_38_slice_127.npz,23
/kaggle/input/brats20-data/BraTS20/data/volume_38_slice_128.npz,23
/kaggle/input/brats20-data/BraTS20/data/volume_59_slice_80.npz,46
/kaggle/input/brats20-data/BraTS20/data/volume_59_slice_81.npz,46
/kaggle/input/brats20-data/BraTS20/data/volume_59_slice_82.npz,46
/kaggle/input/brats20-data/BraTS20/data/volume_59_slice_83.npz,46
/kaggle/input/brats20-data/BraTS20/data/volume_59_slice_87.npz,20
/kaggle/input/brats20-data/BraTS20/data/volume_59_slice_88.npz,20
/kaggle/input/brats20-data/BraTS20/data/volume_59_slice_89.npz,20
/kaggle/input/brats20-data/BraTS20/data/volume_59_slice_90.npz,20
/kaggle/input/brats20-data/BraTS20/data/volume_59_slice_91.npz,15
/kaggle/input/brats20-data/BraTS20/data/volume_59_slice_92.npz,50
/kaggle/input/brats20-data/BraTS20/data/volume_59_slice_93.npz,50
/kaggle/input/brats20-data/BraTS20/data/volume_59_slice_94.npz,50
/kaggle/input/brats20-data/BraTS20/data/volume_59_slice_95.npz,84
/kaggle/input/brats20-data/BraTS20/data/volume_59_slice_96.npz,84
/kaggle/input/brats20-data/BraTS20/data/volume_59_slice_97.npz,84
/kaggle/input/brats20-data/BraTS20/data/volume_59_slice_98.npz,84
/kaggle/input/brats20-data/BraTS20/data/volume_59_slice_99.npz,94
/kaggle/input/brats20-data/BraTS20/data/volume_59_slice_100.npz,94
/kaggle/input/brats20-data/BraTS20/data/volume_59_slice_101.npz,94
/kaggle/input/brats20-data/BraTS20/data/volume_59_slice_102.npz,94
/kaggle/input/brats20-data/BraTS20/data/volume_59_slice_103.npz,2
/kaggle/input/brats20-data/BraTS20/data/volume_59_slice_104.npz,2
/kaggle/input/brats20-data/BraTS20/data/volume_59_slice_105.npz,2
/kaggle/input/brats20-data/BraTS20/data/volume_59_slice_106.npz,2
/kaggle/input/brats20-data/BraTS20/data/volume_59_slice_107.npz,2
/kaggle/input/brats20-data/BraTS20/data/volume_59_slice_108.npz,2
/kaggle/input/brats20-data/BraTS20/data/volume_59_slice_109.npz,2
/kaggle/input/brats20-data/BraTS20/data/volume_59_slice_110.npz,2
/kaggle/input/brats20-data/BraTS20/data/volume_59_slice_111.npz,2
/kaggle/input/brats20-data/BraTS20/data/volume_59_slice_112.npz,76
/kaggle/input/brats20-data/BraTS20/data/volume_59_slice_113.npz,76
/kaggle/input/brats20-data/BraTS20/data/volume_59_slice_114.npz,76
/kaggle/input/brats20-data/BraTS20/data/volume_59_slice_115.npz,76
/kaggle/input/brats20-data/BraTS20/data/volume_59_slice_116.npz,86
/kaggle/input/brats20-data/BraTS20/data/volume_59_slice_117.npz,90
/kaggle/input/brats20-data/BraTS20/data/volume_59_slice_118.npz,98
/kaggle/input/brats20-data/BraTS20/data/volume_59_slice_119.npz,98
/kaggle/input/brats20-data/BraTS20/data/volume_59_slice_120.npz,69
/kaggle/input/brats20-data/BraTS20/data/volume_59_slice_121.npz,69
/kaggle/input/brats20-data/BraTS20/data/volume_59_slice_122.npz,69
/kaggle/input/brats20-data/BraTS20/data/volume_59_slice_123.npz,61
/kaggle/input/brats20-data/BraTS20/data/volume_59_slice_124.npz,61
/kaggle/input/brats20-data/BraTS20/data/volume_59_slice_125.npz,89
/kaggle/input/brats20-data/BraTS20/data/volume_59_slice_126.npz,89
/kaggle/input/brats20-data/BraTS20/data/volume_59_slice_127.npz,89
/kaggle/input/brats20-data/BraTS20/data/volume_59_slice_128.npz,11
/kaggle/input/brats20-data/BraTS20/data/volume_321_slice_80.npz,41
/kaggle/input/brats20-data/BraTS20/data/volume_321_slice_81.npz,41
/kaggle/input/brats20-data/BraTS20/data/volume_321_slice_82.npz,41
/kaggle/input/brats20-data/BraTS20/data/volume_321_slice_83.npz,41
/kaggle/input/brats20-data/BraTS20/data/volume_321_slice_84.npz,41
/kaggle/input/brats20-data/BraTS20/data/volume_321_slice_85.npz,41
/kaggle/input/brats20-data/BraTS20/data/volume_321_slice_86.npz,41
/kaggle/input/brats20-data/BraTS20/data/volume_321_slice_87.npz,41
/kaggle/input/brats20-data/BraTS20/data/volume_321_slice_88.npz,41
/kaggle/input/brats20-data/BraTS20/data/volume_321_slice_89.npz,84
/kaggle/input/brats20-data/BraTS20/data/volume_321_slice_90.npz,84
/kaggle/input/brats20-data/BraTS20/data/volume_321_slice_91.npz,84
/kaggle/input/brats20-data/BraTS20/data/volume_321_slice_92.npz,94
/kaggle/input/brats20-data/BraTS20/data/volume_321_slice_93.npz,94
/kaggle/input/brats20-data/BraTS20/data/volume_321_slice_94.npz,55
/kaggle/input/brats20-data/BraTS20/data/volume_321_slice_95.npz,25
/kaggle/input/brats20-data/BraTS20/data/volume_321_slice_96.npz,25
/kaggle/input/brats20-data/BraTS20/data/volume_321_slice_97.npz,25
/kaggle/input/brats20-data/BraTS20/data/volume_321_slice_98.npz,25
/kaggle/input/brats20-data/BraTS20/data/volume_321_slice_99.npz,2
/kaggle/input/brats20-data/BraTS20/data/volume_321_slice_100.npz,2
/kaggle/input/brats20-data/BraTS20/data/volume_321_slice_101.npz,2
/kaggle/input/brats20-data/BraTS20/data/volume_321_slice_102.npz,2
/kaggle/input/brats20-data/BraTS20/data/volume_321_slice_103.npz,36
/kaggle/input/brats20-data/BraTS20/data/volume_321_slice_104.npz,36
/kaggle/input/brats20-data/BraTS20/data/volume_321_slice_105.npz,36
/kaggle/input/brats20-data/BraTS20/data/volume_321_slice_106.npz,36
/kaggle/input/brats20-data/BraTS20/data/volume_321_slice_107.npz,36
/kaggle/input/brats20-data/BraTS20/data/volume_321_slice_108.npz,10
/kaggle/input/brats20-data/BraTS20/data/volume_321_slice_109.npz,10
/kaggle/input/brats20-data/BraTS20/data/volume_321_slice_110.npz,10
/kaggle/input/brats20-data/BraTS20/data/volume_321_slice_111.npz,10
/kaggle/input/brats20-data/BraTS20/data/volume_321_slice_112.npz,10
/kaggle/input/brats20-data/BraTS20/data/volume_321_slice_113.npz,44
/kaggle/input/brats20-data/BraTS20/data/volume_321_slice_114.npz,44
/kaggle/input/brats20-data/BraTS20/data/volume_321_slice_115.npz,44
/kaggle/input/brats20-data/BraTS20/data/volume_321_slice_116.npz,98
/kaggle/input/brats20-data/BraTS20/data/volume_321_slice_117.npz,98
/kaggle/input/brats20-data/BraTS20/data/volume_321_slice_118.npz,98
/kaggle/input/brats20-data/BraTS20/data/volume_321_slice_119.npz,98
/kaggle/input/brats20-data/BraTS20/data/volume_321_slice_120.npz,61
/kaggle/input/brats20-data/BraTS20/data/volume_321_slice_121.npz,78
/kaggle/input/brats20-data/BraTS20/data/volume_321_slice_122.npz,75
/kaggle/input/brats20-data/BraTS20/data/volume_321_slice_123.npz,75
/kaggle/input/brats20-data/BraTS20/data/volume_321_slice_124.npz,75
/kaggle/input/brats20-data/BraTS20/data/volume_321_slice_125.npz,75
/kaggle/input/brats20-data/BraTS20/data/volume_321_slice_126.npz,75
/kaggle/input/brats20-data/BraTS20/data/volume_321_slice_127.npz,75
/kaggle/input/brats20-data/BraTS20/data/volume_321_slice_128.npz,83
/kaggle/input/brats20-data/BraTS20/data/volume_215_slice_80.npz,38
/kaggle/input/brats20-data/BraTS20/data/volume_215_slice_81.npz,38
/kaggle/input/brats20-data/BraTS20/data/volume_215_slice_82.npz,53
/kaggle/input/brats20-data/BraTS20/data/volume_215_slice_83.npz,53
/kaggle/input/brats20-data/BraTS20/data/volume_215_slice_84.npz,53
/kaggle/input/brats20-data/BraTS20/data/volume_215_slice_85.npz,53
/kaggle/input/brats20-data/BraTS20/data/volume_215_slice_86.npz,53
/kaggle/input/brats20-data/BraTS20/data/volume_215_slice_87.npz,9
/kaggle/input/brats20-data/BraTS20/data/volume_215_slice_88.npz,9
/kaggle/input/brats20-data/BraTS20/data/volume_215_slice_89.npz,9
/kaggle/input/brats20-data/BraTS20/data/volume_215_slice_90.npz,9
/kaggle/input/brats20-data/BraTS20/data/volume_215_slice_91.npz,9
/kaggle/input/brats20-data/BraTS20/data/volume_215_slice_93.npz,55
/kaggle/input/brats20-data/BraTS20/data/volume_215_slice_94.npz,55
/kaggle/input/brats20-data/BraTS20/data/volume_215_slice_95.npz,55
/kaggle/input/brats20-data/BraTS20/data/volume_215_slice_96.npz,55
/kaggle/input/brats20-data/BraTS20/data/volume_215_slice_97.npz,55
/kaggle/input/brats20-data/BraTS20/data/volume_215_slice_98.npz,55
/kaggle/input/brats20-data/BraTS20/data/volume_215_slice_99.npz,55
/kaggle/input/brats20-data/BraTS20/data/volume_215_slice_100.npz,70
/kaggle/input/brats20-data/BraTS20/data/volume_215_slice_101.npz,70
/kaggle/input/brats20-data/BraTS20/data/volume_215_slice_102.npz,70
/kaggle/input/brats20-data/BraTS20/data/volume_215_slice_103.npz,70
/kaggle/input/brats20-data/BraTS20/data/volume_215_slice_104.npz,70
/kaggle/input/brats20-data/BraTS20/data/volume_215_slice_105.npz,70
/kaggle/input/brats20-data/BraTS20/data/volume_215_slice_106.npz,70
/kaggle/input/brats20-data/BraTS20/data/volume_215_slice_107.npz,36
/kaggle/input/brats20-data/BraTS20/data/volume_215_slice_108.npz,36
/kaggle/input/brats20-data/BraTS20/data/volume_215_slice_109.npz,51
/kaggle/input/brats20-data/BraTS20/data/volume_215_slice_110.npz,51
/kaggle/input/brats20-data/BraTS20/data/volume_215_slice_111.npz,52
/kaggle/input/brats20-data/BraTS20/data/volume_215_slice_112.npz,52
/kaggle/input/brats20-data/BraTS20/data/volume_215_slice_113.npz,52
/kaggle/input/brats20-data/BraTS20/data/volume_215_slice_114.npz,54
/kaggle/input/brats20-data/BraTS20/data/volume_215_slice_115.npz,54
/kaggle/input/brats20-data/BraTS20/data/volume_215_slice_116.npz,93
/kaggle/input/brats20-data/BraTS20/data/volume_215_slice_117.npz,93
/kaggle/input/brats20-data/BraTS20/data/volume_215_slice_118.npz,93
/kaggle/input/brats20-data/BraTS20/data/volume_215_slice_119.npz,82
/kaggle/input/brats20-data/BraTS20/data/volume_215_slice_120.npz,78
/kaggle/input/brats20-data/BraTS20/data/volume_215_slice_121.npz,78
/kaggle/input/brats20-data/BraTS20/data/volume_215_slice_122.npz,78
/kaggle/input/brats20-data/BraTS20/data/volume_215_slice_123.npz,65
/kaggle/input/brats20-data/BraTS20/data/volume_215_slice_124.npz,65
/kaggle/input/brats20-data/BraTS20/data/volume_215_slice_125.npz,83
/kaggle/input/brats20-data/BraTS20/data/volume_215_slice_126.npz,83
/kaggle/input/brats20-data/BraTS20/data/volume_215_slice_127.npz,83
/kaggle/input/brats20-data/BraTS20/data/volume_215_slice_128.npz,11
/kaggle/input/brats20-data/BraTS20/data/volume_252_slice_80.npz,6
/kaggle/input/brats20-data/BraTS20/data/volume_252_slice_81.npz,6
/kaggle/input/brats20-data/BraTS20/data/volume_252_slice_82.npz,6
/kaggle/input/brats20-data/BraTS20/data/volume_252_slice_83.npz,6
/kaggle/input/brats20-data/BraTS20/data/volume_252_slice_84.npz,6
/kaggle/input/brats20-data/BraTS20/data/volume_252_slice_85.npz,6
/kaggle/input/brats20-data/BraTS20/data/volume_252_slice_86.npz,6
/kaggle/input/brats20-data/BraTS20/data/volume_252_slice_87.npz,6
/kaggle/input/brats20-data/BraTS20/data/volume_252_slice_88.npz,6
/kaggle/input/brats20-data/BraTS20/data/volume_252_slice_89.npz,6
/kaggle/input/brats20-data/BraTS20/data/volume_252_slice_90.npz,6
/kaggle/input/brats20-data/BraTS20/data/volume_252_slice_91.npz,6
/kaggle/input/brats20-data/BraTS20/data/volume_252_slice_92.npz,6
/kaggle/input/brats20-data/BraTS20/data/volume_252_slice_93.npz,6
/kaggle/input/brats20-data/BraTS20/data/volume_252_slice_94.npz,6
/kaggle/input/brats20-data/BraTS20/data/volume_252_slice_95.npz,6
/kaggle/input/brats20-data/BraTS20/data/volume_252_slice_96.npz,6
/kaggle/input/brats20-data/BraTS20/data/volume_252_slice_97.npz,6
/kaggle/input/brats20-data/BraTS20/data/volume_252_slice_98.npz,6
/kaggle/input/brats20-data/BraTS20/data/volume_252_slice_99.npz,6
/kaggle/input/brats20-data/BraTS20/data/volume_252_slice_100.npz,6
/kaggle/input/brats20-data/BraTS20/data/volume_252_slice_101.npz,6
/kaggle/input/brats20-data/BraTS20/data/volume_252_slice_102.npz,6
/kaggle/input/brats20-data/BraTS20/data/volume_252_slice_103.npz,6
/kaggle/input/brats20-data/BraTS20/data/volume_252_slice_104.npz,6
/kaggle/input/brats20-data/BraTS20/data/volume_252_slice_105.npz,6
/kaggle/input/brats20-data/BraTS20/data/volume_252_slice_106.npz,6
/kaggle/input/brats20-data/BraTS20/data/volume_252_slice_107.npz,36
/kaggle/input/brats20-data/BraTS20/data/volume_252_slice_108.npz,36
/kaggle/input/brats20-data/BraTS20/data/volume_252_slice_109.npz,51
/kaggle/input/brats20-data/BraTS20/data/volume_252_slice_110.npz,51
/kaggle/input/brats20-data/BraTS20/data/volume_252_slice_111.npz,51
/kaggle/input/brats20-data/BraTS20/data/volume_252_slice_112.npz,51
/kaggle/input/brats20-data/BraTS20/data/volume_252_slice_113.npz,51
/kaggle/input/brats20-data/BraTS20/data/volume_252_slice_114.npz,51
/kaggle/input/brats20-data/BraTS20/data/volume_252_slice_115.npz,51
/kaggle/input/brats20-data/BraTS20/data/volume_252_slice_116.npz,51
/kaggle/input/brats20-data/BraTS20/data/volume_252_slice_117.npz,51
/kaggle/input/brats20-data/BraTS20/data/volume_252_slice_118.npz,51
/kaggle/input/brats20-data/BraTS20/data/volume_252_slice_119.npz,98
/kaggle/input/brats20-data/BraTS20/data/volume_252_slice_120.npz,98
/kaggle/input/brats20-data/BraTS20/data/volume_252_slice_121.npz,98
/kaggle/input/brats20-data/BraTS20/data/volume_252_slice_122.npz,64
/kaggle/input/brats20-data/BraTS20/data/volume_252_slice_123.npz,98
/kaggle/input/brats20-data/BraTS20/data/volume_252_slice_124.npz,78
/kaggle/input/brats20-data/BraTS20/data/volume_252_slice_125.npz,78
/kaggle/input/brats20-data/BraTS20/data/volume_252_slice_126.npz,78
/kaggle/input/brats20-data/BraTS20/data/volume_252_slice_127.npz,78
/kaggle/input/brats20-data/BraTS20/data/volume_252_slice_128.npz,65
/kaggle/input/brats20-data/BraTS20/data/volume_57_slice_80.npz,18
/kaggle/input/brats20-data/BraTS20/data/volume_57_slice_81.npz,18
/kaggle/input/brats20-data/BraTS20/data/volume_57_slice_82.npz,18
/kaggle/input/brats20-data/BraTS20/data/volume_57_slice_83.npz,18
/kaggle/input/brats20-data/BraTS20/data/volume_57_slice_84.npz,18
/kaggle/input/brats20-data/BraTS20/data/volume_57_slice_85.npz,5
/kaggle/input/brats20-data/BraTS20/data/volume_57_slice_86.npz,5
/kaggle/input/brats20-data/BraTS20/data/volume_57_slice_87.npz,5
/kaggle/input/brats20-data/BraTS20/data/volume_57_slice_88.npz,5
/kaggle/input/brats20-data/BraTS20/data/volume_57_slice_89.npz,2
/kaggle/input/brats20-data/BraTS20/data/volume_57_slice_90.npz,2
/kaggle/input/brats20-data/BraTS20/data/volume_57_slice_91.npz,2
/kaggle/input/brats20-data/BraTS20/data/volume_57_slice_92.npz,2
/kaggle/input/brats20-data/BraTS20/data/volume_57_slice_93.npz,2
/kaggle/input/brats20-data/BraTS20/data/volume_57_slice_94.npz,2
/kaggle/input/brats20-data/BraTS20/data/volume_57_slice_95.npz,21
/kaggle/input/brats20-data/BraTS20/data/volume_57_slice_96.npz,21
/kaggle/input/brats20-data/BraTS20/data/volume_57_slice_97.npz,21
/kaggle/input/brats20-data/BraTS20/data/volume_57_slice_98.npz,21
/kaggle/input/brats20-data/BraTS20/data/volume_57_slice_99.npz,21
/kaggle/input/brats20-data/BraTS20/data/volume_57_slice_100.npz,21
/kaggle/input/brats20-data/BraTS20/data/volume_57_slice_101.npz,21
/kaggle/input/brats20-data/BraTS20/data/volume_57_slice_102.npz,21
/kaggle/input/brats20-data/BraTS20/data/volume_57_slice_103.npz,21
/kaggle/input/brats20-data/BraTS20/data/volume_57_slice_104.npz,21
/kaggle/input/brats20-data/BraTS20/data/volume_57_slice_105.npz,21
/kaggle/input/brats20-data/BraTS20/data/volume_57_slice_106.npz,21
/kaggle/input/brats20-data/BraTS20/data/volume_57_slice_107.npz,21
/kaggle/input/brats20-data/BraTS20/data/volume_57_slice_108.npz,21
/kaggle/input/brats20-data/BraTS20/data/volume_57_slice_109.npz,98
/kaggle/input/brats20-data/BraTS20/data/volume_57_slice_110.npz,98
/kaggle/input/brats20-data/BraTS20/data/volume_57_slice_111.npz,98
/kaggle/input/brats20-data/BraTS20/data/volume_57_slice_112.npz,98
/kaggle/input/brats20-data/BraTS20/data/volume_57_slice_113.npz,98
/kaggle/input/brats20-data/BraTS20/data/volume_57_slice_114.npz,98
/kaggle/input/brats20-data/BraTS20/data/volume_57_slice_115.npz,98
/kaggle/input/brats20-data/BraTS20/data/volume_57_slice_116.npz,61
/kaggle/input/brats20-data/BraTS20/data/volume_57_slice_117.npz,61
/kaggle/input/brats20-data/BraTS20/data/volume_57_slice_118.npz,61
/kaggle/input/brats20-data/BraTS20/data/volume_57_slice_119.npz,61
/kaggle/input/brats20-data/BraTS20/data/volume_57_slice_120.npz,83
/kaggle/input/brats20-data/BraTS20/data/volume_57_slice_121.npz,83
/kaggle/input/brats20-data/BraTS20/data/volume_57_slice_122.npz,83
/kaggle/input/brats20-data/BraTS20/data/volume_57_slice_123.npz,83
/kaggle/input/brats20-data/BraTS20/data/volume_57_slice_124.npz,83
/kaggle/input/brats20-data/BraTS20/data/volume_57_slice_125.npz,83
/kaggle/input/brats20-data/BraTS20/data/volume_57_slice_126.npz,83
/kaggle/input/brats20-data/BraTS20/data/volume_57_slice_127.npz,83
/kaggle/input/brats20-data/BraTS20/data/volume_57_slice_128.npz,11
/kaggle/input/brats20-data/BraTS20/data/volume_333_slice_80.npz,0
/kaggle/input/brats20-data/BraTS20/data/volume_333_slice_81.npz,0
/kaggle/input/brats20-data/BraTS20/data/volume_333_slice_82.npz,0
/kaggle/input/brats20-data/BraTS20/data/volume_333_slice_83.npz,0
/kaggle/input/brats20-data/BraTS20/data/volume_333_slice_84.npz,0
/kaggle/input/brats20-data/BraTS20/data/volume_333_slice_85.npz,0
/kaggle/input/brats20-data/BraTS20/data/volume_333_slice_86.npz,0
/kaggle/input/brats20-data/BraTS20/data/volume_333_slice_87.npz,0
/kaggle/input/brats20-data/BraTS20/data/volume_333_slice_88.npz,0
/kaggle/input/brats20-data/BraTS20/data/volume_333_slice_89.npz,0
/kaggle/input/brats20-data/BraTS20/data/volume_333_slice_90.npz,0
/kaggle/input/brats20-data/BraTS20/data/volume_333_slice_91.npz,0
/kaggle/input/brats20-data/BraTS20/data/volume_333_slice_92.npz,0
/kaggle/input/brats20-data/BraTS20/data/volume_333_slice_93.npz,15
/kaggle/input/brats20-data/BraTS20/data/volume_333_slice_94.npz,50
/kaggle/input/brats20-data/BraTS20/data/volume_333_slice_95.npz,50
/kaggle/input/brats20-data/BraTS20/data/volume_333_slice_96.npz,50
/kaggle/input/brats20-data/BraTS20/data/volume_333_slice_97.npz,41
/kaggle/input/brats20-data/BraTS20/data/volume_333_slice_98.npz,41
/kaggle/input/brats20-data/BraTS20/data/volume_333_slice_99.npz,53
/kaggle/input/brats20-data/BraTS20/data/volume_333_slice_100.npz,53
/kaggle/input/brats20-data/BraTS20/data/volume_333_slice_101.npz,57
/kaggle/input/brats20-data/BraTS20/data/volume_333_slice_102.npz,57
/kaggle/input/brats20-data/BraTS20/data/volume_333_slice_103.npz,57
/kaggle/input/brats20-data/BraTS20/data/volume_333_slice_104.npz,57
/kaggle/input/brats20-data/BraTS20/data/volume_333_slice_105.npz,57
/kaggle/input/brats20-data/BraTS20/data/volume_333_slice_106.npz,57
/kaggle/input/brats20-data/BraTS20/data/volume_333_slice_107.npz,2
/kaggle/input/brats20-data/BraTS20/data/volume_333_slice_108.npz,2
/kaggle/input/brats20-data/BraTS20/data/volume_333_slice_109.npz,2
/kaggle/input/brats20-data/BraTS20/data/volume_333_slice_110.npz,2
/kaggle/input/brats20-data/BraTS20/data/volume_333_slice_111.npz,2
/kaggle/input/brats20-data/BraTS20/data/volume_333_slice_112.npz,21
/kaggle/input/brats20-data/BraTS20/data/volume_333_slice_113.npz,21
/kaggle/input/brats20-data/BraTS20/data/volume_333_slice_114.npz,21
/kaggle/input/brats20-data/BraTS20/data/volume_333_slice_115.npz,21
/kaggle/input/brats20-data/BraTS20/data/volume_333_slice_116.npz,21
/kaggle/input/brats20-data/BraTS20/data/volume_333_slice_117.npz,21
/kaggle/input/brats20-data/BraTS20/data/volume_333_slice_118.npz,21
/kaggle/input/brats20-data/BraTS20/data/volume_333_slice_119.npz,44
/kaggle/input/brats20-data/BraTS20/data/volume_333_slice_120.npz,44
/kaggle/input/brats20-data/BraTS20/data/volume_333_slice_121.npz,44
/kaggle/input/brats20-data/BraTS20/data/volume_333_slice_122.npz,44
/kaggle/input/brats20-data/BraTS20/data/volume_333_slice_123.npz,44
/kaggle/input/brats20-data/BraTS20/data/volume_333_slice_124.npz,44
/kaggle/input/brats20-data/BraTS20/data/volume_333_slice_125.npz,44
/kaggle/input/brats20-data/BraTS20/data/volume_333_slice_126.npz,62
/kaggle/input/brats20-data/BraTS20/data/volume_333_slice_127.npz,62
/kaggle/input/brats20-data/BraTS20/data/volume_333_slice_128.npz,62
/kaggle/input/brats20-data/BraTS20/data/volume_71_slice_80.npz,6
/kaggle/input/brats20-data/BraTS20/data/volume_71_slice_81.npz,6
/kaggle/input/brats20-data/BraTS20/data/volume_71_slice_82.npz,6
/kaggle/input/brats20-data/BraTS20/data/volume_71_slice_83.npz,6
/kaggle/input/brats20-data/BraTS20/data/volume_71_slice_84.npz,6
/kaggle/input/brats20-data/BraTS20/data/volume_71_slice_85.npz,6
/kaggle/input/brats20-data/BraTS20/data/volume_71_slice_86.npz,6
/kaggle/input/brats20-data/BraTS20/data/volume_71_slice_87.npz,6
/kaggle/input/brats20-data/BraTS20/data/volume_71_slice_88.npz,6
/kaggle/input/brats20-data/BraTS20/data/volume_71_slice_89.npz,6
/kaggle/input/brats20-data/BraTS20/data/volume_71_slice_90.npz,6
/kaggle/input/brats20-data/BraTS20/data/volume_71_slice_91.npz,6
/kaggle/input/brats20-data/BraTS20/data/volume_71_slice_92.npz,6
/kaggle/input/brats20-data/BraTS20/data/volume_71_slice_93.npz,6
/kaggle/input/brats20-data/BraTS20/data/volume_71_slice_94.npz,6
/kaggle/input/brats20-data/BraTS20/data/volume_71_slice_95.npz,6
/kaggle/input/brats20-data/BraTS20/data/volume_71_slice_96.npz,6
/kaggle/input/brats20-data/BraTS20/data/volume_71_slice_97.npz,6
/kaggle/input/brats20-data/BraTS20/data/volume_71_slice_98.npz,6
/kaggle/input/brats20-data/BraTS20/data/volume_71_slice_99.npz,6
/kaggle/input/brats20-data/BraTS20/data/volume_71_slice_100.npz,6
/kaggle/input/brats20-data/BraTS20/data/volume_71_slice_101.npz,6
/kaggle/input/brats20-data/BraTS20/data/volume_71_slice_102.npz,6
/kaggle/input/brats20-data/BraTS20/data/volume_71_slice_103.npz,6
/kaggle/input/brats20-data/BraTS20/data/volume_71_slice_104.npz,6
/kaggle/input/brats20-data/BraTS20/data/volume_71_slice_105.npz,6
/kaggle/input/brats20-data/BraTS20/data/volume_71_slice_106.npz,6
/kaggle/input/brats20-data/BraTS20/data/volume_71_slice_107.npz,6
/kaggle/input/brats20-data/BraTS20/data/volume_71_slice_108.npz,2
/kaggle/input/brats20-data/BraTS20/data/volume_71_slice_109.npz,2
/kaggle/input/brats20-data/BraTS20/data/volume_71_slice_110.npz,36
/kaggle/input/brats20-data/BraTS20/data/volume_71_slice_111.npz,36
/kaggle/input/brats20-data/BraTS20/data/volume_71_slice_112.npz,36
/kaggle/input/brats20-data/BraTS20/data/volume_71_slice_113.npz,36
/kaggle/input/brats20-data/BraTS20/data/volume_71_slice_114.npz,51
/kaggle/input/brats20-data/BraTS20/data/volume_71_slice_115.npz,51
/kaggle/input/brats20-data/BraTS20/data/volume_71_slice_116.npz,44
/kaggle/input/brats20-data/BraTS20/data/volume_71_slice_117.npz,44
/kaggle/input/brats20-data/BraTS20/data/volume_71_slice_118.npz,44
/kaggle/input/brats20-data/BraTS20/data/volume_71_slice_119.npz,44
/kaggle/input/brats20-data/BraTS20/data/volume_71_slice_120.npz,44
/kaggle/input/brats20-data/BraTS20/data/volume_71_slice_121.npz,44
/kaggle/input/brats20-data/BraTS20/data/volume_71_slice_122.npz,61
/kaggle/input/brats20-data/BraTS20/data/volume_71_slice_123.npz,61
/kaggle/input/brats20-data/BraTS20/data/volume_71_slice_124.npz,61
/kaggle/input/brats20-data/BraTS20/data/volume_71_slice_125.npz,61
/kaggle/input/brats20-data/BraTS20/data/volume_71_slice_126.npz,11
/kaggle/input/brats20-data/BraTS20/data/volume_71_slice_127.npz,11
/kaggle/input/brats20-data/BraTS20/data/volume_71_slice_128.npz,11
/kaggle/input/brats20-data/BraTS20/data/volume_210_slice_80.npz,8
/kaggle/input/brats20-data/BraTS20/data/volume_210_slice_81.npz,8
/kaggle/input/brats20-data/BraTS20/data/volume_210_slice_82.npz,8
/kaggle/input/brats20-data/BraTS20/data/volume_210_slice_83.npz,8
/kaggle/input/brats20-data/BraTS20/data/volume_210_slice_84.npz,8
/kaggle/input/brats20-data/BraTS20/data/volume_210_slice_85.npz,8
/kaggle/input/brats20-data/BraTS20/data/volume_210_slice_86.npz,8
/kaggle/input/brats20-data/BraTS20/data/volume_210_slice_87.npz,8
/kaggle/input/brats20-data/BraTS20/data/volume_210_slice_88.npz,8
/kaggle/input/brats20-data/BraTS20/data/volume_210_slice_89.npz,8
/kaggle/input/brats20-data/BraTS20/data/volume_210_slice_90.npz,8
/kaggle/input/brats20-data/BraTS20/data/volume_210_slice_91.npz,8
/kaggle/input/brats20-data/BraTS20/data/volume_210_slice_92.npz,8
/kaggle/input/brats20-data/BraTS20/data/volume_210_slice_93.npz,8
/kaggle/input/brats20-data/BraTS20/data/volume_210_slice_94.npz,8
/kaggle/input/brats20-data/BraTS20/data/volume_210_slice_95.npz,8
/kaggle/input/brats20-data/BraTS20/data/volume_210_slice_96.npz,8
/kaggle/input/brats20-data/BraTS20/data/volume_210_slice_97.npz,8
/kaggle/input/brats20-data/BraTS20/data/volume_210_slice_98.npz,8
/kaggle/input/brats20-data/BraTS20/data/volume_210_slice_99.npz,8
/kaggle/input/brats20-data/BraTS20/data/volume_210_slice_100.npz,49
/kaggle/input/brats20-data/BraTS20/data/volume_210_slice_101.npz,49
/kaggle/input/brats20-data/BraTS20/data/volume_210_slice_102.npz,49
/kaggle/input/brats20-data/BraTS20/data/volume_210_slice_103.npz,49
/kaggle/input/brats20-data/BraTS20/data/volume_210_slice_104.npz,49
/kaggle/input/brats20-data/BraTS20/data/volume_210_slice_105.npz,49
/kaggle/input/brats20-data/BraTS20/data/volume_210_slice_106.npz,49
/kaggle/input/brats20-data/BraTS20/data/volume_210_slice_107.npz,49
/kaggle/input/brats20-data/BraTS20/data/volume_210_slice_108.npz,49
/kaggle/input/brats20-data/BraTS20/data/volume_210_slice_109.npz,36
/kaggle/input/brats20-data/BraTS20/data/volume_210_slice_110.npz,36
/kaggle/input/brats20-data/BraTS20/data/volume_210_slice_111.npz,36
/kaggle/input/brats20-data/BraTS20/data/volume_210_slice_112.npz,36
/kaggle/input/brats20-data/BraTS20/data/volume_210_slice_113.npz,36
/kaggle/input/brats20-data/BraTS20/data/volume_210_slice_114.npz,44
/kaggle/input/brats20-data/BraTS20/data/volume_210_slice_115.npz,44
/kaggle/input/brats20-data/BraTS20/data/volume_210_slice_116.npz,44
/kaggle/input/brats20-data/BraTS20/data/volume_210_slice_117.npz,44
/kaggle/input/brats20-data/BraTS20/data/volume_210_slice_118.npz,44
/kaggle/input/brats20-data/BraTS20/data/volume_210_slice_119.npz,44
/kaggle/input/brats20-data/BraTS20/data/volume_210_slice_120.npz,44
/kaggle/input/brats20-data/BraTS20/data/volume_210_slice_121.npz,39
/kaggle/input/brats20-data/BraTS20/data/volume_210_slice_122.npz,78
/kaggle/input/brats20-data/BraTS20/data/volume_210_slice_123.npz,78
/kaggle/input/brats20-data/BraTS20/data/volume_210_slice_124.npz,75
/kaggle/input/brats20-data/BraTS20/data/volume_210_slice_125.npz,11
/kaggle/input/brats20-data/BraTS20/data/volume_210_slice_126.npz,11
/kaggle/input/brats20-data/BraTS20/data/volume_210_slice_127.npz,11
/kaggle/input/brats20-data/BraTS20/data/volume_266_slice_80.npz,41
/kaggle/input/brats20-data/BraTS20/data/volume_266_slice_81.npz,41
/kaggle/input/brats20-data/BraTS20/data/volume_266_slice_82.npz,41
/kaggle/input/brats20-data/BraTS20/data/volume_266_slice_83.npz,41
/kaggle/input/brats20-data/BraTS20/data/volume_266_slice_84.npz,41
/kaggle/input/brats20-data/BraTS20/data/volume_266_slice_85.npz,41
/kaggle/input/brats20-data/BraTS20/data/volume_266_slice_86.npz,41
/kaggle/input/brats20-data/BraTS20/data/volume_266_slice_87.npz,41
/kaggle/input/brats20-data/BraTS20/data/volume_266_slice_88.npz,41
/kaggle/input/brats20-data/BraTS20/data/volume_266_slice_89.npz,50
/kaggle/input/brats20-data/BraTS20/data/volume_266_slice_90.npz,50
/kaggle/input/brats20-data/BraTS20/data/volume_266_slice_91.npz,50
/kaggle/input/brats20-data/BraTS20/data/volume_266_slice_92.npz,50
/kaggle/input/brats20-data/BraTS20/data/volume_266_slice_93.npz,50
/kaggle/input/brats20-data/BraTS20/data/volume_266_slice_94.npz,28
/kaggle/input/brats20-data/BraTS20/data/volume_266_slice_95.npz,4
/kaggle/input/brats20-data/BraTS20/data/volume_266_slice_96.npz,4
/kaggle/input/brats20-data/BraTS20/data/volume_266_slice_97.npz,4
/kaggle/input/brats20-data/BraTS20/data/volume_266_slice_98.npz,4
/kaggle/input/brats20-data/BraTS20/data/volume_266_slice_99.npz,4
/kaggle/input/brats20-data/BraTS20/data/volume_266_slice_100.npz,4
/kaggle/input/brats20-data/BraTS20/data/volume_266_slice_101.npz,4
/kaggle/input/brats20-data/BraTS20/data/volume_266_slice_102.npz,4
/kaggle/input/brats20-data/BraTS20/data/volume_266_slice_103.npz,4
/kaggle/input/brats20-data/BraTS20/data/volume_266_slice_104.npz,55
/kaggle/input/brats20-data/BraTS20/data/volume_266_slice_105.npz,4
/kaggle/input/brats20-data/BraTS20/data/volume_266_slice_106.npz,55
/kaggle/input/brats20-data/BraTS20/data/volume_266_slice_107.npz,55
/kaggle/input/brats20-data/BraTS20/data/volume_266_slice_108.npz,70
/kaggle/input/brats20-data/BraTS20/data/volume_266_slice_109.npz,36
/kaggle/input/brats20-data/BraTS20/data/volume_266_slice_110.npz,36
/kaggle/input/brats20-data/BraTS20/data/volume_266_slice_111.npz,36
/kaggle/input/brats20-data/BraTS20/data/volume_266_slice_112.npz,36
/kaggle/input/brats20-data/BraTS20/data/volume_266_slice_113.npz,36
/kaggle/input/brats20-data/BraTS20/data/volume_266_slice_114.npz,36
/kaggle/input/brats20-data/BraTS20/data/volume_266_slice_115.npz,51
/kaggle/input/brats20-data/BraTS20/data/volume_266_slice_116.npz,51
/kaggle/input/brats20-data/BraTS20/data/volume_266_slice_117.npz,64
/kaggle/input/brats20-data/BraTS20/data/volume_266_slice_118.npz,64
/kaggle/input/brats20-data/BraTS20/data/volume_266_slice_119.npz,64
/kaggle/input/brats20-data/BraTS20/data/volume_266_slice_120.npz,64
/kaggle/input/brats20-data/BraTS20/data/volume_266_slice_121.npz,64
/kaggle/input/brats20-data/BraTS20/data/volume_266_slice_122.npz,93
/kaggle/input/brats20-data/BraTS20/data/volume_266_slice_123.npz,69
/kaggle/input/brats20-data/BraTS20/data/volume_266_slice_124.npz,78
/kaggle/input/brats20-data/BraTS20/data/volume_266_slice_125.npz,78
/kaggle/input/brats20-data/BraTS20/data/volume_266_slice_126.npz,78
/kaggle/input/brats20-data/BraTS20/data/volume_266_slice_127.npz,65
/kaggle/input/brats20-data/BraTS20/data/volume_266_slice_128.npz,83
/kaggle/input/brats20-data/BraTS20/data/volume_271_slice_80.npz,53
/kaggle/input/brats20-data/BraTS20/data/volume_271_slice_81.npz,53
/kaggle/input/brats20-data/BraTS20/data/volume_271_slice_82.npz,53
/kaggle/input/brats20-data/BraTS20/data/volume_271_slice_83.npz,53
/kaggle/input/brats20-data/BraTS20/data/volume_271_slice_84.npz,53
/kaggle/input/brats20-data/BraTS20/data/volume_271_slice_85.npz,53
/kaggle/input/brats20-data/BraTS20/data/volume_271_slice_86.npz,53
/kaggle/input/brats20-data/BraTS20/data/volume_271_slice_87.npz,53
/kaggle/input/brats20-data/BraTS20/data/volume_271_slice_88.npz,53
/kaggle/input/brats20-data/BraTS20/data/volume_271_slice_89.npz,53
/kaggle/input/brats20-data/BraTS20/data/volume_271_slice_90.npz,53
/kaggle/input/brats20-data/BraTS20/data/volume_271_slice_91.npz,53
/kaggle/input/brats20-data/BraTS20/data/volume_271_slice_92.npz,53
/kaggle/input/brats20-data/BraTS20/data/volume_271_slice_93.npz,53
/kaggle/input/brats20-data/BraTS20/data/volume_271_slice_94.npz,53
/kaggle/input/brats20-data/BraTS20/data/volume_271_slice_95.npz,55
/kaggle/input/brats20-data/BraTS20/data/volume_271_slice_96.npz,25
/kaggle/input/brats20-data/BraTS20/data/volume_271_slice_97.npz,25
/kaggle/input/brats20-data/BraTS20/data/volume_271_slice_98.npz,25
/kaggle/input/brats20-data/BraTS20/data/volume_271_slice_99.npz,36
/kaggle/input/brats20-data/BraTS20/data/volume_271_slice_100.npz,71
/kaggle/input/brats20-data/BraTS20/data/volume_271_slice_101.npz,36
/kaggle/input/brats20-data/BraTS20/data/volume_271_slice_102.npz,36
/kaggle/input/brats20-data/BraTS20/data/volume_271_slice_104.npz,36
/kaggle/input/brats20-data/BraTS20/data/volume_271_slice_105.npz,36
/kaggle/input/brats20-data/BraTS20/data/volume_271_slice_106.npz,36
/kaggle/input/brats20-data/BraTS20/data/volume_271_slice_107.npz,64
/kaggle/input/brats20-data/BraTS20/data/volume_271_slice_108.npz,64
/kaggle/input/brats20-data/BraTS20/data/volume_271_slice_109.npz,64
/kaggle/input/brats20-data/BraTS20/data/volume_271_slice_110.npz,64
/kaggle/input/brats20-data/BraTS20/data/volume_271_slice_111.npz,63
/kaggle/input/brats20-data/BraTS20/data/volume_271_slice_112.npz,63
/kaggle/input/brats20-data/BraTS20/data/volume_271_slice_113.npz,69
/kaggle/input/brats20-data/BraTS20/data/volume_271_slice_114.npz,69
/kaggle/input/brats20-data/BraTS20/data/volume_271_slice_115.npz,61
/kaggle/input/brats20-data/BraTS20/data/volume_271_slice_116.npz,61
/kaggle/input/brats20-data/BraTS20/data/volume_271_slice_117.npz,75
/kaggle/input/brats20-data/BraTS20/data/volume_271_slice_118.npz,75
/kaggle/input/brats20-data/BraTS20/data/volume_271_slice_119.npz,75
/kaggle/input/brats20-data/BraTS20/data/volume_271_slice_120.npz,89
/kaggle/input/brats20-data/BraTS20/data/volume_271_slice_121.npz,83
/kaggle/input/brats20-data/BraTS20/data/volume_271_slice_122.npz,83
/kaggle/input/brats20-data/BraTS20/data/volume_271_slice_123.npz,43
/kaggle/input/brats20-data/BraTS20/data/volume_271_slice_124.npz,43
/kaggle/input/brats20-data/BraTS20/data/volume_271_slice_125.npz,43
/kaggle/input/brats20-data/BraTS20/data/volume_271_slice_126.npz,43
/kaggle/input/brats20-data/BraTS20/data/volume_271_slice_127.npz,43
/kaggle/input/brats20-data/BraTS20/data/volume_271_slice_128.npz,43
/kaggle/input/brats20-data/BraTS20/data/volume_101_slice_80.npz,46
/kaggle/input/brats20-data/BraTS20/data/volume_101_slice_81.npz,46
/kaggle/input/brats20-data/BraTS20/data/volume_101_slice_82.npz,1
/kaggle/input/brats20-data/BraTS20/data/volume_101_slice_83.npz,1
/kaggle/input/brats20-data/BraTS20/data/volume_101_slice_84.npz,1
/kaggle/input/brats20-data/BraTS20/data/volume_101_slice_85.npz,1
/kaggle/input/brats20-data/BraTS20/data/volume_101_slice_86.npz,1
/kaggle/input/brats20-data/BraTS20/data/volume_101_slice_88.npz,1
/kaggle/input/brats20-data/BraTS20/data/volume_101_slice_89.npz,15
/kaggle/input/brats20-data/BraTS20/data/volume_101_slice_90.npz,15
/kaggle/input/brats20-data/BraTS20/data/volume_101_slice_91.npz,15
/kaggle/input/brats20-data/BraTS20/data/volume_101_slice_92.npz,15
/kaggle/input/brats20-data/BraTS20/data/volume_101_slice_93.npz,15
/kaggle/input/brats20-data/BraTS20/data/volume_101_slice_94.npz,74
/kaggle/input/brats20-data/BraTS20/data/volume_101_slice_95.npz,74
/kaggle/input/brats20-data/BraTS20/data/volume_101_slice_96.npz,12
/kaggle/input/brats20-data/BraTS20/data/volume_101_slice_97.npz,94
/kaggle/input/brats20-data/BraTS20/data/volume_101_slice_98.npz,94
/kaggle/input/brats20-data/BraTS20/data/volume_101_slice_99.npz,94
/kaggle/input/brats20-data/BraTS20/data/volume_101_slice_100.npz,68
/kaggle/input/brats20-data/BraTS20/data/volume_101_slice_101.npz,97
/kaggle/input/brats20-data/BraTS20/data/volume_101_slice_102.npz,97
/kaggle/input/brats20-data/BraTS20/data/volume_101_slice_103.npz,97
/kaggle/input/brats20-data/BraTS20/data/volume_101_slice_104.npz,97
/kaggle/input/brats20-data/BraTS20/data/volume_101_slice_105.npz,97
/kaggle/input/brats20-data/BraTS20/data/volume_101_slice_106.npz,97
/kaggle/input/brats20-data/BraTS20/data/volume_101_slice_107.npz,97
/kaggle/input/brats20-data/BraTS20/data/volume_101_slice_108.npz,97
/kaggle/input/brats20-data/BraTS20/data/volume_101_slice_109.npz,97
/kaggle/input/brats20-data/BraTS20/data/volume_101_slice_110.npz,97
/kaggle/input/brats20-data/BraTS20/data/volume_101_slice_111.npz,97
/kaggle/input/brats20-data/BraTS20/data/volume_101_slice_112.npz,36
/kaggle/input/brats20-data/BraTS20/data/volume_101_slice_113.npz,36
/kaggle/input/brats20-data/BraTS20/data/volume_101_slice_114.npz,36
/kaggle/input/brats20-data/BraTS20/data/volume_101_slice_115.npz,36
/kaggle/input/brats20-data/BraTS20/data/volume_101_slice_116.npz,90
/kaggle/input/brats20-data/BraTS20/data/volume_101_slice_117.npz,90
/kaggle/input/brats20-data/BraTS20/data/volume_101_slice_118.npz,90
/kaggle/input/brats20-data/BraTS20/data/volume_101_slice_119.npz,90
/kaggle/input/brats20-data/BraTS20/data/volume_101_slice_120.npz,69
/kaggle/input/brats20-data/BraTS20/data/volume_101_slice_121.npz,69
/kaggle/input/brats20-data/BraTS20/data/volume_101_slice_122.npz,73
/kaggle/input/brats20-data/BraTS20/data/volume_101_slice_123.npz,73
/kaggle/input/brats20-data/BraTS20/data/volume_101_slice_124.npz,73
/kaggle/input/brats20-data/BraTS20/data/volume_101_slice_125.npz,73
/kaggle/input/brats20-data/BraTS20/data/volume_101_slice_126.npz,73
/kaggle/input/brats20-data/BraTS20/data/volume_101_slice_127.npz,73
/kaggle/input/brats20-data/BraTS20/data/volume_101_slice_128.npz,73
/kaggle/input/brats20-data/BraTS20/data/volume_248_slice_80.npz,45
/kaggle/input/brats20-data/BraTS20/data/volume_248_slice_81.npz,45
/kaggle/input/brats20-data/BraTS20/data/volume_248_slice_82.npz,45
/kaggle/input/brats20-data/BraTS20/data/volume_248_slice_83.npz,45
/kaggle/input/brats20-data/BraTS20/data/volume_248_slice_84.npz,45
/kaggle/input/brats20-data/BraTS20/data/volume_248_slice_85.npz,45
/kaggle/input/brats20-data/BraTS20/data/volume_248_slice_86.npz,45
/kaggle/input/brats20-data/BraTS20/data/volume_248_slice_87.npz,45
/kaggle/input/brats20-data/BraTS20/data/volume_248_slice_88.npz,45
/kaggle/input/brats20-data/BraTS20/data/volume_248_slice_89.npz,57
/kaggle/input/brats20-data/BraTS20/data/volume_248_slice_90.npz,57
/kaggle/input/brats20-data/BraTS20/data/volume_248_slice_91.npz,57
/kaggle/input/brats20-data/BraTS20/data/volume_248_slice_92.npz,57
/kaggle/input/brats20-data/BraTS20/data/volume_248_slice_93.npz,57
/kaggle/input/brats20-data/BraTS20/data/volume_248_slice_94.npz,57
/kaggle/input/brats20-data/BraTS20/data/volume_248_slice_95.npz,57
/kaggle/input/brats20-data/BraTS20/data/volume_248_slice_96.npz,57
/kaggle/input/brats20-data/BraTS20/data/volume_248_slice_97.npz,57
/kaggle/input/brats20-data/BraTS20/data/volume_248_slice_98.npz,57
/kaggle/input/brats20-data/BraTS20/data/volume_248_slice_99.npz,57
/kaggle/input/brats20-data/BraTS20/data/volume_248_slice_100.npz,57
/kaggle/input/brats20-data/BraTS20/data/volume_248_slice_101.npz,57
/kaggle/input/brats20-data/BraTS20/data/volume_248_slice_102.npz,57
/kaggle/input/brats20-data/BraTS20/data/volume_248_slice_103.npz,57
/kaggle/input/brats20-data/BraTS20/data/volume_248_slice_104.npz,21
/kaggle/input/brats20-data/BraTS20/data/volume_248_slice_105.npz,21
/kaggle/input/brats20-data/BraTS20/data/volume_248_slice_106.npz,21
/kaggle/input/brats20-data/BraTS20/data/volume_248_slice_107.npz,21
/kaggle/input/brats20-data/BraTS20/data/volume_248_slice_108.npz,44
/kaggle/input/brats20-data/BraTS20/data/volume_248_slice_109.npz,44
/kaggle/input/brats20-data/BraTS20/data/volume_248_slice_110.npz,44
/kaggle/input/brats20-data/BraTS20/data/volume_248_slice_111.npz,44
/kaggle/input/brats20-data/BraTS20/data/volume_248_slice_112.npz,44
/kaggle/input/brats20-data/BraTS20/data/volume_248_slice_113.npz,44
/kaggle/input/brats20-data/BraTS20/data/volume_248_slice_114.npz,44
/kaggle/input/brats20-data/BraTS20/data/volume_248_slice_115.npz,44
/kaggle/input/brats20-data/BraTS20/data/volume_248_slice_116.npz,44
/kaggle/input/brats20-data/BraTS20/data/volume_248_slice_117.npz,44
/kaggle/input/brats20-data/BraTS20/data/volume_248_slice_118.npz,44
/kaggle/input/brats20-data/BraTS20/data/volume_248_slice_119.npz,61
/kaggle/input/brats20-data/BraTS20/data/volume_248_slice_120.npz,61
/kaggle/input/brats20-data/BraTS20/data/volume_248_slice_121.npz,61
/kaggle/input/brats20-data/BraTS20/data/volume_248_slice_122.npz,61
/kaggle/input/brats20-data/BraTS20/data/volume_248_slice_123.npz,83
/kaggle/input/brats20-data/BraTS20/data/volume_248_slice_124.npz,83
/kaggle/input/brats20-data/BraTS20/data/volume_248_slice_125.npz,83
/kaggle/input/brats20-data/BraTS20/data/volume_248_slice_126.npz,83
/kaggle/input/brats20-data/BraTS20/data/volume_248_slice_127.npz,83
/kaggle/input/brats20-data/BraTS20/data/volume_248_slice_128.npz,11
/kaggle/input/brats20-data/BraTS20/data/volume_108_slice_80.npz,13
/kaggle/input/brats20-data/BraTS20/data/volume_108_slice_81.npz,13
/kaggle/input/brats20-data/BraTS20/data/volume_108_slice_82.npz,13
/kaggle/input/brats20-data/BraTS20/data/volume_108_slice_83.npz,13
/kaggle/input/brats20-data/BraTS20/data/volume_108_slice_84.npz,13
/kaggle/input/brats20-data/BraTS20/data/volume_108_slice_85.npz,30
/kaggle/input/brats20-data/BraTS20/data/volume_108_slice_86.npz,30
/kaggle/input/brats20-data/BraTS20/data/volume_108_slice_87.npz,30
/kaggle/input/brats20-data/BraTS20/data/volume_108_slice_88.npz,30
/kaggle/input/brats20-data/BraTS20/data/volume_108_slice_89.npz,30
/kaggle/input/brats20-data/BraTS20/data/volume_108_slice_90.npz,30
/kaggle/input/brats20-data/BraTS20/data/volume_108_slice_91.npz,30
/kaggle/input/brats20-data/BraTS20/data/volume_108_slice_92.npz,30
/kaggle/input/brats20-data/BraTS20/data/volume_108_slice_93.npz,31
/kaggle/input/brats20-data/BraTS20/data/volume_108_slice_94.npz,31
/kaggle/input/brats20-data/BraTS20/data/volume_108_slice_95.npz,31
/kaggle/input/brats20-data/BraTS20/data/volume_108_slice_96.npz,31
/kaggle/input/brats20-data/BraTS20/data/volume_108_slice_97.npz,31
/kaggle/input/brats20-data/BraTS20/data/volume_108_slice_98.npz,31
/kaggle/input/brats20-data/BraTS20/data/volume_108_slice_99.npz,31
/kaggle/input/brats20-data/BraTS20/data/volume_108_slice_100.npz,95
/kaggle/input/brats20-data/BraTS20/data/volume_108_slice_101.npz,95
/kaggle/input/brats20-data/BraTS20/data/volume_108_slice_102.npz,95
/kaggle/input/brats20-data/BraTS20/data/volume_108_slice_103.npz,95
/kaggle/input/brats20-data/BraTS20/data/volume_108_slice_104.npz,95
/kaggle/input/brats20-data/BraTS20/data/volume_108_slice_105.npz,95
/kaggle/input/brats20-data/BraTS20/data/volume_108_slice_106.npz,95
/kaggle/input/brats20-data/BraTS20/data/volume_108_slice_107.npz,95
/kaggle/input/brats20-data/BraTS20/data/volume_108_slice_108.npz,95
/kaggle/input/brats20-data/BraTS20/data/volume_108_slice_109.npz,95
/kaggle/input/brats20-data/BraTS20/data/volume_108_slice_110.npz,95
/kaggle/input/brats20-data/BraTS20/data/volume_108_slice_111.npz,95
/kaggle/input/brats20-data/BraTS20/data/volume_108_slice_112.npz,95
/kaggle/input/brats20-data/BraTS20/data/volume_108_slice_113.npz,76
/kaggle/input/brats20-data/BraTS20/data/volume_108_slice_114.npz,76
/kaggle/input/brats20-data/BraTS20/data/volume_108_slice_115.npz,76
/kaggle/input/brats20-data/BraTS20/data/volume_108_slice_116.npz,76
/kaggle/input/brats20-data/BraTS20/data/volume_108_slice_117.npz,90
/kaggle/input/brats20-data/BraTS20/data/volume_108_slice_118.npz,90
/kaggle/input/brats20-data/BraTS20/data/volume_108_slice_119.npz,90
/kaggle/input/brats20-data/BraTS20/data/volume_108_slice_120.npz,93
/kaggle/input/brats20-data/BraTS20/data/volume_108_slice_121.npz,93
/kaggle/input/brats20-data/BraTS20/data/volume_108_slice_122.npz,82
/kaggle/input/brats20-data/BraTS20/data/volume_108_slice_123.npz,82
/kaggle/input/brats20-data/BraTS20/data/volume_108_slice_124.npz,82
/kaggle/input/brats20-data/BraTS20/data/volume_108_slice_125.npz,78
/kaggle/input/brats20-data/BraTS20/data/volume_108_slice_126.npz,78
/kaggle/input/brats20-data/BraTS20/data/volume_108_slice_127.npz,65
/kaggle/input/brats20-data/BraTS20/data/volume_108_slice_128.npz,65
/kaggle/input/brats20-data/BraTS20/data/volume_218_slice_80.npz,19
/kaggle/input/brats20-data/BraTS20/data/volume_218_slice_81.npz,19
/kaggle/input/brats20-data/BraTS20/data/volume_218_slice_82.npz,19
/kaggle/input/brats20-data/BraTS20/data/volume_218_slice_83.npz,19
/kaggle/input/brats20-data/BraTS20/data/volume_218_slice_84.npz,19
/kaggle/input/brats20-data/BraTS20/data/volume_218_slice_85.npz,19
/kaggle/input/brats20-data/BraTS20/data/volume_218_slice_86.npz,19
/kaggle/input/brats20-data/BraTS20/data/volume_218_slice_87.npz,19
/kaggle/input/brats20-data/BraTS20/data/volume_218_slice_88.npz,9
/kaggle/input/brats20-data/BraTS20/data/volume_218_slice_89.npz,9
/kaggle/input/brats20-data/BraTS20/data/volume_218_slice_90.npz,9
/kaggle/input/brats20-data/BraTS20/data/volume_218_slice_91.npz,9
/kaggle/input/brats20-data/BraTS20/data/volume_218_slice_92.npz,9
/kaggle/input/brats20-data/BraTS20/data/volume_218_slice_93.npz,9
/kaggle/input/brats20-data/BraTS20/data/volume_218_slice_94.npz,9
/kaggle/input/brats20-data/BraTS20/data/volume_218_slice_95.npz,9
/kaggle/input/brats20-data/BraTS20/data/volume_218_slice_96.npz,9
/kaggle/input/brats20-data/BraTS20/data/volume_218_slice_98.npz,55
/kaggle/input/brats20-data/BraTS20/data/volume_218_slice_99.npz,55
/kaggle/input/brats20-data/BraTS20/data/volume_218_slice_100.npz,55
/kaggle/input/brats20-data/BraTS20/data/volume_218_slice_101.npz,25
/kaggle/input/brats20-data/BraTS20/data/volume_218_slice_102.npz,25
/kaggle/input/brats20-data/BraTS20/data/volume_218_slice_103.npz,25
/kaggle/input/brats20-data/BraTS20/data/volume_218_slice_104.npz,2
/kaggle/input/brats20-data/BraTS20/data/volume_218_slice_105.npz,2
/kaggle/input/brats20-data/BraTS20/data/volume_218_slice_106.npz,36
/kaggle/input/brats20-data/BraTS20/data/volume_218_slice_107.npz,36
/kaggle/input/brats20-data/BraTS20/data/volume_218_slice_108.npz,36
/kaggle/input/brats20-data/BraTS20/data/volume_218_slice_109.npz,36
/kaggle/input/brats20-data/BraTS20/data/volume_218_slice_110.npz,36
/kaggle/input/brats20-data/BraTS20/data/volume_218_slice_111.npz,36
/kaggle/input/brats20-data/BraTS20/data/volume_218_slice_112.npz,36
/kaggle/input/brats20-data/BraTS20/data/volume_218_slice_113.npz,36
/kaggle/input/brats20-data/BraTS20/data/volume_218_slice_114.npz,52
/kaggle/input/brats20-data/BraTS20/data/volume_218_slice_115.npz,52
/kaggle/input/brats20-data/BraTS20/data/volume_218_slice_116.npz,52
/kaggle/input/brats20-data/BraTS20/data/volume_218_slice_117.npz,54
/kaggle/input/brats20-data/BraTS20/data/volume_218_slice_118.npz,93
/kaggle/input/brats20-data/BraTS20/data/volume_218_slice_119.npz,93
/kaggle/input/brats20-data/BraTS20/data/volume_218_slice_120.npz,93
/kaggle/input/brats20-data/BraTS20/data/volume_218_slice_121.npz,93
/kaggle/input/brats20-data/BraTS20/data/volume_218_slice_122.npz,78
/kaggle/input/brats20-data/BraTS20/data/volume_218_slice_123.npz,78
/kaggle/input/brats20-data/BraTS20/data/volume_218_slice_124.npz,78
/kaggle/input/brats20-data/BraTS20/data/volume_218_slice_125.npz,78
/kaggle/input/brats20-data/BraTS20/data/volume_218_slice_126.npz,65
/kaggle/input/brats20-data/BraTS20/data/volume_218_slice_127.npz,65
/kaggle/input/brats20-data/BraTS20/data/volume_218_slice_128.npz,83
/kaggle/input/brats20-data/BraTS20/data/volume_289_slice_80.npz,38
/kaggle/input/brats20-data/BraTS20/data/volume_289_slice_81.npz,38
/kaggle/input/brats20-data/BraTS20/data/volume_289_slice_82.npz,38
/kaggle/input/brats20-data/BraTS20/data/volume_289_slice_83.npz,38
/kaggle/input/brats20-data/BraTS20/data/volume_289_slice_84.npz,38
/kaggle/input/brats20-data/BraTS20/data/volume_289_slice_85.npz,38
/kaggle/input/brats20-data/BraTS20/data/volume_289_slice_86.npz,38
/kaggle/input/brats20-data/BraTS20/data/volume_289_slice_87.npz,38
/kaggle/input/brats20-data/BraTS20/data/volume_289_slice_88.npz,38
/kaggle/input/brats20-data/BraTS20/data/volume_289_slice_89.npz,38
/kaggle/input/brats20-data/BraTS20/data/volume_289_slice_90.npz,53
/kaggle/input/brats20-data/BraTS20/data/volume_289_slice_91.npz,53
/kaggle/input/brats20-data/BraTS20/data/volume_289_slice_92.npz,53
/kaggle/input/brats20-data/BraTS20/data/volume_289_slice_93.npz,53
/kaggle/input/brats20-data/BraTS20/data/volume_289_slice_94.npz,53
/kaggle/input/brats20-data/BraTS20/data/volume_289_slice_95.npz,60
/kaggle/input/brats20-data/BraTS20/data/volume_289_slice_96.npz,60
/kaggle/input/brats20-data/BraTS20/data/volume_289_slice_97.npz,60
/kaggle/input/brats20-data/BraTS20/data/volume_289_slice_98.npz,60
/kaggle/input/brats20-data/BraTS20/data/volume_289_slice_99.npz,60
/kaggle/input/brats20-data/BraTS20/data/volume_289_slice_100.npz,60
/kaggle/input/brats20-data/BraTS20/data/volume_289_slice_101.npz,60
/kaggle/input/brats20-data/BraTS20/data/volume_289_slice_102.npz,60
/kaggle/input/brats20-data/BraTS20/data/volume_289_slice_103.npz,17
/kaggle/input/brats20-data/BraTS20/data/volume_289_slice_104.npz,17
/kaggle/input/brats20-data/BraTS20/data/volume_289_slice_105.npz,17
/kaggle/input/brats20-data/BraTS20/data/volume_289_slice_106.npz,17
/kaggle/input/brats20-data/BraTS20/data/volume_289_slice_107.npz,17
/kaggle/input/brats20-data/BraTS20/data/volume_289_slice_108.npz,36
/kaggle/input/brats20-data/BraTS20/data/volume_289_slice_109.npz,36
/kaggle/input/brats20-data/BraTS20/data/volume_289_slice_110.npz,36
/kaggle/input/brats20-data/BraTS20/data/volume_289_slice_111.npz,36
/kaggle/input/brats20-data/BraTS20/data/volume_289_slice_112.npz,36
/kaggle/input/brats20-data/BraTS20/data/volume_289_slice_113.npz,36
/kaggle/input/brats20-data/BraTS20/data/volume_289_slice_114.npz,36
/kaggle/input/brats20-data/BraTS20/data/volume_289_slice_115.npz,52
/kaggle/input/brats20-data/BraTS20/data/volume_289_slice_116.npz,52
/kaggle/input/brats20-data/BraTS20/data/volume_289_slice_117.npz,54
/kaggle/input/brats20-data/BraTS20/data/volume_289_slice_118.npz,54
/kaggle/input/brats20-data/BraTS20/data/volume_289_slice_119.npz,54
/kaggle/input/brats20-data/BraTS20/data/volume_289_slice_120.npz,54
/kaggle/input/brats20-data/BraTS20/data/volume_289_slice_121.npz,79
/kaggle/input/brats20-data/BraTS20/data/volume_289_slice_122.npz,93
/kaggle/input/brats20-data/BraTS20/data/volume_289_slice_123.npz,78
/kaggle/input/brats20-data/BraTS20/data/volume_289_slice_124.npz,78
/kaggle/input/brats20-data/BraTS20/data/volume_289_slice_125.npz,78
/kaggle/input/brats20-data/BraTS20/data/volume_289_slice_126.npz,75
/kaggle/input/brats20-data/BraTS20/data/volume_289_slice_127.npz,83
/kaggle/input/brats20-data/BraTS20/data/volume_289_slice_128.npz,83
/kaggle/input/brats20-data/BraTS20/data/volume_72_slice_80.npz,30
/kaggle/input/brats20-data/BraTS20/data/volume_72_slice_81.npz,30
/kaggle/input/brats20-data/BraTS20/data/volume_72_slice_82.npz,30
/kaggle/input/brats20-data/BraTS20/data/volume_72_slice_83.npz,30
/kaggle/input/brats20-data/BraTS20/data/volume_72_slice_84.npz,30
/kaggle/input/brats20-data/BraTS20/data/volume_72_slice_85.npz,30
/kaggle/input/brats20-data/BraTS20/data/volume_72_slice_86.npz,30
/kaggle/input/brats20-data/BraTS20/data/volume_72_slice_87.npz,30
/kaggle/input/brats20-data/BraTS20/data/volume_72_slice_88.npz,30
/kaggle/input/brats20-data/BraTS20/data/volume_72_slice_89.npz,30
/kaggle/input/brats20-data/BraTS20/data/volume_72_slice_90.npz,30
/kaggle/input/brats20-data/BraTS20/data/volume_72_slice_91.npz,30
/kaggle/input/brats20-data/BraTS20/data/volume_72_slice_92.npz,30
/kaggle/input/brats20-data/BraTS20/data/volume_72_slice_93.npz,30
/kaggle/input/brats20-data/BraTS20/data/volume_72_slice_94.npz,30
/kaggle/input/brats20-data/BraTS20/data/volume_72_slice_95.npz,30
/kaggle/input/brats20-data/BraTS20/data/volume_72_slice_96.npz,57
/kaggle/input/brats20-data/BraTS20/data/volume_72_slice_97.npz,57
/kaggle/input/brats20-data/BraTS20/data/volume_72_slice_98.npz,57
/kaggle/input/brats20-data/BraTS20/data/volume_72_slice_99.npz,57
/kaggle/input/brats20-data/BraTS20/data/volume_72_slice_100.npz,57
/kaggle/input/brats20-data/BraTS20/data/volume_72_slice_101.npz,2
/kaggle/input/brats20-data/BraTS20/data/volume_72_slice_102.npz,2
/kaggle/input/brats20-data/BraTS20/data/volume_72_slice_103.npz,2
/kaggle/input/brats20-data/BraTS20/data/volume_72_slice_104.npz,2
/kaggle/input/brats20-data/BraTS20/data/volume_72_slice_105.npz,2
/kaggle/input/brats20-data/BraTS20/data/volume_72_slice_106.npz,2
/kaggle/input/brats20-data/BraTS20/data/volume_72_slice_107.npz,2
/kaggle/input/brats20-data/BraTS20/data/volume_72_slice_108.npz,2
/kaggle/input/brats20-data/BraTS20/data/volume_72_slice_109.npz,2
/kaggle/input/brats20-data/BraTS20/data/volume_72_slice_110.npz,36
/kaggle/input/brats20-data/BraTS20/data/volume_72_slice_111.npz,36
/kaggle/input/brats20-data/BraTS20/data/volume_72_slice_112.npz,76
/kaggle/input/brats20-data/BraTS20/data/volume_72_slice_113.npz,76
/kaggle/input/brats20-data/BraTS20/data/volume_72_slice_114.npz,76
/kaggle/input/brats20-data/BraTS20/data/volume_72_slice_115.npz,76
/kaggle/input/brats20-data/BraTS20/data/volume_72_slice_116.npz,90
/kaggle/input/brats20-data/BraTS20/data/volume_72_slice_117.npz,98
/kaggle/input/brats20-data/BraTS20/data/volume_72_slice_118.npz,98
/kaggle/input/brats20-data/BraTS20/data/volume_72_slice_119.npz,98
/kaggle/input/brats20-data/BraTS20/data/volume_72_slice_120.npz,98
/kaggle/input/brats20-data/BraTS20/data/volume_72_slice_121.npz,61
/kaggle/input/brats20-data/BraTS20/data/volume_72_slice_122.npz,61
/kaggle/input/brats20-data/BraTS20/data/volume_72_slice_123.npz,61
/kaggle/input/brats20-data/BraTS20/data/volume_72_slice_124.npz,61
/kaggle/input/brats20-data/BraTS20/data/volume_72_slice_125.npz,89
/kaggle/input/brats20-data/BraTS20/data/volume_72_slice_126.npz,83
/kaggle/input/brats20-data/BraTS20/data/volume_72_slice_128.npz,83
/kaggle/input/brats20-data/BraTS20/data/volume_171_slice_80.npz,38
/kaggle/input/brats20-data/BraTS20/data/volume_171_slice_81.npz,38
/kaggle/input/brats20-data/BraTS20/data/volume_171_slice_82.npz,38
/kaggle/input/brats20-data/BraTS20/data/volume_171_slice_83.npz,38
/kaggle/input/brats20-data/BraTS20/data/volume_171_slice_84.npz,38
/kaggle/input/brats20-data/BraTS20/data/volume_171_slice_85.npz,38
/kaggle/input/brats20-data/BraTS20/data/volume_171_slice_86.npz,38
/kaggle/input/brats20-data/BraTS20/data/volume_171_slice_87.npz,38
/kaggle/input/brats20-data/BraTS20/data/volume_171_slice_88.npz,38
/kaggle/input/brats20-data/BraTS20/data/volume_171_slice_89.npz,35
/kaggle/input/brats20-data/BraTS20/data/volume_171_slice_90.npz,35
/kaggle/input/brats20-data/BraTS20/data/volume_171_slice_91.npz,48
/kaggle/input/brats20-data/BraTS20/data/volume_171_slice_92.npz,48
/kaggle/input/brats20-data/BraTS20/data/volume_171_slice_93.npz,48
/kaggle/input/brats20-data/BraTS20/data/volume_171_slice_94.npz,48
/kaggle/input/brats20-data/BraTS20/data/volume_171_slice_95.npz,48
/kaggle/input/brats20-data/BraTS20/data/volume_171_slice_96.npz,48
/kaggle/input/brats20-data/BraTS20/data/volume_171_slice_97.npz,48
/kaggle/input/brats20-data/BraTS20/data/volume_171_slice_98.npz,48
/kaggle/input/brats20-data/BraTS20/data/volume_171_slice_99.npz,48
/kaggle/input/brats20-data/BraTS20/data/volume_171_slice_100.npz,48
/kaggle/input/brats20-data/BraTS20/data/volume_171_slice_101.npz,48
/kaggle/input/brats20-data/BraTS20/data/volume_171_slice_102.npz,48
/kaggle/input/brats20-data/BraTS20/data/volume_171_slice_103.npz,48
/kaggle/input/brats20-data/BraTS20/data/volume_171_slice_104.npz,48
/kaggle/input/brats20-data/BraTS20/data/volume_171_slice_105.npz,48
/kaggle/input/brats20-data/BraTS20/data/volume_171_slice_106.npz,48
/kaggle/input/brats20-data/BraTS20/data/volume_171_slice_107.npz,48
/kaggle/input/brats20-data/BraTS20/data/volume_171_slice_108.npz,48
/kaggle/input/brats20-data/BraTS20/data/volume_171_slice_109.npz,48
/kaggle/input/brats20-data/BraTS20/data/volume_171_slice_110.npz,48
/kaggle/input/brats20-data/BraTS20/data/volume_171_slice_111.npz,48
/kaggle/input/brats20-data/BraTS20/data/volume_171_slice_112.npz,48
/kaggle/input/brats20-data/BraTS20/data/volume_171_slice_113.npz,90
/kaggle/input/brats20-data/BraTS20/data/volume_171_slice_114.npz,90
/kaggle/input/brats20-data/BraTS20/data/volume_171_slice_115.npz,82
/kaggle/input/brats20-data/BraTS20/data/volume_171_slice_116.npz,82
/kaggle/input/brats20-data/BraTS20/data/volume_171_slice_117.npz,82
/kaggle/input/brats20-data/BraTS20/data/volume_171_slice_118.npz,82
/kaggle/input/brats20-data/BraTS20/data/volume_171_slice_119.npz,82
/kaggle/input/brats20-data/BraTS20/data/volume_171_slice_120.npz,82
/kaggle/input/brats20-data/BraTS20/data/volume_171_slice_121.npz,78
/kaggle/input/brats20-data/BraTS20/data/volume_171_slice_122.npz,78
/kaggle/input/brats20-data/BraTS20/data/volume_171_slice_123.npz,83
/kaggle/input/brats20-data/BraTS20/data/volume_171_slice_124.npz,83
/kaggle/input/brats20-data/BraTS20/data/volume_171_slice_125.npz,83
/kaggle/input/brats20-data/BraTS20/data/volume_171_slice_126.npz,83
/kaggle/input/brats20-data/BraTS20/data/volume_171_slice_127.npz,83
/kaggle/input/brats20-data/BraTS20/data/volume_171_slice_128.npz,83
/kaggle/input/brats20-data/BraTS20/data/volume_212_slice_80.npz,41
/kaggle/input/brats20-data/BraTS20/data/volume_212_slice_81.npz,41
/kaggle/input/brats20-data/BraTS20/data/volume_212_slice_82.npz,41
/kaggle/input/brats20-data/BraTS20/data/volume_212_slice_83.npz,41
/kaggle/input/brats20-data/BraTS20/data/volume_212_slice_84.npz,41
/kaggle/input/brats20-data/BraTS20/data/volume_212_slice_85.npz,41
/kaggle/input/brats20-data/BraTS20/data/volume_212_slice_86.npz,41
/kaggle/input/brats20-data/BraTS20/data/volume_212_slice_87.npz,41
/kaggle/input/brats20-data/BraTS20/data/volume_212_slice_88.npz,41
/kaggle/input/brats20-data/BraTS20/data/volume_212_slice_89.npz,41
/kaggle/input/brats20-data/BraTS20/data/volume_212_slice_90.npz,41
/kaggle/input/brats20-data/BraTS20/data/volume_212_slice_91.npz,41
/kaggle/input/brats20-data/BraTS20/data/volume_212_slice_92.npz,41
/kaggle/input/brats20-data/BraTS20/data/volume_212_slice_93.npz,4
/kaggle/input/brats20-data/BraTS20/data/volume_212_slice_94.npz,4
/kaggle/input/brats20-data/BraTS20/data/volume_212_slice_95.npz,4
/kaggle/input/brats20-data/BraTS20/data/volume_212_slice_96.npz,4
/kaggle/input/brats20-data/BraTS20/data/volume_212_slice_97.npz,4
/kaggle/input/brats20-data/BraTS20/data/volume_212_slice_98.npz,4
/kaggle/input/brats20-data/BraTS20/data/volume_212_slice_99.npz,4
/kaggle/input/brats20-data/BraTS20/data/volume_212_slice_100.npz,4
/kaggle/input/brats20-data/BraTS20/data/volume_212_slice_101.npz,4
/kaggle/input/brats20-data/BraTS20/data/volume_212_slice_102.npz,4
/kaggle/input/brats20-data/BraTS20/data/volume_212_slice_103.npz,4
/kaggle/input/brats20-data/BraTS20/data/volume_212_slice_104.npz,4
/kaggle/input/brats20-data/BraTS20/data/volume_212_slice_105.npz,4
/kaggle/input/brats20-data/BraTS20/data/volume_212_slice_106.npz,4
/kaggle/input/brats20-data/BraTS20/data/volume_212_slice_107.npz,48
/kaggle/input/brats20-data/BraTS20/data/volume_212_slice_108.npz,48
/kaggle/input/brats20-data/BraTS20/data/volume_212_slice_109.npz,48
/kaggle/input/brats20-data/BraTS20/data/volume_212_slice_110.npz,48
/kaggle/input/brats20-data/BraTS20/data/volume_212_slice_111.npz,36
/kaggle/input/brats20-data/BraTS20/data/volume_212_slice_112.npz,51
/kaggle/input/brats20-data/BraTS20/data/volume_212_slice_113.npz,51
/kaggle/input/brats20-data/BraTS20/data/volume_212_slice_114.npz,51
/kaggle/input/brats20-data/BraTS20/data/volume_212_slice_115.npz,51
/kaggle/input/brats20-data/BraTS20/data/volume_212_slice_116.npz,51
/kaggle/input/brats20-data/BraTS20/data/volume_212_slice_117.npz,51
/kaggle/input/brats20-data/BraTS20/data/volume_212_slice_118.npz,98
/kaggle/input/brats20-data/BraTS20/data/volume_212_slice_119.npz,98
/kaggle/input/brats20-data/BraTS20/data/volume_212_slice_120.npz,98
/kaggle/input/brats20-data/BraTS20/data/volume_212_slice_121.npz,98
/kaggle/input/brats20-data/BraTS20/data/volume_212_slice_122.npz,61
/kaggle/input/brats20-data/BraTS20/data/volume_212_slice_123.npz,61
/kaggle/input/brats20-data/BraTS20/data/volume_212_slice_124.npz,61
/kaggle/input/brats20-data/BraTS20/data/volume_212_slice_125.npz,61
/kaggle/input/brats20-data/BraTS20/data/volume_212_slice_126.npz,61
/kaggle/input/brats20-data/BraTS20/data/volume_212_slice_127.npz,83
/kaggle/input/brats20-data/BraTS20/data/volume_212_slice_128.npz,83
/kaggle/input/brats20-data/BraTS20/data/volume_303_slice_80.npz,41
/kaggle/input/brats20-data/BraTS20/data/volume_303_slice_81.npz,41
/kaggle/input/brats20-data/BraTS20/data/volume_303_slice_82.npz,41
/kaggle/input/brats20-data/BraTS20/data/volume_303_slice_83.npz,9
/kaggle/input/brats20-data/BraTS20/data/volume_303_slice_84.npz,9
/kaggle/input/brats20-data/BraTS20/data/volume_303_slice_85.npz,9
/kaggle/input/brats20-data/BraTS20/data/volume_303_slice_86.npz,41
/kaggle/input/brats20-data/BraTS20/data/volume_303_slice_87.npz,41
/kaggle/input/brats20-data/BraTS20/data/volume_303_slice_88.npz,4
/kaggle/input/brats20-data/BraTS20/data/volume_303_slice_89.npz,4
/kaggle/input/brats20-data/BraTS20/data/volume_303_slice_90.npz,4
/kaggle/input/brats20-data/BraTS20/data/volume_303_slice_91.npz,4
/kaggle/input/brats20-data/BraTS20/data/volume_303_slice_92.npz,4
/kaggle/input/brats20-data/BraTS20/data/volume_303_slice_93.npz,4
/kaggle/input/brats20-data/BraTS20/data/volume_303_slice_94.npz,4
/kaggle/input/brats20-data/BraTS20/data/volume_303_slice_95.npz,4
/kaggle/input/brats20-data/BraTS20/data/volume_303_slice_96.npz,4
/kaggle/input/brats20-data/BraTS20/data/volume_303_slice_97.npz,4
/kaggle/input/brats20-data/BraTS20/data/volume_303_slice_98.npz,4
/kaggle/input/brats20-data/BraTS20/data/volume_303_slice_99.npz,2
/kaggle/input/brats20-data/BraTS20/data/volume_303_slice_100.npz,2
/kaggle/input/brats20-data/BraTS20/data/volume_303_slice_101.npz,2
/kaggle/input/brats20-data/BraTS20/data/volume_303_slice_102.npz,2
/kaggle/input/brats20-data/BraTS20/data/volume_303_slice_103.npz,36
/kaggle/input/brats20-data/BraTS20/data/volume_303_slice_104.npz,36
/kaggle/input/brats20-data/BraTS20/data/volume_303_slice_105.npz,36
/kaggle/input/brats20-data/BraTS20/data/volume_303_slice_106.npz,36
/kaggle/input/brats20-data/BraTS20/data/volume_303_slice_107.npz,36
/kaggle/input/brats20-data/BraTS20/data/volume_303_slice_108.npz,36
/kaggle/input/brats20-data/BraTS20/data/volume_303_slice_109.npz,36
/kaggle/input/brats20-data/BraTS20/data/volume_303_slice_110.npz,36
/kaggle/input/brats20-data/BraTS20/data/volume_303_slice_111.npz,36
/kaggle/input/brats20-data/BraTS20/data/volume_303_slice_112.npz,36
/kaggle/input/brats20-data/BraTS20/data/volume_303_slice_113.npz,36
/kaggle/input/brats20-data/BraTS20/data/volume_303_slice_114.npz,98
/kaggle/input/brats20-data/BraTS20/data/volume_303_slice_115.npz,98
/kaggle/input/brats20-data/BraTS20/data/volume_303_slice_116.npz,98
/kaggle/input/brats20-data/BraTS20/data/volume_303_slice_117.npz,93
/kaggle/input/brats20-data/BraTS20/data/volume_303_slice_118.npz,82
/kaggle/input/brats20-data/BraTS20/data/volume_303_slice_119.npz,61
/kaggle/input/brats20-data/BraTS20/data/volume_303_slice_120.npz,61
/kaggle/input/brats20-data/BraTS20/data/volume_303_slice_121.npz,78
/kaggle/input/brats20-data/BraTS20/data/volume_303_slice_122.npz,65
/kaggle/input/brats20-data/BraTS20/data/volume_303_slice_123.npz,83
/kaggle/input/brats20-data/BraTS20/data/volume_303_slice_124.npz,83
/kaggle/input/brats20-data/BraTS20/data/volume_303_slice_125.npz,83
/kaggle/input/brats20-data/BraTS20/data/volume_303_slice_126.npz,83
/kaggle/input/brats20-data/BraTS20/data/volume_303_slice_127.npz,83
/kaggle/input/brats20-data/BraTS20/data/volume_303_slice_128.npz,43
/kaggle/input/brats20-data/BraTS20/data/volume_65_slice_80.npz,46
/kaggle/input/brats20-data/BraTS20/data/volume_65_slice_81.npz,46
/kaggle/input/brats20-data/BraTS20/data/volume_65_slice_82.npz,46
/kaggle/input/brats20-data/BraTS20/data/volume_65_slice_83.npz,50
/kaggle/input/brats20-data/BraTS20/data/volume_65_slice_84.npz,50
/kaggle/input/brats20-data/BraTS20/data/volume_65_slice_85.npz,50
/kaggle/input/brats20-data/BraTS20/data/volume_65_slice_86.npz,50
/kaggle/input/brats20-data/BraTS20/data/volume_65_slice_88.npz,50
/kaggle/input/brats20-data/BraTS20/data/volume_65_slice_89.npz,50
/kaggle/input/brats20-data/BraTS20/data/volume_65_slice_90.npz,50
/kaggle/input/brats20-data/BraTS20/data/volume_65_slice_91.npz,50
/kaggle/input/brats20-data/BraTS20/data/volume_65_slice_92.npz,50
/kaggle/input/brats20-data/BraTS20/data/volume_65_slice_93.npz,50
/kaggle/input/brats20-data/BraTS20/data/volume_65_slice_94.npz,50
/kaggle/input/brats20-data/BraTS20/data/volume_65_slice_95.npz,84
/kaggle/input/brats20-data/BraTS20/data/volume_65_slice_96.npz,84
/kaggle/input/brats20-data/BraTS20/data/volume_65_slice_97.npz,84
/kaggle/input/brats20-data/BraTS20/data/volume_65_slice_98.npz,84
/kaggle/input/brats20-data/BraTS20/data/volume_65_slice_99.npz,84
/kaggle/input/brats20-data/BraTS20/data/volume_65_slice_100.npz,94
/kaggle/input/brats20-data/BraTS20/data/volume_65_slice_101.npz,94
/kaggle/input/brats20-data/BraTS20/data/volume_65_slice_102.npz,94
/kaggle/input/brats20-data/BraTS20/data/volume_65_slice_103.npz,94
/kaggle/input/brats20-data/BraTS20/data/volume_65_slice_104.npz,48
/kaggle/input/brats20-data/BraTS20/data/volume_65_slice_105.npz,48
/kaggle/input/brats20-data/BraTS20/data/volume_65_slice_106.npz,48
/kaggle/input/brats20-data/BraTS20/data/volume_65_slice_107.npz,48
/kaggle/input/brats20-data/BraTS20/data/volume_65_slice_108.npz,70
/kaggle/input/brats20-data/BraTS20/data/volume_65_slice_109.npz,70
/kaggle/input/brats20-data/BraTS20/data/volume_65_slice_110.npz,70
/kaggle/input/brats20-data/BraTS20/data/volume_65_slice_111.npz,70
/kaggle/input/brats20-data/BraTS20/data/volume_65_slice_112.npz,76
/kaggle/input/brats20-data/BraTS20/data/volume_65_slice_113.npz,76
/kaggle/input/brats20-data/BraTS20/data/volume_65_slice_114.npz,76
/kaggle/input/brats20-data/BraTS20/data/volume_65_slice_115.npz,76
/kaggle/input/brats20-data/BraTS20/data/volume_65_slice_116.npz,76
/kaggle/input/brats20-data/BraTS20/data/volume_65_slice_117.npz,93
/kaggle/input/brats20-data/BraTS20/data/volume_65_slice_118.npz,93
/kaggle/input/brats20-data/BraTS20/data/volume_65_slice_119.npz,93
/kaggle/input/brats20-data/BraTS20/data/volume_65_slice_120.npz,93
/kaggle/input/brats20-data/BraTS20/data/volume_65_slice_121.npz,93
/kaggle/input/brats20-data/BraTS20/data/volume_65_slice_122.npz,93
/kaggle/input/brats20-data/BraTS20/data/volume_65_slice_123.npz,82
/kaggle/input/brats20-data/BraTS20/data/volume_65_slice_124.npz,78
/kaggle/input/brats20-data/BraTS20/data/volume_65_slice_125.npz,78
/kaggle/input/brats20-data/BraTS20/data/volume_65_slice_126.npz,78
/kaggle/input/brats20-data/BraTS20/data/volume_65_slice_127.npz,65
/kaggle/input/brats20-data/BraTS20/data/volume_65_slice_128.npz,65
/kaggle/input/brats20-data/BraTS20/data/volume_53_slice_80.npz,34
/kaggle/input/brats20-data/BraTS20/data/volume_53_slice_81.npz,34
/kaggle/input/brats20-data/BraTS20/data/volume_53_slice_82.npz,34
/kaggle/input/brats20-data/BraTS20/data/volume_53_slice_83.npz,34
/kaggle/input/brats20-data/BraTS20/data/volume_53_slice_84.npz,34
/kaggle/input/brats20-data/BraTS20/data/volume_53_slice_85.npz,99
/kaggle/input/brats20-data/BraTS20/data/volume_53_slice_86.npz,34
/kaggle/input/brats20-data/BraTS20/data/volume_53_slice_87.npz,34
/kaggle/input/brats20-data/BraTS20/data/volume_53_slice_88.npz,34
/kaggle/input/brats20-data/BraTS20/data/volume_53_slice_89.npz,34
/kaggle/input/brats20-data/BraTS20/data/volume_53_slice_90.npz,34
/kaggle/input/brats20-data/BraTS20/data/volume_53_slice_91.npz,34
/kaggle/input/brats20-data/BraTS20/data/volume_53_slice_92.npz,34
/kaggle/input/brats20-data/BraTS20/data/volume_53_slice_93.npz,34
/kaggle/input/brats20-data/BraTS20/data/volume_53_slice_94.npz,34
/kaggle/input/brats20-data/BraTS20/data/volume_53_slice_95.npz,34
/kaggle/input/brats20-data/BraTS20/data/volume_53_slice_96.npz,34
/kaggle/input/brats20-data/BraTS20/data/volume_53_slice_97.npz,34
/kaggle/input/brats20-data/BraTS20/data/volume_53_slice_98.npz,34
/kaggle/input/brats20-data/BraTS20/data/volume_53_slice_99.npz,34
/kaggle/input/brats20-data/BraTS20/data/volume_53_slice_100.npz,34
/kaggle/input/brats20-data/BraTS20/data/volume_53_slice_101.npz,34
/kaggle/input/brats20-data/BraTS20/data/volume_53_slice_102.npz,34
/kaggle/input/brats20-data/BraTS20/data/volume_53_slice_103.npz,34
/kaggle/input/brats20-data/BraTS20/data/volume_53_slice_104.npz,34
/kaggle/input/brats20-data/BraTS20/data/volume_53_slice_105.npz,34
/kaggle/input/brats20-data/BraTS20/data/volume_53_slice_106.npz,34
/kaggle/input/brats20-data/BraTS20/data/volume_53_slice_107.npz,34
/kaggle/input/brats20-data/BraTS20/data/volume_53_slice_108.npz,34
/kaggle/input/brats20-data/BraTS20/data/volume_53_slice_109.npz,34
/kaggle/input/brats20-data/BraTS20/data/volume_53_slice_110.npz,37
/kaggle/input/brats20-data/BraTS20/data/volume_53_slice_111.npz,37
/kaggle/input/brats20-data/BraTS20/data/volume_53_slice_112.npz,2
/kaggle/input/brats20-data/BraTS20/data/volume_53_slice_113.npz,2
/kaggle/input/brats20-data/BraTS20/data/volume_53_slice_114.npz,2
/kaggle/input/brats20-data/BraTS20/data/volume_53_slice_115.npz,2
/kaggle/input/brats20-data/BraTS20/data/volume_53_slice_116.npz,76
/kaggle/input/brats20-data/BraTS20/data/volume_53_slice_117.npz,86
/kaggle/input/brats20-data/BraTS20/data/volume_53_slice_118.npz,86
/kaggle/input/brats20-data/BraTS20/data/volume_53_slice_119.npz,90
/kaggle/input/brats20-data/BraTS20/data/volume_53_slice_120.npz,90
/kaggle/input/brats20-data/BraTS20/data/volume_53_slice_121.npz,90
/kaggle/input/brats20-data/BraTS20/data/volume_53_slice_122.npz,90
/kaggle/input/brats20-data/BraTS20/data/volume_53_slice_123.npz,69
/kaggle/input/brats20-data/BraTS20/data/volume_53_slice_124.npz,69
/kaggle/input/brats20-data/BraTS20/data/volume_53_slice_125.npz,61
/kaggle/input/brats20-data/BraTS20/data/volume_53_slice_127.npz,89
/kaggle/input/brats20-data/BraTS20/data/volume_53_slice_128.npz,89
/kaggle/input/brats20-data/BraTS20/data/volume_157_slice_80.npz,41
/kaggle/input/brats20-data/BraTS20/data/volume_157_slice_81.npz,41
/kaggle/input/brats20-data/BraTS20/data/volume_157_slice_82.npz,41
/kaggle/input/brats20-data/BraTS20/data/volume_157_slice_83.npz,41
/kaggle/input/brats20-data/BraTS20/data/volume_157_slice_84.npz,41
/kaggle/input/brats20-data/BraTS20/data/volume_157_slice_85.npz,41
/kaggle/input/brats20-data/BraTS20/data/volume_157_slice_86.npz,41
/kaggle/input/brats20-data/BraTS20/data/volume_157_slice_87.npz,41
/kaggle/input/brats20-data/BraTS20/data/volume_157_slice_88.npz,41
/kaggle/input/brats20-data/BraTS20/data/volume_157_slice_89.npz,41
/kaggle/input/brats20-data/BraTS20/data/volume_157_slice_90.npz,94
/kaggle/input/brats20-data/BraTS20/data/volume_157_slice_91.npz,94
/kaggle/input/brats20-data/BraTS20/data/volume_157_slice_92.npz,94
/kaggle/input/brats20-data/BraTS20/data/volume_157_slice_93.npz,19
/kaggle/input/brats20-data/BraTS20/data/volume_157_slice_94.npz,19
/kaggle/input/brats20-data/BraTS20/data/volume_157_slice_95.npz,19
/kaggle/input/brats20-data/BraTS20/data/volume_157_slice_96.npz,19
/kaggle/input/brats20-data/BraTS20/data/volume_157_slice_97.npz,19
/kaggle/input/brats20-data/BraTS20/data/volume_157_slice_98.npz,19
/kaggle/input/brats20-data/BraTS20/data/volume_157_slice_99.npz,19
/kaggle/input/brats20-data/BraTS20/data/volume_157_slice_100.npz,19
/kaggle/input/brats20-data/BraTS20/data/volume_157_slice_101.npz,16
/kaggle/input/brats20-data/BraTS20/data/volume_157_slice_102.npz,16
/kaggle/input/brats20-data/BraTS20/data/volume_157_slice_103.npz,16
/kaggle/input/brats20-data/BraTS20/data/volume_157_slice_104.npz,16
/kaggle/input/brats20-data/BraTS20/data/volume_157_slice_105.npz,16
/kaggle/input/brats20-data/BraTS20/data/volume_157_slice_106.npz,16
/kaggle/input/brats20-data/BraTS20/data/volume_157_slice_107.npz,16
/kaggle/input/brats20-data/BraTS20/data/volume_157_slice_108.npz,16
/kaggle/input/brats20-data/BraTS20/data/volume_157_slice_109.npz,16
/kaggle/input/brats20-data/BraTS20/data/volume_157_slice_110.npz,2
/kaggle/input/brats20-data/BraTS20/data/volume_157_slice_111.npz,2
/kaggle/input/brats20-data/BraTS20/data/volume_157_slice_112.npz,2
/kaggle/input/brats20-data/BraTS20/data/volume_157_slice_113.npz,76
/kaggle/input/brats20-data/BraTS20/data/volume_157_slice_114.npz,76
/kaggle/input/brats20-data/BraTS20/data/volume_157_slice_115.npz,76
/kaggle/input/brats20-data/BraTS20/data/volume_157_slice_116.npz,77
/kaggle/input/brats20-data/BraTS20/data/volume_157_slice_117.npz,77
/kaggle/input/brats20-data/BraTS20/data/volume_157_slice_118.npz,86
/kaggle/input/brats20-data/BraTS20/data/volume_157_slice_119.npz,44
/kaggle/input/brats20-data/BraTS20/data/volume_157_slice_120.npz,44
/kaggle/input/brats20-data/BraTS20/data/volume_157_slice_121.npz,44
/kaggle/input/brats20-data/BraTS20/data/volume_157_slice_122.npz,44
/kaggle/input/brats20-data/BraTS20/data/volume_157_slice_123.npz,44
/kaggle/input/brats20-data/BraTS20/data/volume_157_slice_124.npz,44
/kaggle/input/brats20-data/BraTS20/data/volume_157_slice_125.npz,61
/kaggle/input/brats20-data/BraTS20/data/volume_157_slice_126.npz,61
/kaggle/input/brats20-data/BraTS20/data/volume_157_slice_127.npz,89
/kaggle/input/brats20-data/BraTS20/data/volume_157_slice_128.npz,89
/kaggle/input/brats20-data/BraTS20/data/volume_225_slice_80.npz,38
/kaggle/input/brats20-data/BraTS20/data/volume_225_slice_81.npz,38
/kaggle/input/brats20-data/BraTS20/data/volume_225_slice_82.npz,38
/kaggle/input/brats20-data/BraTS20/data/volume_225_slice_83.npz,38
/kaggle/input/brats20-data/BraTS20/data/volume_225_slice_84.npz,38
/kaggle/input/brats20-data/BraTS20/data/volume_225_slice_85.npz,35
/kaggle/input/brats20-data/BraTS20/data/volume_225_slice_86.npz,35
/kaggle/input/brats20-data/BraTS20/data/volume_225_slice_87.npz,35
/kaggle/input/brats20-data/BraTS20/data/volume_225_slice_88.npz,35
/kaggle/input/brats20-data/BraTS20/data/volume_225_slice_89.npz,35
/kaggle/input/brats20-data/BraTS20/data/volume_225_slice_90.npz,35
/kaggle/input/brats20-data/BraTS20/data/volume_225_slice_91.npz,35
/kaggle/input/brats20-data/BraTS20/data/volume_225_slice_92.npz,35
/kaggle/input/brats20-data/BraTS20/data/volume_225_slice_93.npz,35
/kaggle/input/brats20-data/BraTS20/data/volume_225_slice_94.npz,35
/kaggle/input/brats20-data/BraTS20/data/volume_225_slice_95.npz,35
/kaggle/input/brats20-data/BraTS20/data/volume_225_slice_96.npz,35
/kaggle/input/brats20-data/BraTS20/data/volume_225_slice_97.npz,35
/kaggle/input/brats20-data/BraTS20/data/volume_225_slice_98.npz,35
/kaggle/input/brats20-data/BraTS20/data/volume_225_slice_99.npz,35
/kaggle/input/brats20-data/BraTS20/data/volume_225_slice_100.npz,25
/kaggle/input/brats20-data/BraTS20/data/volume_225_slice_101.npz,25
/kaggle/input/brats20-data/BraTS20/data/volume_225_slice_102.npz,25
/kaggle/input/brats20-data/BraTS20/data/volume_225_slice_103.npz,17
/kaggle/input/brats20-data/BraTS20/data/volume_225_slice_104.npz,17
/kaggle/input/brats20-data/BraTS20/data/volume_225_slice_105.npz,17
/kaggle/input/brats20-data/BraTS20/data/volume_225_slice_106.npz,17
/kaggle/input/brats20-data/BraTS20/data/volume_225_slice_107.npz,17
/kaggle/input/brats20-data/BraTS20/data/volume_225_slice_108.npz,17
/kaggle/input/brats20-data/BraTS20/data/volume_225_slice_109.npz,17
/kaggle/input/brats20-data/BraTS20/data/volume_225_slice_110.npz,17
/kaggle/input/brats20-data/BraTS20/data/volume_225_slice_111.npz,17
/kaggle/input/brats20-data/BraTS20/data/volume_225_slice_112.npz,17
/kaggle/input/brats20-data/BraTS20/data/volume_225_slice_113.npz,39
/kaggle/input/brats20-data/BraTS20/data/volume_225_slice_114.npz,39
/kaggle/input/brats20-data/BraTS20/data/volume_225_slice_115.npz,39
/kaggle/input/brats20-data/BraTS20/data/volume_225_slice_116.npz,62
/kaggle/input/brats20-data/BraTS20/data/volume_225_slice_117.npz,62
/kaggle/input/brats20-data/BraTS20/data/volume_225_slice_118.npz,62
/kaggle/input/brats20-data/BraTS20/data/volume_225_slice_119.npz,62
/kaggle/input/brats20-data/BraTS20/data/volume_225_slice_120.npz,62
/kaggle/input/brats20-data/BraTS20/data/volume_225_slice_121.npz,62
/kaggle/input/brats20-data/BraTS20/data/volume_225_slice_122.npz,62
/kaggle/input/brats20-data/BraTS20/data/volume_225_slice_123.npz,62
/kaggle/input/brats20-data/BraTS20/data/volume_225_slice_124.npz,62
/kaggle/input/brats20-data/BraTS20/data/volume_225_slice_125.npz,62
/kaggle/input/brats20-data/BraTS20/data/volume_225_slice_126.npz,62
/kaggle/input/brats20-data/BraTS20/data/volume_225_slice_127.npz,62
/kaggle/input/brats20-data/BraTS20/data/volume_225_slice_128.npz,62
/kaggle/input/brats20-data/BraTS20/data/volume_220_slice_80.npz,41
/kaggle/input/brats20-data/BraTS20/data/volume_220_slice_81.npz,41
/kaggle/input/brats20-data/BraTS20/data/volume_220_slice_82.npz,41
/kaggle/input/brats20-data/BraTS20/data/volume_220_slice_83.npz,41
/kaggle/input/brats20-data/BraTS20/data/volume_220_slice_84.npz,41
/kaggle/input/brats20-data/BraTS20/data/volume_220_slice_85.npz,41
/kaggle/input/brats20-data/BraTS20/data/volume_220_slice_86.npz,41
/kaggle/input/brats20-data/BraTS20/data/volume_220_slice_87.npz,41
/kaggle/input/brats20-data/BraTS20/data/volume_220_slice_88.npz,41
/kaggle/input/brats20-data/BraTS20/data/volume_220_slice_89.npz,41
/kaggle/input/brats20-data/BraTS20/data/volume_220_slice_90.npz,41
/kaggle/input/brats20-data/BraTS20/data/volume_220_slice_91.npz,41
/kaggle/input/brats20-data/BraTS20/data/volume_220_slice_92.npz,41
/kaggle/input/brats20-data/BraTS20/data/volume_220_slice_93.npz,27
/kaggle/input/brats20-data/BraTS20/data/volume_220_slice_94.npz,27
/kaggle/input/brats20-data/BraTS20/data/volume_220_slice_95.npz,27
/kaggle/input/brats20-data/BraTS20/data/volume_220_slice_96.npz,27
/kaggle/input/brats20-data/BraTS20/data/volume_220_slice_97.npz,27
/kaggle/input/brats20-data/BraTS20/data/volume_220_slice_98.npz,94
/kaggle/input/brats20-data/BraTS20/data/volume_220_slice_99.npz,55
/kaggle/input/brats20-data/BraTS20/data/volume_220_slice_100.npz,55
/kaggle/input/brats20-data/BraTS20/data/volume_220_slice_101.npz,25
/kaggle/input/brats20-data/BraTS20/data/volume_220_slice_102.npz,25
/kaggle/input/brats20-data/BraTS20/data/volume_220_slice_103.npz,25
/kaggle/input/brats20-data/BraTS20/data/volume_220_slice_104.npz,25
/kaggle/input/brats20-data/BraTS20/data/volume_220_slice_105.npz,25
/kaggle/input/brats20-data/BraTS20/data/volume_220_slice_106.npz,25
/kaggle/input/brats20-data/BraTS20/data/volume_220_slice_107.npz,2
/kaggle/input/brats20-data/BraTS20/data/volume_220_slice_108.npz,71
/kaggle/input/brats20-data/BraTS20/data/volume_220_slice_109.npz,91
/kaggle/input/brats20-data/BraTS20/data/volume_220_slice_110.npz,91
/kaggle/input/brats20-data/BraTS20/data/volume_220_slice_111.npz,91
/kaggle/input/brats20-data/BraTS20/data/volume_220_slice_112.npz,91
/kaggle/input/brats20-data/BraTS20/data/volume_220_slice_113.npz,36
/kaggle/input/brats20-data/BraTS20/data/volume_220_slice_114.npz,52
/kaggle/input/brats20-data/BraTS20/data/volume_220_slice_115.npz,52
/kaggle/input/brats20-data/BraTS20/data/volume_220_slice_116.npz,52
/kaggle/input/brats20-data/BraTS20/data/volume_220_slice_117.npz,54
/kaggle/input/brats20-data/BraTS20/data/volume_220_slice_118.npz,54
/kaggle/input/brats20-data/BraTS20/data/volume_220_slice_119.npz,54
/kaggle/input/brats20-data/BraTS20/data/volume_220_slice_120.npz,54
/kaggle/input/brats20-data/BraTS20/data/volume_220_slice_121.npz,69
/kaggle/input/brats20-data/BraTS20/data/volume_220_slice_122.npz,69
/kaggle/input/brats20-data/BraTS20/data/volume_220_slice_123.npz,75
/kaggle/input/brats20-data/BraTS20/data/volume_220_slice_124.npz,75
/kaggle/input/brats20-data/BraTS20/data/volume_220_slice_125.npz,75
/kaggle/input/brats20-data/BraTS20/data/volume_220_slice_126.npz,75
/kaggle/input/brats20-data/BraTS20/data/volume_220_slice_128.npz,83
/kaggle/input/brats20-data/BraTS20/data/volume_201_slice_80.npz,30
/kaggle/input/brats20-data/BraTS20/data/volume_201_slice_81.npz,30
/kaggle/input/brats20-data/BraTS20/data/volume_201_slice_82.npz,30
/kaggle/input/brats20-data/BraTS20/data/volume_201_slice_83.npz,30
/kaggle/input/brats20-data/BraTS20/data/volume_201_slice_84.npz,30
/kaggle/input/brats20-data/BraTS20/data/volume_201_slice_85.npz,30
/kaggle/input/brats20-data/BraTS20/data/volume_201_slice_86.npz,30
/kaggle/input/brats20-data/BraTS20/data/volume_201_slice_87.npz,45
/kaggle/input/brats20-data/BraTS20/data/volume_201_slice_88.npz,45
/kaggle/input/brats20-data/BraTS20/data/volume_201_slice_89.npz,45
/kaggle/input/brats20-data/BraTS20/data/volume_201_slice_90.npz,45
/kaggle/input/brats20-data/BraTS20/data/volume_201_slice_91.npz,45
/kaggle/input/brats20-data/BraTS20/data/volume_201_slice_92.npz,45
/kaggle/input/brats20-data/BraTS20/data/volume_201_slice_93.npz,45
/kaggle/input/brats20-data/BraTS20/data/volume_201_slice_94.npz,57
/kaggle/input/brats20-data/BraTS20/data/volume_201_slice_95.npz,57
/kaggle/input/brats20-data/BraTS20/data/volume_201_slice_96.npz,57
/kaggle/input/brats20-data/BraTS20/data/volume_201_slice_97.npz,57
/kaggle/input/brats20-data/BraTS20/data/volume_201_slice_98.npz,57
/kaggle/input/brats20-data/BraTS20/data/volume_201_slice_99.npz,57
/kaggle/input/brats20-data/BraTS20/data/volume_201_slice_100.npz,57
/kaggle/input/brats20-data/BraTS20/data/volume_201_slice_101.npz,2
/kaggle/input/brats20-data/BraTS20/data/volume_201_slice_102.npz,2
/kaggle/input/brats20-data/BraTS20/data/volume_201_slice_103.npz,2
/kaggle/input/brats20-data/BraTS20/data/volume_201_slice_104.npz,2
/kaggle/input/brats20-data/BraTS20/data/volume_201_slice_105.npz,2
/kaggle/input/brats20-data/BraTS20/data/volume_201_slice_106.npz,2
/kaggle/input/brats20-data/BraTS20/data/volume_201_slice_107.npz,2
/kaggle/input/brats20-data/BraTS20/data/volume_201_slice_108.npz,2
/kaggle/input/brats20-data/BraTS20/data/volume_201_slice_109.npz,36
/kaggle/input/brats20-data/BraTS20/data/volume_201_slice_110.npz,36
/kaggle/input/brats20-data/BraTS20/data/volume_201_slice_111.npz,36
/kaggle/input/brats20-data/BraTS20/data/volume_201_slice_112.npz,36
/kaggle/input/brats20-data/BraTS20/data/volume_201_slice_113.npz,44
/kaggle/input/brats20-data/BraTS20/data/volume_201_slice_114.npz,44
/kaggle/input/brats20-data/BraTS20/data/volume_201_slice_115.npz,44
/kaggle/input/brats20-data/BraTS20/data/volume_201_slice_116.npz,44
/kaggle/input/brats20-data/BraTS20/data/volume_201_slice_117.npz,44
/kaggle/input/brats20-data/BraTS20/data/volume_201_slice_118.npz,44
/kaggle/input/brats20-data/BraTS20/data/volume_201_slice_119.npz,44
/kaggle/input/brats20-data/BraTS20/data/volume_201_slice_120.npz,44
/kaggle/input/brats20-data/BraTS20/data/volume_201_slice_121.npz,78
/kaggle/input/brats20-data/BraTS20/data/volume_201_slice_122.npz,78
/kaggle/input/brats20-data/BraTS20/data/volume_201_slice_123.npz,75
/kaggle/input/brats20-data/BraTS20/data/volume_201_slice_124.npz,75
/kaggle/input/brats20-data/BraTS20/data/volume_201_slice_125.npz,75
/kaggle/input/brats20-data/BraTS20/data/volume_201_slice_126.npz,75
/kaggle/input/brats20-data/BraTS20/data/volume_201_slice_127.npz,83
/kaggle/input/brats20-data/BraTS20/data/volume_201_slice_128.npz,43
/kaggle/input/brats20-data/BraTS20/data/volume_368_slice_80.npz,41
/kaggle/input/brats20-data/BraTS20/data/volume_368_slice_81.npz,41
/kaggle/input/brats20-data/BraTS20/data/volume_368_slice_82.npz,41
/kaggle/input/brats20-data/BraTS20/data/volume_368_slice_83.npz,41
/kaggle/input/brats20-data/BraTS20/data/volume_368_slice_84.npz,41
/kaggle/input/brats20-data/BraTS20/data/volume_368_slice_85.npz,41
/kaggle/input/brats20-data/BraTS20/data/volume_368_slice_86.npz,41
/kaggle/input/brats20-data/BraTS20/data/volume_368_slice_87.npz,41
/kaggle/input/brats20-data/BraTS20/data/volume_368_slice_88.npz,41
/kaggle/input/brats20-data/BraTS20/data/volume_368_slice_89.npz,41
/kaggle/input/brats20-data/BraTS20/data/volume_368_slice_90.npz,41
/kaggle/input/brats20-data/BraTS20/data/volume_368_slice_91.npz,41
/kaggle/input/brats20-data/BraTS20/data/volume_368_slice_92.npz,41
/kaggle/input/brats20-data/BraTS20/data/volume_368_slice_93.npz,41
/kaggle/input/brats20-data/BraTS20/data/volume_368_slice_94.npz,41
/kaggle/input/brats20-data/BraTS20/data/volume_368_slice_95.npz,84
/kaggle/input/brats20-data/BraTS20/data/volume_368_slice_96.npz,94
/kaggle/input/brats20-data/BraTS20/data/volume_368_slice_97.npz,94
/kaggle/input/brats20-data/BraTS20/data/volume_368_slice_98.npz,94
/kaggle/input/brats20-data/BraTS20/data/volume_368_slice_99.npz,94
/kaggle/input/brats20-data/BraTS20/data/volume_368_slice_100.npz,94
/kaggle/input/brats20-data/BraTS20/data/volume_368_slice_101.npz,56
/kaggle/input/brats20-data/BraTS20/data/volume_368_slice_102.npz,56
/kaggle/input/brats20-data/BraTS20/data/volume_368_slice_103.npz,56
/kaggle/input/brats20-data/BraTS20/data/volume_368_slice_104.npz,56
/kaggle/input/brats20-data/BraTS20/data/volume_368_slice_105.npz,2
/kaggle/input/brats20-data/BraTS20/data/volume_368_slice_106.npz,2
/kaggle/input/brats20-data/BraTS20/data/volume_368_slice_107.npz,2
/kaggle/input/brats20-data/BraTS20/data/volume_368_slice_108.npz,2
/kaggle/input/brats20-data/BraTS20/data/volume_368_slice_109.npz,2
/kaggle/input/brats20-data/BraTS20/data/volume_368_slice_110.npz,2
/kaggle/input/brats20-data/BraTS20/data/volume_368_slice_111.npz,70
/kaggle/input/brats20-data/BraTS20/data/volume_368_slice_112.npz,76
/kaggle/input/brats20-data/BraTS20/data/volume_368_slice_113.npz,76
/kaggle/input/brats20-data/BraTS20/data/volume_368_slice_114.npz,76
/kaggle/input/brats20-data/BraTS20/data/volume_368_slice_115.npz,76
/kaggle/input/brats20-data/BraTS20/data/volume_368_slice_116.npz,76
/kaggle/input/brats20-data/BraTS20/data/volume_368_slice_117.npz,76
/kaggle/input/brats20-data/BraTS20/data/volume_368_slice_118.npz,44
/kaggle/input/brats20-data/BraTS20/data/volume_368_slice_119.npz,44
/kaggle/input/brats20-data/BraTS20/data/volume_368_slice_121.npz,44
/kaggle/input/brats20-data/BraTS20/data/volume_368_slice_122.npz,69
/kaggle/input/brats20-data/BraTS20/data/volume_368_slice_123.npz,61
/kaggle/input/brats20-data/BraTS20/data/volume_368_slice_124.npz,61
/kaggle/input/brats20-data/BraTS20/data/volume_368_slice_125.npz,61
/kaggle/input/brats20-data/BraTS20/data/volume_368_slice_126.npz,61
/kaggle/input/brats20-data/BraTS20/data/volume_368_slice_127.npz,89
/kaggle/input/brats20-data/BraTS20/data/volume_368_slice_128.npz,11
/kaggle/input/brats20-data/BraTS20/data/volume_268_slice_80.npz,0
/kaggle/input/brats20-data/BraTS20/data/volume_268_slice_81.npz,0
/kaggle/input/brats20-data/BraTS20/data/volume_268_slice_82.npz,0
/kaggle/input/brats20-data/BraTS20/data/volume_268_slice_83.npz,0
/kaggle/input/brats20-data/BraTS20/data/volume_268_slice_84.npz,0
/kaggle/input/brats20-data/BraTS20/data/volume_268_slice_85.npz,0
/kaggle/input/brats20-data/BraTS20/data/volume_268_slice_86.npz,0
/kaggle/input/brats20-data/BraTS20/data/volume_268_slice_87.npz,0
/kaggle/input/brats20-data/BraTS20/data/volume_268_slice_88.npz,0
/kaggle/input/brats20-data/BraTS20/data/volume_268_slice_89.npz,50
/kaggle/input/brats20-data/BraTS20/data/volume_268_slice_90.npz,50
/kaggle/input/brats20-data/BraTS20/data/volume_268_slice_91.npz,50
/kaggle/input/brats20-data/BraTS20/data/volume_268_slice_92.npz,50
/kaggle/input/brats20-data/BraTS20/data/volume_268_slice_93.npz,50
/kaggle/input/brats20-data/BraTS20/data/volume_268_slice_94.npz,50
/kaggle/input/brats20-data/BraTS20/data/volume_268_slice_95.npz,50
/kaggle/input/brats20-data/BraTS20/data/volume_268_slice_96.npz,50
/kaggle/input/brats20-data/BraTS20/data/volume_268_slice_97.npz,50
/kaggle/input/brats20-data/BraTS20/data/volume_268_slice_98.npz,50
/kaggle/input/brats20-data/BraTS20/data/volume_268_slice_99.npz,84
/kaggle/input/brats20-data/BraTS20/data/volume_268_slice_100.npz,4
/kaggle/input/brats20-data/BraTS20/data/volume_268_slice_101.npz,4
/kaggle/input/brats20-data/BraTS20/data/volume_268_slice_102.npz,4
/kaggle/input/brats20-data/BraTS20/data/volume_268_slice_103.npz,55
/kaggle/input/brats20-data/BraTS20/data/volume_268_slice_104.npz,55
/kaggle/input/brats20-data/BraTS20/data/volume_268_slice_105.npz,55
/kaggle/input/brats20-data/BraTS20/data/volume_268_slice_106.npz,55
/kaggle/input/brats20-data/BraTS20/data/volume_268_slice_107.npz,55
/kaggle/input/brats20-data/BraTS20/data/volume_268_slice_108.npz,71
/kaggle/input/brats20-data/BraTS20/data/volume_268_slice_109.npz,71
/kaggle/input/brats20-data/BraTS20/data/volume_268_slice_110.npz,71
/kaggle/input/brats20-data/BraTS20/data/volume_268_slice_111.npz,71
/kaggle/input/brats20-data/BraTS20/data/volume_268_slice_112.npz,36
/kaggle/input/brats20-data/BraTS20/data/volume_268_slice_113.npz,36
/kaggle/input/brats20-data/BraTS20/data/volume_268_slice_114.npz,36
/kaggle/input/brats20-data/BraTS20/data/volume_268_slice_115.npz,36
/kaggle/input/brats20-data/BraTS20/data/volume_268_slice_116.npz,36
/kaggle/input/brats20-data/BraTS20/data/volume_268_slice_117.npz,64
/kaggle/input/brats20-data/BraTS20/data/volume_268_slice_118.npz,64
/kaggle/input/brats20-data/BraTS20/data/volume_268_slice_119.npz,64
/kaggle/input/brats20-data/BraTS20/data/volume_268_slice_120.npz,64
/kaggle/input/brats20-data/BraTS20/data/volume_268_slice_121.npz,64
/kaggle/input/brats20-data/BraTS20/data/volume_268_slice_122.npz,93
/kaggle/input/brats20-data/BraTS20/data/volume_268_slice_123.npz,78
/kaggle/input/brats20-data/BraTS20/data/volume_268_slice_124.npz,78
/kaggle/input/brats20-data/BraTS20/data/volume_268_slice_125.npz,78
/kaggle/input/brats20-data/BraTS20/data/volume_268_slice_126.npz,78
/kaggle/input/brats20-data/BraTS20/data/volume_268_slice_127.npz,75
/kaggle/input/brats20-data/BraTS20/data/volume_268_slice_128.npz,83
/kaggle/input/brats20-data/BraTS20/data/volume_330_slice_80.npz,12
/kaggle/input/brats20-data/BraTS20/data/volume_330_slice_81.npz,38
/kaggle/input/brats20-data/BraTS20/data/volume_330_slice_82.npz,38
/kaggle/input/brats20-data/BraTS20/data/volume_330_slice_83.npz,38
/kaggle/input/brats20-data/BraTS20/data/volume_330_slice_84.npz,38
/kaggle/input/brats20-data/BraTS20/data/volume_330_slice_85.npz,38
/kaggle/input/brats20-data/BraTS20/data/volume_330_slice_86.npz,41
/kaggle/input/brats20-data/BraTS20/data/volume_330_slice_87.npz,41
/kaggle/input/brats20-data/BraTS20/data/volume_330_slice_88.npz,41
/kaggle/input/brats20-data/BraTS20/data/volume_330_slice_89.npz,41
/kaggle/input/brats20-data/BraTS20/data/volume_330_slice_90.npz,41
/kaggle/input/brats20-data/BraTS20/data/volume_330_slice_91.npz,41
/kaggle/input/brats20-data/BraTS20/data/volume_330_slice_92.npz,4
/kaggle/input/brats20-data/BraTS20/data/volume_330_slice_93.npz,4
/kaggle/input/brats20-data/BraTS20/data/volume_330_slice_94.npz,4
/kaggle/input/brats20-data/BraTS20/data/volume_330_slice_95.npz,4
/kaggle/input/brats20-data/BraTS20/data/volume_330_slice_96.npz,4
/kaggle/input/brats20-data/BraTS20/data/volume_330_slice_97.npz,4
/kaggle/input/brats20-data/BraTS20/data/volume_330_slice_98.npz,55
/kaggle/input/brats20-data/BraTS20/data/volume_330_slice_99.npz,55
/kaggle/input/brats20-data/BraTS20/data/volume_330_slice_100.npz,55
/kaggle/input/brats20-data/BraTS20/data/volume_330_slice_101.npz,55
/kaggle/input/brats20-data/BraTS20/data/volume_330_slice_102.npz,70
/kaggle/input/brats20-data/BraTS20/data/volume_330_slice_103.npz,70
/kaggle/input/brats20-data/BraTS20/data/volume_330_slice_104.npz,70
/kaggle/input/brats20-data/BraTS20/data/volume_330_slice_105.npz,70
/kaggle/input/brats20-data/BraTS20/data/volume_330_slice_106.npz,70
/kaggle/input/brats20-data/BraTS20/data/volume_330_slice_107.npz,70
/kaggle/input/brats20-data/BraTS20/data/volume_330_slice_108.npz,70
/kaggle/input/brats20-data/BraTS20/data/volume_330_slice_109.npz,70
/kaggle/input/brats20-data/BraTS20/data/volume_330_slice_110.npz,51
/kaggle/input/brats20-data/BraTS20/data/volume_330_slice_111.npz,51
/kaggle/input/brats20-data/BraTS20/data/volume_330_slice_112.npz,51
/kaggle/input/brats20-data/BraTS20/data/volume_330_slice_113.npz,51
/kaggle/input/brats20-data/BraTS20/data/volume_330_slice_114.npz,51
/kaggle/input/brats20-data/BraTS20/data/volume_330_slice_115.npz,93
/kaggle/input/brats20-data/BraTS20/data/volume_330_slice_116.npz,93
/kaggle/input/brats20-data/BraTS20/data/volume_330_slice_117.npz,93
/kaggle/input/brats20-data/BraTS20/data/volume_330_slice_118.npz,93
/kaggle/input/brats20-data/BraTS20/data/volume_330_slice_119.npz,93
/kaggle/input/brats20-data/BraTS20/data/volume_330_slice_120.npz,93
/kaggle/input/brats20-data/BraTS20/data/volume_330_slice_121.npz,93
/kaggle/input/brats20-data/BraTS20/data/volume_330_slice_122.npz,93
/kaggle/input/brats20-data/BraTS20/data/volume_330_slice_123.npz,78
/kaggle/input/brats20-data/BraTS20/data/volume_330_slice_124.npz,78
/kaggle/input/brats20-data/BraTS20/data/volume_330_slice_125.npz,78
/kaggle/input/brats20-data/BraTS20/data/volume_330_slice_126.npz,65
/kaggle/input/brats20-data/BraTS20/data/volume_330_slice_127.npz,65
/kaggle/input/brats20-data/BraTS20/data/volume_330_slice_128.npz,65
/kaggle/input/brats20-data/BraTS20/data/volume_365_slice_80.npz,35
/kaggle/input/brats20-data/BraTS20/data/volume_365_slice_81.npz,35
/kaggle/input/brats20-data/BraTS20/data/volume_365_slice_82.npz,35
/kaggle/input/brats20-data/BraTS20/data/volume_365_slice_83.npz,35
/kaggle/input/brats20-data/BraTS20/data/volume_365_slice_84.npz,35
/kaggle/input/brats20-data/BraTS20/data/volume_365_slice_85.npz,35
/kaggle/input/brats20-data/BraTS20/data/volume_365_slice_86.npz,35
/kaggle/input/brats20-data/BraTS20/data/volume_365_slice_87.npz,35
/kaggle/input/brats20-data/BraTS20/data/volume_365_slice_88.npz,35
/kaggle/input/brats20-data/BraTS20/data/volume_365_slice_89.npz,35
/kaggle/input/brats20-data/BraTS20/data/volume_365_slice_90.npz,35
/kaggle/input/brats20-data/BraTS20/data/volume_365_slice_91.npz,35
/kaggle/input/brats20-data/BraTS20/data/volume_365_slice_92.npz,35
/kaggle/input/brats20-data/BraTS20/data/volume_365_slice_93.npz,35
/kaggle/input/brats20-data/BraTS20/data/volume_365_slice_94.npz,35
/kaggle/input/brats20-data/BraTS20/data/volume_365_slice_95.npz,35
/kaggle/input/brats20-data/BraTS20/data/volume_365_slice_96.npz,35
/kaggle/input/brats20-data/BraTS20/data/volume_365_slice_97.npz,35
/kaggle/input/brats20-data/BraTS20/data/volume_365_slice_98.npz,35
/kaggle/input/brats20-data/BraTS20/data/volume_365_slice_99.npz,31
/kaggle/input/brats20-data/BraTS20/data/volume_365_slice_100.npz,31
/kaggle/input/brats20-data/BraTS20/data/volume_365_slice_101.npz,35
/kaggle/input/brats20-data/BraTS20/data/volume_365_slice_102.npz,35
/kaggle/input/brats20-data/BraTS20/data/volume_365_slice_103.npz,35
/kaggle/input/brats20-data/BraTS20/data/volume_365_slice_104.npz,35
/kaggle/input/brats20-data/BraTS20/data/volume_365_slice_105.npz,35
/kaggle/input/brats20-data/BraTS20/data/volume_365_slice_106.npz,48
/kaggle/input/brats20-data/BraTS20/data/volume_365_slice_107.npz,48
/kaggle/input/brats20-data/BraTS20/data/volume_365_slice_108.npz,48
/kaggle/input/brats20-data/BraTS20/data/volume_365_slice_109.npz,36
/kaggle/input/brats20-data/BraTS20/data/volume_365_slice_110.npz,36
/kaggle/input/brats20-data/BraTS20/data/volume_365_slice_111.npz,98
/kaggle/input/brats20-data/BraTS20/data/volume_365_slice_112.npz,98
/kaggle/input/brats20-data/BraTS20/data/volume_365_slice_113.npz,98
/kaggle/input/brats20-data/BraTS20/data/volume_365_slice_114.npz,98
/kaggle/input/brats20-data/BraTS20/data/volume_365_slice_115.npz,98
/kaggle/input/brats20-data/BraTS20/data/volume_365_slice_116.npz,98
/kaggle/input/brats20-data/BraTS20/data/volume_365_slice_117.npz,98
/kaggle/input/brats20-data/BraTS20/data/volume_365_slice_118.npz,98
/kaggle/input/brats20-data/BraTS20/data/volume_365_slice_119.npz,82
/kaggle/input/brats20-data/BraTS20/data/volume_365_slice_120.npz,82
/kaggle/input/brats20-data/BraTS20/data/volume_365_slice_121.npz,61
/kaggle/input/brats20-data/BraTS20/data/volume_365_slice_122.npz,61
/kaggle/input/brats20-data/BraTS20/data/volume_365_slice_123.npz,83
/kaggle/input/brats20-data/BraTS20/data/volume_365_slice_124.npz,83
/kaggle/input/brats20-data/BraTS20/data/volume_365_slice_125.npz,83
/kaggle/input/brats20-data/BraTS20/data/volume_365_slice_126.npz,83
/kaggle/input/brats20-data/BraTS20/data/volume_365_slice_127.npz,11
/kaggle/input/brats20-data/BraTS20/data/volume_365_slice_128.npz,43
/kaggle/input/brats20-data/BraTS20/data/volume_4_slice_80.npz,46
/kaggle/input/brats20-data/BraTS20/data/volume_4_slice_81.npz,46
/kaggle/input/brats20-data/BraTS20/data/volume_4_slice_82.npz,18
/kaggle/input/brats20-data/BraTS20/data/volume_4_slice_83.npz,18
/kaggle/input/brats20-data/BraTS20/data/volume_4_slice_84.npz,18
/kaggle/input/brats20-data/BraTS20/data/volume_4_slice_85.npz,26
/kaggle/input/brats20-data/BraTS20/data/volume_4_slice_86.npz,26
/kaggle/input/brats20-data/BraTS20/data/volume_4_slice_87.npz,26
/kaggle/input/brats20-data/BraTS20/data/volume_4_slice_88.npz,26
/kaggle/input/brats20-data/BraTS20/data/volume_4_slice_89.npz,26
/kaggle/input/brats20-data/BraTS20/data/volume_4_slice_90.npz,26
/kaggle/input/brats20-data/BraTS20/data/volume_4_slice_91.npz,26
/kaggle/input/brats20-data/BraTS20/data/volume_4_slice_92.npz,26
/kaggle/input/brats20-data/BraTS20/data/volume_4_slice_93.npz,18
/kaggle/input/brats20-data/BraTS20/data/volume_4_slice_94.npz,18
/kaggle/input/brats20-data/BraTS20/data/volume_4_slice_95.npz,18
/kaggle/input/brats20-data/BraTS20/data/volume_4_slice_96.npz,18
/kaggle/input/brats20-data/BraTS20/data/volume_4_slice_97.npz,18
/kaggle/input/brats20-data/BraTS20/data/volume_4_slice_98.npz,18
/kaggle/input/brats20-data/BraTS20/data/volume_4_slice_99.npz,18
/kaggle/input/brats20-data/BraTS20/data/volume_4_slice_100.npz,18
/kaggle/input/brats20-data/BraTS20/data/volume_4_slice_101.npz,2
/kaggle/input/brats20-data/BraTS20/data/volume_4_slice_102.npz,2
/kaggle/input/brats20-data/BraTS20/data/volume_4_slice_103.npz,2
/kaggle/input/brats20-data/BraTS20/data/volume_4_slice_104.npz,2
/kaggle/input/brats20-data/BraTS20/data/volume_4_slice_105.npz,2
/kaggle/input/brats20-data/BraTS20/data/volume_4_slice_106.npz,2
/kaggle/input/brats20-data/BraTS20/data/volume_4_slice_107.npz,2
/kaggle/input/brats20-data/BraTS20/data/volume_4_slice_108.npz,2
/kaggle/input/brats20-data/BraTS20/data/volume_4_slice_109.npz,21
/kaggle/input/brats20-data/BraTS20/data/volume_4_slice_110.npz,21
/kaggle/input/brats20-data/BraTS20/data/volume_4_slice_111.npz,44
/kaggle/input/brats20-data/BraTS20/data/volume_4_slice_112.npz,44
/kaggle/input/brats20-data/BraTS20/data/volume_4_slice_113.npz,98
/kaggle/input/brats20-data/BraTS20/data/volume_4_slice_114.npz,98
/kaggle/input/brats20-data/BraTS20/data/volume_4_slice_115.npz,98
/kaggle/input/brats20-data/BraTS20/data/volume_4_slice_116.npz,98
/kaggle/input/brats20-data/BraTS20/data/volume_4_slice_117.npz,98
/kaggle/input/brats20-data/BraTS20/data/volume_4_slice_118.npz,39
/kaggle/input/brats20-data/BraTS20/data/volume_4_slice_119.npz,61
/kaggle/input/brats20-data/BraTS20/data/volume_4_slice_120.npz,61
/kaggle/input/brats20-data/BraTS20/data/volume_4_slice_122.npz,78
/kaggle/input/brats20-data/BraTS20/data/volume_4_slice_123.npz,78
/kaggle/input/brats20-data/BraTS20/data/volume_4_slice_124.npz,65
/kaggle/input/brats20-data/BraTS20/data/volume_4_slice_125.npz,65
/kaggle/input/brats20-data/BraTS20/data/volume_4_slice_126.npz,83
/kaggle/input/brats20-data/BraTS20/data/volume_4_slice_127.npz,83
/kaggle/input/brats20-data/BraTS20/data/volume_4_slice_128.npz,11
/kaggle/input/brats20-data/BraTS20/data/volume_90_slice_80.npz,26
/kaggle/input/brats20-data/BraTS20/data/volume_90_slice_81.npz,26
/kaggle/input/brats20-data/BraTS20/data/volume_90_slice_82.npz,26
/kaggle/input/brats20-data/BraTS20/data/volume_90_slice_83.npz,26
/kaggle/input/brats20-data/BraTS20/data/volume_90_slice_84.npz,26
/kaggle/input/brats20-data/BraTS20/data/volume_90_slice_85.npz,26
/kaggle/input/brats20-data/BraTS20/data/volume_90_slice_86.npz,26
/kaggle/input/brats20-data/BraTS20/data/volume_90_slice_87.npz,26
/kaggle/input/brats20-data/BraTS20/data/volume_90_slice_88.npz,26
/kaggle/input/brats20-data/BraTS20/data/volume_90_slice_89.npz,26
/kaggle/input/brats20-data/BraTS20/data/volume_90_slice_90.npz,18
/kaggle/input/brats20-data/BraTS20/data/volume_90_slice_91.npz,18
/kaggle/input/brats20-data/BraTS20/data/volume_90_slice_92.npz,18
/kaggle/input/brats20-data/BraTS20/data/volume_90_slice_93.npz,27
/kaggle/input/brats20-data/BraTS20/data/volume_90_slice_94.npz,27
/kaggle/input/brats20-data/BraTS20/data/volume_90_slice_95.npz,27
/kaggle/input/brats20-data/BraTS20/data/volume_90_slice_96.npz,27
/kaggle/input/brats20-data/BraTS20/data/volume_90_slice_97.npz,27
/kaggle/input/brats20-data/BraTS20/data/volume_90_slice_98.npz,25
/kaggle/input/brats20-data/BraTS20/data/volume_90_slice_99.npz,25
/kaggle/input/brats20-data/BraTS20/data/volume_90_slice_100.npz,18
/kaggle/input/brats20-data/BraTS20/data/volume_90_slice_101.npz,2
/kaggle/input/brats20-data/BraTS20/data/volume_90_slice_102.npz,2
/kaggle/input/brats20-data/BraTS20/data/volume_90_slice_103.npz,2
/kaggle/input/brats20-data/BraTS20/data/volume_90_slice_104.npz,2
/kaggle/input/brats20-data/BraTS20/data/volume_90_slice_105.npz,2
/kaggle/input/brats20-data/BraTS20/data/volume_90_slice_106.npz,2
/kaggle/input/brats20-data/BraTS20/data/volume_90_slice_107.npz,2
/kaggle/input/brats20-data/BraTS20/data/volume_90_slice_108.npz,2
/kaggle/input/brats20-data/BraTS20/data/volume_90_slice_109.npz,2
/kaggle/input/brats20-data/BraTS20/data/volume_90_slice_110.npz,2
/kaggle/input/brats20-data/BraTS20/data/volume_90_slice_111.npz,2
/kaggle/input/brats20-data/BraTS20/data/volume_90_slice_112.npz,76
/kaggle/input/brats20-data/BraTS20/data/volume_90_slice_113.npz,76
/kaggle/input/brats20-data/BraTS20/data/volume_90_slice_114.npz,76
/kaggle/input/brats20-data/BraTS20/data/volume_90_slice_115.npz,76
/kaggle/input/brats20-data/BraTS20/data/volume_90_slice_116.npz,76
/kaggle/input/brats20-data/BraTS20/data/volume_90_slice_117.npz,90
/kaggle/input/brats20-data/BraTS20/data/volume_90_slice_118.npz,98
/kaggle/input/brats20-data/BraTS20/data/volume_90_slice_119.npz,98
/kaggle/input/brats20-data/BraTS20/data/volume_90_slice_120.npz,98
/kaggle/input/brats20-data/BraTS20/data/volume_90_slice_121.npz,98
/kaggle/input/brats20-data/BraTS20/data/volume_90_slice_122.npz,69
/kaggle/input/brats20-data/BraTS20/data/volume_90_slice_123.npz,69
/kaggle/input/brats20-data/BraTS20/data/volume_90_slice_124.npz,61
/kaggle/input/brats20-data/BraTS20/data/volume_90_slice_125.npz,78
/kaggle/input/brats20-data/BraTS20/data/volume_90_slice_126.npz,78
/kaggle/input/brats20-data/BraTS20/data/volume_90_slice_127.npz,83
/kaggle/input/brats20-data/BraTS20/data/volume_90_slice_128.npz,83
/kaggle/input/brats20-data/BraTS20/data/volume_110_slice_80.npz,13
/kaggle/input/brats20-data/BraTS20/data/volume_110_slice_81.npz,13
/kaggle/input/brats20-data/BraTS20/data/volume_110_slice_82.npz,13
/kaggle/input/brats20-data/BraTS20/data/volume_110_slice_83.npz,13
/kaggle/input/brats20-data/BraTS20/data/volume_110_slice_84.npz,13
/kaggle/input/brats20-data/BraTS20/data/volume_110_slice_85.npz,13
/kaggle/input/brats20-data/BraTS20/data/volume_110_slice_86.npz,13
/kaggle/input/brats20-data/BraTS20/data/volume_110_slice_87.npz,13
/kaggle/input/brats20-data/BraTS20/data/volume_110_slice_88.npz,15
/kaggle/input/brats20-data/BraTS20/data/volume_110_slice_89.npz,15
/kaggle/input/brats20-data/BraTS20/data/volume_110_slice_90.npz,19
/kaggle/input/brats20-data/BraTS20/data/volume_110_slice_91.npz,19
/kaggle/input/brats20-data/BraTS20/data/volume_110_slice_92.npz,31
/kaggle/input/brats20-data/BraTS20/data/volume_110_slice_93.npz,31
/kaggle/input/brats20-data/BraTS20/data/volume_110_slice_94.npz,31
/kaggle/input/brats20-data/BraTS20/data/volume_110_slice_95.npz,31
/kaggle/input/brats20-data/BraTS20/data/volume_110_slice_96.npz,31
/kaggle/input/brats20-data/BraTS20/data/volume_110_slice_97.npz,31
/kaggle/input/brats20-data/BraTS20/data/volume_110_slice_98.npz,31
/kaggle/input/brats20-data/BraTS20/data/volume_110_slice_99.npz,31
/kaggle/input/brats20-data/BraTS20/data/volume_110_slice_100.npz,95
/kaggle/input/brats20-data/BraTS20/data/volume_110_slice_101.npz,95
/kaggle/input/brats20-data/BraTS20/data/volume_110_slice_102.npz,95
/kaggle/input/brats20-data/BraTS20/data/volume_110_slice_103.npz,95
/kaggle/input/brats20-data/BraTS20/data/volume_110_slice_104.npz,95
/kaggle/input/brats20-data/BraTS20/data/volume_110_slice_105.npz,95
/kaggle/input/brats20-data/BraTS20/data/volume_110_slice_106.npz,95
/kaggle/input/brats20-data/BraTS20/data/volume_110_slice_107.npz,95
/kaggle/input/brats20-data/BraTS20/data/volume_110_slice_108.npz,66
/kaggle/input/brats20-data/BraTS20/data/volume_110_slice_109.npz,66
/kaggle/input/brats20-data/BraTS20/data/volume_110_slice_110.npz,66
/kaggle/input/brats20-data/BraTS20/data/volume_110_slice_111.npz,66
/kaggle/input/brats20-data/BraTS20/data/volume_110_slice_112.npz,66
/kaggle/input/brats20-data/BraTS20/data/volume_110_slice_113.npz,66
/kaggle/input/brats20-data/BraTS20/data/volume_110_slice_114.npz,90
/kaggle/input/brats20-data/BraTS20/data/volume_110_slice_115.npz,93
/kaggle/input/brats20-data/BraTS20/data/volume_110_slice_116.npz,82
/kaggle/input/brats20-data/BraTS20/data/volume_110_slice_117.npz,82
/kaggle/input/brats20-data/BraTS20/data/volume_110_slice_118.npz,82
/kaggle/input/brats20-data/BraTS20/data/volume_110_slice_119.npz,82
/kaggle/input/brats20-data/BraTS20/data/volume_110_slice_120.npz,82
/kaggle/input/brats20-data/BraTS20/data/volume_110_slice_121.npz,75
/kaggle/input/brats20-data/BraTS20/data/volume_110_slice_122.npz,75
/kaggle/input/brats20-data/BraTS20/data/volume_110_slice_123.npz,75
/kaggle/input/brats20-data/BraTS20/data/volume_110_slice_124.npz,83
/kaggle/input/brats20-data/BraTS20/data/volume_110_slice_125.npz,83
/kaggle/input/brats20-data/BraTS20/data/volume_110_slice_126.npz,83
/kaggle/input/brats20-data/BraTS20/data/volume_110_slice_127.npz,11
/kaggle/input/brats20-data/BraTS20/data/volume_110_slice_128.npz,43
/kaggle/input/brats20-data/BraTS20/data/volume_292_slice_80.npz,41
/kaggle/input/brats20-data/BraTS20/data/volume_292_slice_81.npz,41
/kaggle/input/brats20-data/BraTS20/data/volume_292_slice_82.npz,41
/kaggle/input/brats20-data/BraTS20/data/volume_292_slice_83.npz,41
/kaggle/input/brats20-data/BraTS20/data/volume_292_slice_84.npz,41
/kaggle/input/brats20-data/BraTS20/data/volume_292_slice_85.npz,41
/kaggle/input/brats20-data/BraTS20/data/volume_292_slice_86.npz,41
/kaggle/input/brats20-data/BraTS20/data/volume_292_slice_87.npz,4
/kaggle/input/brats20-data/BraTS20/data/volume_292_slice_88.npz,4
/kaggle/input/brats20-data/BraTS20/data/volume_292_slice_89.npz,4
/kaggle/input/brats20-data/BraTS20/data/volume_292_slice_90.npz,4
/kaggle/input/brats20-data/BraTS20/data/volume_292_slice_91.npz,4
/kaggle/input/brats20-data/BraTS20/data/volume_292_slice_92.npz,4
/kaggle/input/brats20-data/BraTS20/data/volume_292_slice_93.npz,4
/kaggle/input/brats20-data/BraTS20/data/volume_292_slice_94.npz,4
/kaggle/input/brats20-data/BraTS20/data/volume_292_slice_95.npz,4
/kaggle/input/brats20-data/BraTS20/data/volume_292_slice_96.npz,4
/kaggle/input/brats20-data/BraTS20/data/volume_292_slice_97.npz,4
/kaggle/input/brats20-data/BraTS20/data/volume_292_slice_98.npz,55
/kaggle/input/brats20-data/BraTS20/data/volume_292_slice_99.npz,71
/kaggle/input/brats20-data/BraTS20/data/volume_292_slice_100.npz,71
/kaggle/input/brats20-data/BraTS20/data/volume_292_slice_101.npz,70
/kaggle/input/brats20-data/BraTS20/data/volume_292_slice_102.npz,36
/kaggle/input/brats20-data/BraTS20/data/volume_292_slice_103.npz,36
/kaggle/input/brats20-data/BraTS20/data/volume_292_slice_104.npz,36
/kaggle/input/brats20-data/BraTS20/data/volume_292_slice_105.npz,36
/kaggle/input/brats20-data/BraTS20/data/volume_292_slice_106.npz,36
/kaggle/input/brats20-data/BraTS20/data/volume_292_slice_107.npz,36
/kaggle/input/brats20-data/BraTS20/data/volume_292_slice_108.npz,36
/kaggle/input/brats20-data/BraTS20/data/volume_292_slice_109.npz,36
/kaggle/input/brats20-data/BraTS20/data/volume_292_slice_110.npz,36
/kaggle/input/brats20-data/BraTS20/data/volume_292_slice_111.npz,64
/kaggle/input/brats20-data/BraTS20/data/volume_292_slice_112.npz,64
/kaggle/input/brats20-data/BraTS20/data/volume_292_slice_113.npz,64
/kaggle/input/brats20-data/BraTS20/data/volume_292_slice_114.npz,64
/kaggle/input/brats20-data/BraTS20/data/volume_292_slice_115.npz,93
/kaggle/input/brats20-data/BraTS20/data/volume_292_slice_116.npz,93
/kaggle/input/brats20-data/BraTS20/data/volume_292_slice_117.npz,93
/kaggle/input/brats20-data/BraTS20/data/volume_292_slice_118.npz,93
/kaggle/input/brats20-data/BraTS20/data/volume_292_slice_119.npz,78
/kaggle/input/brats20-data/BraTS20/data/volume_292_slice_120.npz,78
/kaggle/input/brats20-data/BraTS20/data/volume_292_slice_121.npz,78
/kaggle/input/brats20-data/BraTS20/data/volume_292_slice_122.npz,78
/kaggle/input/brats20-data/BraTS20/data/volume_292_slice_123.npz,65
/kaggle/input/brats20-data/BraTS20/data/volume_292_slice_124.npz,65
/kaggle/input/brats20-data/BraTS20/data/volume_292_slice_125.npz,83
/kaggle/input/brats20-data/BraTS20/data/volume_292_slice_126.npz,83
/kaggle/input/brats20-data/BraTS20/data/volume_292_slice_127.npz,83
/kaggle/input/brats20-data/BraTS20/data/volume_292_slice_128.npz,43
/kaggle/input/brats20-data/BraTS20/data/volume_230_slice_80.npz,9
/kaggle/input/brats20-data/BraTS20/data/volume_230_slice_81.npz,9
/kaggle/input/brats20-data/BraTS20/data/volume_230_slice_82.npz,9
/kaggle/input/brats20-data/BraTS20/data/volume_230_slice_83.npz,9
/kaggle/input/brats20-data/BraTS20/data/volume_230_slice_84.npz,9
/kaggle/input/brats20-data/BraTS20/data/volume_230_slice_85.npz,9
/kaggle/input/brats20-data/BraTS20/data/volume_230_slice_86.npz,9
/kaggle/input/brats20-data/BraTS20/data/volume_230_slice_87.npz,9
/kaggle/input/brats20-data/BraTS20/data/volume_230_slice_88.npz,9
/kaggle/input/brats20-data/BraTS20/data/volume_230_slice_89.npz,9
/kaggle/input/brats20-data/BraTS20/data/volume_230_slice_90.npz,9
/kaggle/input/brats20-data/BraTS20/data/volume_230_slice_91.npz,9
/kaggle/input/brats20-data/BraTS20/data/volume_230_slice_92.npz,4
/kaggle/input/brats20-data/BraTS20/data/volume_230_slice_93.npz,4
/kaggle/input/brats20-data/BraTS20/data/volume_230_slice_94.npz,2
/kaggle/input/brats20-data/BraTS20/data/volume_230_slice_95.npz,2
/kaggle/input/brats20-data/BraTS20/data/volume_230_slice_96.npz,2
/kaggle/input/brats20-data/BraTS20/data/volume_230_slice_97.npz,2
/kaggle/input/brats20-data/BraTS20/data/volume_230_slice_98.npz,2
/kaggle/input/brats20-data/BraTS20/data/volume_230_slice_99.npz,2
/kaggle/input/brats20-data/BraTS20/data/volume_230_slice_100.npz,2
/kaggle/input/brats20-data/BraTS20/data/volume_230_slice_101.npz,2
/kaggle/input/brats20-data/BraTS20/data/volume_230_slice_102.npz,2
/kaggle/input/brats20-data/BraTS20/data/volume_230_slice_103.npz,36
/kaggle/input/brats20-data/BraTS20/data/volume_230_slice_104.npz,36
/kaggle/input/brats20-data/BraTS20/data/volume_230_slice_105.npz,86
/kaggle/input/brats20-data/BraTS20/data/volume_230_slice_106.npz,86
/kaggle/input/brats20-data/BraTS20/data/volume_230_slice_107.npz,90
/kaggle/input/brats20-data/BraTS20/data/volume_230_slice_108.npz,90
/kaggle/input/brats20-data/BraTS20/data/volume_230_slice_109.npz,90
/kaggle/input/brats20-data/BraTS20/data/volume_230_slice_110.npz,98
/kaggle/input/brats20-data/BraTS20/data/volume_230_slice_111.npz,98
/kaggle/input/brats20-data/BraTS20/data/volume_230_slice_112.npz,98
/kaggle/input/brats20-data/BraTS20/data/volume_230_slice_113.npz,98
/kaggle/input/brats20-data/BraTS20/data/volume_230_slice_114.npz,82
/kaggle/input/brats20-data/BraTS20/data/volume_230_slice_115.npz,61
/kaggle/input/brats20-data/BraTS20/data/volume_230_slice_116.npz,61
/kaggle/input/brats20-data/BraTS20/data/volume_230_slice_117.npz,61
/kaggle/input/brats20-data/BraTS20/data/volume_230_slice_118.npz,61
/kaggle/input/brats20-data/BraTS20/data/volume_230_slice_119.npz,89
/kaggle/input/brats20-data/BraTS20/data/volume_230_slice_120.npz,89
/kaggle/input/brats20-data/BraTS20/data/volume_230_slice_121.npz,83
/kaggle/input/brats20-data/BraTS20/data/volume_230_slice_122.npz,83
/kaggle/input/brats20-data/BraTS20/data/volume_230_slice_123.npz,83
/kaggle/input/brats20-data/BraTS20/data/volume_230_slice_124.npz,11
/kaggle/input/brats20-data/BraTS20/data/volume_230_slice_125.npz,11
/kaggle/input/brats20-data/BraTS20/data/volume_230_slice_126.npz,11
/kaggle/input/brats20-data/BraTS20/data/volume_230_slice_127.npz,11
/kaggle/input/brats20-data/BraTS20/data/volume_230_slice_128.npz,43
/kaggle/input/brats20-data/BraTS20/data/volume_334_slice_80.npz,38
/kaggle/input/brats20-data/BraTS20/data/volume_334_slice_81.npz,38
/kaggle/input/brats20-data/BraTS20/data/volume_334_slice_82.npz,38
/kaggle/input/brats20-data/BraTS20/data/volume_334_slice_83.npz,38
/kaggle/input/brats20-data/BraTS20/data/volume_334_slice_84.npz,38
/kaggle/input/brats20-data/BraTS20/data/volume_334_slice_85.npz,38
/kaggle/input/brats20-data/BraTS20/data/volume_334_slice_86.npz,38
/kaggle/input/brats20-data/BraTS20/data/volume_334_slice_87.npz,38
/kaggle/input/brats20-data/BraTS20/data/volume_334_slice_88.npz,38
/kaggle/input/brats20-data/BraTS20/data/volume_334_slice_89.npz,38
/kaggle/input/brats20-data/BraTS20/data/volume_334_slice_90.npz,53
/kaggle/input/brats20-data/BraTS20/data/volume_334_slice_91.npz,53
/kaggle/input/brats20-data/BraTS20/data/volume_334_slice_92.npz,53
/kaggle/input/brats20-data/BraTS20/data/volume_334_slice_93.npz,53
/kaggle/input/brats20-data/BraTS20/data/volume_334_slice_94.npz,12
/kaggle/input/brats20-data/BraTS20/data/volume_334_slice_95.npz,12
/kaggle/input/brats20-data/BraTS20/data/volume_334_slice_96.npz,12
/kaggle/input/brats20-data/BraTS20/data/volume_334_slice_97.npz,53
/kaggle/input/brats20-data/BraTS20/data/volume_334_slice_98.npz,4
/kaggle/input/brats20-data/BraTS20/data/volume_334_slice_99.npz,4
/kaggle/input/brats20-data/BraTS20/data/volume_334_slice_100.npz,4
/kaggle/input/brats20-data/BraTS20/data/volume_334_slice_101.npz,4
/kaggle/input/brats20-data/BraTS20/data/volume_334_slice_102.npz,4
/kaggle/input/brats20-data/BraTS20/data/volume_334_slice_103.npz,4
/kaggle/input/brats20-data/BraTS20/data/volume_334_slice_104.npz,4
/kaggle/input/brats20-data/BraTS20/data/volume_334_slice_105.npz,4
/kaggle/input/brats20-data/BraTS20/data/volume_334_slice_106.npz,48
/kaggle/input/brats20-data/BraTS20/data/volume_334_slice_107.npz,48
/kaggle/input/brats20-data/BraTS20/data/volume_334_slice_108.npz,36
/kaggle/input/brats20-data/BraTS20/data/volume_334_slice_109.npz,51
/kaggle/input/brats20-data/BraTS20/data/volume_334_slice_110.npz,51
/kaggle/input/brats20-data/BraTS20/data/volume_334_slice_111.npz,51
/kaggle/input/brats20-data/BraTS20/data/volume_334_slice_112.npz,51
/kaggle/input/brats20-data/BraTS20/data/volume_334_slice_113.npz,51
/kaggle/input/brats20-data/BraTS20/data/volume_334_slice_114.npz,51
/kaggle/input/brats20-data/BraTS20/data/volume_334_slice_115.npz,98
/kaggle/input/brats20-data/BraTS20/data/volume_334_slice_116.npz,98
/kaggle/input/brats20-data/BraTS20/data/volume_334_slice_117.npz,98
/kaggle/input/brats20-data/BraTS20/data/volume_334_slice_118.npz,98
/kaggle/input/brats20-data/BraTS20/data/volume_334_slice_119.npz,98
/kaggle/input/brats20-data/BraTS20/data/volume_334_slice_120.npz,98
/kaggle/input/brats20-data/BraTS20/data/volume_334_slice_121.npz,98
/kaggle/input/brats20-data/BraTS20/data/volume_334_slice_122.npz,98
/kaggle/input/brats20-data/BraTS20/data/volume_334_slice_123.npz,61
/kaggle/input/brats20-data/BraTS20/data/volume_334_slice_124.npz,78
/kaggle/input/brats20-data/BraTS20/data/volume_334_slice_125.npz,78
/kaggle/input/brats20-data/BraTS20/data/volume_334_slice_126.npz,83
/kaggle/input/brats20-data/BraTS20/data/volume_334_slice_127.npz,83
/kaggle/input/brats20-data/BraTS20/data/volume_334_slice_128.npz,83
/kaggle/input/brats20-data/BraTS20/data/volume_233_slice_80.npz,41
/kaggle/input/brats20-data/BraTS20/data/volume_233_slice_81.npz,41
/kaggle/input/brats20-data/BraTS20/data/volume_233_slice_82.npz,41
/kaggle/input/brats20-data/BraTS20/data/volume_233_slice_83.npz,41
/kaggle/input/brats20-data/BraTS20/data/volume_233_slice_84.npz,41
/kaggle/input/brats20-data/BraTS20/data/volume_233_slice_85.npz,41
/kaggle/input/brats20-data/BraTS20/data/volume_233_slice_86.npz,41
/kaggle/input/brats20-data/BraTS20/data/volume_233_slice_87.npz,41
/kaggle/input/brats20-data/BraTS20/data/volume_233_slice_88.npz,41
/kaggle/input/brats20-data/BraTS20/data/volume_233_slice_89.npz,41
/kaggle/input/brats20-data/BraTS20/data/volume_233_slice_90.npz,41
/kaggle/input/brats20-data/BraTS20/data/volume_233_slice_91.npz,50
/kaggle/input/brats20-data/BraTS20/data/volume_233_slice_92.npz,50
/kaggle/input/brats20-data/BraTS20/data/volume_233_slice_93.npz,50
/kaggle/input/brats20-data/BraTS20/data/volume_233_slice_94.npz,50
/kaggle/input/brats20-data/BraTS20/data/volume_233_slice_95.npz,50
/kaggle/input/brats20-data/BraTS20/data/volume_233_slice_96.npz,94
/kaggle/input/brats20-data/BraTS20/data/volume_233_slice_97.npz,94
/kaggle/input/brats20-data/BraTS20/data/volume_233_slice_98.npz,94
/kaggle/input/brats20-data/BraTS20/data/volume_233_slice_99.npz,55
/kaggle/input/brats20-data/BraTS20/data/volume_233_slice_100.npz,55
/kaggle/input/brats20-data/BraTS20/data/volume_233_slice_101.npz,25
/kaggle/input/brats20-data/BraTS20/data/volume_233_slice_102.npz,25
/kaggle/input/brats20-data/BraTS20/data/volume_233_slice_103.npz,25
/kaggle/input/brats20-data/BraTS20/data/volume_233_slice_104.npz,16
/kaggle/input/brats20-data/BraTS20/data/volume_233_slice_105.npz,71
/kaggle/input/brats20-data/BraTS20/data/volume_233_slice_106.npz,71
/kaggle/input/brats20-data/BraTS20/data/volume_233_slice_107.npz,71
/kaggle/input/brats20-data/BraTS20/data/volume_233_slice_108.npz,71
/kaggle/input/brats20-data/BraTS20/data/volume_233_slice_109.npz,91
/kaggle/input/brats20-data/BraTS20/data/volume_233_slice_110.npz,91
/kaggle/input/brats20-data/BraTS20/data/volume_233_slice_112.npz,72
/kaggle/input/brats20-data/BraTS20/data/volume_233_slice_113.npz,36
/kaggle/input/brats20-data/BraTS20/data/volume_233_slice_114.npz,52
/kaggle/input/brats20-data/BraTS20/data/volume_233_slice_115.npz,52
/kaggle/input/brats20-data/BraTS20/data/volume_233_slice_116.npz,52
/kaggle/input/brats20-data/BraTS20/data/volume_233_slice_117.npz,54
/kaggle/input/brats20-data/BraTS20/data/volume_233_slice_118.npz,54
/kaggle/input/brats20-data/BraTS20/data/volume_233_slice_119.npz,87
/kaggle/input/brats20-data/BraTS20/data/volume_233_slice_120.npz,87
/kaggle/input/brats20-data/BraTS20/data/volume_233_slice_121.npz,87
/kaggle/input/brats20-data/BraTS20/data/volume_233_slice_122.npz,69
/kaggle/input/brats20-data/BraTS20/data/volume_233_slice_123.npz,69
/kaggle/input/brats20-data/BraTS20/data/volume_233_slice_124.npz,75
/kaggle/input/brats20-data/BraTS20/data/volume_233_slice_125.npz,75
/kaggle/input/brats20-data/BraTS20/data/volume_233_slice_126.npz,75
/kaggle/input/brats20-data/BraTS20/data/volume_233_slice_127.npz,75
/kaggle/input/brats20-data/BraTS20/data/volume_233_slice_128.npz,83
/kaggle/input/brats20-data/BraTS20/data/volume_198_slice_80.npz,38
/kaggle/input/brats20-data/BraTS20/data/volume_198_slice_81.npz,38
/kaggle/input/brats20-data/BraTS20/data/volume_198_slice_82.npz,38
/kaggle/input/brats20-data/BraTS20/data/volume_198_slice_83.npz,38
/kaggle/input/brats20-data/BraTS20/data/volume_198_slice_84.npz,38
/kaggle/input/brats20-data/BraTS20/data/volume_198_slice_85.npz,38
/kaggle/input/brats20-data/BraTS20/data/volume_198_slice_86.npz,38
/kaggle/input/brats20-data/BraTS20/data/volume_198_slice_87.npz,38
/kaggle/input/brats20-data/BraTS20/data/volume_198_slice_88.npz,38
/kaggle/input/brats20-data/BraTS20/data/volume_198_slice_89.npz,38
/kaggle/input/brats20-data/BraTS20/data/volume_198_slice_90.npz,38
/kaggle/input/brats20-data/BraTS20/data/volume_198_slice_91.npz,50
/kaggle/input/brats20-data/BraTS20/data/volume_198_slice_92.npz,50
/kaggle/input/brats20-data/BraTS20/data/volume_198_slice_93.npz,55
/kaggle/input/brats20-data/BraTS20/data/volume_198_slice_94.npz,55
/kaggle/input/brats20-data/BraTS20/data/volume_198_slice_95.npz,55
/kaggle/input/brats20-data/BraTS20/data/volume_198_slice_96.npz,55
/kaggle/input/brats20-data/BraTS20/data/volume_198_slice_97.npz,55
/kaggle/input/brats20-data/BraTS20/data/volume_198_slice_98.npz,55
/kaggle/input/brats20-data/BraTS20/data/volume_198_slice_99.npz,25
/kaggle/input/brats20-data/BraTS20/data/volume_198_slice_100.npz,25
/kaggle/input/brats20-data/BraTS20/data/volume_198_slice_101.npz,25
/kaggle/input/brats20-data/BraTS20/data/volume_198_slice_102.npz,25
/kaggle/input/brats20-data/BraTS20/data/volume_198_slice_103.npz,2
/kaggle/input/brats20-data/BraTS20/data/volume_198_slice_104.npz,2
/kaggle/input/brats20-data/BraTS20/data/volume_198_slice_105.npz,36
/kaggle/input/brats20-data/BraTS20/data/volume_198_slice_106.npz,36
/kaggle/input/brats20-data/BraTS20/data/volume_198_slice_107.npz,36
/kaggle/input/brats20-data/BraTS20/data/volume_198_slice_108.npz,36
/kaggle/input/brats20-data/BraTS20/data/volume_198_slice_109.npz,36
/kaggle/input/brats20-data/BraTS20/data/volume_198_slice_110.npz,36
/kaggle/input/brats20-data/BraTS20/data/volume_198_slice_111.npz,36
/kaggle/input/brats20-data/BraTS20/data/volume_198_slice_112.npz,36
/kaggle/input/brats20-data/BraTS20/data/volume_198_slice_113.npz,36
/kaggle/input/brats20-data/BraTS20/data/volume_198_slice_114.npz,36
/kaggle/input/brats20-data/BraTS20/data/volume_198_slice_115.npz,52
/kaggle/input/brats20-data/BraTS20/data/volume_198_slice_116.npz,52
/kaggle/input/brats20-data/BraTS20/data/volume_198_slice_117.npz,54
/kaggle/input/brats20-data/BraTS20/data/volume_198_slice_118.npz,54
/kaggle/input/brats20-data/BraTS20/data/volume_198_slice_119.npz,93
/kaggle/input/brats20-data/BraTS20/data/volume_198_slice_120.npz,69
/kaggle/input/brats20-data/BraTS20/data/volume_198_slice_121.npz,78
/kaggle/input/brats20-data/BraTS20/data/volume_198_slice_122.npz,78
/kaggle/input/brats20-data/BraTS20/data/volume_198_slice_123.npz,78
/kaggle/input/brats20-data/BraTS20/data/volume_198_slice_124.npz,75
/kaggle/input/brats20-data/BraTS20/data/volume_198_slice_125.npz,83
/kaggle/input/brats20-data/BraTS20/data/volume_198_slice_126.npz,83
/kaggle/input/brats20-data/BraTS20/data/volume_198_slice_127.npz,83
/kaggle/input/brats20-data/BraTS20/data/volume_198_slice_128.npz,11
/kaggle/input/brats20-data/BraTS20/data/volume_67_slice_80.npz,46
/kaggle/input/brats20-data/BraTS20/data/volume_67_slice_81.npz,46
/kaggle/input/brats20-data/BraTS20/data/volume_67_slice_82.npz,30
/kaggle/input/brats20-data/BraTS20/data/volume_67_slice_83.npz,30
/kaggle/input/brats20-data/BraTS20/data/volume_67_slice_84.npz,30
/kaggle/input/brats20-data/BraTS20/data/volume_67_slice_85.npz,30
/kaggle/input/brats20-data/BraTS20/data/volume_67_slice_86.npz,30
/kaggle/input/brats20-data/BraTS20/data/volume_67_slice_87.npz,30
/kaggle/input/brats20-data/BraTS20/data/volume_67_slice_88.npz,30
/kaggle/input/brats20-data/BraTS20/data/volume_67_slice_89.npz,30
/kaggle/input/brats20-data/BraTS20/data/volume_67_slice_90.npz,30
/kaggle/input/brats20-data/BraTS20/data/volume_67_slice_91.npz,30
/kaggle/input/brats20-data/BraTS20/data/volume_67_slice_92.npz,30
/kaggle/input/brats20-data/BraTS20/data/volume_67_slice_93.npz,45
/kaggle/input/brats20-data/BraTS20/data/volume_67_slice_94.npz,45
/kaggle/input/brats20-data/BraTS20/data/volume_67_slice_95.npz,57
/kaggle/input/brats20-data/BraTS20/data/volume_67_slice_96.npz,57
/kaggle/input/brats20-data/BraTS20/data/volume_67_slice_97.npz,57
/kaggle/input/brats20-data/BraTS20/data/volume_67_slice_98.npz,57
/kaggle/input/brats20-data/BraTS20/data/volume_67_slice_99.npz,57
/kaggle/input/brats20-data/BraTS20/data/volume_67_slice_100.npz,57
/kaggle/input/brats20-data/BraTS20/data/volume_67_slice_101.npz,5
/kaggle/input/brats20-data/BraTS20/data/volume_67_slice_102.npz,21
/kaggle/input/brats20-data/BraTS20/data/volume_67_slice_103.npz,21
/kaggle/input/brats20-data/BraTS20/data/volume_67_slice_104.npz,21
/kaggle/input/brats20-data/BraTS20/data/volume_67_slice_105.npz,21
/kaggle/input/brats20-data/BraTS20/data/volume_67_slice_106.npz,21
/kaggle/input/brats20-data/BraTS20/data/volume_67_slice_107.npz,21
/kaggle/input/brats20-data/BraTS20/data/volume_67_slice_108.npz,21
/kaggle/input/brats20-data/BraTS20/data/volume_67_slice_109.npz,21
/kaggle/input/brats20-data/BraTS20/data/volume_67_slice_110.npz,21
/kaggle/input/brats20-data/BraTS20/data/volume_67_slice_111.npz,21
/kaggle/input/brats20-data/BraTS20/data/volume_67_slice_112.npz,21
/kaggle/input/brats20-data/BraTS20/data/volume_67_slice_113.npz,21
/kaggle/input/brats20-data/BraTS20/data/volume_67_slice_114.npz,21
/kaggle/input/brats20-data/BraTS20/data/volume_67_slice_115.npz,21
/kaggle/input/brats20-data/BraTS20/data/volume_67_slice_116.npz,21
/kaggle/input/brats20-data/BraTS20/data/volume_67_slice_117.npz,21
/kaggle/input/brats20-data/BraTS20/data/volume_67_slice_118.npz,21
/kaggle/input/brats20-data/BraTS20/data/volume_67_slice_119.npz,44
/kaggle/input/brats20-data/BraTS20/data/volume_67_slice_120.npz,44
/kaggle/input/brats20-data/BraTS20/data/volume_67_slice_121.npz,44
/kaggle/input/brats20-data/BraTS20/data/volume_67_slice_122.npz,44
/kaggle/input/brats20-data/BraTS20/data/volume_67_slice_123.npz,44
/kaggle/input/brats20-data/BraTS20/data/volume_67_slice_124.npz,62
/kaggle/input/brats20-data/BraTS20/data/volume_67_slice_125.npz,62
/kaggle/input/brats20-data/BraTS20/data/volume_67_slice_126.npz,62
/kaggle/input/brats20-data/BraTS20/data/volume_67_slice_127.npz,62
/kaggle/input/brats20-data/BraTS20/data/volume_67_slice_128.npz,62
/kaggle/input/brats20-data/BraTS20/data/volume_68_slice_80.npz,46
/kaggle/input/brats20-data/BraTS20/data/volume_68_slice_81.npz,46
/kaggle/input/brats20-data/BraTS20/data/volume_68_slice_82.npz,46
/kaggle/input/brats20-data/BraTS20/data/volume_68_slice_83.npz,46
/kaggle/input/brats20-data/BraTS20/data/volume_68_slice_84.npz,46
/kaggle/input/brats20-data/BraTS20/data/volume_68_slice_85.npz,30
/kaggle/input/brats20-data/BraTS20/data/volume_68_slice_86.npz,30
/kaggle/input/brats20-data/BraTS20/data/volume_68_slice_87.npz,30
/kaggle/input/brats20-data/BraTS20/data/volume_68_slice_88.npz,30
/kaggle/input/brats20-data/BraTS20/data/volume_68_slice_89.npz,30
/kaggle/input/brats20-data/BraTS20/data/volume_68_slice_90.npz,30
/kaggle/input/brats20-data/BraTS20/data/volume_68_slice_91.npz,30
/kaggle/input/brats20-data/BraTS20/data/volume_68_slice_92.npz,30
/kaggle/input/brats20-data/BraTS20/data/volume_68_slice_93.npz,30
/kaggle/input/brats20-data/BraTS20/data/volume_68_slice_94.npz,30
/kaggle/input/brats20-data/BraTS20/data/volume_68_slice_95.npz,5
/kaggle/input/brats20-data/BraTS20/data/volume_68_slice_96.npz,5
/kaggle/input/brats20-data/BraTS20/data/volume_68_slice_97.npz,5
/kaggle/input/brats20-data/BraTS20/data/volume_68_slice_98.npz,5
/kaggle/input/brats20-data/BraTS20/data/volume_68_slice_99.npz,5
/kaggle/input/brats20-data/BraTS20/data/volume_68_slice_100.npz,56
/kaggle/input/brats20-data/BraTS20/data/volume_68_slice_101.npz,56
/kaggle/input/brats20-data/BraTS20/data/volume_68_slice_102.npz,16
/kaggle/input/brats20-data/BraTS20/data/volume_68_slice_103.npz,16
/kaggle/input/brats20-data/BraTS20/data/volume_68_slice_104.npz,2
/kaggle/input/brats20-data/BraTS20/data/volume_68_slice_105.npz,2
/kaggle/input/brats20-data/BraTS20/data/volume_68_slice_106.npz,2
/kaggle/input/brats20-data/BraTS20/data/volume_68_slice_107.npz,2
/kaggle/input/brats20-data/BraTS20/data/volume_68_slice_108.npz,2
/kaggle/input/brats20-data/BraTS20/data/volume_68_slice_109.npz,76
/kaggle/input/brats20-data/BraTS20/data/volume_68_slice_110.npz,76
/kaggle/input/brats20-data/BraTS20/data/volume_68_slice_111.npz,76
/kaggle/input/brats20-data/BraTS20/data/volume_68_slice_112.npz,76
/kaggle/input/brats20-data/BraTS20/data/volume_68_slice_113.npz,76
/kaggle/input/brats20-data/BraTS20/data/volume_68_slice_114.npz,90
/kaggle/input/brats20-data/BraTS20/data/volume_68_slice_115.npz,90
/kaggle/input/brats20-data/BraTS20/data/volume_68_slice_116.npz,90
/kaggle/input/brats20-data/BraTS20/data/volume_68_slice_117.npz,98
/kaggle/input/brats20-data/BraTS20/data/volume_68_slice_118.npz,98
/kaggle/input/brats20-data/BraTS20/data/volume_68_slice_119.npz,98
/kaggle/input/brats20-data/BraTS20/data/volume_68_slice_120.npz,98
/kaggle/input/brats20-data/BraTS20/data/volume_68_slice_121.npz,61
/kaggle/input/brats20-data/BraTS20/data/volume_68_slice_122.npz,61
/kaggle/input/brats20-data/BraTS20/data/volume_68_slice_123.npz,61
/kaggle/input/brats20-data/BraTS20/data/volume_68_slice_124.npz,61
/kaggle/input/brats20-data/BraTS20/data/volume_68_slice_125.npz,89
/kaggle/input/brats20-data/BraTS20/data/volume_68_slice_126.npz,89
/kaggle/input/brats20-data/BraTS20/data/volume_68_slice_127.npz,83
/kaggle/input/brats20-data/BraTS20/data/volume_68_slice_128.npz,83
/kaggle/input/brats20-data/BraTS20/data/volume_136_slice_80.npz,0
/kaggle/input/brats20-data/BraTS20/data/volume_136_slice_81.npz,0
/kaggle/input/brats20-data/BraTS20/data/volume_136_slice_82.npz,0
/kaggle/input/brats20-data/BraTS20/data/volume_136_slice_83.npz,41
/kaggle/input/brats20-data/BraTS20/data/volume_136_slice_84.npz,41
/kaggle/input/brats20-data/BraTS20/data/volume_136_slice_85.npz,0
/kaggle/input/brats20-data/BraTS20/data/volume_136_slice_86.npz,0
/kaggle/input/brats20-data/BraTS20/data/volume_136_slice_87.npz,41
/kaggle/input/brats20-data/BraTS20/data/volume_136_slice_88.npz,41
/kaggle/input/brats20-data/BraTS20/data/volume_136_slice_89.npz,41
/kaggle/input/brats20-data/BraTS20/data/volume_136_slice_90.npz,41
/kaggle/input/brats20-data/BraTS20/data/volume_136_slice_91.npz,41
/kaggle/input/brats20-data/BraTS20/data/volume_136_slice_92.npz,41
/kaggle/input/brats20-data/BraTS20/data/volume_136_slice_93.npz,41
/kaggle/input/brats20-data/BraTS20/data/volume_136_slice_94.npz,41
/kaggle/input/brats20-data/BraTS20/data/volume_136_slice_95.npz,41
/kaggle/input/brats20-data/BraTS20/data/volume_136_slice_96.npz,41
/kaggle/input/brats20-data/BraTS20/data/volume_136_slice_97.npz,41
/kaggle/input/brats20-data/BraTS20/data/volume_136_slice_98.npz,41
/kaggle/input/brats20-data/BraTS20/data/volume_136_slice_99.npz,41
/kaggle/input/brats20-data/BraTS20/data/volume_136_slice_100.npz,4
/kaggle/input/brats20-data/BraTS20/data/volume_136_slice_101.npz,4
/kaggle/input/brats20-data/BraTS20/data/volume_136_slice_102.npz,4
/kaggle/input/brats20-data/BraTS20/data/volume_136_slice_103.npz,4
/kaggle/input/brats20-data/BraTS20/data/volume_136_slice_104.npz,4
/kaggle/input/brats20-data/BraTS20/data/volume_136_slice_105.npz,4
/kaggle/input/brats20-data/BraTS20/data/volume_136_slice_106.npz,55
/kaggle/input/brats20-data/BraTS20/data/volume_136_slice_107.npz,55
/kaggle/input/brats20-data/BraTS20/data/volume_136_slice_108.npz,55
/kaggle/input/brats20-data/BraTS20/data/volume_136_slice_109.npz,31
/kaggle/input/brats20-data/BraTS20/data/volume_136_slice_110.npz,2
/kaggle/input/brats20-data/BraTS20/data/volume_136_slice_111.npz,36
/kaggle/input/brats20-data/BraTS20/data/volume_136_slice_112.npz,36
/kaggle/input/brats20-data/BraTS20/data/volume_136_slice_113.npz,36
/kaggle/input/brats20-data/BraTS20/data/volume_136_slice_114.npz,36
/kaggle/input/brats20-data/BraTS20/data/volume_136_slice_115.npz,36
/kaggle/input/brats20-data/BraTS20/data/volume_136_slice_116.npz,36
/kaggle/input/brats20-data/BraTS20/data/volume_136_slice_117.npz,36
/kaggle/input/brats20-data/BraTS20/data/volume_136_slice_118.npz,36
/kaggle/input/brats20-data/BraTS20/data/volume_136_slice_119.npz,64
/kaggle/input/brats20-data/BraTS20/data/volume_136_slice_120.npz,64
/kaggle/input/brats20-data/BraTS20/data/volume_136_slice_121.npz,64
/kaggle/input/brats20-data/BraTS20/data/volume_136_slice_122.npz,64
/kaggle/input/brats20-data/BraTS20/data/volume_136_slice_123.npz,64
/kaggle/input/brats20-data/BraTS20/data/volume_136_slice_124.npz,87
/kaggle/input/brats20-data/BraTS20/data/volume_136_slice_125.npz,87
/kaggle/input/brats20-data/BraTS20/data/volume_136_slice_126.npz,87
/kaggle/input/brats20-data/BraTS20/data/volume_136_slice_127.npz,87
/kaggle/input/brats20-data/BraTS20/data/volume_136_slice_128.npz,78
/kaggle/input/brats20-data/BraTS20/data/volume_109_slice_80.npz,20
/kaggle/input/brats20-data/BraTS20/data/volume_109_slice_81.npz,20
/kaggle/input/brats20-data/BraTS20/data/volume_109_slice_82.npz,20
/kaggle/input/brats20-data/BraTS20/data/volume_109_slice_83.npz,20
/kaggle/input/brats20-data/BraTS20/data/volume_109_slice_84.npz,20
/kaggle/input/brats20-data/BraTS20/data/volume_109_slice_85.npz,20
/kaggle/input/brats20-data/BraTS20/data/volume_109_slice_86.npz,20
/kaggle/input/brats20-data/BraTS20/data/volume_109_slice_87.npz,20
/kaggle/input/brats20-data/BraTS20/data/volume_109_slice_88.npz,20
/kaggle/input/brats20-data/BraTS20/data/volume_109_slice_89.npz,20
/kaggle/input/brats20-data/BraTS20/data/volume_109_slice_90.npz,20
/kaggle/input/brats20-data/BraTS20/data/volume_109_slice_91.npz,20
/kaggle/input/brats20-data/BraTS20/data/volume_109_slice_92.npz,20
/kaggle/input/brats20-data/BraTS20/data/volume_109_slice_93.npz,20
/kaggle/input/brats20-data/BraTS20/data/volume_109_slice_94.npz,20
/kaggle/input/brats20-data/BraTS20/data/volume_109_slice_95.npz,20
/kaggle/input/brats20-data/BraTS20/data/volume_109_slice_96.npz,20
/kaggle/input/brats20-data/BraTS20/data/volume_109_slice_97.npz,20
/kaggle/input/brats20-data/BraTS20/data/volume_109_slice_98.npz,20
/kaggle/input/brats20-data/BraTS20/data/volume_109_slice_99.npz,18
/kaggle/input/brats20-data/BraTS20/data/volume_109_slice_100.npz,18
/kaggle/input/brats20-data/BraTS20/data/volume_109_slice_101.npz,2
/kaggle/input/brats20-data/BraTS20/data/volume_109_slice_102.npz,2
/kaggle/input/brats20-data/BraTS20/data/volume_109_slice_103.npz,2
/kaggle/input/brats20-data/BraTS20/data/volume_109_slice_104.npz,2
/kaggle/input/brats20-data/BraTS20/data/volume_109_slice_105.npz,2
/kaggle/input/brats20-data/BraTS20/data/volume_109_slice_106.npz,2
/kaggle/input/brats20-data/BraTS20/data/volume_109_slice_107.npz,2
/kaggle/input/brats20-data/BraTS20/data/volume_109_slice_108.npz,2
/kaggle/input/brats20-data/BraTS20/data/volume_109_slice_109.npz,2
/kaggle/input/brats20-data/BraTS20/data/volume_109_slice_110.npz,2
/kaggle/input/brats20-data/BraTS20/data/volume_109_slice_111.npz,51
/kaggle/input/brats20-data/BraTS20/data/volume_109_slice_112.npz,51
/kaggle/input/brats20-data/BraTS20/data/volume_109_slice_113.npz,44
/kaggle/input/brats20-data/BraTS20/data/volume_109_slice_114.npz,44
/kaggle/input/brats20-data/BraTS20/data/volume_109_slice_115.npz,44
/kaggle/input/brats20-data/BraTS20/data/volume_109_slice_116.npz,44
/kaggle/input/brats20-data/BraTS20/data/volume_109_slice_117.npz,44
/kaggle/input/brats20-data/BraTS20/data/volume_109_slice_118.npz,44
/kaggle/input/brats20-data/BraTS20/data/volume_109_slice_119.npz,44
/kaggle/input/brats20-data/BraTS20/data/volume_109_slice_120.npz,61
/kaggle/input/brats20-data/BraTS20/data/volume_109_slice_121.npz,61
/kaggle/input/brats20-data/BraTS20/data/volume_109_slice_122.npz,11
/kaggle/input/brats20-data/BraTS20/data/volume_109_slice_123.npz,11
/kaggle/input/brats20-data/BraTS20/data/volume_109_slice_124.npz,11
/kaggle/input/brats20-data/BraTS20/data/volume_109_slice_125.npz,11
/kaggle/input/brats20-data/BraTS20/data/volume_109_slice_126.npz,11
/kaggle/input/brats20-data/BraTS20/data/volume_109_slice_127.npz,11
/kaggle/input/brats20-data/BraTS20/data/volume_109_slice_128.npz,11
/kaggle/input/brats20-data/BraTS20/data/volume_102_slice_80.npz,13
/kaggle/input/brats20-data/BraTS20/data/volume_102_slice_81.npz,46
/kaggle/input/brats20-data/BraTS20/data/volume_102_slice_82.npz,46
/kaggle/input/brats20-data/BraTS20/data/volume_102_slice_83.npz,46
/kaggle/input/brats20-data/BraTS20/data/volume_102_slice_84.npz,46
/kaggle/input/brats20-data/BraTS20/data/volume_102_slice_85.npz,15
/kaggle/input/brats20-data/BraTS20/data/volume_102_slice_86.npz,15
/kaggle/input/brats20-data/BraTS20/data/volume_102_slice_87.npz,15
/kaggle/input/brats20-data/BraTS20/data/volume_102_slice_88.npz,15
/kaggle/input/brats20-data/BraTS20/data/volume_102_slice_89.npz,15
/kaggle/input/brats20-data/BraTS20/data/volume_102_slice_90.npz,57
/kaggle/input/brats20-data/BraTS20/data/volume_102_slice_91.npz,57
/kaggle/input/brats20-data/BraTS20/data/volume_102_slice_92.npz,57
/kaggle/input/brats20-data/BraTS20/data/volume_102_slice_93.npz,57
/kaggle/input/brats20-data/BraTS20/data/volume_102_slice_94.npz,57
/kaggle/input/brats20-data/BraTS20/data/volume_102_slice_95.npz,57
/kaggle/input/brats20-data/BraTS20/data/volume_102_slice_96.npz,57
/kaggle/input/brats20-data/BraTS20/data/volume_102_slice_97.npz,57
/kaggle/input/brats20-data/BraTS20/data/volume_102_slice_98.npz,57
/kaggle/input/brats20-data/BraTS20/data/volume_102_slice_99.npz,57
/kaggle/input/brats20-data/BraTS20/data/volume_102_slice_100.npz,57
/kaggle/input/brats20-data/BraTS20/data/volume_102_slice_101.npz,57
/kaggle/input/brats20-data/BraTS20/data/volume_102_slice_102.npz,2
/kaggle/input/brats20-data/BraTS20/data/volume_102_slice_103.npz,2
/kaggle/input/brats20-data/BraTS20/data/volume_102_slice_104.npz,2
/kaggle/input/brats20-data/BraTS20/data/volume_102_slice_105.npz,2
/kaggle/input/brats20-data/BraTS20/data/volume_102_slice_106.npz,2
/kaggle/input/brats20-data/BraTS20/data/volume_102_slice_107.npz,48
/kaggle/input/brats20-data/BraTS20/data/volume_102_slice_108.npz,48
/kaggle/input/brats20-data/BraTS20/data/volume_102_slice_109.npz,48
/kaggle/input/brats20-data/BraTS20/data/volume_102_slice_110.npz,48
/kaggle/input/brats20-data/BraTS20/data/volume_102_slice_111.npz,48
/kaggle/input/brats20-data/BraTS20/data/volume_102_slice_112.npz,48
/kaggle/input/brats20-data/BraTS20/data/volume_102_slice_113.npz,48
/kaggle/input/brats20-data/BraTS20/data/volume_102_slice_114.npz,76
/kaggle/input/brats20-data/BraTS20/data/volume_102_slice_115.npz,76
/kaggle/input/brats20-data/BraTS20/data/volume_102_slice_116.npz,76
/kaggle/input/brats20-data/BraTS20/data/volume_102_slice_117.npz,76
/kaggle/input/brats20-data/BraTS20/data/volume_102_slice_118.npz,93
/kaggle/input/brats20-data/BraTS20/data/volume_102_slice_119.npz,82
/kaggle/input/brats20-data/BraTS20/data/volume_102_slice_120.npz,82
/kaggle/input/brats20-data/BraTS20/data/volume_102_slice_122.npz,82
/kaggle/input/brats20-data/BraTS20/data/volume_102_slice_123.npz,82
/kaggle/input/brats20-data/BraTS20/data/volume_102_slice_124.npz,82
/kaggle/input/brats20-data/BraTS20/data/volume_102_slice_125.npz,82
/kaggle/input/brats20-data/BraTS20/data/volume_102_slice_126.npz,82
/kaggle/input/brats20-data/BraTS20/data/volume_102_slice_127.npz,82
/kaggle/input/brats20-data/BraTS20/data/volume_102_slice_128.npz,83
/kaggle/input/brats20-data/BraTS20/data/volume_367_slice_80.npz,38
/kaggle/input/brats20-data/BraTS20/data/volume_367_slice_81.npz,38
/kaggle/input/brats20-data/BraTS20/data/volume_367_slice_82.npz,38
/kaggle/input/brats20-data/BraTS20/data/volume_367_slice_83.npz,38
/kaggle/input/brats20-data/BraTS20/data/volume_367_slice_84.npz,38
/kaggle/input/brats20-data/BraTS20/data/volume_367_slice_85.npz,38
/kaggle/input/brats20-data/BraTS20/data/volume_367_slice_86.npz,38
/kaggle/input/brats20-data/BraTS20/data/volume_367_slice_87.npz,38
/kaggle/input/brats20-data/BraTS20/data/volume_367_slice_88.npz,38
/kaggle/input/brats20-data/BraTS20/data/volume_367_slice_89.npz,38
/kaggle/input/brats20-data/BraTS20/data/volume_367_slice_90.npz,38
/kaggle/input/brats20-data/BraTS20/data/volume_367_slice_91.npz,38
/kaggle/input/brats20-data/BraTS20/data/volume_367_slice_92.npz,47
/kaggle/input/brats20-data/BraTS20/data/volume_367_slice_93.npz,47
/kaggle/input/brats20-data/BraTS20/data/volume_367_slice_94.npz,47
/kaggle/input/brats20-data/BraTS20/data/volume_367_slice_95.npz,47
/kaggle/input/brats20-data/BraTS20/data/volume_367_slice_96.npz,50
/kaggle/input/brats20-data/BraTS20/data/volume_367_slice_97.npz,50
/kaggle/input/brats20-data/BraTS20/data/volume_367_slice_98.npz,50
/kaggle/input/brats20-data/BraTS20/data/volume_367_slice_99.npz,50
/kaggle/input/brats20-data/BraTS20/data/volume_367_slice_100.npz,50
/kaggle/input/brats20-data/BraTS20/data/volume_367_slice_101.npz,50
/kaggle/input/brats20-data/BraTS20/data/volume_367_slice_102.npz,50
/kaggle/input/brats20-data/BraTS20/data/volume_367_slice_103.npz,84
/kaggle/input/brats20-data/BraTS20/data/volume_367_slice_104.npz,84
/kaggle/input/brats20-data/BraTS20/data/volume_367_slice_105.npz,84
/kaggle/input/brats20-data/BraTS20/data/volume_367_slice_106.npz,84
/kaggle/input/brats20-data/BraTS20/data/volume_367_slice_107.npz,84
/kaggle/input/brats20-data/BraTS20/data/volume_367_slice_110.npz,56
/kaggle/input/brats20-data/BraTS20/data/volume_367_slice_113.npz,48
/kaggle/input/brats20-data/BraTS20/data/volume_367_slice_114.npz,48
/kaggle/input/brats20-data/BraTS20/data/volume_367_slice_115.npz,48
/kaggle/input/brats20-data/BraTS20/data/volume_367_slice_116.npz,48
/kaggle/input/brats20-data/BraTS20/data/volume_367_slice_117.npz,48
/kaggle/input/brats20-data/BraTS20/data/volume_367_slice_118.npz,48
/kaggle/input/brats20-data/BraTS20/data/volume_367_slice_119.npz,48
/kaggle/input/brats20-data/BraTS20/data/volume_367_slice_120.npz,66
/kaggle/input/brats20-data/BraTS20/data/volume_367_slice_121.npz,66
/kaggle/input/brats20-data/BraTS20/data/volume_367_slice_122.npz,66
/kaggle/input/brats20-data/BraTS20/data/volume_367_slice_123.npz,54
/kaggle/input/brats20-data/BraTS20/data/volume_367_slice_124.npz,93
/kaggle/input/brats20-data/BraTS20/data/volume_367_slice_125.npz,93
/kaggle/input/brats20-data/BraTS20/data/volume_367_slice_126.npz,93
/kaggle/input/brats20-data/BraTS20/data/volume_367_slice_127.npz,82
/kaggle/input/brats20-data/BraTS20/data/volume_367_slice_128.npz,82
/kaggle/input/brats20-data/BraTS20/data/volume_350_slice_80.npz,59
/kaggle/input/brats20-data/BraTS20/data/volume_350_slice_81.npz,20
/kaggle/input/brats20-data/BraTS20/data/volume_350_slice_82.npz,20
/kaggle/input/brats20-data/BraTS20/data/volume_350_slice_83.npz,20
/kaggle/input/brats20-data/BraTS20/data/volume_350_slice_84.npz,20
/kaggle/input/brats20-data/BraTS20/data/volume_350_slice_85.npz,59
/kaggle/input/brats20-data/BraTS20/data/volume_350_slice_86.npz,20
/kaggle/input/brats20-data/BraTS20/data/volume_350_slice_87.npz,59
/kaggle/input/brats20-data/BraTS20/data/volume_350_slice_88.npz,59
/kaggle/input/brats20-data/BraTS20/data/volume_350_slice_89.npz,59
/kaggle/input/brats20-data/BraTS20/data/volume_350_slice_90.npz,59
/kaggle/input/brats20-data/BraTS20/data/volume_350_slice_91.npz,59
/kaggle/input/brats20-data/BraTS20/data/volume_350_slice_92.npz,59
/kaggle/input/brats20-data/BraTS20/data/volume_350_slice_93.npz,27
/kaggle/input/brats20-data/BraTS20/data/volume_350_slice_94.npz,27
/kaggle/input/brats20-data/BraTS20/data/volume_350_slice_95.npz,27
/kaggle/input/brats20-data/BraTS20/data/volume_350_slice_96.npz,27
/kaggle/input/brats20-data/BraTS20/data/volume_350_slice_97.npz,27
/kaggle/input/brats20-data/BraTS20/data/volume_350_slice_98.npz,56
/kaggle/input/brats20-data/BraTS20/data/volume_350_slice_99.npz,56
/kaggle/input/brats20-data/BraTS20/data/volume_350_slice_100.npz,56
/kaggle/input/brats20-data/BraTS20/data/volume_350_slice_101.npz,56
/kaggle/input/brats20-data/BraTS20/data/volume_350_slice_102.npz,25
/kaggle/input/brats20-data/BraTS20/data/volume_350_slice_103.npz,25
/kaggle/input/brats20-data/BraTS20/data/volume_350_slice_104.npz,2
/kaggle/input/brats20-data/BraTS20/data/volume_350_slice_105.npz,2
/kaggle/input/brats20-data/BraTS20/data/volume_350_slice_106.npz,2
/kaggle/input/brats20-data/BraTS20/data/volume_350_slice_107.npz,2
/kaggle/input/brats20-data/BraTS20/data/volume_350_slice_108.npz,2
/kaggle/input/brats20-data/BraTS20/data/volume_350_slice_109.npz,2
/kaggle/input/brats20-data/BraTS20/data/volume_350_slice_110.npz,2
/kaggle/input/brats20-data/BraTS20/data/volume_350_slice_111.npz,36
/kaggle/input/brats20-data/BraTS20/data/volume_350_slice_112.npz,36
/kaggle/input/brats20-data/BraTS20/data/volume_350_slice_113.npz,36
/kaggle/input/brats20-data/BraTS20/data/volume_350_slice_114.npz,44
/kaggle/input/brats20-data/BraTS20/data/volume_350_slice_115.npz,44
/kaggle/input/brats20-data/BraTS20/data/volume_350_slice_116.npz,44
/kaggle/input/brats20-data/BraTS20/data/volume_350_slice_117.npz,44
/kaggle/input/brats20-data/BraTS20/data/volume_350_slice_118.npz,39
/kaggle/input/brats20-data/BraTS20/data/volume_350_slice_119.npz,39
/kaggle/input/brats20-data/BraTS20/data/volume_350_slice_120.npz,39
/kaggle/input/brats20-data/BraTS20/data/volume_350_slice_121.npz,39
/kaggle/input/brats20-data/BraTS20/data/volume_350_slice_122.npz,39
/kaggle/input/brats20-data/BraTS20/data/volume_350_slice_123.npz,61
/kaggle/input/brats20-data/BraTS20/data/volume_350_slice_124.npz,61
/kaggle/input/brats20-data/BraTS20/data/volume_350_slice_125.npz,61
/kaggle/input/brats20-data/BraTS20/data/volume_350_slice_126.npz,89
/kaggle/input/brats20-data/BraTS20/data/volume_350_slice_127.npz,89
/kaggle/input/brats20-data/BraTS20/data/volume_350_slice_128.npz,83
/kaggle/input/brats20-data/BraTS20/data/volume_192_slice_80.npz,45
/kaggle/input/brats20-data/BraTS20/data/volume_192_slice_81.npz,45
/kaggle/input/brats20-data/BraTS20/data/volume_192_slice_82.npz,45
/kaggle/input/brats20-data/BraTS20/data/volume_192_slice_83.npz,45
/kaggle/input/brats20-data/BraTS20/data/volume_192_slice_84.npz,45
/kaggle/input/brats20-data/BraTS20/data/volume_192_slice_85.npz,45
/kaggle/input/brats20-data/BraTS20/data/volume_192_slice_86.npz,45
/kaggle/input/brats20-data/BraTS20/data/volume_192_slice_87.npz,45
/kaggle/input/brats20-data/BraTS20/data/volume_192_slice_88.npz,45
/kaggle/input/brats20-data/BraTS20/data/volume_192_slice_89.npz,45
/kaggle/input/brats20-data/BraTS20/data/volume_192_slice_90.npz,57
/kaggle/input/brats20-data/BraTS20/data/volume_192_slice_91.npz,57
/kaggle/input/brats20-data/BraTS20/data/volume_192_slice_92.npz,57
/kaggle/input/brats20-data/BraTS20/data/volume_192_slice_93.npz,57
/kaggle/input/brats20-data/BraTS20/data/volume_192_slice_94.npz,57
/kaggle/input/brats20-data/BraTS20/data/volume_192_slice_95.npz,57
/kaggle/input/brats20-data/BraTS20/data/volume_192_slice_96.npz,57
/kaggle/input/brats20-data/BraTS20/data/volume_192_slice_97.npz,57
/kaggle/input/brats20-data/BraTS20/data/volume_192_slice_98.npz,57
/kaggle/input/brats20-data/BraTS20/data/volume_192_slice_99.npz,57
/kaggle/input/brats20-data/BraTS20/data/volume_192_slice_100.npz,57
/kaggle/input/brats20-data/BraTS20/data/volume_192_slice_101.npz,57
/kaggle/input/brats20-data/BraTS20/data/volume_192_slice_102.npz,21
/kaggle/input/brats20-data/BraTS20/data/volume_192_slice_103.npz,21
/kaggle/input/brats20-data/BraTS20/data/volume_192_slice_104.npz,21
/kaggle/input/brats20-data/BraTS20/data/volume_192_slice_105.npz,21
/kaggle/input/brats20-data/BraTS20/data/volume_192_slice_106.npz,21
/kaggle/input/brats20-data/BraTS20/data/volume_192_slice_107.npz,21
/kaggle/input/brats20-data/BraTS20/data/volume_192_slice_108.npz,21
/kaggle/input/brats20-data/BraTS20/data/volume_192_slice_109.npz,21
/kaggle/input/brats20-data/BraTS20/data/volume_192_slice_110.npz,21
/kaggle/input/brats20-data/BraTS20/data/volume_192_slice_111.npz,21
/kaggle/input/brats20-data/BraTS20/data/volume_192_slice_112.npz,21
/kaggle/input/brats20-data/BraTS20/data/volume_192_slice_113.npz,21
/kaggle/input/brats20-data/BraTS20/data/volume_192_slice_114.npz,44
/kaggle/input/brats20-data/BraTS20/data/volume_192_slice_115.npz,51
/kaggle/input/brats20-data/BraTS20/data/volume_192_slice_116.npz,44
/kaggle/input/brats20-data/BraTS20/data/volume_192_slice_117.npz,44
/kaggle/input/brats20-data/BraTS20/data/volume_192_slice_118.npz,44
/kaggle/input/brats20-data/BraTS20/data/volume_192_slice_119.npz,44
/kaggle/input/brats20-data/BraTS20/data/volume_192_slice_120.npz,44
/kaggle/input/brats20-data/BraTS20/data/volume_192_slice_121.npz,44
/kaggle/input/brats20-data/BraTS20/data/volume_192_slice_122.npz,44
/kaggle/input/brats20-data/BraTS20/data/volume_192_slice_123.npz,78
/kaggle/input/brats20-data/BraTS20/data/volume_192_slice_124.npz,78
/kaggle/input/brats20-data/BraTS20/data/volume_192_slice_125.npz,78
/kaggle/input/brats20-data/BraTS20/data/volume_192_slice_126.npz,65
/kaggle/input/brats20-data/BraTS20/data/volume_192_slice_127.npz,65
/kaggle/input/brats20-data/BraTS20/data/volume_192_slice_128.npz,83
/kaggle/input/brats20-data/BraTS20/data/volume_84_slice_80.npz,46
/kaggle/input/brats20-data/BraTS20/data/volume_84_slice_81.npz,46
/kaggle/input/brats20-data/BraTS20/data/volume_84_slice_82.npz,46
/kaggle/input/brats20-data/BraTS20/data/volume_84_slice_83.npz,46
/kaggle/input/brats20-data/BraTS20/data/volume_84_slice_84.npz,46
/kaggle/input/brats20-data/BraTS20/data/volume_84_slice_85.npz,46
/kaggle/input/brats20-data/BraTS20/data/volume_84_slice_86.npz,46
/kaggle/input/brats20-data/BraTS20/data/volume_84_slice_87.npz,15
/kaggle/input/brats20-data/BraTS20/data/volume_84_slice_88.npz,15
/kaggle/input/brats20-data/BraTS20/data/volume_84_slice_89.npz,15
/kaggle/input/brats20-data/BraTS20/data/volume_84_slice_90.npz,47
/kaggle/input/brats20-data/BraTS20/data/volume_84_slice_92.npz,47
/kaggle/input/brats20-data/BraTS20/data/volume_84_slice_93.npz,19
/kaggle/input/brats20-data/BraTS20/data/volume_84_slice_94.npz,19
/kaggle/input/brats20-data/BraTS20/data/volume_84_slice_95.npz,19
/kaggle/input/brats20-data/BraTS20/data/volume_84_slice_96.npz,33
/kaggle/input/brats20-data/BraTS20/data/volume_84_slice_97.npz,33
/kaggle/input/brats20-data/BraTS20/data/volume_84_slice_98.npz,33
/kaggle/input/brats20-data/BraTS20/data/volume_84_slice_99.npz,19
/kaggle/input/brats20-data/BraTS20/data/volume_84_slice_100.npz,19
/kaggle/input/brats20-data/BraTS20/data/volume_84_slice_101.npz,19
/kaggle/input/brats20-data/BraTS20/data/volume_84_slice_102.npz,19
/kaggle/input/brats20-data/BraTS20/data/volume_84_slice_103.npz,19
/kaggle/input/brats20-data/BraTS20/data/volume_84_slice_104.npz,16
/kaggle/input/brats20-data/BraTS20/data/volume_84_slice_105.npz,16
/kaggle/input/brats20-data/BraTS20/data/volume_84_slice_106.npz,97
/kaggle/input/brats20-data/BraTS20/data/volume_84_slice_107.npz,97
/kaggle/input/brats20-data/BraTS20/data/volume_84_slice_108.npz,95
/kaggle/input/brats20-data/BraTS20/data/volume_84_slice_109.npz,95
/kaggle/input/brats20-data/BraTS20/data/volume_84_slice_110.npz,95
/kaggle/input/brats20-data/BraTS20/data/volume_84_slice_111.npz,95
/kaggle/input/brats20-data/BraTS20/data/volume_84_slice_112.npz,76
/kaggle/input/brats20-data/BraTS20/data/volume_84_slice_113.npz,76
/kaggle/input/brats20-data/BraTS20/data/volume_84_slice_114.npz,76
/kaggle/input/brats20-data/BraTS20/data/volume_84_slice_115.npz,76
/kaggle/input/brats20-data/BraTS20/data/volume_84_slice_116.npz,76
/kaggle/input/brats20-data/BraTS20/data/volume_84_slice_117.npz,76
/kaggle/input/brats20-data/BraTS20/data/volume_84_slice_118.npz,90
/kaggle/input/brats20-data/BraTS20/data/volume_84_slice_119.npz,90
/kaggle/input/brats20-data/BraTS20/data/volume_84_slice_120.npz,93
/kaggle/input/brats20-data/BraTS20/data/volume_84_slice_121.npz,93
/kaggle/input/brats20-data/BraTS20/data/volume_84_slice_122.npz,93
/kaggle/input/brats20-data/BraTS20/data/volume_84_slice_123.npz,82
/kaggle/input/brats20-data/BraTS20/data/volume_84_slice_124.npz,82
/kaggle/input/brats20-data/BraTS20/data/volume_84_slice_125.npz,82
/kaggle/input/brats20-data/BraTS20/data/volume_84_slice_126.npz,75
/kaggle/input/brats20-data/BraTS20/data/volume_84_slice_127.npz,89
/kaggle/input/brats20-data/BraTS20/data/volume_84_slice_128.npz,89
/kaggle/input/brats20-data/BraTS20/data/volume_244_slice_80.npz,45
/kaggle/input/brats20-data/BraTS20/data/volume_244_slice_81.npz,38
/kaggle/input/brats20-data/BraTS20/data/volume_244_slice_82.npz,38
/kaggle/input/brats20-data/BraTS20/data/volume_244_slice_83.npz,38
/kaggle/input/brats20-data/BraTS20/data/volume_244_slice_84.npz,38
/kaggle/input/brats20-data/BraTS20/data/volume_244_slice_85.npz,38
/kaggle/input/brats20-data/BraTS20/data/volume_244_slice_86.npz,38
/kaggle/input/brats20-data/BraTS20/data/volume_244_slice_87.npz,35
/kaggle/input/brats20-data/BraTS20/data/volume_244_slice_88.npz,35
/kaggle/input/brats20-data/BraTS20/data/volume_244_slice_89.npz,35
/kaggle/input/brats20-data/BraTS20/data/volume_244_slice_90.npz,35
/kaggle/input/brats20-data/BraTS20/data/volume_244_slice_91.npz,35
/kaggle/input/brats20-data/BraTS20/data/volume_244_slice_92.npz,35
/kaggle/input/brats20-data/BraTS20/data/volume_244_slice_93.npz,35
/kaggle/input/brats20-data/BraTS20/data/volume_244_slice_94.npz,35
/kaggle/input/brats20-data/BraTS20/data/volume_244_slice_95.npz,35
/kaggle/input/brats20-data/BraTS20/data/volume_244_slice_96.npz,40
/kaggle/input/brats20-data/BraTS20/data/volume_244_slice_97.npz,25
/kaggle/input/brats20-data/BraTS20/data/volume_244_slice_98.npz,25
/kaggle/input/brats20-data/BraTS20/data/volume_244_slice_99.npz,25
/kaggle/input/brats20-data/BraTS20/data/volume_244_slice_100.npz,25
/kaggle/input/brats20-data/BraTS20/data/volume_244_slice_101.npz,25
/kaggle/input/brats20-data/BraTS20/data/volume_244_slice_102.npz,25
/kaggle/input/brats20-data/BraTS20/data/volume_244_slice_103.npz,25
/kaggle/input/brats20-data/BraTS20/data/volume_244_slice_104.npz,25
/kaggle/input/brats20-data/BraTS20/data/volume_244_slice_105.npz,25
/kaggle/input/brats20-data/BraTS20/data/volume_244_slice_106.npz,25
/kaggle/input/brats20-data/BraTS20/data/volume_244_slice_107.npz,25
/kaggle/input/brats20-data/BraTS20/data/volume_244_slice_108.npz,25
/kaggle/input/brats20-data/BraTS20/data/volume_244_slice_109.npz,25
/kaggle/input/brats20-data/BraTS20/data/volume_244_slice_110.npz,36
/kaggle/input/brats20-data/BraTS20/data/volume_244_slice_111.npz,36
/kaggle/input/brats20-data/BraTS20/data/volume_244_slice_112.npz,36
/kaggle/input/brats20-data/BraTS20/data/volume_244_slice_113.npz,36
/kaggle/input/brats20-data/BraTS20/data/volume_244_slice_114.npz,36
/kaggle/input/brats20-data/BraTS20/data/volume_244_slice_115.npz,36
/kaggle/input/brats20-data/BraTS20/data/volume_244_slice_116.npz,36
/kaggle/input/brats20-data/BraTS20/data/volume_244_slice_117.npz,36
/kaggle/input/brats20-data/BraTS20/data/volume_244_slice_118.npz,52
/kaggle/input/brats20-data/BraTS20/data/volume_244_slice_119.npz,52
/kaggle/input/brats20-data/BraTS20/data/volume_244_slice_120.npz,54
/kaggle/input/brats20-data/BraTS20/data/volume_244_slice_122.npz,54
/kaggle/input/brats20-data/BraTS20/data/volume_244_slice_123.npz,54
/kaggle/input/brats20-data/BraTS20/data/volume_244_slice_124.npz,69
/kaggle/input/brats20-data/BraTS20/data/volume_244_slice_125.npz,69
/kaggle/input/brats20-data/BraTS20/data/volume_244_slice_126.npz,78
/kaggle/input/brats20-data/BraTS20/data/volume_244_slice_127.npz,75
/kaggle/input/brats20-data/BraTS20/data/volume_244_slice_128.npz,75
/kaggle/input/brats20-data/BraTS20/data/volume_357_slice_80.npz,32
/kaggle/input/brats20-data/BraTS20/data/volume_357_slice_81.npz,32
/kaggle/input/brats20-data/BraTS20/data/volume_357_slice_82.npz,32
/kaggle/input/brats20-data/BraTS20/data/volume_357_slice_83.npz,32
/kaggle/input/brats20-data/BraTS20/data/volume_357_slice_84.npz,32
/kaggle/input/brats20-data/BraTS20/data/volume_357_slice_85.npz,32
/kaggle/input/brats20-data/BraTS20/data/volume_357_slice_86.npz,32
/kaggle/input/brats20-data/BraTS20/data/volume_357_slice_87.npz,32
/kaggle/input/brats20-data/BraTS20/data/volume_357_slice_88.npz,32
/kaggle/input/brats20-data/BraTS20/data/volume_357_slice_89.npz,32
/kaggle/input/brats20-data/BraTS20/data/volume_357_slice_90.npz,32
/kaggle/input/brats20-data/BraTS20/data/volume_357_slice_91.npz,32
/kaggle/input/brats20-data/BraTS20/data/volume_357_slice_92.npz,32
/kaggle/input/brats20-data/BraTS20/data/volume_357_slice_93.npz,32
/kaggle/input/brats20-data/BraTS20/data/volume_357_slice_94.npz,32
/kaggle/input/brats20-data/BraTS20/data/volume_357_slice_95.npz,32
/kaggle/input/brats20-data/BraTS20/data/volume_357_slice_96.npz,32
/kaggle/input/brats20-data/BraTS20/data/volume_357_slice_97.npz,32
/kaggle/input/brats20-data/BraTS20/data/volume_357_slice_98.npz,32
/kaggle/input/brats20-data/BraTS20/data/volume_357_slice_99.npz,32
/kaggle/input/brats20-data/BraTS20/data/volume_357_slice_100.npz,32
/kaggle/input/brats20-data/BraTS20/data/volume_357_slice_101.npz,32
/kaggle/input/brats20-data/BraTS20/data/volume_357_slice_102.npz,32
/kaggle/input/brats20-data/BraTS20/data/volume_357_slice_103.npz,32
/kaggle/input/brats20-data/BraTS20/data/volume_357_slice_104.npz,32
/kaggle/input/brats20-data/BraTS20/data/volume_357_slice_105.npz,32
/kaggle/input/brats20-data/BraTS20/data/volume_357_slice_106.npz,32
/kaggle/input/brats20-data/BraTS20/data/volume_357_slice_107.npz,32
/kaggle/input/brats20-data/BraTS20/data/volume_357_slice_108.npz,32
/kaggle/input/brats20-data/BraTS20/data/volume_357_slice_109.npz,32
/kaggle/input/brats20-data/BraTS20/data/volume_357_slice_110.npz,4
/kaggle/input/brats20-data/BraTS20/data/volume_357_slice_111.npz,70
/kaggle/input/brats20-data/BraTS20/data/volume_357_slice_112.npz,70
/kaggle/input/brats20-data/BraTS20/data/volume_357_slice_113.npz,70
/kaggle/input/brats20-data/BraTS20/data/volume_357_slice_114.npz,70
/kaggle/input/brats20-data/BraTS20/data/volume_357_slice_115.npz,70
/kaggle/input/brats20-data/BraTS20/data/volume_357_slice_116.npz,51
/kaggle/input/brats20-data/BraTS20/data/volume_357_slice_117.npz,51
/kaggle/input/brats20-data/BraTS20/data/volume_357_slice_118.npz,51
/kaggle/input/brats20-data/BraTS20/data/volume_357_slice_119.npz,51
/kaggle/input/brats20-data/BraTS20/data/volume_357_slice_120.npz,51
/kaggle/input/brats20-data/BraTS20/data/volume_357_slice_121.npz,98
/kaggle/input/brats20-data/BraTS20/data/volume_357_slice_122.npz,98
/kaggle/input/brats20-data/BraTS20/data/volume_357_slice_123.npz,98
/kaggle/input/brats20-data/BraTS20/data/volume_357_slice_124.npz,98
/kaggle/input/brats20-data/BraTS20/data/volume_357_slice_125.npz,98
/kaggle/input/brats20-data/BraTS20/data/volume_357_slice_126.npz,98
/kaggle/input/brats20-data/BraTS20/data/volume_357_slice_127.npz,98
/kaggle/input/brats20-data/BraTS20/data/volume_357_slice_128.npz,98
/kaggle/input/brats20-data/BraTS20/data/volume_10_slice_80.npz,46
/kaggle/input/brats20-data/BraTS20/data/volume_10_slice_81.npz,46
/kaggle/input/brats20-data/BraTS20/data/volume_10_slice_82.npz,46
/kaggle/input/brats20-data/BraTS20/data/volume_10_slice_83.npz,46
/kaggle/input/brats20-data/BraTS20/data/volume_10_slice_84.npz,46
/kaggle/input/brats20-data/BraTS20/data/volume_10_slice_85.npz,46
/kaggle/input/brats20-data/BraTS20/data/volume_10_slice_86.npz,46
/kaggle/input/brats20-data/BraTS20/data/volume_10_slice_87.npz,46
/kaggle/input/brats20-data/BraTS20/data/volume_10_slice_88.npz,46
/kaggle/input/brats20-data/BraTS20/data/volume_10_slice_89.npz,19
/kaggle/input/brats20-data/BraTS20/data/volume_10_slice_90.npz,27
/kaggle/input/brats20-data/BraTS20/data/volume_10_slice_91.npz,27
/kaggle/input/brats20-data/BraTS20/data/volume_10_slice_92.npz,27
/kaggle/input/brats20-data/BraTS20/data/volume_10_slice_93.npz,5
/kaggle/input/brats20-data/BraTS20/data/volume_10_slice_94.npz,25
/kaggle/input/brats20-data/BraTS20/data/volume_10_slice_95.npz,25
/kaggle/input/brats20-data/BraTS20/data/volume_10_slice_96.npz,25
/kaggle/input/brats20-data/BraTS20/data/volume_10_slice_97.npz,37
/kaggle/input/brats20-data/BraTS20/data/volume_10_slice_98.npz,25
/kaggle/input/brats20-data/BraTS20/data/volume_10_slice_99.npz,37
/kaggle/input/brats20-data/BraTS20/data/volume_10_slice_100.npz,37
/kaggle/input/brats20-data/BraTS20/data/volume_10_slice_101.npz,37
/kaggle/input/brats20-data/BraTS20/data/volume_10_slice_102.npz,37
/kaggle/input/brats20-data/BraTS20/data/volume_10_slice_103.npz,37
/kaggle/input/brats20-data/BraTS20/data/volume_10_slice_104.npz,37
/kaggle/input/brats20-data/BraTS20/data/volume_10_slice_105.npz,2
/kaggle/input/brats20-data/BraTS20/data/volume_10_slice_106.npz,2
/kaggle/input/brats20-data/BraTS20/data/volume_10_slice_107.npz,2
/kaggle/input/brats20-data/BraTS20/data/volume_10_slice_108.npz,70
/kaggle/input/brats20-data/BraTS20/data/volume_10_slice_109.npz,70
/kaggle/input/brats20-data/BraTS20/data/volume_10_slice_110.npz,36
/kaggle/input/brats20-data/BraTS20/data/volume_10_slice_111.npz,76
/kaggle/input/brats20-data/BraTS20/data/volume_10_slice_112.npz,76
/kaggle/input/brats20-data/BraTS20/data/volume_10_slice_113.npz,63
/kaggle/input/brats20-data/BraTS20/data/volume_10_slice_114.npz,44
/kaggle/input/brats20-data/BraTS20/data/volume_10_slice_115.npz,44
/kaggle/input/brats20-data/BraTS20/data/volume_10_slice_116.npz,44
/kaggle/input/brats20-data/BraTS20/data/volume_10_slice_117.npz,44
/kaggle/input/brats20-data/BraTS20/data/volume_10_slice_118.npz,44
/kaggle/input/brats20-data/BraTS20/data/volume_10_slice_119.npz,44
/kaggle/input/brats20-data/BraTS20/data/volume_10_slice_120.npz,69
/kaggle/input/brats20-data/BraTS20/data/volume_10_slice_121.npz,69
/kaggle/input/brats20-data/BraTS20/data/volume_10_slice_122.npz,61
/kaggle/input/brats20-data/BraTS20/data/volume_10_slice_123.npz,61
/kaggle/input/brats20-data/BraTS20/data/volume_10_slice_125.npz,89
/kaggle/input/brats20-data/BraTS20/data/volume_10_slice_126.npz,89
/kaggle/input/brats20-data/BraTS20/data/volume_10_slice_127.npz,83
/kaggle/input/brats20-data/BraTS20/data/volume_10_slice_128.npz,83
/kaggle/input/brats20-data/BraTS20/data/volume_253_slice_80.npz,41
/kaggle/input/brats20-data/BraTS20/data/volume_253_slice_81.npz,41
/kaggle/input/brats20-data/BraTS20/data/volume_253_slice_82.npz,41
/kaggle/input/brats20-data/BraTS20/data/volume_253_slice_83.npz,41
/kaggle/input/brats20-data/BraTS20/data/volume_253_slice_84.npz,41
/kaggle/input/brats20-data/BraTS20/data/volume_253_slice_85.npz,50
/kaggle/input/brats20-data/BraTS20/data/volume_253_slice_86.npz,50
/kaggle/input/brats20-data/BraTS20/data/volume_253_slice_87.npz,50
/kaggle/input/brats20-data/BraTS20/data/volume_253_slice_88.npz,50
/kaggle/input/brats20-data/BraTS20/data/volume_253_slice_89.npz,50
/kaggle/input/brats20-data/BraTS20/data/volume_253_slice_92.npz,94
/kaggle/input/brats20-data/BraTS20/data/volume_253_slice_93.npz,94
/kaggle/input/brats20-data/BraTS20/data/volume_253_slice_94.npz,94
/kaggle/input/brats20-data/BraTS20/data/volume_253_slice_95.npz,94
/kaggle/input/brats20-data/BraTS20/data/volume_253_slice_96.npz,71
/kaggle/input/brats20-data/BraTS20/data/volume_253_slice_97.npz,71
/kaggle/input/brats20-data/BraTS20/data/volume_253_slice_98.npz,71
/kaggle/input/brats20-data/BraTS20/data/volume_253_slice_99.npz,71
/kaggle/input/brats20-data/BraTS20/data/volume_253_slice_100.npz,71
/kaggle/input/brats20-data/BraTS20/data/volume_253_slice_101.npz,71
/kaggle/input/brats20-data/BraTS20/data/volume_253_slice_102.npz,71
/kaggle/input/brats20-data/BraTS20/data/volume_253_slice_103.npz,71
/kaggle/input/brats20-data/BraTS20/data/volume_253_slice_104.npz,91
/kaggle/input/brats20-data/BraTS20/data/volume_253_slice_105.npz,91
/kaggle/input/brats20-data/BraTS20/data/volume_253_slice_106.npz,36
/kaggle/input/brats20-data/BraTS20/data/volume_253_slice_107.npz,36
/kaggle/input/brats20-data/BraTS20/data/volume_253_slice_108.npz,36
/kaggle/input/brats20-data/BraTS20/data/volume_253_slice_109.npz,52
/kaggle/input/brats20-data/BraTS20/data/volume_253_slice_110.npz,52
/kaggle/input/brats20-data/BraTS20/data/volume_253_slice_111.npz,52
/kaggle/input/brats20-data/BraTS20/data/volume_253_slice_112.npz,52
/kaggle/input/brats20-data/BraTS20/data/volume_253_slice_113.npz,54
/kaggle/input/brats20-data/BraTS20/data/volume_253_slice_114.npz,93
/kaggle/input/brats20-data/BraTS20/data/volume_253_slice_115.npz,93
/kaggle/input/brats20-data/BraTS20/data/volume_253_slice_116.npz,93
/kaggle/input/brats20-data/BraTS20/data/volume_253_slice_117.npz,69
/kaggle/input/brats20-data/BraTS20/data/volume_253_slice_118.npz,78
/kaggle/input/brats20-data/BraTS20/data/volume_253_slice_119.npz,78
/kaggle/input/brats20-data/BraTS20/data/volume_253_slice_120.npz,78
/kaggle/input/brats20-data/BraTS20/data/volume_253_slice_121.npz,78
/kaggle/input/brats20-data/BraTS20/data/volume_253_slice_122.npz,65
/kaggle/input/brats20-data/BraTS20/data/volume_253_slice_123.npz,65
/kaggle/input/brats20-data/BraTS20/data/volume_253_slice_124.npz,11
/kaggle/input/brats20-data/BraTS20/data/volume_253_slice_125.npz,11
/kaggle/input/brats20-data/BraTS20/data/volume_253_slice_126.npz,11
/kaggle/input/brats20-data/BraTS20/data/volume_253_slice_127.npz,11
/kaggle/input/brats20-data/BraTS20/data/volume_253_slice_128.npz,11
/kaggle/input/brats20-data/BraTS20/data/volume_213_slice_80.npz,80
/kaggle/input/brats20-data/BraTS20/data/volume_213_slice_81.npz,80
/kaggle/input/brats20-data/BraTS20/data/volume_213_slice_82.npz,80
/kaggle/input/brats20-data/BraTS20/data/volume_213_slice_83.npz,80
/kaggle/input/brats20-data/BraTS20/data/volume_213_slice_86.npz,80
/kaggle/input/brats20-data/BraTS20/data/volume_213_slice_87.npz,80
/kaggle/input/brats20-data/BraTS20/data/volume_213_slice_88.npz,80
/kaggle/input/brats20-data/BraTS20/data/volume_213_slice_89.npz,80
/kaggle/input/brats20-data/BraTS20/data/volume_213_slice_90.npz,41
/kaggle/input/brats20-data/BraTS20/data/volume_213_slice_91.npz,50
/kaggle/input/brats20-data/BraTS20/data/volume_213_slice_92.npz,50
/kaggle/input/brats20-data/BraTS20/data/volume_213_slice_93.npz,50
/kaggle/input/brats20-data/BraTS20/data/volume_213_slice_94.npz,84
/kaggle/input/brats20-data/BraTS20/data/volume_213_slice_95.npz,84
/kaggle/input/brats20-data/BraTS20/data/volume_213_slice_96.npz,94
/kaggle/input/brats20-data/BraTS20/data/volume_213_slice_97.npz,94
/kaggle/input/brats20-data/BraTS20/data/volume_213_slice_98.npz,94
/kaggle/input/brats20-data/BraTS20/data/volume_213_slice_99.npz,94
/kaggle/input/brats20-data/BraTS20/data/volume_213_slice_100.npz,94
/kaggle/input/brats20-data/BraTS20/data/volume_213_slice_101.npz,94
/kaggle/input/brats20-data/BraTS20/data/volume_213_slice_102.npz,94
/kaggle/input/brats20-data/BraTS20/data/volume_213_slice_103.npz,94
/kaggle/input/brats20-data/BraTS20/data/volume_213_slice_104.npz,16
/kaggle/input/brats20-data/BraTS20/data/volume_213_slice_105.npz,16
/kaggle/input/brats20-data/BraTS20/data/volume_213_slice_106.npz,16
/kaggle/input/brats20-data/BraTS20/data/volume_213_slice_107.npz,16
/kaggle/input/brats20-data/BraTS20/data/volume_213_slice_108.npz,70
/kaggle/input/brats20-data/BraTS20/data/volume_213_slice_109.npz,70
/kaggle/input/brats20-data/BraTS20/data/volume_213_slice_110.npz,29
/kaggle/input/brats20-data/BraTS20/data/volume_213_slice_111.npz,29
/kaggle/input/brats20-data/BraTS20/data/volume_213_slice_112.npz,36
/kaggle/input/brats20-data/BraTS20/data/volume_213_slice_113.npz,36
/kaggle/input/brats20-data/BraTS20/data/volume_213_slice_114.npz,36
/kaggle/input/brats20-data/BraTS20/data/volume_213_slice_115.npz,66
/kaggle/input/brats20-data/BraTS20/data/volume_213_slice_116.npz,90
/kaggle/input/brats20-data/BraTS20/data/volume_213_slice_117.npz,90
/kaggle/input/brats20-data/BraTS20/data/volume_213_slice_118.npz,54
/kaggle/input/brats20-data/BraTS20/data/volume_213_slice_119.npz,54
/kaggle/input/brats20-data/BraTS20/data/volume_213_slice_120.npz,69
/kaggle/input/brats20-data/BraTS20/data/volume_213_slice_121.npz,69
/kaggle/input/brats20-data/BraTS20/data/volume_213_slice_122.npz,69
/kaggle/input/brats20-data/BraTS20/data/volume_213_slice_123.npz,61
/kaggle/input/brats20-data/BraTS20/data/volume_213_slice_124.npz,78
/kaggle/input/brats20-data/BraTS20/data/volume_213_slice_125.npz,78
/kaggle/input/brats20-data/BraTS20/data/volume_213_slice_126.npz,89
/kaggle/input/brats20-data/BraTS20/data/volume_213_slice_127.npz,11
/kaggle/input/brats20-data/BraTS20/data/volume_213_slice_128.npz,11
/kaggle/input/brats20-data/BraTS20/data/volume_126_slice_80.npz,26
/kaggle/input/brats20-data/BraTS20/data/volume_126_slice_81.npz,26
/kaggle/input/brats20-data/BraTS20/data/volume_126_slice_82.npz,26
/kaggle/input/brats20-data/BraTS20/data/volume_126_slice_83.npz,26
/kaggle/input/brats20-data/BraTS20/data/volume_126_slice_84.npz,26
/kaggle/input/brats20-data/BraTS20/data/volume_126_slice_85.npz,26
/kaggle/input/brats20-data/BraTS20/data/volume_126_slice_86.npz,26
/kaggle/input/brats20-data/BraTS20/data/volume_126_slice_87.npz,26
/kaggle/input/brats20-data/BraTS20/data/volume_126_slice_88.npz,26
/kaggle/input/brats20-data/BraTS20/data/volume_126_slice_89.npz,26
/kaggle/input/brats20-data/BraTS20/data/volume_126_slice_90.npz,26
/kaggle/input/brats20-data/BraTS20/data/volume_126_slice_91.npz,26
/kaggle/input/brats20-data/BraTS20/data/volume_126_slice_92.npz,26
/kaggle/input/brats20-data/BraTS20/data/volume_126_slice_93.npz,26
/kaggle/input/brats20-data/BraTS20/data/volume_126_slice_94.npz,18
/kaggle/input/brats20-data/BraTS20/data/volume_126_slice_95.npz,18
/kaggle/input/brats20-data/BraTS20/data/volume_126_slice_96.npz,37
/kaggle/input/brats20-data/BraTS20/data/volume_126_slice_97.npz,37
/kaggle/input/brats20-data/BraTS20/data/volume_126_slice_98.npz,37
/kaggle/input/brats20-data/BraTS20/data/volume_126_slice_99.npz,37
/kaggle/input/brats20-data/BraTS20/data/volume_126_slice_100.npz,2
/kaggle/input/brats20-data/BraTS20/data/volume_126_slice_101.npz,2
/kaggle/input/brats20-data/BraTS20/data/volume_126_slice_102.npz,2
/kaggle/input/brats20-data/BraTS20/data/volume_126_slice_103.npz,2
/kaggle/input/brats20-data/BraTS20/data/volume_126_slice_104.npz,2
/kaggle/input/brats20-data/BraTS20/data/volume_126_slice_105.npz,2
/kaggle/input/brats20-data/BraTS20/data/volume_126_slice_106.npz,2
/kaggle/input/brats20-data/BraTS20/data/volume_126_slice_107.npz,2
/kaggle/input/brats20-data/BraTS20/data/volume_126_slice_108.npz,2
/kaggle/input/brats20-data/BraTS20/data/volume_126_slice_109.npz,76
/kaggle/input/brats20-data/BraTS20/data/volume_126_slice_110.npz,76
/kaggle/input/brats20-data/BraTS20/data/volume_126_slice_111.npz,77
/kaggle/input/brats20-data/BraTS20/data/volume_126_slice_112.npz,63
/kaggle/input/brats20-data/BraTS20/data/volume_126_slice_113.npz,63
/kaggle/input/brats20-data/BraTS20/data/volume_126_slice_114.npz,63
/kaggle/input/brats20-data/BraTS20/data/volume_126_slice_115.npz,63
/kaggle/input/brats20-data/BraTS20/data/volume_126_slice_116.npz,98
/kaggle/input/brats20-data/BraTS20/data/volume_126_slice_117.npz,98
/kaggle/input/brats20-data/BraTS20/data/volume_126_slice_118.npz,82
/kaggle/input/brats20-data/BraTS20/data/volume_126_slice_119.npz,61
/kaggle/input/brats20-data/BraTS20/data/volume_126_slice_120.npz,61
/kaggle/input/brats20-data/BraTS20/data/volume_126_slice_121.npz,89
/kaggle/input/brats20-data/BraTS20/data/volume_126_slice_122.npz,89
/kaggle/input/brats20-data/BraTS20/data/volume_126_slice_123.npz,89
/kaggle/input/brats20-data/BraTS20/data/volume_126_slice_124.npz,89
/kaggle/input/brats20-data/BraTS20/data/volume_126_slice_125.npz,11
/kaggle/input/brats20-data/BraTS20/data/volume_126_slice_126.npz,11
/kaggle/input/brats20-data/BraTS20/data/volume_126_slice_127.npz,11
/kaggle/input/brats20-data/BraTS20/data/volume_126_slice_128.npz,11
/kaggle/input/brats20-data/BraTS20/data/volume_243_slice_80.npz,38
/kaggle/input/brats20-data/BraTS20/data/volume_243_slice_81.npz,38
/kaggle/input/brats20-data/BraTS20/data/volume_243_slice_82.npz,38
/kaggle/input/brats20-data/BraTS20/data/volume_243_slice_83.npz,38
/kaggle/input/brats20-data/BraTS20/data/volume_243_slice_84.npz,38
/kaggle/input/brats20-data/BraTS20/data/volume_243_slice_85.npz,38
/kaggle/input/brats20-data/BraTS20/data/volume_243_slice_86.npz,38
/kaggle/input/brats20-data/BraTS20/data/volume_243_slice_87.npz,35
/kaggle/input/brats20-data/BraTS20/data/volume_243_slice_88.npz,35
/kaggle/input/brats20-data/BraTS20/data/volume_243_slice_89.npz,35
/kaggle/input/brats20-data/BraTS20/data/volume_243_slice_90.npz,35
/kaggle/input/brats20-data/BraTS20/data/volume_243_slice_91.npz,35
/kaggle/input/brats20-data/BraTS20/data/volume_243_slice_92.npz,35
/kaggle/input/brats20-data/BraTS20/data/volume_243_slice_93.npz,35
/kaggle/input/brats20-data/BraTS20/data/volume_243_slice_94.npz,25
/kaggle/input/brats20-data/BraTS20/data/volume_243_slice_95.npz,25
/kaggle/input/brats20-data/BraTS20/data/volume_243_slice_96.npz,25
/kaggle/input/brats20-data/BraTS20/data/volume_243_slice_97.npz,25
/kaggle/input/brats20-data/BraTS20/data/volume_243_slice_98.npz,25
/kaggle/input/brats20-data/BraTS20/data/volume_243_slice_99.npz,25
/kaggle/input/brats20-data/BraTS20/data/volume_243_slice_100.npz,25
/kaggle/input/brats20-data/BraTS20/data/volume_243_slice_101.npz,25
/kaggle/input/brats20-data/BraTS20/data/volume_243_slice_102.npz,25
/kaggle/input/brats20-data/BraTS20/data/volume_243_slice_103.npz,25
/kaggle/input/brats20-data/BraTS20/data/volume_243_slice_104.npz,25
/kaggle/input/brats20-data/BraTS20/data/volume_243_slice_105.npz,36
/kaggle/input/brats20-data/BraTS20/data/volume_243_slice_106.npz,36
/kaggle/input/brats20-data/BraTS20/data/volume_243_slice_107.npz,36
/kaggle/input/brats20-data/BraTS20/data/volume_243_slice_108.npz,36
/kaggle/input/brats20-data/BraTS20/data/volume_243_slice_109.npz,36
/kaggle/input/brats20-data/BraTS20/data/volume_243_slice_110.npz,36
/kaggle/input/brats20-data/BraTS20/data/volume_243_slice_111.npz,36
/kaggle/input/brats20-data/BraTS20/data/volume_243_slice_112.npz,66
/kaggle/input/brats20-data/BraTS20/data/volume_243_slice_113.npz,52
/kaggle/input/brats20-data/BraTS20/data/volume_243_slice_114.npz,52
/kaggle/input/brats20-data/BraTS20/data/volume_243_slice_115.npz,54
/kaggle/input/brats20-data/BraTS20/data/volume_243_slice_116.npz,54
/kaggle/input/brats20-data/BraTS20/data/volume_243_slice_117.npz,54
/kaggle/input/brats20-data/BraTS20/data/volume_243_slice_118.npz,54
/kaggle/input/brats20-data/BraTS20/data/volume_243_slice_119.npz,54
/kaggle/input/brats20-data/BraTS20/data/volume_243_slice_120.npz,85
/kaggle/input/brats20-data/BraTS20/data/volume_243_slice_121.npz,85
/kaggle/input/brats20-data/BraTS20/data/volume_243_slice_122.npz,85
/kaggle/input/brats20-data/BraTS20/data/volume_243_slice_123.npz,75
/kaggle/input/brats20-data/BraTS20/data/volume_243_slice_124.npz,75
/kaggle/input/brats20-data/BraTS20/data/volume_243_slice_125.npz,75
/kaggle/input/brats20-data/BraTS20/data/volume_243_slice_126.npz,75
/kaggle/input/brats20-data/BraTS20/data/volume_243_slice_127.npz,75
/kaggle/input/brats20-data/BraTS20/data/volume_243_slice_128.npz,43
/kaggle/input/brats20-data/BraTS20/data/volume_6_slice_80.npz,20
/kaggle/input/brats20-data/BraTS20/data/volume_6_slice_81.npz,20
/kaggle/input/brats20-data/BraTS20/data/volume_6_slice_82.npz,20
/kaggle/input/brats20-data/BraTS20/data/volume_6_slice_83.npz,20
/kaggle/input/brats20-data/BraTS20/data/volume_6_slice_84.npz,20
/kaggle/input/brats20-data/BraTS20/data/volume_6_slice_85.npz,20
/kaggle/input/brats20-data/BraTS20/data/volume_6_slice_86.npz,20
/kaggle/input/brats20-data/BraTS20/data/volume_6_slice_87.npz,20
/kaggle/input/brats20-data/BraTS20/data/volume_6_slice_88.npz,20
/kaggle/input/brats20-data/BraTS20/data/volume_6_slice_89.npz,20
/kaggle/input/brats20-data/BraTS20/data/volume_6_slice_90.npz,6
/kaggle/input/brats20-data/BraTS20/data/volume_6_slice_91.npz,19
/kaggle/input/brats20-data/BraTS20/data/volume_6_slice_92.npz,19
/kaggle/input/brats20-data/BraTS20/data/volume_6_slice_93.npz,19
/kaggle/input/brats20-data/BraTS20/data/volume_6_slice_94.npz,19
/kaggle/input/brats20-data/BraTS20/data/volume_6_slice_95.npz,19
/kaggle/input/brats20-data/BraTS20/data/volume_6_slice_96.npz,19
/kaggle/input/brats20-data/BraTS20/data/volume_6_slice_97.npz,19
/kaggle/input/brats20-data/BraTS20/data/volume_6_slice_98.npz,49
/kaggle/input/brats20-data/BraTS20/data/volume_6_slice_99.npz,49
/kaggle/input/brats20-data/BraTS20/data/volume_6_slice_100.npz,49
/kaggle/input/brats20-data/BraTS20/data/volume_6_slice_101.npz,49
/kaggle/input/brats20-data/BraTS20/data/volume_6_slice_102.npz,49
/kaggle/input/brats20-data/BraTS20/data/volume_6_slice_103.npz,49
/kaggle/input/brats20-data/BraTS20/data/volume_6_slice_104.npz,49
/kaggle/input/brats20-data/BraTS20/data/volume_6_slice_105.npz,49
/kaggle/input/brats20-data/BraTS20/data/volume_6_slice_106.npz,49
/kaggle/input/brats20-data/BraTS20/data/volume_6_slice_107.npz,49
/kaggle/input/brats20-data/BraTS20/data/volume_6_slice_108.npz,49
/kaggle/input/brats20-data/BraTS20/data/volume_6_slice_109.npz,2
/kaggle/input/brats20-data/BraTS20/data/volume_6_slice_110.npz,51
/kaggle/input/brats20-data/BraTS20/data/volume_6_slice_111.npz,51
/kaggle/input/brats20-data/BraTS20/data/volume_6_slice_112.npz,51
/kaggle/input/brats20-data/BraTS20/data/volume_6_slice_113.npz,51
/kaggle/input/brats20-data/BraTS20/data/volume_6_slice_114.npz,51
/kaggle/input/brats20-data/BraTS20/data/volume_6_slice_115.npz,44
/kaggle/input/brats20-data/BraTS20/data/volume_6_slice_116.npz,44
/kaggle/input/brats20-data/BraTS20/data/volume_6_slice_117.npz,44
/kaggle/input/brats20-data/BraTS20/data/volume_6_slice_118.npz,44
/kaggle/input/brats20-data/BraTS20/data/volume_6_slice_119.npz,44
/kaggle/input/brats20-data/BraTS20/data/volume_6_slice_120.npz,44
/kaggle/input/brats20-data/BraTS20/data/volume_6_slice_121.npz,44
/kaggle/input/brats20-data/BraTS20/data/volume_6_slice_122.npz,44
/kaggle/input/brats20-data/BraTS20/data/volume_6_slice_123.npz,61
/kaggle/input/brats20-data/BraTS20/data/volume_6_slice_124.npz,61
/kaggle/input/brats20-data/BraTS20/data/volume_6_slice_125.npz,61
/kaggle/input/brats20-data/BraTS20/data/volume_6_slice_126.npz,83
/kaggle/input/brats20-data/BraTS20/data/volume_6_slice_127.npz,83
/kaggle/input/brats20-data/BraTS20/data/volume_6_slice_128.npz,83
/kaggle/input/brats20-data/BraTS20/data/volume_270_slice_80.npz,2
/kaggle/input/brats20-data/BraTS20/data/volume_270_slice_81.npz,16
/kaggle/input/brats20-data/BraTS20/data/volume_270_slice_82.npz,40
/kaggle/input/brats20-data/BraTS20/data/volume_270_slice_83.npz,40
/kaggle/input/brats20-data/BraTS20/data/volume_270_slice_84.npz,40
/kaggle/input/brats20-data/BraTS20/data/volume_270_slice_85.npz,40
/kaggle/input/brats20-data/BraTS20/data/volume_270_slice_86.npz,40
/kaggle/input/brats20-data/BraTS20/data/volume_270_slice_87.npz,40
/kaggle/input/brats20-data/BraTS20/data/volume_270_slice_88.npz,40
/kaggle/input/brats20-data/BraTS20/data/volume_270_slice_89.npz,40
/kaggle/input/brats20-data/BraTS20/data/volume_270_slice_90.npz,40
/kaggle/input/brats20-data/BraTS20/data/volume_270_slice_91.npz,40
/kaggle/input/brats20-data/BraTS20/data/volume_270_slice_92.npz,40
/kaggle/input/brats20-data/BraTS20/data/volume_270_slice_93.npz,40
/kaggle/input/brats20-data/BraTS20/data/volume_270_slice_94.npz,16
/kaggle/input/brats20-data/BraTS20/data/volume_270_slice_95.npz,16
/kaggle/input/brats20-data/BraTS20/data/volume_270_slice_96.npz,37
/kaggle/input/brats20-data/BraTS20/data/volume_270_slice_97.npz,16
/kaggle/input/brats20-data/BraTS20/data/volume_270_slice_98.npz,16
/kaggle/input/brats20-data/BraTS20/data/volume_270_slice_99.npz,16
/kaggle/input/brats20-data/BraTS20/data/volume_270_slice_100.npz,16
/kaggle/input/brats20-data/BraTS20/data/volume_270_slice_101.npz,16
/kaggle/input/brats20-data/BraTS20/data/volume_270_slice_102.npz,16
/kaggle/input/brats20-data/BraTS20/data/volume_270_slice_103.npz,25
/kaggle/input/brats20-data/BraTS20/data/volume_270_slice_104.npz,25
/kaggle/input/brats20-data/BraTS20/data/volume_270_slice_105.npz,25
/kaggle/input/brats20-data/BraTS20/data/volume_270_slice_106.npz,36
/kaggle/input/brats20-data/BraTS20/data/volume_270_slice_107.npz,36
/kaggle/input/brats20-data/BraTS20/data/volume_270_slice_108.npz,36
/kaggle/input/brats20-data/BraTS20/data/volume_270_slice_109.npz,36
/kaggle/input/brats20-data/BraTS20/data/volume_270_slice_110.npz,36
/kaggle/input/brats20-data/BraTS20/data/volume_270_slice_111.npz,36
/kaggle/input/brats20-data/BraTS20/data/volume_270_slice_112.npz,36
/kaggle/input/brats20-data/BraTS20/data/volume_270_slice_113.npz,36
/kaggle/input/brats20-data/BraTS20/data/volume_270_slice_114.npz,36
/kaggle/input/brats20-data/BraTS20/data/volume_270_slice_115.npz,52
/kaggle/input/brats20-data/BraTS20/data/volume_270_slice_116.npz,52
/kaggle/input/brats20-data/BraTS20/data/volume_270_slice_117.npz,54
/kaggle/input/brats20-data/BraTS20/data/volume_270_slice_118.npz,54
/kaggle/input/brats20-data/BraTS20/data/volume_270_slice_120.npz,87
/kaggle/input/brats20-data/BraTS20/data/volume_270_slice_121.npz,87
/kaggle/input/brats20-data/BraTS20/data/volume_270_slice_122.npz,87
/kaggle/input/brats20-data/BraTS20/data/volume_270_slice_123.npz,87
/kaggle/input/brats20-data/BraTS20/data/volume_270_slice_124.npz,87
/kaggle/input/brats20-data/BraTS20/data/volume_270_slice_125.npz,85
/kaggle/input/brats20-data/BraTS20/data/volume_270_slice_126.npz,78
/kaggle/input/brats20-data/BraTS20/data/volume_270_slice_127.npz,89
/kaggle/input/brats20-data/BraTS20/data/volume_270_slice_128.npz,89
/kaggle/input/brats20-data/BraTS20/data/volume_277_slice_80.npz,80
/kaggle/input/brats20-data/BraTS20/data/volume_277_slice_81.npz,80
/kaggle/input/brats20-data/BraTS20/data/volume_277_slice_82.npz,80
/kaggle/input/brats20-data/BraTS20/data/volume_277_slice_83.npz,80
/kaggle/input/brats20-data/BraTS20/data/volume_277_slice_84.npz,80
/kaggle/input/brats20-data/BraTS20/data/volume_277_slice_85.npz,80
/kaggle/input/brats20-data/BraTS20/data/volume_277_slice_86.npz,80
/kaggle/input/brats20-data/BraTS20/data/volume_277_slice_87.npz,80
/kaggle/input/brats20-data/BraTS20/data/volume_277_slice_88.npz,99
/kaggle/input/brats20-data/BraTS20/data/volume_277_slice_89.npz,99
/kaggle/input/brats20-data/BraTS20/data/volume_277_slice_90.npz,99
/kaggle/input/brats20-data/BraTS20/data/volume_277_slice_91.npz,99
/kaggle/input/brats20-data/BraTS20/data/volume_277_slice_92.npz,99
/kaggle/input/brats20-data/BraTS20/data/volume_277_slice_93.npz,50
/kaggle/input/brats20-data/BraTS20/data/volume_277_slice_94.npz,50
/kaggle/input/brats20-data/BraTS20/data/volume_277_slice_95.npz,50
/kaggle/input/brats20-data/BraTS20/data/volume_277_slice_96.npz,50
/kaggle/input/brats20-data/BraTS20/data/volume_277_slice_97.npz,84
/kaggle/input/brats20-data/BraTS20/data/volume_277_slice_98.npz,84
/kaggle/input/brats20-data/BraTS20/data/volume_277_slice_99.npz,84
/kaggle/input/brats20-data/BraTS20/data/volume_277_slice_100.npz,84
/kaggle/input/brats20-data/BraTS20/data/volume_277_slice_101.npz,84
/kaggle/input/brats20-data/BraTS20/data/volume_277_slice_102.npz,84
/kaggle/input/brats20-data/BraTS20/data/volume_277_slice_103.npz,84
/kaggle/input/brats20-data/BraTS20/data/volume_277_slice_104.npz,84
/kaggle/input/brats20-data/BraTS20/data/volume_277_slice_105.npz,56
/kaggle/input/brats20-data/BraTS20/data/volume_277_slice_106.npz,56
/kaggle/input/brats20-data/BraTS20/data/volume_277_slice_107.npz,56
/kaggle/input/brats20-data/BraTS20/data/volume_277_slice_108.npz,16
/kaggle/input/brats20-data/BraTS20/data/volume_277_slice_110.npz,70
/kaggle/input/brats20-data/BraTS20/data/volume_277_slice_111.npz,70
/kaggle/input/brats20-data/BraTS20/data/volume_277_slice_112.npz,36
/kaggle/input/brats20-data/BraTS20/data/volume_277_slice_113.npz,36
/kaggle/input/brats20-data/BraTS20/data/volume_277_slice_114.npz,36
/kaggle/input/brats20-data/BraTS20/data/volume_277_slice_115.npz,36
/kaggle/input/brats20-data/BraTS20/data/volume_277_slice_116.npz,36
/kaggle/input/brats20-data/BraTS20/data/volume_277_slice_117.npz,36
/kaggle/input/brats20-data/BraTS20/data/volume_277_slice_118.npz,52
/kaggle/input/brats20-data/BraTS20/data/volume_277_slice_119.npz,63
/kaggle/input/brats20-data/BraTS20/data/volume_277_slice_120.npz,69
/kaggle/input/brats20-data/BraTS20/data/volume_277_slice_121.npz,69
/kaggle/input/brats20-data/BraTS20/data/volume_277_slice_122.npz,69
/kaggle/input/brats20-data/BraTS20/data/volume_277_slice_123.npz,69
/kaggle/input/brats20-data/BraTS20/data/volume_277_slice_124.npz,69
/kaggle/input/brats20-data/BraTS20/data/volume_277_slice_125.npz,61
/kaggle/input/brats20-data/BraTS20/data/volume_277_slice_126.npz,89
/kaggle/input/brats20-data/BraTS20/data/volume_277_slice_127.npz,89
/kaggle/input/brats20-data/BraTS20/data/volume_277_slice_128.npz,83
/kaggle/input/brats20-data/BraTS20/data/volume_133_slice_80.npz,19
/kaggle/input/brats20-data/BraTS20/data/volume_133_slice_81.npz,19
/kaggle/input/brats20-data/BraTS20/data/volume_133_slice_82.npz,19
/kaggle/input/brats20-data/BraTS20/data/volume_133_slice_83.npz,19
/kaggle/input/brats20-data/BraTS20/data/volume_133_slice_84.npz,19
/kaggle/input/brats20-data/BraTS20/data/volume_133_slice_85.npz,19
/kaggle/input/brats20-data/BraTS20/data/volume_133_slice_86.npz,19
/kaggle/input/brats20-data/BraTS20/data/volume_133_slice_87.npz,19
/kaggle/input/brats20-data/BraTS20/data/volume_133_slice_88.npz,4
/kaggle/input/brats20-data/BraTS20/data/volume_133_slice_89.npz,4
/kaggle/input/brats20-data/BraTS20/data/volume_133_slice_90.npz,4
/kaggle/input/brats20-data/BraTS20/data/volume_133_slice_91.npz,55
/kaggle/input/brats20-data/BraTS20/data/volume_133_slice_92.npz,55
/kaggle/input/brats20-data/BraTS20/data/volume_133_slice_93.npz,55
/kaggle/input/brats20-data/BraTS20/data/volume_133_slice_94.npz,55
/kaggle/input/brats20-data/BraTS20/data/volume_133_slice_95.npz,55
/kaggle/input/brats20-data/BraTS20/data/volume_133_slice_96.npz,55
/kaggle/input/brats20-data/BraTS20/data/volume_133_slice_97.npz,55
/kaggle/input/brats20-data/BraTS20/data/volume_133_slice_98.npz,55
/kaggle/input/brats20-data/BraTS20/data/volume_133_slice_99.npz,55
/kaggle/input/brats20-data/BraTS20/data/volume_133_slice_100.npz,55
/kaggle/input/brats20-data/BraTS20/data/volume_133_slice_101.npz,2
/kaggle/input/brats20-data/BraTS20/data/volume_133_slice_102.npz,36
/kaggle/input/brats20-data/BraTS20/data/volume_133_slice_103.npz,36
/kaggle/input/brats20-data/BraTS20/data/volume_133_slice_104.npz,36
/kaggle/input/brats20-data/BraTS20/data/volume_133_slice_105.npz,36
/kaggle/input/brats20-data/BraTS20/data/volume_133_slice_106.npz,51
/kaggle/input/brats20-data/BraTS20/data/volume_133_slice_107.npz,51
/kaggle/input/brats20-data/BraTS20/data/volume_133_slice_108.npz,51
/kaggle/input/brats20-data/BraTS20/data/volume_133_slice_109.npz,51
/kaggle/input/brats20-data/BraTS20/data/volume_133_slice_110.npz,51
/kaggle/input/brats20-data/BraTS20/data/volume_133_slice_111.npz,51
/kaggle/input/brats20-data/BraTS20/data/volume_133_slice_112.npz,51
/kaggle/input/brats20-data/BraTS20/data/volume_133_slice_113.npz,51
/kaggle/input/brats20-data/BraTS20/data/volume_133_slice_114.npz,64
/kaggle/input/brats20-data/BraTS20/data/volume_133_slice_115.npz,64
/kaggle/input/brats20-data/BraTS20/data/volume_133_slice_116.npz,64
/kaggle/input/brats20-data/BraTS20/data/volume_133_slice_117.npz,64
/kaggle/input/brats20-data/BraTS20/data/volume_133_slice_118.npz,93
/kaggle/input/brats20-data/BraTS20/data/volume_133_slice_119.npz,93
/kaggle/input/brats20-data/BraTS20/data/volume_133_slice_120.npz,93
/kaggle/input/brats20-data/BraTS20/data/volume_133_slice_121.npz,87
/kaggle/input/brats20-data/BraTS20/data/volume_133_slice_122.npz,87
/kaggle/input/brats20-data/BraTS20/data/volume_133_slice_123.npz,78
/kaggle/input/brats20-data/BraTS20/data/volume_133_slice_124.npz,78
/kaggle/input/brats20-data/BraTS20/data/volume_133_slice_125.npz,78
/kaggle/input/brats20-data/BraTS20/data/volume_133_slice_126.npz,78
/kaggle/input/brats20-data/BraTS20/data/volume_133_slice_127.npz,65
/kaggle/input/brats20-data/BraTS20/data/volume_133_slice_128.npz,65
/kaggle/input/brats20-data/BraTS20/data/volume_104_slice_80.npz,34
/kaggle/input/brats20-data/BraTS20/data/volume_104_slice_81.npz,34
/kaggle/input/brats20-data/BraTS20/data/volume_104_slice_82.npz,34
/kaggle/input/brats20-data/BraTS20/data/volume_104_slice_83.npz,34
/kaggle/input/brats20-data/BraTS20/data/volume_104_slice_84.npz,34
/kaggle/input/brats20-data/BraTS20/data/volume_104_slice_85.npz,34
/kaggle/input/brats20-data/BraTS20/data/volume_104_slice_86.npz,34
/kaggle/input/brats20-data/BraTS20/data/volume_104_slice_87.npz,34
/kaggle/input/brats20-data/BraTS20/data/volume_104_slice_88.npz,34
/kaggle/input/brats20-data/BraTS20/data/volume_104_slice_89.npz,34
/kaggle/input/brats20-data/BraTS20/data/volume_104_slice_90.npz,34
/kaggle/input/brats20-data/BraTS20/data/volume_104_slice_91.npz,34
/kaggle/input/brats20-data/BraTS20/data/volume_104_slice_92.npz,34
/kaggle/input/brats20-data/BraTS20/data/volume_104_slice_93.npz,34
/kaggle/input/brats20-data/BraTS20/data/volume_104_slice_94.npz,34
/kaggle/input/brats20-data/BraTS20/data/volume_104_slice_95.npz,34
/kaggle/input/brats20-data/BraTS20/data/volume_104_slice_96.npz,34
/kaggle/input/brats20-data/BraTS20/data/volume_104_slice_97.npz,34
/kaggle/input/brats20-data/BraTS20/data/volume_104_slice_98.npz,25
/kaggle/input/brats20-data/BraTS20/data/volume_104_slice_99.npz,25
/kaggle/input/brats20-data/BraTS20/data/volume_104_slice_100.npz,25
/kaggle/input/brats20-data/BraTS20/data/volume_104_slice_101.npz,25
/kaggle/input/brats20-data/BraTS20/data/volume_104_slice_102.npz,25
/kaggle/input/brats20-data/BraTS20/data/volume_104_slice_103.npz,25
/kaggle/input/brats20-data/BraTS20/data/volume_104_slice_104.npz,25
/kaggle/input/brats20-data/BraTS20/data/volume_104_slice_105.npz,25
/kaggle/input/brats20-data/BraTS20/data/volume_104_slice_106.npz,25
/kaggle/input/brats20-data/BraTS20/data/volume_104_slice_107.npz,25
/kaggle/input/brats20-data/BraTS20/data/volume_104_slice_108.npz,25
/kaggle/input/brats20-data/BraTS20/data/volume_104_slice_109.npz,25
/kaggle/input/brats20-data/BraTS20/data/volume_104_slice_110.npz,2
/kaggle/input/brats20-data/BraTS20/data/volume_104_slice_111.npz,36
/kaggle/input/brats20-data/BraTS20/data/volume_104_slice_112.npz,36
/kaggle/input/brats20-data/BraTS20/data/volume_104_slice_114.npz,36
/kaggle/input/brats20-data/BraTS20/data/volume_104_slice_115.npz,66
/kaggle/input/brats20-data/BraTS20/data/volume_104_slice_116.npz,66
/kaggle/input/brats20-data/BraTS20/data/volume_104_slice_117.npz,44
/kaggle/input/brats20-data/BraTS20/data/volume_104_slice_118.npz,44
/kaggle/input/brats20-data/BraTS20/data/volume_104_slice_119.npz,39
/kaggle/input/brats20-data/BraTS20/data/volume_104_slice_120.npz,39
/kaggle/input/brats20-data/BraTS20/data/volume_104_slice_121.npz,69
/kaggle/input/brats20-data/BraTS20/data/volume_104_slice_122.npz,69
/kaggle/input/brats20-data/BraTS20/data/volume_104_slice_123.npz,75
/kaggle/input/brats20-data/BraTS20/data/volume_104_slice_124.npz,75
/kaggle/input/brats20-data/BraTS20/data/volume_104_slice_125.npz,75
/kaggle/input/brats20-data/BraTS20/data/volume_104_slice_126.npz,89
/kaggle/input/brats20-data/BraTS20/data/volume_104_slice_127.npz,89
/kaggle/input/brats20-data/BraTS20/data/volume_104_slice_128.npz,11
/kaggle/input/brats20-data/BraTS20/data/volume_308_slice_80.npz,41
/kaggle/input/brats20-data/BraTS20/data/volume_308_slice_81.npz,41
/kaggle/input/brats20-data/BraTS20/data/volume_308_slice_82.npz,41
/kaggle/input/brats20-data/BraTS20/data/volume_308_slice_83.npz,41
/kaggle/input/brats20-data/BraTS20/data/volume_308_slice_84.npz,41
/kaggle/input/brats20-data/BraTS20/data/volume_308_slice_85.npz,41
/kaggle/input/brats20-data/BraTS20/data/volume_308_slice_86.npz,41
/kaggle/input/brats20-data/BraTS20/data/volume_308_slice_87.npz,41
/kaggle/input/brats20-data/BraTS20/data/volume_308_slice_88.npz,41
/kaggle/input/brats20-data/BraTS20/data/volume_308_slice_89.npz,41
/kaggle/input/brats20-data/BraTS20/data/volume_308_slice_90.npz,41
/kaggle/input/brats20-data/BraTS20/data/volume_308_slice_91.npz,84
/kaggle/input/brats20-data/BraTS20/data/volume_308_slice_92.npz,55
/kaggle/input/brats20-data/BraTS20/data/volume_308_slice_93.npz,55
/kaggle/input/brats20-data/BraTS20/data/volume_308_slice_94.npz,55
/kaggle/input/brats20-data/BraTS20/data/volume_308_slice_95.npz,55
/kaggle/input/brats20-data/BraTS20/data/volume_308_slice_96.npz,55
/kaggle/input/brats20-data/BraTS20/data/volume_308_slice_97.npz,55
/kaggle/input/brats20-data/BraTS20/data/volume_308_slice_98.npz,55
/kaggle/input/brats20-data/BraTS20/data/volume_308_slice_99.npz,55
/kaggle/input/brats20-data/BraTS20/data/volume_308_slice_100.npz,48
/kaggle/input/brats20-data/BraTS20/data/volume_308_slice_101.npz,48
/kaggle/input/brats20-data/BraTS20/data/volume_308_slice_102.npz,48
/kaggle/input/brats20-data/BraTS20/data/volume_308_slice_103.npz,48
/kaggle/input/brats20-data/BraTS20/data/volume_308_slice_104.npz,48
/kaggle/input/brats20-data/BraTS20/data/volume_308_slice_105.npz,48
/kaggle/input/brats20-data/BraTS20/data/volume_308_slice_106.npz,48
/kaggle/input/brats20-data/BraTS20/data/volume_308_slice_107.npz,36
/kaggle/input/brats20-data/BraTS20/data/volume_308_slice_108.npz,36
/kaggle/input/brats20-data/BraTS20/data/volume_308_slice_109.npz,36
/kaggle/input/brats20-data/BraTS20/data/volume_308_slice_110.npz,36
/kaggle/input/brats20-data/BraTS20/data/volume_308_slice_111.npz,36
/kaggle/input/brats20-data/BraTS20/data/volume_308_slice_112.npz,52
/kaggle/input/brats20-data/BraTS20/data/volume_308_slice_113.npz,52
/kaggle/input/brats20-data/BraTS20/data/volume_308_slice_114.npz,54
/kaggle/input/brats20-data/BraTS20/data/volume_308_slice_115.npz,54
/kaggle/input/brats20-data/BraTS20/data/volume_308_slice_116.npz,54
/kaggle/input/brats20-data/BraTS20/data/volume_308_slice_117.npz,93
/kaggle/input/brats20-data/BraTS20/data/volume_308_slice_118.npz,93
/kaggle/input/brats20-data/BraTS20/data/volume_308_slice_119.npz,82
/kaggle/input/brats20-data/BraTS20/data/volume_308_slice_120.npz,82
/kaggle/input/brats20-data/BraTS20/data/volume_308_slice_121.npz,78
/kaggle/input/brats20-data/BraTS20/data/volume_308_slice_122.npz,78
/kaggle/input/brats20-data/BraTS20/data/volume_308_slice_123.npz,65
/kaggle/input/brats20-data/BraTS20/data/volume_308_slice_124.npz,83
/kaggle/input/brats20-data/BraTS20/data/volume_308_slice_125.npz,83
/kaggle/input/brats20-data/BraTS20/data/volume_308_slice_126.npz,83
/kaggle/input/brats20-data/BraTS20/data/volume_308_slice_127.npz,43
/kaggle/input/brats20-data/BraTS20/data/volume_308_slice_128.npz,43
/kaggle/input/brats20-data/BraTS20/data/volume_49_slice_80.npz,46
/kaggle/input/brats20-data/BraTS20/data/volume_49_slice_81.npz,46
/kaggle/input/brats20-data/BraTS20/data/volume_49_slice_82.npz,30
/kaggle/input/brats20-data/BraTS20/data/volume_49_slice_83.npz,30
/kaggle/input/brats20-data/BraTS20/data/volume_49_slice_84.npz,30
/kaggle/input/brats20-data/BraTS20/data/volume_49_slice_85.npz,30
/kaggle/input/brats20-data/BraTS20/data/volume_49_slice_86.npz,30
/kaggle/input/brats20-data/BraTS20/data/volume_49_slice_87.npz,30
/kaggle/input/brats20-data/BraTS20/data/volume_49_slice_88.npz,30
/kaggle/input/brats20-data/BraTS20/data/volume_49_slice_89.npz,30
/kaggle/input/brats20-data/BraTS20/data/volume_49_slice_90.npz,45
/kaggle/input/brats20-data/BraTS20/data/volume_49_slice_91.npz,45
/kaggle/input/brats20-data/BraTS20/data/volume_49_slice_92.npz,45
/kaggle/input/brats20-data/BraTS20/data/volume_49_slice_93.npz,45
/kaggle/input/brats20-data/BraTS20/data/volume_49_slice_94.npz,45
/kaggle/input/brats20-data/BraTS20/data/volume_49_slice_95.npz,5
/kaggle/input/brats20-data/BraTS20/data/volume_49_slice_96.npz,5
/kaggle/input/brats20-data/BraTS20/data/volume_49_slice_97.npz,5
/kaggle/input/brats20-data/BraTS20/data/volume_49_slice_98.npz,5
/kaggle/input/brats20-data/BraTS20/data/volume_49_slice_99.npz,5
/kaggle/input/brats20-data/BraTS20/data/volume_49_slice_100.npz,5
/kaggle/input/brats20-data/BraTS20/data/volume_49_slice_101.npz,5
/kaggle/input/brats20-data/BraTS20/data/volume_49_slice_102.npz,5
/kaggle/input/brats20-data/BraTS20/data/volume_49_slice_103.npz,5
/kaggle/input/brats20-data/BraTS20/data/volume_49_slice_104.npz,5
/kaggle/input/brats20-data/BraTS20/data/volume_49_slice_105.npz,56
/kaggle/input/brats20-data/BraTS20/data/volume_49_slice_106.npz,2
/kaggle/input/brats20-data/BraTS20/data/volume_49_slice_107.npz,2
/kaggle/input/brats20-data/BraTS20/data/volume_49_slice_108.npz,2
/kaggle/input/brats20-data/BraTS20/data/volume_49_slice_109.npz,2
/kaggle/input/brats20-data/BraTS20/data/volume_49_slice_110.npz,21
/kaggle/input/brats20-data/BraTS20/data/volume_49_slice_111.npz,21
/kaggle/input/brats20-data/BraTS20/data/volume_49_slice_112.npz,21
/kaggle/input/brats20-data/BraTS20/data/volume_49_slice_113.npz,51
/kaggle/input/brats20-data/BraTS20/data/volume_49_slice_114.npz,51
/kaggle/input/brats20-data/BraTS20/data/volume_49_slice_115.npz,51
/kaggle/input/brats20-data/BraTS20/data/volume_49_slice_116.npz,51
/kaggle/input/brats20-data/BraTS20/data/volume_49_slice_117.npz,44
/kaggle/input/brats20-data/BraTS20/data/volume_49_slice_118.npz,98
/kaggle/input/brats20-data/BraTS20/data/volume_49_slice_119.npz,98
/kaggle/input/brats20-data/BraTS20/data/volume_49_slice_120.npz,98
/kaggle/input/brats20-data/BraTS20/data/volume_49_slice_121.npz,98
/kaggle/input/brats20-data/BraTS20/data/volume_49_slice_122.npz,44
/kaggle/input/brats20-data/BraTS20/data/volume_49_slice_123.npz,82
/kaggle/input/brats20-data/BraTS20/data/volume_49_slice_124.npz,88
/kaggle/input/brats20-data/BraTS20/data/volume_49_slice_125.npz,88
/kaggle/input/brats20-data/BraTS20/data/volume_49_slice_126.npz,88
/kaggle/input/brats20-data/BraTS20/data/volume_49_slice_127.npz,88
/kaggle/input/brats20-data/BraTS20/data/volume_49_slice_128.npz,83
/kaggle/input/brats20-data/BraTS20/data/volume_160_slice_80.npz,5
/kaggle/input/brats20-data/BraTS20/data/volume_160_slice_81.npz,5
/kaggle/input/brats20-data/BraTS20/data/volume_160_slice_82.npz,5
/kaggle/input/brats20-data/BraTS20/data/volume_160_slice_83.npz,5
/kaggle/input/brats20-data/BraTS20/data/volume_160_slice_84.npz,5
/kaggle/input/brats20-data/BraTS20/data/volume_160_slice_85.npz,5
/kaggle/input/brats20-data/BraTS20/data/volume_160_slice_86.npz,5
/kaggle/input/brats20-data/BraTS20/data/volume_160_slice_87.npz,5
/kaggle/input/brats20-data/BraTS20/data/volume_160_slice_88.npz,18
/kaggle/input/brats20-data/BraTS20/data/volume_160_slice_89.npz,18
/kaggle/input/brats20-data/BraTS20/data/volume_160_slice_90.npz,18
/kaggle/input/brats20-data/BraTS20/data/volume_160_slice_91.npz,18
/kaggle/input/brats20-data/BraTS20/data/volume_160_slice_92.npz,18
/kaggle/input/brats20-data/BraTS20/data/volume_160_slice_93.npz,18
/kaggle/input/brats20-data/BraTS20/data/volume_160_slice_94.npz,18
/kaggle/input/brats20-data/BraTS20/data/volume_160_slice_95.npz,18
/kaggle/input/brats20-data/BraTS20/data/volume_160_slice_96.npz,18
/kaggle/input/brats20-data/BraTS20/data/volume_160_slice_97.npz,57
/kaggle/input/brats20-data/BraTS20/data/volume_160_slice_98.npz,57
/kaggle/input/brats20-data/BraTS20/data/volume_160_slice_99.npz,57
/kaggle/input/brats20-data/BraTS20/data/volume_160_slice_100.npz,2
/kaggle/input/brats20-data/BraTS20/data/volume_160_slice_101.npz,2
/kaggle/input/brats20-data/BraTS20/data/volume_160_slice_102.npz,2
/kaggle/input/brats20-data/BraTS20/data/volume_160_slice_103.npz,2
/kaggle/input/brats20-data/BraTS20/data/volume_160_slice_104.npz,2
/kaggle/input/brats20-data/BraTS20/data/volume_160_slice_105.npz,2
/kaggle/input/brats20-data/BraTS20/data/volume_160_slice_106.npz,2
/kaggle/input/brats20-data/BraTS20/data/volume_160_slice_107.npz,2
/kaggle/input/brats20-data/BraTS20/data/volume_160_slice_108.npz,2
/kaggle/input/brats20-data/BraTS20/data/volume_160_slice_109.npz,51
/kaggle/input/brats20-data/BraTS20/data/volume_160_slice_110.npz,51
/kaggle/input/brats20-data/BraTS20/data/volume_160_slice_111.npz,51
/kaggle/input/brats20-data/BraTS20/data/volume_160_slice_112.npz,51
/kaggle/input/brats20-data/BraTS20/data/volume_160_slice_113.npz,51
/kaggle/input/brats20-data/BraTS20/data/volume_160_slice_114.npz,51
/kaggle/input/brats20-data/BraTS20/data/volume_160_slice_115.npz,51
/kaggle/input/brats20-data/BraTS20/data/volume_160_slice_116.npz,51
/kaggle/input/brats20-data/BraTS20/data/volume_160_slice_117.npz,51
/kaggle/input/brats20-data/BraTS20/data/volume_160_slice_118.npz,51
/kaggle/input/brats20-data/BraTS20/data/volume_160_slice_119.npz,51
/kaggle/input/brats20-data/BraTS20/data/volume_160_slice_120.npz,51
/kaggle/input/brats20-data/BraTS20/data/volume_160_slice_121.npz,51
/kaggle/input/brats20-data/BraTS20/data/volume_160_slice_122.npz,93
/kaggle/input/brats20-data/BraTS20/data/volume_160_slice_123.npz,93
/kaggle/input/brats20-data/BraTS20/data/volume_160_slice_124.npz,93
/kaggle/input/brats20-data/BraTS20/data/volume_160_slice_125.npz,93
/kaggle/input/brats20-data/BraTS20/data/volume_160_slice_126.npz,78
/kaggle/input/brats20-data/BraTS20/data/volume_160_slice_127.npz,78
/kaggle/input/brats20-data/BraTS20/data/volume_160_slice_128.npz,78
/kaggle/input/brats20-data/BraTS20/data/volume_196_slice_80.npz,0
/kaggle/input/brats20-data/BraTS20/data/volume_196_slice_81.npz,0
/kaggle/input/brats20-data/BraTS20/data/volume_196_slice_82.npz,53
/kaggle/input/brats20-data/BraTS20/data/volume_196_slice_83.npz,53
/kaggle/input/brats20-data/BraTS20/data/volume_196_slice_84.npz,53
/kaggle/input/brats20-data/BraTS20/data/volume_196_slice_85.npz,53
/kaggle/input/brats20-data/BraTS20/data/volume_196_slice_86.npz,53
/kaggle/input/brats20-data/BraTS20/data/volume_196_slice_87.npz,28
/kaggle/input/brats20-data/BraTS20/data/volume_196_slice_88.npz,28
/kaggle/input/brats20-data/BraTS20/data/volume_196_slice_89.npz,28
/kaggle/input/brats20-data/BraTS20/data/volume_196_slice_90.npz,28
/kaggle/input/brats20-data/BraTS20/data/volume_196_slice_91.npz,28
/kaggle/input/brats20-data/BraTS20/data/volume_196_slice_92.npz,28
/kaggle/input/brats20-data/BraTS20/data/volume_196_slice_93.npz,12
/kaggle/input/brats20-data/BraTS20/data/volume_196_slice_94.npz,55
/kaggle/input/brats20-data/BraTS20/data/volume_196_slice_95.npz,55
/kaggle/input/brats20-data/BraTS20/data/volume_196_slice_96.npz,55
/kaggle/input/brats20-data/BraTS20/data/volume_196_slice_97.npz,55
/kaggle/input/brats20-data/BraTS20/data/volume_196_slice_98.npz,55
/kaggle/input/brats20-data/BraTS20/data/volume_196_slice_99.npz,55
/kaggle/input/brats20-data/BraTS20/data/volume_196_slice_101.npz,71
/kaggle/input/brats20-data/BraTS20/data/volume_196_slice_102.npz,71
/kaggle/input/brats20-data/BraTS20/data/volume_196_slice_103.npz,71
/kaggle/input/brats20-data/BraTS20/data/volume_196_slice_104.npz,71
/kaggle/input/brats20-data/BraTS20/data/volume_196_slice_105.npz,71
/kaggle/input/brats20-data/BraTS20/data/volume_196_slice_106.npz,71
/kaggle/input/brats20-data/BraTS20/data/volume_196_slice_107.npz,71
/kaggle/input/brats20-data/BraTS20/data/volume_196_slice_108.npz,91
/kaggle/input/brats20-data/BraTS20/data/volume_196_slice_109.npz,91
/kaggle/input/brats20-data/BraTS20/data/volume_196_slice_110.npz,36
/kaggle/input/brats20-data/BraTS20/data/volume_196_slice_111.npz,36
/kaggle/input/brats20-data/BraTS20/data/volume_196_slice_112.npz,36
/kaggle/input/brats20-data/BraTS20/data/volume_196_slice_113.npz,52
/kaggle/input/brats20-data/BraTS20/data/volume_196_slice_114.npz,52
/kaggle/input/brats20-data/BraTS20/data/volume_196_slice_115.npz,54
/kaggle/input/brats20-data/BraTS20/data/volume_196_slice_116.npz,54
/kaggle/input/brats20-data/BraTS20/data/volume_196_slice_117.npz,54
/kaggle/input/brats20-data/BraTS20/data/volume_196_slice_118.npz,87
/kaggle/input/brats20-data/BraTS20/data/volume_196_slice_119.npz,87
/kaggle/input/brats20-data/BraTS20/data/volume_196_slice_120.npz,69
/kaggle/input/brats20-data/BraTS20/data/volume_196_slice_121.npz,85
/kaggle/input/brats20-data/BraTS20/data/volume_196_slice_122.npz,85
/kaggle/input/brats20-data/BraTS20/data/volume_196_slice_123.npz,78
/kaggle/input/brats20-data/BraTS20/data/volume_196_slice_124.npz,65
/kaggle/input/brats20-data/BraTS20/data/volume_196_slice_125.npz,65
/kaggle/input/brats20-data/BraTS20/data/volume_196_slice_126.npz,11
/kaggle/input/brats20-data/BraTS20/data/volume_196_slice_127.npz,11
/kaggle/input/brats20-data/BraTS20/data/volume_196_slice_128.npz,11
/kaggle/input/brats20-data/BraTS20/data/volume_301_slice_80.npz,41
/kaggle/input/brats20-data/BraTS20/data/volume_301_slice_81.npz,41
/kaggle/input/brats20-data/BraTS20/data/volume_301_slice_82.npz,41
/kaggle/input/brats20-data/BraTS20/data/volume_301_slice_83.npz,41
/kaggle/input/brats20-data/BraTS20/data/volume_301_slice_84.npz,41
/kaggle/input/brats20-data/BraTS20/data/volume_301_slice_85.npz,41
/kaggle/input/brats20-data/BraTS20/data/volume_301_slice_86.npz,4
/kaggle/input/brats20-data/BraTS20/data/volume_301_slice_87.npz,4
/kaggle/input/brats20-data/BraTS20/data/volume_301_slice_88.npz,4
/kaggle/input/brats20-data/BraTS20/data/volume_301_slice_89.npz,4
/kaggle/input/brats20-data/BraTS20/data/volume_301_slice_90.npz,4
/kaggle/input/brats20-data/BraTS20/data/volume_301_slice_91.npz,4
/kaggle/input/brats20-data/BraTS20/data/volume_301_slice_92.npz,4
/kaggle/input/brats20-data/BraTS20/data/volume_301_slice_93.npz,4
/kaggle/input/brats20-data/BraTS20/data/volume_301_slice_94.npz,4
/kaggle/input/brats20-data/BraTS20/data/volume_301_slice_95.npz,4
/kaggle/input/brats20-data/BraTS20/data/volume_301_slice_96.npz,4
/kaggle/input/brats20-data/BraTS20/data/volume_301_slice_97.npz,4
/kaggle/input/brats20-data/BraTS20/data/volume_301_slice_98.npz,4
/kaggle/input/brats20-data/BraTS20/data/volume_301_slice_99.npz,4
/kaggle/input/brats20-data/BraTS20/data/volume_301_slice_100.npz,4
/kaggle/input/brats20-data/BraTS20/data/volume_301_slice_101.npz,4
/kaggle/input/brats20-data/BraTS20/data/volume_301_slice_102.npz,4
/kaggle/input/brats20-data/BraTS20/data/volume_301_slice_103.npz,2
/kaggle/input/brats20-data/BraTS20/data/volume_301_slice_104.npz,2
/kaggle/input/brats20-data/BraTS20/data/volume_301_slice_105.npz,70
/kaggle/input/brats20-data/BraTS20/data/volume_301_slice_106.npz,36
/kaggle/input/brats20-data/BraTS20/data/volume_301_slice_107.npz,36
/kaggle/input/brats20-data/BraTS20/data/volume_301_slice_108.npz,36
/kaggle/input/brats20-data/BraTS20/data/volume_301_slice_109.npz,36
/kaggle/input/brats20-data/BraTS20/data/volume_301_slice_110.npz,36
/kaggle/input/brats20-data/BraTS20/data/volume_301_slice_111.npz,36
/kaggle/input/brats20-data/BraTS20/data/volume_301_slice_112.npz,36
/kaggle/input/brats20-data/BraTS20/data/volume_301_slice_113.npz,36
/kaggle/input/brats20-data/BraTS20/data/volume_301_slice_114.npz,51
/kaggle/input/brats20-data/BraTS20/data/volume_301_slice_115.npz,44
/kaggle/input/brats20-data/BraTS20/data/volume_301_slice_116.npz,44
/kaggle/input/brats20-data/BraTS20/data/volume_301_slice_117.npz,93
/kaggle/input/brats20-data/BraTS20/data/volume_301_slice_118.npz,93
/kaggle/input/brats20-data/BraTS20/data/volume_301_slice_119.npz,69
/kaggle/input/brats20-data/BraTS20/data/volume_301_slice_120.npz,69
/kaggle/input/brats20-data/BraTS20/data/volume_301_slice_121.npz,69
/kaggle/input/brats20-data/BraTS20/data/volume_301_slice_122.npz,69
/kaggle/input/brats20-data/BraTS20/data/volume_301_slice_123.npz,78
/kaggle/input/brats20-data/BraTS20/data/volume_301_slice_124.npz,78
/kaggle/input/brats20-data/BraTS20/data/volume_301_slice_125.npz,65
/kaggle/input/brats20-data/BraTS20/data/volume_301_slice_126.npz,65
/kaggle/input/brats20-data/BraTS20/data/volume_301_slice_127.npz,11
/kaggle/input/brats20-data/BraTS20/data/volume_301_slice_128.npz,11
/kaggle/input/brats20-data/BraTS20/data/volume_320_slice_80.npz,0
/kaggle/input/brats20-data/BraTS20/data/volume_320_slice_81.npz,0
/kaggle/input/brats20-data/BraTS20/data/volume_320_slice_82.npz,80
/kaggle/input/brats20-data/BraTS20/data/volume_320_slice_83.npz,80
/kaggle/input/brats20-data/BraTS20/data/volume_320_slice_84.npz,80
/kaggle/input/brats20-data/BraTS20/data/volume_320_slice_85.npz,80
/kaggle/input/brats20-data/BraTS20/data/volume_320_slice_86.npz,80
/kaggle/input/brats20-data/BraTS20/data/volume_320_slice_87.npz,80
/kaggle/input/brats20-data/BraTS20/data/volume_320_slice_88.npz,15
/kaggle/input/brats20-data/BraTS20/data/volume_320_slice_89.npz,15
/kaggle/input/brats20-data/BraTS20/data/volume_320_slice_90.npz,15
/kaggle/input/brats20-data/BraTS20/data/volume_320_slice_91.npz,15
/kaggle/input/brats20-data/BraTS20/data/volume_320_slice_92.npz,50
/kaggle/input/brats20-data/BraTS20/data/volume_320_slice_93.npz,50
/kaggle/input/brats20-data/BraTS20/data/volume_320_slice_94.npz,50
/kaggle/input/brats20-data/BraTS20/data/volume_320_slice_95.npz,50
/kaggle/input/brats20-data/BraTS20/data/volume_320_slice_96.npz,50
/kaggle/input/brats20-data/BraTS20/data/volume_320_slice_97.npz,50
/kaggle/input/brats20-data/BraTS20/data/volume_320_slice_98.npz,84
/kaggle/input/brats20-data/BraTS20/data/volume_320_slice_99.npz,84
/kaggle/input/brats20-data/BraTS20/data/volume_320_slice_100.npz,94
/kaggle/input/brats20-data/BraTS20/data/volume_320_slice_101.npz,94
/kaggle/input/brats20-data/BraTS20/data/volume_320_slice_102.npz,94
/kaggle/input/brats20-data/BraTS20/data/volume_320_slice_103.npz,55
/kaggle/input/brats20-data/BraTS20/data/volume_320_slice_104.npz,55
/kaggle/input/brats20-data/BraTS20/data/volume_320_slice_105.npz,55
/kaggle/input/brats20-data/BraTS20/data/volume_320_slice_106.npz,29
/kaggle/input/brats20-data/BraTS20/data/volume_320_slice_107.npz,29
/kaggle/input/brats20-data/BraTS20/data/volume_320_slice_108.npz,29
/kaggle/input/brats20-data/BraTS20/data/volume_320_slice_109.npz,29
/kaggle/input/brats20-data/BraTS20/data/volume_320_slice_110.npz,29
/kaggle/input/brats20-data/BraTS20/data/volume_320_slice_111.npz,29
/kaggle/input/brats20-data/BraTS20/data/volume_320_slice_112.npz,29
/kaggle/input/brats20-data/BraTS20/data/volume_320_slice_113.npz,29
/kaggle/input/brats20-data/BraTS20/data/volume_320_slice_114.npz,29
/kaggle/input/brats20-data/BraTS20/data/volume_320_slice_115.npz,29
/kaggle/input/brats20-data/BraTS20/data/volume_320_slice_116.npz,29
/kaggle/input/brats20-data/BraTS20/data/volume_320_slice_117.npz,29
/kaggle/input/brats20-data/BraTS20/data/volume_320_slice_118.npz,29
/kaggle/input/brats20-data/BraTS20/data/volume_320_slice_119.npz,54
/kaggle/input/brats20-data/BraTS20/data/volume_320_slice_122.npz,69
/kaggle/input/brats20-data/BraTS20/data/volume_320_slice_123.npz,69
/kaggle/input/brats20-data/BraTS20/data/volume_320_slice_124.npz,69
/kaggle/input/brats20-data/BraTS20/data/volume_320_slice_125.npz,69
/kaggle/input/brats20-data/BraTS20/data/volume_320_slice_126.npz,78
/kaggle/input/brats20-data/BraTS20/data/volume_320_slice_127.npz,75
/kaggle/input/brats20-data/BraTS20/data/volume_320_slice_128.npz,75
/kaggle/input/brats20-data/BraTS20/data/volume_211_slice_80.npz,58
/kaggle/input/brats20-data/BraTS20/data/volume_211_slice_81.npz,58
/kaggle/input/brats20-data/BraTS20/data/volume_211_slice_82.npz,58
/kaggle/input/brats20-data/BraTS20/data/volume_211_slice_83.npz,58
/kaggle/input/brats20-data/BraTS20/data/volume_211_slice_84.npz,58
/kaggle/input/brats20-data/BraTS20/data/volume_211_slice_85.npz,58
/kaggle/input/brats20-data/BraTS20/data/volume_211_slice_86.npz,58
/kaggle/input/brats20-data/BraTS20/data/volume_211_slice_87.npz,50
/kaggle/input/brats20-data/BraTS20/data/volume_211_slice_88.npz,50
/kaggle/input/brats20-data/BraTS20/data/volume_211_slice_89.npz,50
/kaggle/input/brats20-data/BraTS20/data/volume_211_slice_90.npz,50
/kaggle/input/brats20-data/BraTS20/data/volume_211_slice_91.npz,55
/kaggle/input/brats20-data/BraTS20/data/volume_211_slice_92.npz,55
/kaggle/input/brats20-data/BraTS20/data/volume_211_slice_93.npz,55
/kaggle/input/brats20-data/BraTS20/data/volume_211_slice_94.npz,55
/kaggle/input/brats20-data/BraTS20/data/volume_211_slice_95.npz,55
/kaggle/input/brats20-data/BraTS20/data/volume_211_slice_96.npz,55
/kaggle/input/brats20-data/BraTS20/data/volume_211_slice_97.npz,71
/kaggle/input/brats20-data/BraTS20/data/volume_211_slice_98.npz,71
/kaggle/input/brats20-data/BraTS20/data/volume_211_slice_99.npz,71
/kaggle/input/brats20-data/BraTS20/data/volume_211_slice_100.npz,71
/kaggle/input/brats20-data/BraTS20/data/volume_211_slice_101.npz,71
/kaggle/input/brats20-data/BraTS20/data/volume_211_slice_102.npz,71
/kaggle/input/brats20-data/BraTS20/data/volume_211_slice_103.npz,71
/kaggle/input/brats20-data/BraTS20/data/volume_211_slice_104.npz,71
/kaggle/input/brats20-data/BraTS20/data/volume_211_slice_105.npz,71
/kaggle/input/brats20-data/BraTS20/data/volume_211_slice_106.npz,91
/kaggle/input/brats20-data/BraTS20/data/volume_211_slice_107.npz,91
/kaggle/input/brats20-data/BraTS20/data/volume_211_slice_108.npz,91
/kaggle/input/brats20-data/BraTS20/data/volume_211_slice_109.npz,91
/kaggle/input/brats20-data/BraTS20/data/volume_211_slice_110.npz,52
/kaggle/input/brats20-data/BraTS20/data/volume_211_slice_111.npz,52
/kaggle/input/brats20-data/BraTS20/data/volume_211_slice_112.npz,52
/kaggle/input/brats20-data/BraTS20/data/volume_211_slice_113.npz,52
/kaggle/input/brats20-data/BraTS20/data/volume_211_slice_114.npz,52
/kaggle/input/brats20-data/BraTS20/data/volume_211_slice_115.npz,54
/kaggle/input/brats20-data/BraTS20/data/volume_211_slice_116.npz,54
/kaggle/input/brats20-data/BraTS20/data/volume_211_slice_117.npz,54
/kaggle/input/brats20-data/BraTS20/data/volume_211_slice_118.npz,54
/kaggle/input/brats20-data/BraTS20/data/volume_211_slice_119.npz,85
/kaggle/input/brats20-data/BraTS20/data/volume_211_slice_120.npz,85
/kaggle/input/brats20-data/BraTS20/data/volume_211_slice_121.npz,85
/kaggle/input/brats20-data/BraTS20/data/volume_211_slice_122.npz,85
/kaggle/input/brats20-data/BraTS20/data/volume_211_slice_123.npz,75
/kaggle/input/brats20-data/BraTS20/data/volume_211_slice_124.npz,75
/kaggle/input/brats20-data/BraTS20/data/volume_211_slice_125.npz,75
/kaggle/input/brats20-data/BraTS20/data/volume_211_slice_126.npz,75
/kaggle/input/brats20-data/BraTS20/data/volume_211_slice_127.npz,83
/kaggle/input/brats20-data/BraTS20/data/volume_211_slice_128.npz,43
/kaggle/input/brats20-data/BraTS20/data/volume_194_slice_80.npz,19
/kaggle/input/brats20-data/BraTS20/data/volume_194_slice_81.npz,19
/kaggle/input/brats20-data/BraTS20/data/volume_194_slice_82.npz,19
/kaggle/input/brats20-data/BraTS20/data/volume_194_slice_83.npz,19
/kaggle/input/brats20-data/BraTS20/data/volume_194_slice_84.npz,53
/kaggle/input/brats20-data/BraTS20/data/volume_194_slice_85.npz,53
/kaggle/input/brats20-data/BraTS20/data/volume_194_slice_86.npz,53
/kaggle/input/brats20-data/BraTS20/data/volume_194_slice_87.npz,53
/kaggle/input/brats20-data/BraTS20/data/volume_194_slice_88.npz,53
/kaggle/input/brats20-data/BraTS20/data/volume_194_slice_89.npz,53
/kaggle/input/brats20-data/BraTS20/data/volume_194_slice_90.npz,53
/kaggle/input/brats20-data/BraTS20/data/volume_194_slice_91.npz,53
/kaggle/input/brats20-data/BraTS20/data/volume_194_slice_92.npz,53
/kaggle/input/brats20-data/BraTS20/data/volume_194_slice_93.npz,53
/kaggle/input/brats20-data/BraTS20/data/volume_194_slice_94.npz,53
/kaggle/input/brats20-data/BraTS20/data/volume_194_slice_95.npz,4
/kaggle/input/brats20-data/BraTS20/data/volume_194_slice_98.npz,4
/kaggle/input/brats20-data/BraTS20/data/volume_194_slice_99.npz,4
/kaggle/input/brats20-data/BraTS20/data/volume_194_slice_100.npz,55
/kaggle/input/brats20-data/BraTS20/data/volume_194_slice_101.npz,55
/kaggle/input/brats20-data/BraTS20/data/volume_194_slice_102.npz,55
/kaggle/input/brats20-data/BraTS20/data/volume_194_slice_103.npz,71
/kaggle/input/brats20-data/BraTS20/data/volume_194_slice_104.npz,71
/kaggle/input/brats20-data/BraTS20/data/volume_194_slice_105.npz,71
/kaggle/input/brats20-data/BraTS20/data/volume_194_slice_106.npz,70
/kaggle/input/brats20-data/BraTS20/data/volume_194_slice_107.npz,70
/kaggle/input/brats20-data/BraTS20/data/volume_194_slice_108.npz,70
/kaggle/input/brats20-data/BraTS20/data/volume_194_slice_109.npz,36
/kaggle/input/brats20-data/BraTS20/data/volume_194_slice_110.npz,36
/kaggle/input/brats20-data/BraTS20/data/volume_194_slice_111.npz,36
/kaggle/input/brats20-data/BraTS20/data/volume_194_slice_112.npz,36
/kaggle/input/brats20-data/BraTS20/data/volume_194_slice_113.npz,51
/kaggle/input/brats20-data/BraTS20/data/volume_194_slice_114.npz,51
/kaggle/input/brats20-data/BraTS20/data/volume_194_slice_115.npz,52
/kaggle/input/brats20-data/BraTS20/data/volume_194_slice_116.npz,93
/kaggle/input/brats20-data/BraTS20/data/volume_194_slice_117.npz,93
/kaggle/input/brats20-data/BraTS20/data/volume_194_slice_118.npz,93
/kaggle/input/brats20-data/BraTS20/data/volume_194_slice_119.npz,93
/kaggle/input/brats20-data/BraTS20/data/volume_194_slice_120.npz,93
/kaggle/input/brats20-data/BraTS20/data/volume_194_slice_121.npz,93
/kaggle/input/brats20-data/BraTS20/data/volume_194_slice_122.npz,78
/kaggle/input/brats20-data/BraTS20/data/volume_194_slice_123.npz,78
/kaggle/input/brats20-data/BraTS20/data/volume_194_slice_124.npz,78
/kaggle/input/brats20-data/BraTS20/data/volume_194_slice_125.npz,65
/kaggle/input/brats20-data/BraTS20/data/volume_194_slice_126.npz,65
/kaggle/input/brats20-data/BraTS20/data/volume_194_slice_127.npz,65
/kaggle/input/brats20-data/BraTS20/data/volume_194_slice_128.npz,83
/kaggle/input/brats20-data/BraTS20/data/volume_162_slice_80.npz,31
/kaggle/input/brats20-data/BraTS20/data/volume_162_slice_81.npz,31
/kaggle/input/brats20-data/BraTS20/data/volume_162_slice_82.npz,31
/kaggle/input/brats20-data/BraTS20/data/volume_162_slice_83.npz,31
/kaggle/input/brats20-data/BraTS20/data/volume_162_slice_84.npz,31
/kaggle/input/brats20-data/BraTS20/data/volume_162_slice_85.npz,31
/kaggle/input/brats20-data/BraTS20/data/volume_162_slice_86.npz,31
/kaggle/input/brats20-data/BraTS20/data/volume_162_slice_87.npz,31
/kaggle/input/brats20-data/BraTS20/data/volume_162_slice_88.npz,31
/kaggle/input/brats20-data/BraTS20/data/volume_162_slice_89.npz,31
/kaggle/input/brats20-data/BraTS20/data/volume_162_slice_90.npz,31
/kaggle/input/brats20-data/BraTS20/data/volume_162_slice_91.npz,31
/kaggle/input/brats20-data/BraTS20/data/volume_162_slice_92.npz,31
/kaggle/input/brats20-data/BraTS20/data/volume_162_slice_93.npz,31
/kaggle/input/brats20-data/BraTS20/data/volume_162_slice_94.npz,31
/kaggle/input/brats20-data/BraTS20/data/volume_162_slice_95.npz,31
/kaggle/input/brats20-data/BraTS20/data/volume_162_slice_96.npz,31
/kaggle/input/brats20-data/BraTS20/data/volume_162_slice_97.npz,31
/kaggle/input/brats20-data/BraTS20/data/volume_162_slice_98.npz,31
/kaggle/input/brats20-data/BraTS20/data/volume_162_slice_99.npz,31
/kaggle/input/brats20-data/BraTS20/data/volume_162_slice_100.npz,31
/kaggle/input/brats20-data/BraTS20/data/volume_162_slice_101.npz,36
/kaggle/input/brats20-data/BraTS20/data/volume_162_slice_102.npz,36
/kaggle/input/brats20-data/BraTS20/data/volume_162_slice_103.npz,36
/kaggle/input/brats20-data/BraTS20/data/volume_162_slice_104.npz,36
/kaggle/input/brats20-data/BraTS20/data/volume_162_slice_105.npz,36
/kaggle/input/brats20-data/BraTS20/data/volume_162_slice_106.npz,36
/kaggle/input/brats20-data/BraTS20/data/volume_162_slice_107.npz,36
/kaggle/input/brats20-data/BraTS20/data/volume_162_slice_108.npz,36
/kaggle/input/brats20-data/BraTS20/data/volume_162_slice_109.npz,51
/kaggle/input/brats20-data/BraTS20/data/volume_162_slice_110.npz,36
/kaggle/input/brats20-data/BraTS20/data/volume_162_slice_111.npz,51
/kaggle/input/brats20-data/BraTS20/data/volume_162_slice_112.npz,36
/kaggle/input/brats20-data/BraTS20/data/volume_162_slice_113.npz,44
/kaggle/input/brats20-data/BraTS20/data/volume_162_slice_114.npz,44
/kaggle/input/brats20-data/BraTS20/data/volume_162_slice_115.npz,44
/kaggle/input/brats20-data/BraTS20/data/volume_162_slice_116.npz,44
/kaggle/input/brats20-data/BraTS20/data/volume_162_slice_117.npz,39
/kaggle/input/brats20-data/BraTS20/data/volume_162_slice_118.npz,39
/kaggle/input/brats20-data/BraTS20/data/volume_162_slice_119.npz,39
/kaggle/input/brats20-data/BraTS20/data/volume_162_slice_120.npz,62
/kaggle/input/brats20-data/BraTS20/data/volume_162_slice_121.npz,75
/kaggle/input/brats20-data/BraTS20/data/volume_162_slice_122.npz,75
/kaggle/input/brats20-data/BraTS20/data/volume_162_slice_123.npz,83
/kaggle/input/brats20-data/BraTS20/data/volume_162_slice_124.npz,83
/kaggle/input/brats20-data/BraTS20/data/volume_162_slice_125.npz,83
/kaggle/input/brats20-data/BraTS20/data/volume_162_slice_126.npz,83
/kaggle/input/brats20-data/BraTS20/data/volume_162_slice_128.npz,43
/kaggle/input/brats20-data/BraTS20/data/volume_147_slice_80.npz,41
/kaggle/input/brats20-data/BraTS20/data/volume_147_slice_81.npz,41
/kaggle/input/brats20-data/BraTS20/data/volume_147_slice_82.npz,50
/kaggle/input/brats20-data/BraTS20/data/volume_147_slice_83.npz,28
/kaggle/input/brats20-data/BraTS20/data/volume_147_slice_84.npz,28
/kaggle/input/brats20-data/BraTS20/data/volume_147_slice_85.npz,28
/kaggle/input/brats20-data/BraTS20/data/volume_147_slice_86.npz,28
/kaggle/input/brats20-data/BraTS20/data/volume_147_slice_87.npz,28
/kaggle/input/brats20-data/BraTS20/data/volume_147_slice_88.npz,28
/kaggle/input/brats20-data/BraTS20/data/volume_147_slice_89.npz,28
/kaggle/input/brats20-data/BraTS20/data/volume_147_slice_90.npz,28
/kaggle/input/brats20-data/BraTS20/data/volume_147_slice_91.npz,28
/kaggle/input/brats20-data/BraTS20/data/volume_147_slice_92.npz,28
/kaggle/input/brats20-data/BraTS20/data/volume_147_slice_93.npz,28
/kaggle/input/brats20-data/BraTS20/data/volume_147_slice_94.npz,28
/kaggle/input/brats20-data/BraTS20/data/volume_147_slice_95.npz,28
/kaggle/input/brats20-data/BraTS20/data/volume_147_slice_96.npz,28
/kaggle/input/brats20-data/BraTS20/data/volume_147_slice_97.npz,28
/kaggle/input/brats20-data/BraTS20/data/volume_147_slice_98.npz,4
/kaggle/input/brats20-data/BraTS20/data/volume_147_slice_99.npz,4
/kaggle/input/brats20-data/BraTS20/data/volume_147_slice_100.npz,4
/kaggle/input/brats20-data/BraTS20/data/volume_147_slice_101.npz,4
/kaggle/input/brats20-data/BraTS20/data/volume_147_slice_102.npz,4
/kaggle/input/brats20-data/BraTS20/data/volume_147_slice_103.npz,4
/kaggle/input/brats20-data/BraTS20/data/volume_147_slice_104.npz,4
/kaggle/input/brats20-data/BraTS20/data/volume_147_slice_105.npz,4
/kaggle/input/brats20-data/BraTS20/data/volume_147_slice_106.npz,4
/kaggle/input/brats20-data/BraTS20/data/volume_147_slice_107.npz,4
/kaggle/input/brats20-data/BraTS20/data/volume_147_slice_108.npz,4
/kaggle/input/brats20-data/BraTS20/data/volume_147_slice_109.npz,48
/kaggle/input/brats20-data/BraTS20/data/volume_147_slice_110.npz,48
/kaggle/input/brats20-data/BraTS20/data/volume_147_slice_111.npz,48
/kaggle/input/brats20-data/BraTS20/data/volume_147_slice_112.npz,48
/kaggle/input/brats20-data/BraTS20/data/volume_147_slice_113.npz,48
/kaggle/input/brats20-data/BraTS20/data/volume_147_slice_114.npz,51
/kaggle/input/brats20-data/BraTS20/data/volume_147_slice_115.npz,51
/kaggle/input/brats20-data/BraTS20/data/volume_147_slice_116.npz,64
/kaggle/input/brats20-data/BraTS20/data/volume_147_slice_117.npz,64
/kaggle/input/brats20-data/BraTS20/data/volume_147_slice_118.npz,64
/kaggle/input/brats20-data/BraTS20/data/volume_147_slice_119.npz,64
/kaggle/input/brats20-data/BraTS20/data/volume_147_slice_120.npz,64
/kaggle/input/brats20-data/BraTS20/data/volume_147_slice_121.npz,64
/kaggle/input/brats20-data/BraTS20/data/volume_147_slice_122.npz,64
/kaggle/input/brats20-data/BraTS20/data/volume_147_slice_123.npz,64
/kaggle/input/brats20-data/BraTS20/data/volume_147_slice_124.npz,64
/kaggle/input/brats20-data/BraTS20/data/volume_147_slice_125.npz,78
/kaggle/input/brats20-data/BraTS20/data/volume_147_slice_126.npz,78
/kaggle/input/brats20-data/BraTS20/data/volume_147_slice_127.npz,78
/kaggle/input/brats20-data/BraTS20/data/volume_147_slice_128.npz,78
/kaggle/input/brats20-data/BraTS20/data/volume_363_slice_80.npz,19
/kaggle/input/brats20-data/BraTS20/data/volume_363_slice_81.npz,19
/kaggle/input/brats20-data/BraTS20/data/volume_363_slice_82.npz,19
/kaggle/input/brats20-data/BraTS20/data/volume_363_slice_83.npz,19
/kaggle/input/brats20-data/BraTS20/data/volume_363_slice_84.npz,19
/kaggle/input/brats20-data/BraTS20/data/volume_363_slice_85.npz,19
/kaggle/input/brats20-data/BraTS20/data/volume_363_slice_86.npz,19
/kaggle/input/brats20-data/BraTS20/data/volume_363_slice_87.npz,19
/kaggle/input/brats20-data/BraTS20/data/volume_363_slice_88.npz,19
/kaggle/input/brats20-data/BraTS20/data/volume_363_slice_89.npz,19
/kaggle/input/brats20-data/BraTS20/data/volume_363_slice_90.npz,19
/kaggle/input/brats20-data/BraTS20/data/volume_363_slice_91.npz,19
/kaggle/input/brats20-data/BraTS20/data/volume_363_slice_92.npz,19
/kaggle/input/brats20-data/BraTS20/data/volume_363_slice_93.npz,19
/kaggle/input/brats20-data/BraTS20/data/volume_363_slice_94.npz,19
/kaggle/input/brats20-data/BraTS20/data/volume_363_slice_95.npz,19
/kaggle/input/brats20-data/BraTS20/data/volume_363_slice_96.npz,19
/kaggle/input/brats20-data/BraTS20/data/volume_363_slice_97.npz,19
/kaggle/input/brats20-data/BraTS20/data/volume_363_slice_98.npz,19
/kaggle/input/brats20-data/BraTS20/data/volume_363_slice_99.npz,19
/kaggle/input/brats20-data/BraTS20/data/volume_363_slice_100.npz,53
/kaggle/input/brats20-data/BraTS20/data/volume_363_slice_101.npz,53
/kaggle/input/brats20-data/BraTS20/data/volume_363_slice_102.npz,55
/kaggle/input/brats20-data/BraTS20/data/volume_363_slice_103.npz,55
/kaggle/input/brats20-data/BraTS20/data/volume_363_slice_104.npz,55
/kaggle/input/brats20-data/BraTS20/data/volume_363_slice_105.npz,71
/kaggle/input/brats20-data/BraTS20/data/volume_363_slice_106.npz,71
/kaggle/input/brats20-data/BraTS20/data/volume_363_slice_107.npz,71
/kaggle/input/brats20-data/BraTS20/data/volume_363_slice_108.npz,71
/kaggle/input/brats20-data/BraTS20/data/volume_363_slice_109.npz,70
/kaggle/input/brats20-data/BraTS20/data/volume_363_slice_110.npz,70
/kaggle/input/brats20-data/BraTS20/data/volume_363_slice_111.npz,70
/kaggle/input/brats20-data/BraTS20/data/volume_363_slice_112.npz,70
/kaggle/input/brats20-data/BraTS20/data/volume_363_slice_113.npz,36
/kaggle/input/brats20-data/BraTS20/data/volume_363_slice_114.npz,36
/kaggle/input/brats20-data/BraTS20/data/volume_363_slice_115.npz,36
/kaggle/input/brats20-data/BraTS20/data/volume_363_slice_116.npz,36
/kaggle/input/brats20-data/BraTS20/data/volume_363_slice_117.npz,87
/kaggle/input/brats20-data/BraTS20/data/volume_363_slice_118.npz,87
/kaggle/input/brats20-data/BraTS20/data/volume_363_slice_119.npz,87
/kaggle/input/brats20-data/BraTS20/data/volume_363_slice_120.npz,87
/kaggle/input/brats20-data/BraTS20/data/volume_363_slice_121.npz,87
/kaggle/input/brats20-data/BraTS20/data/volume_363_slice_122.npz,69
/kaggle/input/brats20-data/BraTS20/data/volume_363_slice_123.npz,78
/kaggle/input/brats20-data/BraTS20/data/volume_363_slice_124.npz,78
/kaggle/input/brats20-data/BraTS20/data/volume_363_slice_125.npz,78
/kaggle/input/brats20-data/BraTS20/data/volume_363_slice_126.npz,65
/kaggle/input/brats20-data/BraTS20/data/volume_363_slice_127.npz,11
/kaggle/input/brats20-data/BraTS20/data/volume_363_slice_128.npz,11
/kaggle/input/brats20-data/BraTS20/data/volume_239_slice_80.npz,41
/kaggle/input/brats20-data/BraTS20/data/volume_239_slice_81.npz,41
/kaggle/input/brats20-data/BraTS20/data/volume_239_slice_82.npz,41
/kaggle/input/brats20-data/BraTS20/data/volume_239_slice_83.npz,41
/kaggle/input/brats20-data/BraTS20/data/volume_239_slice_84.npz,41
/kaggle/input/brats20-data/BraTS20/data/volume_239_slice_85.npz,35
/kaggle/input/brats20-data/BraTS20/data/volume_239_slice_86.npz,35
/kaggle/input/brats20-data/BraTS20/data/volume_239_slice_87.npz,35
/kaggle/input/brats20-data/BraTS20/data/volume_239_slice_88.npz,35
/kaggle/input/brats20-data/BraTS20/data/volume_239_slice_89.npz,35
/kaggle/input/brats20-data/BraTS20/data/volume_239_slice_90.npz,35
/kaggle/input/brats20-data/BraTS20/data/volume_239_slice_91.npz,35
/kaggle/input/brats20-data/BraTS20/data/volume_239_slice_92.npz,35
/kaggle/input/brats20-data/BraTS20/data/volume_239_slice_93.npz,35
/kaggle/input/brats20-data/BraTS20/data/volume_239_slice_94.npz,35
/kaggle/input/brats20-data/BraTS20/data/volume_239_slice_95.npz,35
/kaggle/input/brats20-data/BraTS20/data/volume_239_slice_96.npz,35
/kaggle/input/brats20-data/BraTS20/data/volume_239_slice_97.npz,35
/kaggle/input/brats20-data/BraTS20/data/volume_239_slice_98.npz,31
/kaggle/input/brats20-data/BraTS20/data/volume_239_slice_99.npz,31
/kaggle/input/brats20-data/BraTS20/data/volume_239_slice_100.npz,31
/kaggle/input/brats20-data/BraTS20/data/volume_239_slice_101.npz,31
/kaggle/input/brats20-data/BraTS20/data/volume_239_slice_102.npz,60
/kaggle/input/brats20-data/BraTS20/data/volume_239_slice_103.npz,60
/kaggle/input/brats20-data/BraTS20/data/volume_239_slice_104.npz,60
/kaggle/input/brats20-data/BraTS20/data/volume_239_slice_105.npz,60
/kaggle/input/brats20-data/BraTS20/data/volume_239_slice_106.npz,36
/kaggle/input/brats20-data/BraTS20/data/volume_239_slice_107.npz,36
/kaggle/input/brats20-data/BraTS20/data/volume_239_slice_108.npz,36
/kaggle/input/brats20-data/BraTS20/data/volume_239_slice_109.npz,36
/kaggle/input/brats20-data/BraTS20/data/volume_239_slice_110.npz,36
/kaggle/input/brats20-data/BraTS20/data/volume_239_slice_111.npz,51
/kaggle/input/brats20-data/BraTS20/data/volume_239_slice_112.npz,51
/kaggle/input/brats20-data/BraTS20/data/volume_239_slice_113.npz,51
/kaggle/input/brats20-data/BraTS20/data/volume_239_slice_114.npz,51
/kaggle/input/brats20-data/BraTS20/data/volume_239_slice_115.npz,93
/kaggle/input/brats20-data/BraTS20/data/volume_239_slice_116.npz,93
/kaggle/input/brats20-data/BraTS20/data/volume_239_slice_117.npz,93
/kaggle/input/brats20-data/BraTS20/data/volume_239_slice_118.npz,93
/kaggle/input/brats20-data/BraTS20/data/volume_239_slice_119.npz,93
/kaggle/input/brats20-data/BraTS20/data/volume_239_slice_120.npz,93
/kaggle/input/brats20-data/BraTS20/data/volume_239_slice_121.npz,61
/kaggle/input/brats20-data/BraTS20/data/volume_239_slice_122.npz,78
/kaggle/input/brats20-data/BraTS20/data/volume_239_slice_123.npz,78
/kaggle/input/brats20-data/BraTS20/data/volume_239_slice_124.npz,78
/kaggle/input/brats20-data/BraTS20/data/volume_239_slice_125.npz,65
/kaggle/input/brats20-data/BraTS20/data/volume_239_slice_126.npz,83
/kaggle/input/brats20-data/BraTS20/data/volume_239_slice_127.npz,83
/kaggle/input/brats20-data/BraTS20/data/volume_239_slice_128.npz,83
/kaggle/input/brats20-data/BraTS20/data/volume_62_slice_80.npz,26
/kaggle/input/brats20-data/BraTS20/data/volume_62_slice_81.npz,26
/kaggle/input/brats20-data/BraTS20/data/volume_62_slice_82.npz,26
/kaggle/input/brats20-data/BraTS20/data/volume_62_slice_83.npz,26
/kaggle/input/brats20-data/BraTS20/data/volume_62_slice_84.npz,26
/kaggle/input/brats20-data/BraTS20/data/volume_62_slice_85.npz,26
/kaggle/input/brats20-data/BraTS20/data/volume_62_slice_86.npz,26
/kaggle/input/brats20-data/BraTS20/data/volume_62_slice_87.npz,59
/kaggle/input/brats20-data/BraTS20/data/volume_62_slice_88.npz,59
/kaggle/input/brats20-data/BraTS20/data/volume_62_slice_89.npz,59
/kaggle/input/brats20-data/BraTS20/data/volume_62_slice_90.npz,59
/kaggle/input/brats20-data/BraTS20/data/volume_62_slice_91.npz,59
/kaggle/input/brats20-data/BraTS20/data/volume_62_slice_92.npz,59
/kaggle/input/brats20-data/BraTS20/data/volume_62_slice_93.npz,59
/kaggle/input/brats20-data/BraTS20/data/volume_62_slice_94.npz,26
/kaggle/input/brats20-data/BraTS20/data/volume_62_slice_95.npz,26
/kaggle/input/brats20-data/BraTS20/data/volume_62_slice_96.npz,14
/kaggle/input/brats20-data/BraTS20/data/volume_62_slice_97.npz,14
/kaggle/input/brats20-data/BraTS20/data/volume_62_slice_98.npz,14
/kaggle/input/brats20-data/BraTS20/data/volume_62_slice_99.npz,14
/kaggle/input/brats20-data/BraTS20/data/volume_62_slice_100.npz,14
/kaggle/input/brats20-data/BraTS20/data/volume_62_slice_101.npz,14
/kaggle/input/brats20-data/BraTS20/data/volume_62_slice_102.npz,14
/kaggle/input/brats20-data/BraTS20/data/volume_62_slice_103.npz,14
/kaggle/input/brats20-data/BraTS20/data/volume_62_slice_104.npz,14
/kaggle/input/brats20-data/BraTS20/data/volume_62_slice_105.npz,14
/kaggle/input/brats20-data/BraTS20/data/volume_62_slice_106.npz,14
/kaggle/input/brats20-data/BraTS20/data/volume_62_slice_107.npz,14
/kaggle/input/brats20-data/BraTS20/data/volume_62_slice_108.npz,14
/kaggle/input/brats20-data/BraTS20/data/volume_62_slice_109.npz,14
/kaggle/input/brats20-data/BraTS20/data/volume_62_slice_110.npz,14
/kaggle/input/brats20-data/BraTS20/data/volume_62_slice_111.npz,14
/kaggle/input/brats20-data/BraTS20/data/volume_62_slice_112.npz,14
/kaggle/input/brats20-data/BraTS20/data/volume_62_slice_113.npz,14
/kaggle/input/brats20-data/BraTS20/data/volume_62_slice_114.npz,14
/kaggle/input/brats20-data/BraTS20/data/volume_62_slice_115.npz,14
/kaggle/input/brats20-data/BraTS20/data/volume_62_slice_116.npz,14
/kaggle/input/brats20-data/BraTS20/data/volume_62_slice_117.npz,14
/kaggle/input/brats20-data/BraTS20/data/volume_62_slice_118.npz,44
/kaggle/input/brats20-data/BraTS20/data/volume_62_slice_119.npz,44
/kaggle/input/brats20-data/BraTS20/data/volume_62_slice_120.npz,98
/kaggle/input/brats20-data/BraTS20/data/volume_62_slice_121.npz,98
/kaggle/input/brats20-data/BraTS20/data/volume_62_slice_122.npz,61
/kaggle/input/brats20-data/BraTS20/data/volume_62_slice_123.npz,61
/kaggle/input/brats20-data/BraTS20/data/volume_62_slice_124.npz,61
/kaggle/input/brats20-data/BraTS20/data/volume_62_slice_125.npz,61
/kaggle/input/brats20-data/BraTS20/data/volume_62_slice_126.npz,61
/kaggle/input/brats20-data/BraTS20/data/volume_62_slice_127.npz,62
/kaggle/input/brats20-data/BraTS20/data/volume_62_slice_128.npz,83
/kaggle/input/brats20-data/BraTS20/data/volume_269_slice_80.npz,41
/kaggle/input/brats20-data/BraTS20/data/volume_269_slice_81.npz,41
/kaggle/input/brats20-data/BraTS20/data/volume_269_slice_82.npz,41
/kaggle/input/brats20-data/BraTS20/data/volume_269_slice_83.npz,41
/kaggle/input/brats20-data/BraTS20/data/volume_269_slice_84.npz,41
/kaggle/input/brats20-data/BraTS20/data/volume_269_slice_85.npz,41
/kaggle/input/brats20-data/BraTS20/data/volume_269_slice_86.npz,4
/kaggle/input/brats20-data/BraTS20/data/volume_269_slice_87.npz,4
/kaggle/input/brats20-data/BraTS20/data/volume_269_slice_88.npz,4
/kaggle/input/brats20-data/BraTS20/data/volume_269_slice_89.npz,4
/kaggle/input/brats20-data/BraTS20/data/volume_269_slice_90.npz,4
/kaggle/input/brats20-data/BraTS20/data/volume_269_slice_91.npz,4
/kaggle/input/brats20-data/BraTS20/data/volume_269_slice_92.npz,4
/kaggle/input/brats20-data/BraTS20/data/volume_269_slice_93.npz,4
/kaggle/input/brats20-data/BraTS20/data/volume_269_slice_94.npz,4
/kaggle/input/brats20-data/BraTS20/data/volume_269_slice_95.npz,4
/kaggle/input/brats20-data/BraTS20/data/volume_269_slice_96.npz,4
/kaggle/input/brats20-data/BraTS20/data/volume_269_slice_97.npz,4
/kaggle/input/brats20-data/BraTS20/data/volume_269_slice_98.npz,4
/kaggle/input/brats20-data/BraTS20/data/volume_269_slice_99.npz,4
/kaggle/input/brats20-data/BraTS20/data/volume_269_slice_100.npz,4
/kaggle/input/brats20-data/BraTS20/data/volume_269_slice_101.npz,4
/kaggle/input/brats20-data/BraTS20/data/volume_269_slice_102.npz,4
/kaggle/input/brats20-data/BraTS20/data/volume_269_slice_103.npz,4
/kaggle/input/brats20-data/BraTS20/data/volume_269_slice_104.npz,4
/kaggle/input/brats20-data/BraTS20/data/volume_269_slice_105.npz,55
/kaggle/input/brats20-data/BraTS20/data/volume_269_slice_106.npz,70
/kaggle/input/brats20-data/BraTS20/data/volume_269_slice_107.npz,70
/kaggle/input/brats20-data/BraTS20/data/volume_269_slice_108.npz,70
/kaggle/input/brats20-data/BraTS20/data/volume_269_slice_109.npz,70
/kaggle/input/brats20-data/BraTS20/data/volume_269_slice_110.npz,70
/kaggle/input/brats20-data/BraTS20/data/volume_269_slice_111.npz,76
/kaggle/input/brats20-data/BraTS20/data/volume_269_slice_112.npz,76
/kaggle/input/brats20-data/BraTS20/data/volume_269_slice_113.npz,76
/kaggle/input/brats20-data/BraTS20/data/volume_269_slice_114.npz,51
/kaggle/input/brats20-data/BraTS20/data/volume_269_slice_115.npz,51
/kaggle/input/brats20-data/BraTS20/data/volume_269_slice_116.npz,64
/kaggle/input/brats20-data/BraTS20/data/volume_269_slice_117.npz,64
/kaggle/input/brats20-data/BraTS20/data/volume_269_slice_118.npz,64
/kaggle/input/brats20-data/BraTS20/data/volume_269_slice_119.npz,64
/kaggle/input/brats20-data/BraTS20/data/volume_269_slice_120.npz,64
/kaggle/input/brats20-data/BraTS20/data/volume_269_slice_121.npz,64
/kaggle/input/brats20-data/BraTS20/data/volume_269_slice_122.npz,64
/kaggle/input/brats20-data/BraTS20/data/volume_269_slice_123.npz,98
/kaggle/input/brats20-data/BraTS20/data/volume_269_slice_124.npz,78
/kaggle/input/brats20-data/BraTS20/data/volume_269_slice_125.npz,78
/kaggle/input/brats20-data/BraTS20/data/volume_269_slice_126.npz,78
/kaggle/input/brats20-data/BraTS20/data/volume_269_slice_127.npz,78
/kaggle/input/brats20-data/BraTS20/data/volume_269_slice_128.npz,65
/kaggle/input/brats20-data/BraTS20/data/volume_200_slice_80.npz,41
/kaggle/input/brats20-data/BraTS20/data/volume_200_slice_81.npz,41
/kaggle/input/brats20-data/BraTS20/data/volume_200_slice_82.npz,41
/kaggle/input/brats20-data/BraTS20/data/volume_200_slice_83.npz,41
/kaggle/input/brats20-data/BraTS20/data/volume_200_slice_84.npz,41
/kaggle/input/brats20-data/BraTS20/data/volume_200_slice_86.npz,41
/kaggle/input/brats20-data/BraTS20/data/volume_200_slice_87.npz,42
/kaggle/input/brats20-data/BraTS20/data/volume_200_slice_88.npz,50
/kaggle/input/brats20-data/BraTS20/data/volume_200_slice_89.npz,50
/kaggle/input/brats20-data/BraTS20/data/volume_200_slice_90.npz,50
/kaggle/input/brats20-data/BraTS20/data/volume_200_slice_91.npz,50
/kaggle/input/brats20-data/BraTS20/data/volume_200_slice_92.npz,50
/kaggle/input/brats20-data/BraTS20/data/volume_200_slice_93.npz,50
/kaggle/input/brats20-data/BraTS20/data/volume_200_slice_94.npz,50
/kaggle/input/brats20-data/BraTS20/data/volume_200_slice_95.npz,94
/kaggle/input/brats20-data/BraTS20/data/volume_200_slice_96.npz,94
/kaggle/input/brats20-data/BraTS20/data/volume_200_slice_97.npz,94
/kaggle/input/brats20-data/BraTS20/data/volume_200_slice_98.npz,94
/kaggle/input/brats20-data/BraTS20/data/volume_200_slice_99.npz,55
/kaggle/input/brats20-data/BraTS20/data/volume_200_slice_100.npz,71
/kaggle/input/brats20-data/BraTS20/data/volume_200_slice_101.npz,71
/kaggle/input/brats20-data/BraTS20/data/volume_200_slice_102.npz,71
/kaggle/input/brats20-data/BraTS20/data/volume_200_slice_103.npz,91
/kaggle/input/brats20-data/BraTS20/data/volume_200_slice_104.npz,91
/kaggle/input/brats20-data/BraTS20/data/volume_200_slice_105.npz,91
/kaggle/input/brats20-data/BraTS20/data/volume_200_slice_106.npz,91
/kaggle/input/brats20-data/BraTS20/data/volume_200_slice_107.npz,91
/kaggle/input/brats20-data/BraTS20/data/volume_200_slice_108.npz,91
/kaggle/input/brats20-data/BraTS20/data/volume_200_slice_109.npz,91
/kaggle/input/brats20-data/BraTS20/data/volume_200_slice_110.npz,91
/kaggle/input/brats20-data/BraTS20/data/volume_200_slice_111.npz,91
/kaggle/input/brats20-data/BraTS20/data/volume_200_slice_112.npz,91
/kaggle/input/brats20-data/BraTS20/data/volume_200_slice_113.npz,52
/kaggle/input/brats20-data/BraTS20/data/volume_200_slice_114.npz,52
/kaggle/input/brats20-data/BraTS20/data/volume_200_slice_115.npz,52
/kaggle/input/brats20-data/BraTS20/data/volume_200_slice_116.npz,79
/kaggle/input/brats20-data/BraTS20/data/volume_200_slice_117.npz,79
/kaggle/input/brats20-data/BraTS20/data/volume_200_slice_118.npz,93
/kaggle/input/brats20-data/BraTS20/data/volume_200_slice_119.npz,93
/kaggle/input/brats20-data/BraTS20/data/volume_200_slice_120.npz,78
/kaggle/input/brats20-data/BraTS20/data/volume_200_slice_121.npz,78
/kaggle/input/brats20-data/BraTS20/data/volume_200_slice_122.npz,78
/kaggle/input/brats20-data/BraTS20/data/volume_200_slice_123.npz,75
/kaggle/input/brats20-data/BraTS20/data/volume_200_slice_124.npz,75
/kaggle/input/brats20-data/BraTS20/data/volume_200_slice_125.npz,83
/kaggle/input/brats20-data/BraTS20/data/volume_200_slice_126.npz,83
/kaggle/input/brats20-data/BraTS20/data/volume_200_slice_127.npz,43
/kaggle/input/brats20-data/BraTS20/data/volume_200_slice_128.npz,43
/kaggle/input/brats20-data/BraTS20/data/volume_75_slice_80.npz,8
/kaggle/input/brats20-data/BraTS20/data/volume_75_slice_81.npz,8
/kaggle/input/brats20-data/BraTS20/data/volume_75_slice_82.npz,8
/kaggle/input/brats20-data/BraTS20/data/volume_75_slice_83.npz,8
/kaggle/input/brats20-data/BraTS20/data/volume_75_slice_84.npz,6
/kaggle/input/brats20-data/BraTS20/data/volume_75_slice_85.npz,8
/kaggle/input/brats20-data/BraTS20/data/volume_75_slice_86.npz,6
/kaggle/input/brats20-data/BraTS20/data/volume_75_slice_87.npz,6
/kaggle/input/brats20-data/BraTS20/data/volume_75_slice_88.npz,6
/kaggle/input/brats20-data/BraTS20/data/volume_75_slice_89.npz,6
/kaggle/input/brats20-data/BraTS20/data/volume_75_slice_90.npz,6
/kaggle/input/brats20-data/BraTS20/data/volume_75_slice_91.npz,6
/kaggle/input/brats20-data/BraTS20/data/volume_75_slice_92.npz,6
/kaggle/input/brats20-data/BraTS20/data/volume_75_slice_93.npz,6
/kaggle/input/brats20-data/BraTS20/data/volume_75_slice_94.npz,6
/kaggle/input/brats20-data/BraTS20/data/volume_75_slice_95.npz,6
/kaggle/input/brats20-data/BraTS20/data/volume_75_slice_96.npz,49
/kaggle/input/brats20-data/BraTS20/data/volume_75_slice_97.npz,49
/kaggle/input/brats20-data/BraTS20/data/volume_75_slice_98.npz,49
/kaggle/input/brats20-data/BraTS20/data/volume_75_slice_99.npz,49
/kaggle/input/brats20-data/BraTS20/data/volume_75_slice_100.npz,49
/kaggle/input/brats20-data/BraTS20/data/volume_75_slice_101.npz,49
/kaggle/input/brats20-data/BraTS20/data/volume_75_slice_102.npz,49
/kaggle/input/brats20-data/BraTS20/data/volume_75_slice_103.npz,49
/kaggle/input/brats20-data/BraTS20/data/volume_75_slice_104.npz,49
/kaggle/input/brats20-data/BraTS20/data/volume_75_slice_105.npz,49
/kaggle/input/brats20-data/BraTS20/data/volume_75_slice_106.npz,49
/kaggle/input/brats20-data/BraTS20/data/volume_75_slice_107.npz,49
/kaggle/input/brats20-data/BraTS20/data/volume_75_slice_108.npz,49
/kaggle/input/brats20-data/BraTS20/data/volume_75_slice_109.npz,49
/kaggle/input/brats20-data/BraTS20/data/volume_75_slice_110.npz,49
/kaggle/input/brats20-data/BraTS20/data/volume_75_slice_111.npz,49
/kaggle/input/brats20-data/BraTS20/data/volume_75_slice_112.npz,49
/kaggle/input/brats20-data/BraTS20/data/volume_75_slice_113.npz,36
/kaggle/input/brats20-data/BraTS20/data/volume_75_slice_114.npz,44
/kaggle/input/brats20-data/BraTS20/data/volume_75_slice_115.npz,44
/kaggle/input/brats20-data/BraTS20/data/volume_75_slice_116.npz,44
/kaggle/input/brats20-data/BraTS20/data/volume_75_slice_117.npz,44
/kaggle/input/brats20-data/BraTS20/data/volume_75_slice_118.npz,44
/kaggle/input/brats20-data/BraTS20/data/volume_75_slice_119.npz,44
/kaggle/input/brats20-data/BraTS20/data/volume_75_slice_120.npz,44
/kaggle/input/brats20-data/BraTS20/data/volume_75_slice_121.npz,44
/kaggle/input/brats20-data/BraTS20/data/volume_75_slice_122.npz,39
/kaggle/input/brats20-data/BraTS20/data/volume_75_slice_123.npz,61
/kaggle/input/brats20-data/BraTS20/data/volume_75_slice_125.npz,61
/kaggle/input/brats20-data/BraTS20/data/volume_75_slice_126.npz,61
/kaggle/input/brats20-data/BraTS20/data/volume_75_slice_127.npz,83
/kaggle/input/brats20-data/BraTS20/data/volume_75_slice_128.npz,83
/kaggle/input/brats20-data/BraTS20/data/volume_150_slice_80.npz,19
/kaggle/input/brats20-data/BraTS20/data/volume_150_slice_81.npz,19
/kaggle/input/brats20-data/BraTS20/data/volume_150_slice_82.npz,40
/kaggle/input/brats20-data/BraTS20/data/volume_150_slice_83.npz,40
/kaggle/input/brats20-data/BraTS20/data/volume_150_slice_84.npz,40
/kaggle/input/brats20-data/BraTS20/data/volume_150_slice_85.npz,40
/kaggle/input/brats20-data/BraTS20/data/volume_150_slice_86.npz,40
/kaggle/input/brats20-data/BraTS20/data/volume_150_slice_87.npz,40
/kaggle/input/brats20-data/BraTS20/data/volume_150_slice_88.npz,40
/kaggle/input/brats20-data/BraTS20/data/volume_150_slice_89.npz,40
/kaggle/input/brats20-data/BraTS20/data/volume_150_slice_90.npz,40
/kaggle/input/brats20-data/BraTS20/data/volume_150_slice_91.npz,40
/kaggle/input/brats20-data/BraTS20/data/volume_150_slice_92.npz,40
/kaggle/input/brats20-data/BraTS20/data/volume_150_slice_93.npz,40
/kaggle/input/brats20-data/BraTS20/data/volume_150_slice_94.npz,40
/kaggle/input/brats20-data/BraTS20/data/volume_150_slice_95.npz,40
/kaggle/input/brats20-data/BraTS20/data/volume_150_slice_96.npz,40
/kaggle/input/brats20-data/BraTS20/data/volume_150_slice_97.npz,40
/kaggle/input/brats20-data/BraTS20/data/volume_150_slice_98.npz,40
/kaggle/input/brats20-data/BraTS20/data/volume_150_slice_99.npz,40
/kaggle/input/brats20-data/BraTS20/data/volume_150_slice_100.npz,40
/kaggle/input/brats20-data/BraTS20/data/volume_150_slice_101.npz,40
/kaggle/input/brats20-data/BraTS20/data/volume_150_slice_102.npz,25
/kaggle/input/brats20-data/BraTS20/data/volume_150_slice_103.npz,25
/kaggle/input/brats20-data/BraTS20/data/volume_150_slice_104.npz,25
/kaggle/input/brats20-data/BraTS20/data/volume_150_slice_105.npz,25
/kaggle/input/brats20-data/BraTS20/data/volume_150_slice_106.npz,25
/kaggle/input/brats20-data/BraTS20/data/volume_150_slice_107.npz,71
/kaggle/input/brats20-data/BraTS20/data/volume_150_slice_108.npz,71
/kaggle/input/brats20-data/BraTS20/data/volume_150_slice_109.npz,71
/kaggle/input/brats20-data/BraTS20/data/volume_150_slice_110.npz,71
/kaggle/input/brats20-data/BraTS20/data/volume_150_slice_111.npz,10
/kaggle/input/brats20-data/BraTS20/data/volume_150_slice_113.npz,10
/kaggle/input/brats20-data/BraTS20/data/volume_150_slice_114.npz,10
/kaggle/input/brats20-data/BraTS20/data/volume_150_slice_115.npz,10
/kaggle/input/brats20-data/BraTS20/data/volume_150_slice_116.npz,10
/kaggle/input/brats20-data/BraTS20/data/volume_150_slice_117.npz,10
/kaggle/input/brats20-data/BraTS20/data/volume_150_slice_118.npz,87
/kaggle/input/brats20-data/BraTS20/data/volume_150_slice_119.npz,87
/kaggle/input/brats20-data/BraTS20/data/volume_150_slice_120.npz,87
/kaggle/input/brats20-data/BraTS20/data/volume_150_slice_121.npz,87
/kaggle/input/brats20-data/BraTS20/data/volume_150_slice_122.npz,87
/kaggle/input/brats20-data/BraTS20/data/volume_150_slice_123.npz,85
/kaggle/input/brats20-data/BraTS20/data/volume_150_slice_124.npz,85
/kaggle/input/brats20-data/BraTS20/data/volume_150_slice_125.npz,75
/kaggle/input/brats20-data/BraTS20/data/volume_150_slice_126.npz,75
/kaggle/input/brats20-data/BraTS20/data/volume_150_slice_127.npz,75
/kaggle/input/brats20-data/BraTS20/data/volume_150_slice_128.npz,11
/kaggle/input/brats20-data/BraTS20/data/volume_60_slice_80.npz,26
/kaggle/input/brats20-data/BraTS20/data/volume_60_slice_81.npz,46
/kaggle/input/brats20-data/BraTS20/data/volume_60_slice_82.npz,46
/kaggle/input/brats20-data/BraTS20/data/volume_60_slice_83.npz,46
/kaggle/input/brats20-data/BraTS20/data/volume_60_slice_84.npz,46
/kaggle/input/brats20-data/BraTS20/data/volume_60_slice_85.npz,46
/kaggle/input/brats20-data/BraTS20/data/volume_60_slice_86.npz,46
/kaggle/input/brats20-data/BraTS20/data/volume_60_slice_87.npz,46
/kaggle/input/brats20-data/BraTS20/data/volume_60_slice_88.npz,50
/kaggle/input/brats20-data/BraTS20/data/volume_60_slice_89.npz,50
/kaggle/input/brats20-data/BraTS20/data/volume_60_slice_90.npz,84
/kaggle/input/brats20-data/BraTS20/data/volume_60_slice_91.npz,84
/kaggle/input/brats20-data/BraTS20/data/volume_60_slice_92.npz,84
/kaggle/input/brats20-data/BraTS20/data/volume_60_slice_93.npz,84
/kaggle/input/brats20-data/BraTS20/data/volume_60_slice_94.npz,94
/kaggle/input/brats20-data/BraTS20/data/volume_60_slice_95.npz,94
/kaggle/input/brats20-data/BraTS20/data/volume_60_slice_96.npz,94
/kaggle/input/brats20-data/BraTS20/data/volume_60_slice_97.npz,94
/kaggle/input/brats20-data/BraTS20/data/volume_60_slice_98.npz,94
/kaggle/input/brats20-data/BraTS20/data/volume_60_slice_99.npz,16
/kaggle/input/brats20-data/BraTS20/data/volume_60_slice_100.npz,16
/kaggle/input/brats20-data/BraTS20/data/volume_60_slice_101.npz,16
/kaggle/input/brats20-data/BraTS20/data/volume_60_slice_102.npz,16
/kaggle/input/brats20-data/BraTS20/data/volume_60_slice_103.npz,16
/kaggle/input/brats20-data/BraTS20/data/volume_60_slice_104.npz,16
/kaggle/input/brats20-data/BraTS20/data/volume_60_slice_105.npz,16
/kaggle/input/brats20-data/BraTS20/data/volume_60_slice_106.npz,70
/kaggle/input/brats20-data/BraTS20/data/volume_60_slice_107.npz,70
/kaggle/input/brats20-data/BraTS20/data/volume_60_slice_108.npz,70
/kaggle/input/brats20-data/BraTS20/data/volume_60_slice_109.npz,70
/kaggle/input/brats20-data/BraTS20/data/volume_60_slice_110.npz,70
/kaggle/input/brats20-data/BraTS20/data/volume_60_slice_111.npz,76
/kaggle/input/brats20-data/BraTS20/data/volume_60_slice_112.npz,76
/kaggle/input/brats20-data/BraTS20/data/volume_60_slice_113.npz,86
/kaggle/input/brats20-data/BraTS20/data/volume_60_slice_114.npz,63
/kaggle/input/brats20-data/BraTS20/data/volume_60_slice_115.npz,63
/kaggle/input/brats20-data/BraTS20/data/volume_60_slice_116.npz,63
/kaggle/input/brats20-data/BraTS20/data/volume_60_slice_117.npz,63
/kaggle/input/brats20-data/BraTS20/data/volume_60_slice_118.npz,98
/kaggle/input/brats20-data/BraTS20/data/volume_60_slice_119.npz,69
/kaggle/input/brats20-data/BraTS20/data/volume_60_slice_120.npz,69
/kaggle/input/brats20-data/BraTS20/data/volume_60_slice_121.npz,61
/kaggle/input/brats20-data/BraTS20/data/volume_60_slice_122.npz,61
/kaggle/input/brats20-data/BraTS20/data/volume_60_slice_123.npz,61
/kaggle/input/brats20-data/BraTS20/data/volume_60_slice_124.npz,89
/kaggle/input/brats20-data/BraTS20/data/volume_60_slice_125.npz,89
/kaggle/input/brats20-data/BraTS20/data/volume_60_slice_126.npz,11
/kaggle/input/brats20-data/BraTS20/data/volume_60_slice_127.npz,11
/kaggle/input/brats20-data/BraTS20/data/volume_60_slice_128.npz,11
/kaggle/input/brats20-data/BraTS20/data/volume_47_slice_80.npz,8
/kaggle/input/brats20-data/BraTS20/data/volume_47_slice_81.npz,8
/kaggle/input/brats20-data/BraTS20/data/volume_47_slice_82.npz,8
/kaggle/input/brats20-data/BraTS20/data/volume_47_slice_83.npz,20
/kaggle/input/brats20-data/BraTS20/data/volume_47_slice_84.npz,20
/kaggle/input/brats20-data/BraTS20/data/volume_47_slice_85.npz,20
/kaggle/input/brats20-data/BraTS20/data/volume_47_slice_86.npz,20
/kaggle/input/brats20-data/BraTS20/data/volume_47_slice_87.npz,20
/kaggle/input/brats20-data/BraTS20/data/volume_47_slice_88.npz,20
/kaggle/input/brats20-data/BraTS20/data/volume_47_slice_89.npz,20
/kaggle/input/brats20-data/BraTS20/data/volume_47_slice_90.npz,20
/kaggle/input/brats20-data/BraTS20/data/volume_47_slice_91.npz,20
/kaggle/input/brats20-data/BraTS20/data/volume_47_slice_92.npz,20
/kaggle/input/brats20-data/BraTS20/data/volume_47_slice_93.npz,20
/kaggle/input/brats20-data/BraTS20/data/volume_47_slice_94.npz,20
/kaggle/input/brats20-data/BraTS20/data/volume_47_slice_95.npz,20
/kaggle/input/brats20-data/BraTS20/data/volume_47_slice_96.npz,20
/kaggle/input/brats20-data/BraTS20/data/volume_47_slice_97.npz,20
/kaggle/input/brats20-data/BraTS20/data/volume_47_slice_98.npz,74
/kaggle/input/brats20-data/BraTS20/data/volume_47_slice_99.npz,74
/kaggle/input/brats20-data/BraTS20/data/volume_47_slice_100.npz,57
/kaggle/input/brats20-data/BraTS20/data/volume_47_slice_101.npz,57
/kaggle/input/brats20-data/BraTS20/data/volume_47_slice_102.npz,5
/kaggle/input/brats20-data/BraTS20/data/volume_47_slice_103.npz,37
/kaggle/input/brats20-data/BraTS20/data/volume_47_slice_104.npz,37
/kaggle/input/brats20-data/BraTS20/data/volume_47_slice_105.npz,37
/kaggle/input/brats20-data/BraTS20/data/volume_47_slice_106.npz,37
/kaggle/input/brats20-data/BraTS20/data/volume_47_slice_107.npz,37
/kaggle/input/brats20-data/BraTS20/data/volume_47_slice_108.npz,37
/kaggle/input/brats20-data/BraTS20/data/volume_47_slice_109.npz,37
/kaggle/input/brats20-data/BraTS20/data/volume_47_slice_110.npz,37
/kaggle/input/brats20-data/BraTS20/data/volume_47_slice_111.npz,37
/kaggle/input/brats20-data/BraTS20/data/volume_47_slice_112.npz,37
/kaggle/input/brats20-data/BraTS20/data/volume_47_slice_113.npz,37
/kaggle/input/brats20-data/BraTS20/data/volume_47_slice_114.npz,37
/kaggle/input/brats20-data/BraTS20/data/volume_47_slice_115.npz,37
/kaggle/input/brats20-data/BraTS20/data/volume_47_slice_116.npz,21
/kaggle/input/brats20-data/BraTS20/data/volume_47_slice_117.npz,21
/kaggle/input/brats20-data/BraTS20/data/volume_47_slice_118.npz,21
/kaggle/input/brats20-data/BraTS20/data/volume_47_slice_119.npz,44
/kaggle/input/brats20-data/BraTS20/data/volume_47_slice_120.npz,44
/kaggle/input/brats20-data/BraTS20/data/volume_47_slice_121.npz,44
/kaggle/input/brats20-data/BraTS20/data/volume_47_slice_122.npz,44
/kaggle/input/brats20-data/BraTS20/data/volume_47_slice_123.npz,44
/kaggle/input/brats20-data/BraTS20/data/volume_47_slice_124.npz,39
/kaggle/input/brats20-data/BraTS20/data/volume_47_slice_125.npz,62
/kaggle/input/brats20-data/BraTS20/data/volume_47_slice_126.npz,62
/kaggle/input/brats20-data/BraTS20/data/volume_47_slice_127.npz,62
/kaggle/input/brats20-data/BraTS20/data/volume_47_slice_128.npz,62
/kaggle/input/brats20-data/BraTS20/data/volume_128_slice_80.npz,46
/kaggle/input/brats20-data/BraTS20/data/volume_128_slice_81.npz,46
/kaggle/input/brats20-data/BraTS20/data/volume_128_slice_82.npz,46
/kaggle/input/brats20-data/BraTS20/data/volume_128_slice_83.npz,46
/kaggle/input/brats20-data/BraTS20/data/volume_128_slice_84.npz,46
/kaggle/input/brats20-data/BraTS20/data/volume_128_slice_85.npz,46
/kaggle/input/brats20-data/BraTS20/data/volume_128_slice_86.npz,46
/kaggle/input/brats20-data/BraTS20/data/volume_128_slice_87.npz,30
/kaggle/input/brats20-data/BraTS20/data/volume_128_slice_88.npz,30
/kaggle/input/brats20-data/BraTS20/data/volume_128_slice_89.npz,30
/kaggle/input/brats20-data/BraTS20/data/volume_128_slice_90.npz,30
/kaggle/input/brats20-data/BraTS20/data/volume_128_slice_91.npz,30
/kaggle/input/brats20-data/BraTS20/data/volume_128_slice_92.npz,30
/kaggle/input/brats20-data/BraTS20/data/volume_128_slice_93.npz,30
/kaggle/input/brats20-data/BraTS20/data/volume_128_slice_94.npz,30
/kaggle/input/brats20-data/BraTS20/data/volume_128_slice_95.npz,74
/kaggle/input/brats20-data/BraTS20/data/volume_128_slice_96.npz,74
/kaggle/input/brats20-data/BraTS20/data/volume_128_slice_97.npz,74
/kaggle/input/brats20-data/BraTS20/data/volume_128_slice_98.npz,74
/kaggle/input/brats20-data/BraTS20/data/volume_128_slice_99.npz,74
/kaggle/input/brats20-data/BraTS20/data/volume_128_slice_100.npz,94
/kaggle/input/brats20-data/BraTS20/data/volume_128_slice_101.npz,94
/kaggle/input/brats20-data/BraTS20/data/volume_128_slice_102.npz,94
/kaggle/input/brats20-data/BraTS20/data/volume_128_slice_103.npz,94
/kaggle/input/brats20-data/BraTS20/data/volume_128_slice_104.npz,16
/kaggle/input/brats20-data/BraTS20/data/volume_128_slice_105.npz,16
/kaggle/input/brats20-data/BraTS20/data/volume_128_slice_106.npz,16
/kaggle/input/brats20-data/BraTS20/data/volume_128_slice_107.npz,16
/kaggle/input/brats20-data/BraTS20/data/volume_128_slice_108.npz,16
/kaggle/input/brats20-data/BraTS20/data/volume_128_slice_109.npz,16
/kaggle/input/brats20-data/BraTS20/data/volume_128_slice_110.npz,2
/kaggle/input/brats20-data/BraTS20/data/volume_128_slice_111.npz,70
/kaggle/input/brats20-data/BraTS20/data/volume_128_slice_112.npz,70
/kaggle/input/brats20-data/BraTS20/data/volume_128_slice_113.npz,76
/kaggle/input/brats20-data/BraTS20/data/volume_128_slice_114.npz,76
/kaggle/input/brats20-data/BraTS20/data/volume_128_slice_115.npz,76
/kaggle/input/brats20-data/BraTS20/data/volume_128_slice_116.npz,76
/kaggle/input/brats20-data/BraTS20/data/volume_128_slice_117.npz,76
/kaggle/input/brats20-data/BraTS20/data/volume_128_slice_118.npz,86
/kaggle/input/brats20-data/BraTS20/data/volume_128_slice_119.npz,52
/kaggle/input/brats20-data/BraTS20/data/volume_128_slice_120.npz,54
/kaggle/input/brats20-data/BraTS20/data/volume_128_slice_121.npz,54
/kaggle/input/brats20-data/BraTS20/data/volume_128_slice_122.npz,54
/kaggle/input/brats20-data/BraTS20/data/volume_128_slice_123.npz,69
/kaggle/input/brats20-data/BraTS20/data/volume_128_slice_124.npz,69
/kaggle/input/brats20-data/BraTS20/data/volume_128_slice_125.npz,61
/kaggle/input/brats20-data/BraTS20/data/volume_128_slice_126.npz,89
/kaggle/input/brats20-data/BraTS20/data/volume_128_slice_127.npz,89
/kaggle/input/brats20-data/BraTS20/data/volume_128_slice_128.npz,89
/kaggle/input/brats20-data/BraTS20/data/volume_178_slice_80.npz,1
/kaggle/input/brats20-data/BraTS20/data/volume_178_slice_81.npz,1
/kaggle/input/brats20-data/BraTS20/data/volume_178_slice_82.npz,1
/kaggle/input/brats20-data/BraTS20/data/volume_178_slice_83.npz,1
/kaggle/input/brats20-data/BraTS20/data/volume_178_slice_84.npz,1
/kaggle/input/brats20-data/BraTS20/data/volume_178_slice_85.npz,1
/kaggle/input/brats20-data/BraTS20/data/volume_178_slice_86.npz,27
/kaggle/input/brats20-data/BraTS20/data/volume_178_slice_87.npz,27
/kaggle/input/brats20-data/BraTS20/data/volume_178_slice_88.npz,27
/kaggle/input/brats20-data/BraTS20/data/volume_178_slice_89.npz,27
/kaggle/input/brats20-data/BraTS20/data/volume_178_slice_90.npz,27
/kaggle/input/brats20-data/BraTS20/data/volume_178_slice_91.npz,27
/kaggle/input/brats20-data/BraTS20/data/volume_178_slice_92.npz,27
/kaggle/input/brats20-data/BraTS20/data/volume_178_slice_93.npz,27
/kaggle/input/brats20-data/BraTS20/data/volume_178_slice_94.npz,27
/kaggle/input/brats20-data/BraTS20/data/volume_178_slice_95.npz,25
/kaggle/input/brats20-data/BraTS20/data/volume_178_slice_96.npz,25
/kaggle/input/brats20-data/BraTS20/data/volume_178_slice_97.npz,25
/kaggle/input/brats20-data/BraTS20/data/volume_178_slice_98.npz,25
/kaggle/input/brats20-data/BraTS20/data/volume_178_slice_99.npz,25
/kaggle/input/brats20-data/BraTS20/data/volume_178_slice_100.npz,25
/kaggle/input/brats20-data/BraTS20/data/volume_178_slice_101.npz,25
/kaggle/input/brats20-data/BraTS20/data/volume_178_slice_102.npz,25
/kaggle/input/brats20-data/BraTS20/data/volume_178_slice_103.npz,25
/kaggle/input/brats20-data/BraTS20/data/volume_178_slice_104.npz,25
/kaggle/input/brats20-data/BraTS20/data/volume_178_slice_105.npz,25
/kaggle/input/brats20-data/BraTS20/data/volume_178_slice_106.npz,25
/kaggle/input/brats20-data/BraTS20/data/volume_178_slice_107.npz,36
/kaggle/input/brats20-data/BraTS20/data/volume_178_slice_108.npz,36
/kaggle/input/brats20-data/BraTS20/data/volume_178_slice_109.npz,36
/kaggle/input/brats20-data/BraTS20/data/volume_178_slice_110.npz,36
/kaggle/input/brats20-data/BraTS20/data/volume_178_slice_111.npz,36
/kaggle/input/brats20-data/BraTS20/data/volume_178_slice_112.npz,52
/kaggle/input/brats20-data/BraTS20/data/volume_178_slice_113.npz,52
/kaggle/input/brats20-data/BraTS20/data/volume_178_slice_115.npz,52
/kaggle/input/brats20-data/BraTS20/data/volume_178_slice_116.npz,54
/kaggle/input/brats20-data/BraTS20/data/volume_178_slice_117.npz,54
/kaggle/input/brats20-data/BraTS20/data/volume_178_slice_118.npz,79
/kaggle/input/brats20-data/BraTS20/data/volume_178_slice_119.npz,79
/kaggle/input/brats20-data/BraTS20/data/volume_178_slice_120.npz,85
/kaggle/input/brats20-data/BraTS20/data/volume_178_slice_121.npz,85
/kaggle/input/brats20-data/BraTS20/data/volume_178_slice_122.npz,85
/kaggle/input/brats20-data/BraTS20/data/volume_178_slice_123.npz,75
/kaggle/input/brats20-data/BraTS20/data/volume_178_slice_124.npz,75
/kaggle/input/brats20-data/BraTS20/data/volume_178_slice_125.npz,75
/kaggle/input/brats20-data/BraTS20/data/volume_178_slice_126.npz,75
/kaggle/input/brats20-data/BraTS20/data/volume_178_slice_127.npz,83
/kaggle/input/brats20-data/BraTS20/data/volume_178_slice_128.npz,83
/kaggle/input/brats20-data/BraTS20/data/volume_231_slice_80.npz,35
/kaggle/input/brats20-data/BraTS20/data/volume_231_slice_81.npz,35
/kaggle/input/brats20-data/BraTS20/data/volume_231_slice_82.npz,35
/kaggle/input/brats20-data/BraTS20/data/volume_231_slice_83.npz,35
/kaggle/input/brats20-data/BraTS20/data/volume_231_slice_84.npz,35
/kaggle/input/brats20-data/BraTS20/data/volume_231_slice_85.npz,35
/kaggle/input/brats20-data/BraTS20/data/volume_231_slice_86.npz,35
/kaggle/input/brats20-data/BraTS20/data/volume_231_slice_87.npz,35
/kaggle/input/brats20-data/BraTS20/data/volume_231_slice_88.npz,35
/kaggle/input/brats20-data/BraTS20/data/volume_231_slice_89.npz,35
/kaggle/input/brats20-data/BraTS20/data/volume_231_slice_90.npz,35
/kaggle/input/brats20-data/BraTS20/data/volume_231_slice_91.npz,35
/kaggle/input/brats20-data/BraTS20/data/volume_231_slice_92.npz,35
/kaggle/input/brats20-data/BraTS20/data/volume_231_slice_93.npz,35
/kaggle/input/brats20-data/BraTS20/data/volume_231_slice_94.npz,35
/kaggle/input/brats20-data/BraTS20/data/volume_231_slice_95.npz,35
/kaggle/input/brats20-data/BraTS20/data/volume_231_slice_96.npz,35
/kaggle/input/brats20-data/BraTS20/data/volume_231_slice_97.npz,35
/kaggle/input/brats20-data/BraTS20/data/volume_231_slice_98.npz,35
/kaggle/input/brats20-data/BraTS20/data/volume_231_slice_99.npz,35
/kaggle/input/brats20-data/BraTS20/data/volume_231_slice_100.npz,35
/kaggle/input/brats20-data/BraTS20/data/volume_231_slice_101.npz,35
/kaggle/input/brats20-data/BraTS20/data/volume_231_slice_102.npz,48
/kaggle/input/brats20-data/BraTS20/data/volume_231_slice_103.npz,36
/kaggle/input/brats20-data/BraTS20/data/volume_231_slice_104.npz,36
/kaggle/input/brats20-data/BraTS20/data/volume_231_slice_105.npz,36
/kaggle/input/brats20-data/BraTS20/data/volume_231_slice_106.npz,36
/kaggle/input/brats20-data/BraTS20/data/volume_231_slice_107.npz,36
/kaggle/input/brats20-data/BraTS20/data/volume_231_slice_108.npz,36
/kaggle/input/brats20-data/BraTS20/data/volume_231_slice_109.npz,36
/kaggle/input/brats20-data/BraTS20/data/volume_231_slice_110.npz,36
/kaggle/input/brats20-data/BraTS20/data/volume_231_slice_111.npz,36
/kaggle/input/brats20-data/BraTS20/data/volume_231_slice_112.npz,52
/kaggle/input/brats20-data/BraTS20/data/volume_231_slice_113.npz,52
/kaggle/input/brats20-data/BraTS20/data/volume_231_slice_114.npz,52
/kaggle/input/brats20-data/BraTS20/data/volume_231_slice_115.npz,52
/kaggle/input/brats20-data/BraTS20/data/volume_231_slice_116.npz,54
/kaggle/input/brats20-data/BraTS20/data/volume_231_slice_117.npz,54
/kaggle/input/brats20-data/BraTS20/data/volume_231_slice_118.npz,54
/kaggle/input/brats20-data/BraTS20/data/volume_231_slice_119.npz,54
/kaggle/input/brats20-data/BraTS20/data/volume_231_slice_120.npz,85
/kaggle/input/brats20-data/BraTS20/data/volume_231_slice_121.npz,85
/kaggle/input/brats20-data/BraTS20/data/volume_231_slice_122.npz,85
/kaggle/input/brats20-data/BraTS20/data/volume_231_slice_124.npz,85
/kaggle/input/brats20-data/BraTS20/data/volume_231_slice_125.npz,85
/kaggle/input/brats20-data/BraTS20/data/volume_231_slice_126.npz,75
/kaggle/input/brats20-data/BraTS20/data/volume_231_slice_127.npz,75
/kaggle/input/brats20-data/BraTS20/data/volume_231_slice_128.npz,75
/kaggle/input/brats20-data/BraTS20/data/volume_245_slice_80.npz,26
/kaggle/input/brats20-data/BraTS20/data/volume_245_slice_81.npz,38
/kaggle/input/brats20-data/BraTS20/data/volume_245_slice_82.npz,38
/kaggle/input/brats20-data/BraTS20/data/volume_245_slice_83.npz,38
/kaggle/input/brats20-data/BraTS20/data/volume_245_slice_84.npz,38
/kaggle/input/brats20-data/BraTS20/data/volume_245_slice_85.npz,38
/kaggle/input/brats20-data/BraTS20/data/volume_245_slice_86.npz,38
/kaggle/input/brats20-data/BraTS20/data/volume_245_slice_87.npz,38
/kaggle/input/brats20-data/BraTS20/data/volume_245_slice_88.npz,9
/kaggle/input/brats20-data/BraTS20/data/volume_245_slice_89.npz,9
/kaggle/input/brats20-data/BraTS20/data/volume_245_slice_90.npz,9
/kaggle/input/brats20-data/BraTS20/data/volume_245_slice_91.npz,9
/kaggle/input/brats20-data/BraTS20/data/volume_245_slice_92.npz,9
/kaggle/input/brats20-data/BraTS20/data/volume_245_slice_93.npz,9
/kaggle/input/brats20-data/BraTS20/data/volume_245_slice_94.npz,9
/kaggle/input/brats20-data/BraTS20/data/volume_245_slice_95.npz,9
/kaggle/input/brats20-data/BraTS20/data/volume_245_slice_96.npz,9
/kaggle/input/brats20-data/BraTS20/data/volume_245_slice_97.npz,9
/kaggle/input/brats20-data/BraTS20/data/volume_245_slice_98.npz,9
/kaggle/input/brats20-data/BraTS20/data/volume_245_slice_100.npz,71
/kaggle/input/brats20-data/BraTS20/data/volume_245_slice_101.npz,71
/kaggle/input/brats20-data/BraTS20/data/volume_245_slice_102.npz,71
/kaggle/input/brats20-data/BraTS20/data/volume_245_slice_103.npz,71
/kaggle/input/brats20-data/BraTS20/data/volume_245_slice_104.npz,70
/kaggle/input/brats20-data/BraTS20/data/volume_245_slice_105.npz,70
/kaggle/input/brats20-data/BraTS20/data/volume_245_slice_106.npz,36
/kaggle/input/brats20-data/BraTS20/data/volume_245_slice_107.npz,36
/kaggle/input/brats20-data/BraTS20/data/volume_245_slice_108.npz,36
/kaggle/input/brats20-data/BraTS20/data/volume_245_slice_109.npz,36
/kaggle/input/brats20-data/BraTS20/data/volume_245_slice_110.npz,36
/kaggle/input/brats20-data/BraTS20/data/volume_245_slice_111.npz,52
/kaggle/input/brats20-data/BraTS20/data/volume_245_slice_112.npz,52
/kaggle/input/brats20-data/BraTS20/data/volume_245_slice_113.npz,52
/kaggle/input/brats20-data/BraTS20/data/volume_245_slice_114.npz,54
/kaggle/input/brats20-data/BraTS20/data/volume_245_slice_115.npz,54
/kaggle/input/brats20-data/BraTS20/data/volume_245_slice_116.npz,54
/kaggle/input/brats20-data/BraTS20/data/volume_245_slice_117.npz,54
/kaggle/input/brats20-data/BraTS20/data/volume_245_slice_118.npz,87
/kaggle/input/brats20-data/BraTS20/data/volume_245_slice_119.npz,69
/kaggle/input/brats20-data/BraTS20/data/volume_245_slice_120.npz,78
/kaggle/input/brats20-data/BraTS20/data/volume_245_slice_121.npz,78
/kaggle/input/brats20-data/BraTS20/data/volume_245_slice_122.npz,78
/kaggle/input/brats20-data/BraTS20/data/volume_245_slice_123.npz,78
/kaggle/input/brats20-data/BraTS20/data/volume_245_slice_124.npz,75
/kaggle/input/brats20-data/BraTS20/data/volume_245_slice_125.npz,83
/kaggle/input/brats20-data/BraTS20/data/volume_245_slice_126.npz,83
/kaggle/input/brats20-data/BraTS20/data/volume_245_slice_127.npz,11
/kaggle/input/brats20-data/BraTS20/data/volume_245_slice_128.npz,43
/kaggle/input/brats20-data/BraTS20/data/volume_312_slice_80.npz,50
/kaggle/input/brats20-data/BraTS20/data/volume_312_slice_81.npz,6
/kaggle/input/brats20-data/BraTS20/data/volume_312_slice_82.npz,6
/kaggle/input/brats20-data/BraTS20/data/volume_312_slice_83.npz,6
/kaggle/input/brats20-data/BraTS20/data/volume_312_slice_84.npz,6
/kaggle/input/brats20-data/BraTS20/data/volume_312_slice_85.npz,6
/kaggle/input/brats20-data/BraTS20/data/volume_312_slice_86.npz,6
/kaggle/input/brats20-data/BraTS20/data/volume_312_slice_87.npz,6
/kaggle/input/brats20-data/BraTS20/data/volume_312_slice_88.npz,6
/kaggle/input/brats20-data/BraTS20/data/volume_312_slice_89.npz,6
/kaggle/input/brats20-data/BraTS20/data/volume_312_slice_90.npz,6
/kaggle/input/brats20-data/BraTS20/data/volume_312_slice_91.npz,6
/kaggle/input/brats20-data/BraTS20/data/volume_312_slice_92.npz,6
/kaggle/input/brats20-data/BraTS20/data/volume_312_slice_93.npz,6
/kaggle/input/brats20-data/BraTS20/data/volume_312_slice_94.npz,6
/kaggle/input/brats20-data/BraTS20/data/volume_312_slice_95.npz,6
/kaggle/input/brats20-data/BraTS20/data/volume_312_slice_96.npz,6
/kaggle/input/brats20-data/BraTS20/data/volume_312_slice_97.npz,6
/kaggle/input/brats20-data/BraTS20/data/volume_312_slice_98.npz,6
/kaggle/input/brats20-data/BraTS20/data/volume_312_slice_99.npz,6
/kaggle/input/brats20-data/BraTS20/data/volume_312_slice_100.npz,25
/kaggle/input/brats20-data/BraTS20/data/volume_312_slice_101.npz,25
/kaggle/input/brats20-data/BraTS20/data/volume_312_slice_102.npz,36
/kaggle/input/brats20-data/BraTS20/data/volume_312_slice_103.npz,36
/kaggle/input/brats20-data/BraTS20/data/volume_312_slice_104.npz,36
/kaggle/input/brats20-data/BraTS20/data/volume_312_slice_105.npz,36
/kaggle/input/brats20-data/BraTS20/data/volume_312_slice_106.npz,36
/kaggle/input/brats20-data/BraTS20/data/volume_312_slice_107.npz,36
/kaggle/input/brats20-data/BraTS20/data/volume_312_slice_108.npz,36
/kaggle/input/brats20-data/BraTS20/data/volume_312_slice_109.npz,36
/kaggle/input/brats20-data/BraTS20/data/volume_312_slice_110.npz,36
/kaggle/input/brats20-data/BraTS20/data/volume_312_slice_111.npz,36
/kaggle/input/brats20-data/BraTS20/data/volume_312_slice_112.npz,36
/kaggle/input/brats20-data/BraTS20/data/volume_312_slice_113.npz,36
/kaggle/input/brats20-data/BraTS20/data/volume_312_slice_114.npz,98
/kaggle/input/brats20-data/BraTS20/data/volume_312_slice_115.npz,79
/kaggle/input/brats20-data/BraTS20/data/volume_312_slice_116.npz,79
/kaggle/input/brats20-data/BraTS20/data/volume_312_slice_117.npz,79
/kaggle/input/brats20-data/BraTS20/data/volume_312_slice_118.npz,69
/kaggle/input/brats20-data/BraTS20/data/volume_312_slice_119.npz,69
/kaggle/input/brats20-data/BraTS20/data/volume_312_slice_120.npz,78
/kaggle/input/brats20-data/BraTS20/data/volume_312_slice_121.npz,75
/kaggle/input/brats20-data/BraTS20/data/volume_312_slice_122.npz,75
/kaggle/input/brats20-data/BraTS20/data/volume_312_slice_123.npz,75
/kaggle/input/brats20-data/BraTS20/data/volume_312_slice_124.npz,83
/kaggle/input/brats20-data/BraTS20/data/volume_312_slice_125.npz,83
/kaggle/input/brats20-data/BraTS20/data/volume_312_slice_126.npz,83
/kaggle/input/brats20-data/BraTS20/data/volume_312_slice_127.npz,83
/kaggle/input/brats20-data/BraTS20/data/volume_312_slice_128.npz,43
/kaggle/input/brats20-data/BraTS20/data/volume_3_slice_80.npz,46
/kaggle/input/brats20-data/BraTS20/data/volume_3_slice_81.npz,46
/kaggle/input/brats20-data/BraTS20/data/volume_3_slice_82.npz,46
/kaggle/input/brats20-data/BraTS20/data/volume_3_slice_83.npz,46
/kaggle/input/brats20-data/BraTS20/data/volume_3_slice_84.npz,46
/kaggle/input/brats20-data/BraTS20/data/volume_3_slice_85.npz,46
/kaggle/input/brats20-data/BraTS20/data/volume_3_slice_86.npz,46
/kaggle/input/brats20-data/BraTS20/data/volume_3_slice_87.npz,46
/kaggle/input/brats20-data/BraTS20/data/volume_3_slice_88.npz,46
/kaggle/input/brats20-data/BraTS20/data/volume_3_slice_89.npz,30
/kaggle/input/brats20-data/BraTS20/data/volume_3_slice_90.npz,30
/kaggle/input/brats20-data/BraTS20/data/volume_3_slice_91.npz,9
/kaggle/input/brats20-data/BraTS20/data/volume_3_slice_92.npz,18
/kaggle/input/brats20-data/BraTS20/data/volume_3_slice_93.npz,18
/kaggle/input/brats20-data/BraTS20/data/volume_3_slice_94.npz,18
/kaggle/input/brats20-data/BraTS20/data/volume_3_slice_95.npz,18
/kaggle/input/brats20-data/BraTS20/data/volume_3_slice_96.npz,18
/kaggle/input/brats20-data/BraTS20/data/volume_3_slice_97.npz,18
/kaggle/input/brats20-data/BraTS20/data/volume_3_slice_98.npz,2
/kaggle/input/brats20-data/BraTS20/data/volume_3_slice_99.npz,2
/kaggle/input/brats20-data/BraTS20/data/volume_3_slice_100.npz,2
/kaggle/input/brats20-data/BraTS20/data/volume_3_slice_101.npz,2
/kaggle/input/brats20-data/BraTS20/data/volume_3_slice_102.npz,16
/kaggle/input/brats20-data/BraTS20/data/volume_3_slice_103.npz,70
/kaggle/input/brats20-data/BraTS20/data/volume_3_slice_104.npz,70
/kaggle/input/brats20-data/BraTS20/data/volume_3_slice_105.npz,70
/kaggle/input/brats20-data/BraTS20/data/volume_3_slice_106.npz,70
/kaggle/input/brats20-data/BraTS20/data/volume_3_slice_107.npz,70
/kaggle/input/brats20-data/BraTS20/data/volume_3_slice_108.npz,70
/kaggle/input/brats20-data/BraTS20/data/volume_3_slice_109.npz,70
/kaggle/input/brats20-data/BraTS20/data/volume_3_slice_110.npz,70
/kaggle/input/brats20-data/BraTS20/data/volume_3_slice_111.npz,70
/kaggle/input/brats20-data/BraTS20/data/volume_3_slice_112.npz,76
/kaggle/input/brats20-data/BraTS20/data/volume_3_slice_113.npz,76
/kaggle/input/brats20-data/BraTS20/data/volume_3_slice_114.npz,76
/kaggle/input/brats20-data/BraTS20/data/volume_3_slice_115.npz,76
/kaggle/input/brats20-data/BraTS20/data/volume_3_slice_116.npz,76
/kaggle/input/brats20-data/BraTS20/data/volume_3_slice_117.npz,52
/kaggle/input/brats20-data/BraTS20/data/volume_3_slice_118.npz,52
/kaggle/input/brats20-data/BraTS20/data/volume_3_slice_119.npz,52
/kaggle/input/brats20-data/BraTS20/data/volume_3_slice_120.npz,93
/kaggle/input/brats20-data/BraTS20/data/volume_3_slice_121.npz,93
/kaggle/input/brats20-data/BraTS20/data/volume_3_slice_122.npz,93
/kaggle/input/brats20-data/BraTS20/data/volume_3_slice_123.npz,93
/kaggle/input/brats20-data/BraTS20/data/volume_3_slice_124.npz,93
/kaggle/input/brats20-data/BraTS20/data/volume_3_slice_125.npz,82
/kaggle/input/brats20-data/BraTS20/data/volume_3_slice_126.npz,78
/kaggle/input/brats20-data/BraTS20/data/volume_3_slice_127.npz,78
/kaggle/input/brats20-data/BraTS20/data/volume_3_slice_128.npz,78
/kaggle/input/brats20-data/BraTS20/data/volume_181_slice_80.npz,41
/kaggle/input/brats20-data/BraTS20/data/volume_181_slice_81.npz,41
/kaggle/input/brats20-data/BraTS20/data/volume_181_slice_82.npz,41
/kaggle/input/brats20-data/BraTS20/data/volume_181_slice_83.npz,41
/kaggle/input/brats20-data/BraTS20/data/volume_181_slice_84.npz,30
/kaggle/input/brats20-data/BraTS20/data/volume_181_slice_85.npz,30
/kaggle/input/brats20-data/BraTS20/data/volume_181_slice_86.npz,30
/kaggle/input/brats20-data/BraTS20/data/volume_181_slice_87.npz,30
/kaggle/input/brats20-data/BraTS20/data/volume_181_slice_88.npz,30
/kaggle/input/brats20-data/BraTS20/data/volume_181_slice_89.npz,30
/kaggle/input/brats20-data/BraTS20/data/volume_181_slice_90.npz,30
/kaggle/input/brats20-data/BraTS20/data/volume_181_slice_91.npz,30
/kaggle/input/brats20-data/BraTS20/data/volume_181_slice_92.npz,30
/kaggle/input/brats20-data/BraTS20/data/volume_181_slice_93.npz,30
/kaggle/input/brats20-data/BraTS20/data/volume_181_slice_94.npz,55
/kaggle/input/brats20-data/BraTS20/data/volume_181_slice_95.npz,55
/kaggle/input/brats20-data/BraTS20/data/volume_181_slice_96.npz,55
/kaggle/input/brats20-data/BraTS20/data/volume_181_slice_97.npz,55
/kaggle/input/brats20-data/BraTS20/data/volume_181_slice_98.npz,55
/kaggle/input/brats20-data/BraTS20/data/volume_181_slice_99.npz,71
/kaggle/input/brats20-data/BraTS20/data/volume_181_slice_100.npz,2
/kaggle/input/brats20-data/BraTS20/data/volume_181_slice_101.npz,2
/kaggle/input/brats20-data/BraTS20/data/volume_181_slice_102.npz,71
/kaggle/input/brats20-data/BraTS20/data/volume_181_slice_103.npz,36
/kaggle/input/brats20-data/BraTS20/data/volume_181_slice_104.npz,36
/kaggle/input/brats20-data/BraTS20/data/volume_181_slice_105.npz,36
/kaggle/input/brats20-data/BraTS20/data/volume_181_slice_106.npz,36
/kaggle/input/brats20-data/BraTS20/data/volume_181_slice_107.npz,36
/kaggle/input/brats20-data/BraTS20/data/volume_181_slice_108.npz,36
/kaggle/input/brats20-data/BraTS20/data/volume_181_slice_109.npz,36
/kaggle/input/brats20-data/BraTS20/data/volume_181_slice_110.npz,52
/kaggle/input/brats20-data/BraTS20/data/volume_181_slice_111.npz,52
/kaggle/input/brats20-data/BraTS20/data/volume_181_slice_112.npz,54
/kaggle/input/brats20-data/BraTS20/data/volume_181_slice_113.npz,54
/kaggle/input/brats20-data/BraTS20/data/volume_181_slice_114.npz,54
/kaggle/input/brats20-data/BraTS20/data/volume_181_slice_115.npz,69
/kaggle/input/brats20-data/BraTS20/data/volume_181_slice_116.npz,69
/kaggle/input/brats20-data/BraTS20/data/volume_181_slice_117.npz,69
/kaggle/input/brats20-data/BraTS20/data/volume_181_slice_118.npz,69
/kaggle/input/brats20-data/BraTS20/data/volume_181_slice_119.npz,69
/kaggle/input/brats20-data/BraTS20/data/volume_181_slice_120.npz,78
/kaggle/input/brats20-data/BraTS20/data/volume_181_slice_121.npz,65
/kaggle/input/brats20-data/BraTS20/data/volume_181_slice_123.npz,65
/kaggle/input/brats20-data/BraTS20/data/volume_181_slice_124.npz,83
/kaggle/input/brats20-data/BraTS20/data/volume_181_slice_125.npz,83
/kaggle/input/brats20-data/BraTS20/data/volume_181_slice_126.npz,11
/kaggle/input/brats20-data/BraTS20/data/volume_181_slice_127.npz,43
/kaggle/input/brats20-data/BraTS20/data/volume_181_slice_128.npz,43
/kaggle/input/brats20-data/BraTS20/data/volume_356_slice_80.npz,41
/kaggle/input/brats20-data/BraTS20/data/volume_356_slice_81.npz,41
/kaggle/input/brats20-data/BraTS20/data/volume_356_slice_82.npz,41
/kaggle/input/brats20-data/BraTS20/data/volume_356_slice_83.npz,46
/kaggle/input/brats20-data/BraTS20/data/volume_356_slice_84.npz,46
/kaggle/input/brats20-data/BraTS20/data/volume_356_slice_85.npz,20
/kaggle/input/brats20-data/BraTS20/data/volume_356_slice_86.npz,20
/kaggle/input/brats20-data/BraTS20/data/volume_356_slice_87.npz,20
/kaggle/input/brats20-data/BraTS20/data/volume_356_slice_88.npz,20
/kaggle/input/brats20-data/BraTS20/data/volume_356_slice_89.npz,20
/kaggle/input/brats20-data/BraTS20/data/volume_356_slice_90.npz,30
/kaggle/input/brats20-data/BraTS20/data/volume_356_slice_91.npz,30
/kaggle/input/brats20-data/BraTS20/data/volume_356_slice_92.npz,30
/kaggle/input/brats20-data/BraTS20/data/volume_356_slice_93.npz,30
/kaggle/input/brats20-data/BraTS20/data/volume_356_slice_94.npz,30
/kaggle/input/brats20-data/BraTS20/data/volume_356_slice_95.npz,27
/kaggle/input/brats20-data/BraTS20/data/volume_356_slice_96.npz,27
/kaggle/input/brats20-data/BraTS20/data/volume_356_slice_97.npz,5
/kaggle/input/brats20-data/BraTS20/data/volume_356_slice_98.npz,5
/kaggle/input/brats20-data/BraTS20/data/volume_356_slice_99.npz,56
/kaggle/input/brats20-data/BraTS20/data/volume_356_slice_100.npz,56
/kaggle/input/brats20-data/BraTS20/data/volume_356_slice_101.npz,56
/kaggle/input/brats20-data/BraTS20/data/volume_356_slice_102.npz,94
/kaggle/input/brats20-data/BraTS20/data/volume_356_slice_103.npz,94
/kaggle/input/brats20-data/BraTS20/data/volume_356_slice_104.npz,94
/kaggle/input/brats20-data/BraTS20/data/volume_356_slice_105.npz,71
/kaggle/input/brats20-data/BraTS20/data/volume_356_slice_106.npz,71
/kaggle/input/brats20-data/BraTS20/data/volume_356_slice_107.npz,70
/kaggle/input/brats20-data/BraTS20/data/volume_356_slice_108.npz,70
/kaggle/input/brats20-data/BraTS20/data/volume_356_slice_109.npz,70
/kaggle/input/brats20-data/BraTS20/data/volume_356_slice_110.npz,70
/kaggle/input/brats20-data/BraTS20/data/volume_356_slice_111.npz,36
/kaggle/input/brats20-data/BraTS20/data/volume_356_slice_112.npz,77
/kaggle/input/brats20-data/BraTS20/data/volume_356_slice_113.npz,77
/kaggle/input/brats20-data/BraTS20/data/volume_356_slice_114.npz,77
/kaggle/input/brats20-data/BraTS20/data/volume_356_slice_115.npz,77
/kaggle/input/brats20-data/BraTS20/data/volume_356_slice_116.npz,77
/kaggle/input/brats20-data/BraTS20/data/volume_356_slice_117.npz,77
/kaggle/input/brats20-data/BraTS20/data/volume_356_slice_118.npz,77
/kaggle/input/brats20-data/BraTS20/data/volume_356_slice_119.npz,98
/kaggle/input/brats20-data/BraTS20/data/volume_356_slice_120.npz,98
/kaggle/input/brats20-data/BraTS20/data/volume_356_slice_121.npz,98
/kaggle/input/brats20-data/BraTS20/data/volume_356_slice_122.npz,98
/kaggle/input/brats20-data/BraTS20/data/volume_356_slice_123.npz,98
/kaggle/input/brats20-data/BraTS20/data/volume_356_slice_124.npz,82
/kaggle/input/brats20-data/BraTS20/data/volume_356_slice_125.npz,61
/kaggle/input/brats20-data/BraTS20/data/volume_356_slice_126.npz,61
/kaggle/input/brats20-data/BraTS20/data/volume_356_slice_127.npz,61
/kaggle/input/brats20-data/BraTS20/data/volume_356_slice_128.npz,61
/kaggle/input/brats20-data/BraTS20/data/volume_283_slice_80.npz,0
/kaggle/input/brats20-data/BraTS20/data/volume_283_slice_81.npz,0
/kaggle/input/brats20-data/BraTS20/data/volume_283_slice_82.npz,0
/kaggle/input/brats20-data/BraTS20/data/volume_283_slice_83.npz,0
/kaggle/input/brats20-data/BraTS20/data/volume_283_slice_84.npz,0
/kaggle/input/brats20-data/BraTS20/data/volume_283_slice_85.npz,0
/kaggle/input/brats20-data/BraTS20/data/volume_283_slice_86.npz,0
/kaggle/input/brats20-data/BraTS20/data/volume_283_slice_87.npz,53
/kaggle/input/brats20-data/BraTS20/data/volume_283_slice_88.npz,53
/kaggle/input/brats20-data/BraTS20/data/volume_283_slice_89.npz,53
/kaggle/input/brats20-data/BraTS20/data/volume_283_slice_90.npz,53
/kaggle/input/brats20-data/BraTS20/data/volume_283_slice_91.npz,53
/kaggle/input/brats20-data/BraTS20/data/volume_283_slice_92.npz,53
/kaggle/input/brats20-data/BraTS20/data/volume_283_slice_93.npz,53
/kaggle/input/brats20-data/BraTS20/data/volume_283_slice_94.npz,53
/kaggle/input/brats20-data/BraTS20/data/volume_283_slice_95.npz,53
/kaggle/input/brats20-data/BraTS20/data/volume_283_slice_96.npz,53
/kaggle/input/brats20-data/BraTS20/data/volume_283_slice_97.npz,53
/kaggle/input/brats20-data/BraTS20/data/volume_283_slice_98.npz,53
/kaggle/input/brats20-data/BraTS20/data/volume_283_slice_99.npz,31
/kaggle/input/brats20-data/BraTS20/data/volume_283_slice_100.npz,31
/kaggle/input/brats20-data/BraTS20/data/volume_283_slice_101.npz,31
/kaggle/input/brats20-data/BraTS20/data/volume_283_slice_102.npz,31
/kaggle/input/brats20-data/BraTS20/data/volume_283_slice_103.npz,31
/kaggle/input/brats20-data/BraTS20/data/volume_283_slice_104.npz,31
/kaggle/input/brats20-data/BraTS20/data/volume_283_slice_105.npz,31
/kaggle/input/brats20-data/BraTS20/data/volume_283_slice_106.npz,36
/kaggle/input/brats20-data/BraTS20/data/volume_283_slice_107.npz,36
/kaggle/input/brats20-data/BraTS20/data/volume_283_slice_108.npz,36
/kaggle/input/brats20-data/BraTS20/data/volume_283_slice_109.npz,36
/kaggle/input/brats20-data/BraTS20/data/volume_283_slice_110.npz,36
/kaggle/input/brats20-data/BraTS20/data/volume_283_slice_111.npz,36
/kaggle/input/brats20-data/BraTS20/data/volume_283_slice_112.npz,36
/kaggle/input/brats20-data/BraTS20/data/volume_283_slice_113.npz,36
/kaggle/input/brats20-data/BraTS20/data/volume_283_slice_114.npz,36
/kaggle/input/brats20-data/BraTS20/data/volume_283_slice_115.npz,36
/kaggle/input/brats20-data/BraTS20/data/volume_283_slice_116.npz,51
/kaggle/input/brats20-data/BraTS20/data/volume_283_slice_117.npz,44
/kaggle/input/brats20-data/BraTS20/data/volume_283_slice_118.npz,44
/kaggle/input/brats20-data/BraTS20/data/volume_283_slice_119.npz,44
/kaggle/input/brats20-data/BraTS20/data/volume_283_slice_120.npz,44
/kaggle/input/brats20-data/BraTS20/data/volume_283_slice_121.npz,44
/kaggle/input/brats20-data/BraTS20/data/volume_283_slice_122.npz,44
/kaggle/input/brats20-data/BraTS20/data/volume_283_slice_123.npz,44
/kaggle/input/brats20-data/BraTS20/data/volume_283_slice_124.npz,78
/kaggle/input/brats20-data/BraTS20/data/volume_283_slice_125.npz,78
/kaggle/input/brats20-data/BraTS20/data/volume_283_slice_126.npz,75
/kaggle/input/brats20-data/BraTS20/data/volume_283_slice_127.npz,75
/kaggle/input/brats20-data/BraTS20/data/volume_283_slice_128.npz,75
/kaggle/input/brats20-data/BraTS20/data/volume_347_slice_80.npz,48
/kaggle/input/brats20-data/BraTS20/data/volume_347_slice_81.npz,48
/kaggle/input/brats20-data/BraTS20/data/volume_347_slice_82.npz,48
/kaggle/input/brats20-data/BraTS20/data/volume_347_slice_83.npz,48
/kaggle/input/brats20-data/BraTS20/data/volume_347_slice_84.npz,48
/kaggle/input/brats20-data/BraTS20/data/volume_347_slice_85.npz,48
/kaggle/input/brats20-data/BraTS20/data/volume_347_slice_86.npz,48
/kaggle/input/brats20-data/BraTS20/data/volume_347_slice_87.npz,48
/kaggle/input/brats20-data/BraTS20/data/volume_347_slice_88.npz,48
/kaggle/input/brats20-data/BraTS20/data/volume_347_slice_89.npz,48
/kaggle/input/brats20-data/BraTS20/data/volume_347_slice_90.npz,48
/kaggle/input/brats20-data/BraTS20/data/volume_347_slice_91.npz,48
/kaggle/input/brats20-data/BraTS20/data/volume_347_slice_92.npz,48
/kaggle/input/brats20-data/BraTS20/data/volume_347_slice_93.npz,48
/kaggle/input/brats20-data/BraTS20/data/volume_347_slice_94.npz,48
/kaggle/input/brats20-data/BraTS20/data/volume_347_slice_95.npz,48
/kaggle/input/brats20-data/BraTS20/data/volume_347_slice_96.npz,48
/kaggle/input/brats20-data/BraTS20/data/volume_347_slice_97.npz,48
/kaggle/input/brats20-data/BraTS20/data/volume_347_slice_98.npz,48
/kaggle/input/brats20-data/BraTS20/data/volume_347_slice_99.npz,48
/kaggle/input/brats20-data/BraTS20/data/volume_347_slice_100.npz,48
/kaggle/input/brats20-data/BraTS20/data/volume_347_slice_101.npz,48
/kaggle/input/brats20-data/BraTS20/data/volume_347_slice_102.npz,48
/kaggle/input/brats20-data/BraTS20/data/volume_347_slice_103.npz,48
/kaggle/input/brats20-data/BraTS20/data/volume_347_slice_104.npz,48
/kaggle/input/brats20-data/BraTS20/data/volume_347_slice_105.npz,48
/kaggle/input/brats20-data/BraTS20/data/volume_347_slice_106.npz,48
/kaggle/input/brats20-data/BraTS20/data/volume_347_slice_107.npz,48
/kaggle/input/brats20-data/BraTS20/data/volume_347_slice_108.npz,48
/kaggle/input/brats20-data/BraTS20/data/volume_347_slice_109.npz,48
/kaggle/input/brats20-data/BraTS20/data/volume_347_slice_110.npz,98
/kaggle/input/brats20-data/BraTS20/data/volume_347_slice_111.npz,98
/kaggle/input/brats20-data/BraTS20/data/volume_347_slice_112.npz,98
/kaggle/input/brats20-data/BraTS20/data/volume_347_slice_113.npz,82
/kaggle/input/brats20-data/BraTS20/data/volume_347_slice_114.npz,82
/kaggle/input/brats20-data/BraTS20/data/volume_347_slice_115.npz,82
/kaggle/input/brats20-data/BraTS20/data/volume_347_slice_116.npz,82
/kaggle/input/brats20-data/BraTS20/data/volume_347_slice_117.npz,82
/kaggle/input/brats20-data/BraTS20/data/volume_347_slice_118.npz,82
/kaggle/input/brats20-data/BraTS20/data/volume_347_slice_119.npz,83
/kaggle/input/brats20-data/BraTS20/data/volume_347_slice_120.npz,83
/kaggle/input/brats20-data/BraTS20/data/volume_347_slice_121.npz,83
/kaggle/input/brats20-data/BraTS20/data/volume_347_slice_122.npz,83
/kaggle/input/brats20-data/BraTS20/data/volume_347_slice_123.npz,83
/kaggle/input/brats20-data/BraTS20/data/volume_347_slice_124.npz,83
/kaggle/input/brats20-data/BraTS20/data/volume_347_slice_125.npz,83
/kaggle/input/brats20-data/BraTS20/data/volume_347_slice_126.npz,83
/kaggle/input/brats20-data/BraTS20/data/volume_347_slice_127.npz,43
/kaggle/input/brats20-data/BraTS20/data/volume_347_slice_128.npz,43
/kaggle/input/brats20-data/BraTS20/data/volume_332_slice_80.npz,0
/kaggle/input/brats20-data/BraTS20/data/volume_332_slice_81.npz,0
/kaggle/input/brats20-data/BraTS20/data/volume_332_slice_82.npz,0
/kaggle/input/brats20-data/BraTS20/data/volume_332_slice_83.npz,0
/kaggle/input/brats20-data/BraTS20/data/volume_332_slice_84.npz,0
/kaggle/input/brats20-data/BraTS20/data/volume_332_slice_85.npz,0
/kaggle/input/brats20-data/BraTS20/data/volume_332_slice_86.npz,50
/kaggle/input/brats20-data/BraTS20/data/volume_332_slice_87.npz,50
/kaggle/input/brats20-data/BraTS20/data/volume_332_slice_88.npz,50
/kaggle/input/brats20-data/BraTS20/data/volume_332_slice_89.npz,12
/kaggle/input/brats20-data/BraTS20/data/volume_332_slice_90.npz,12
/kaggle/input/brats20-data/BraTS20/data/volume_332_slice_91.npz,12
/kaggle/input/brats20-data/BraTS20/data/volume_332_slice_92.npz,12
/kaggle/input/brats20-data/BraTS20/data/volume_332_slice_93.npz,12
/kaggle/input/brats20-data/BraTS20/data/volume_332_slice_94.npz,12
/kaggle/input/brats20-data/BraTS20/data/volume_332_slice_95.npz,12
/kaggle/input/brats20-data/BraTS20/data/volume_332_slice_96.npz,12
/kaggle/input/brats20-data/BraTS20/data/volume_332_slice_97.npz,12
/kaggle/input/brats20-data/BraTS20/data/volume_332_slice_98.npz,12
/kaggle/input/brats20-data/BraTS20/data/volume_332_slice_99.npz,12
/kaggle/input/brats20-data/BraTS20/data/volume_332_slice_100.npz,12
/kaggle/input/brats20-data/BraTS20/data/volume_332_slice_101.npz,12
/kaggle/input/brats20-data/BraTS20/data/volume_332_slice_102.npz,12
/kaggle/input/brats20-data/BraTS20/data/volume_332_slice_103.npz,12
/kaggle/input/brats20-data/BraTS20/data/volume_332_slice_104.npz,12
/kaggle/input/brats20-data/BraTS20/data/volume_332_slice_105.npz,12
/kaggle/input/brats20-data/BraTS20/data/volume_332_slice_106.npz,12
/kaggle/input/brats20-data/BraTS20/data/volume_332_slice_107.npz,12
/kaggle/input/brats20-data/BraTS20/data/volume_332_slice_108.npz,12
/kaggle/input/brats20-data/BraTS20/data/volume_332_slice_109.npz,2
/kaggle/input/brats20-data/BraTS20/data/volume_332_slice_110.npz,2
/kaggle/input/brats20-data/BraTS20/data/volume_332_slice_111.npz,2
/kaggle/input/brats20-data/BraTS20/data/volume_332_slice_112.npz,2
/kaggle/input/brats20-data/BraTS20/data/volume_332_slice_113.npz,36
/kaggle/input/brats20-data/BraTS20/data/volume_332_slice_114.npz,36
/kaggle/input/brats20-data/BraTS20/data/volume_332_slice_115.npz,51
/kaggle/input/brats20-data/BraTS20/data/volume_332_slice_116.npz,51
/kaggle/input/brats20-data/BraTS20/data/volume_332_slice_117.npz,51
/kaggle/input/brats20-data/BraTS20/data/volume_332_slice_118.npz,44
/kaggle/input/brats20-data/BraTS20/data/volume_332_slice_119.npz,44
/kaggle/input/brats20-data/BraTS20/data/volume_332_slice_120.npz,44
/kaggle/input/brats20-data/BraTS20/data/volume_332_slice_121.npz,44
/kaggle/input/brats20-data/BraTS20/data/volume_332_slice_122.npz,39
/kaggle/input/brats20-data/BraTS20/data/volume_332_slice_123.npz,61
/kaggle/input/brats20-data/BraTS20/data/volume_332_slice_124.npz,61
/kaggle/input/brats20-data/BraTS20/data/volume_332_slice_125.npz,78
/kaggle/input/brats20-data/BraTS20/data/volume_332_slice_126.npz,89
/kaggle/input/brats20-data/BraTS20/data/volume_332_slice_127.npz,89
/kaggle/input/brats20-data/BraTS20/data/volume_332_slice_128.npz,11
/kaggle/input/brats20-data/BraTS20/data/volume_98_slice_80.npz,6
/kaggle/input/brats20-data/BraTS20/data/volume_98_slice_81.npz,6
/kaggle/input/brats20-data/BraTS20/data/volume_98_slice_82.npz,6
/kaggle/input/brats20-data/BraTS20/data/volume_98_slice_83.npz,6
/kaggle/input/brats20-data/BraTS20/data/volume_98_slice_84.npz,6
/kaggle/input/brats20-data/BraTS20/data/volume_98_slice_85.npz,20
/kaggle/input/brats20-data/BraTS20/data/volume_98_slice_86.npz,20
/kaggle/input/brats20-data/BraTS20/data/volume_98_slice_87.npz,20
/kaggle/input/brats20-data/BraTS20/data/volume_98_slice_88.npz,6
/kaggle/input/brats20-data/BraTS20/data/volume_98_slice_89.npz,6
/kaggle/input/brats20-data/BraTS20/data/volume_98_slice_90.npz,6
/kaggle/input/brats20-data/BraTS20/data/volume_98_slice_91.npz,6
/kaggle/input/brats20-data/BraTS20/data/volume_98_slice_92.npz,6
/kaggle/input/brats20-data/BraTS20/data/volume_98_slice_93.npz,6
/kaggle/input/brats20-data/BraTS20/data/volume_98_slice_94.npz,6
/kaggle/input/brats20-data/BraTS20/data/volume_98_slice_95.npz,6
/kaggle/input/brats20-data/BraTS20/data/volume_98_slice_96.npz,6
/kaggle/input/brats20-data/BraTS20/data/volume_98_slice_97.npz,60
/kaggle/input/brats20-data/BraTS20/data/volume_98_slice_98.npz,14
/kaggle/input/brats20-data/BraTS20/data/volume_98_slice_99.npz,14
/kaggle/input/brats20-data/BraTS20/data/volume_98_slice_100.npz,14
/kaggle/input/brats20-data/BraTS20/data/volume_98_slice_101.npz,14
/kaggle/input/brats20-data/BraTS20/data/volume_98_slice_102.npz,14
/kaggle/input/brats20-data/BraTS20/data/volume_98_slice_103.npz,14
/kaggle/input/brats20-data/BraTS20/data/volume_98_slice_104.npz,14
/kaggle/input/brats20-data/BraTS20/data/volume_98_slice_105.npz,14
/kaggle/input/brats20-data/BraTS20/data/volume_98_slice_106.npz,14
/kaggle/input/brats20-data/BraTS20/data/volume_98_slice_107.npz,14
/kaggle/input/brats20-data/BraTS20/data/volume_98_slice_108.npz,14
/kaggle/input/brats20-data/BraTS20/data/volume_98_slice_109.npz,14
/kaggle/input/brats20-data/BraTS20/data/volume_98_slice_110.npz,14
/kaggle/input/brats20-data/BraTS20/data/volume_98_slice_111.npz,14
/kaggle/input/brats20-data/BraTS20/data/volume_98_slice_112.npz,14
/kaggle/input/brats20-data/BraTS20/data/volume_98_slice_113.npz,14
/kaggle/input/brats20-data/BraTS20/data/volume_98_slice_114.npz,14
/kaggle/input/brats20-data/BraTS20/data/volume_98_slice_115.npz,14
/kaggle/input/brats20-data/BraTS20/data/volume_98_slice_116.npz,14
/kaggle/input/brats20-data/BraTS20/data/volume_98_slice_117.npz,14
/kaggle/input/brats20-data/BraTS20/data/volume_98_slice_118.npz,39
/kaggle/input/brats20-data/BraTS20/data/volume_98_slice_119.npz,39
/kaggle/input/brats20-data/BraTS20/data/volume_98_slice_120.npz,39
/kaggle/input/brats20-data/BraTS20/data/volume_98_slice_121.npz,62
/kaggle/input/brats20-data/BraTS20/data/volume_98_slice_122.npz,62
/kaggle/input/brats20-data/BraTS20/data/volume_98_slice_123.npz,62
/kaggle/input/brats20-data/BraTS20/data/volume_98_slice_124.npz,62
/kaggle/input/brats20-data/BraTS20/data/volume_98_slice_125.npz,62
/kaggle/input/brats20-data/BraTS20/data/volume_98_slice_126.npz,62
/kaggle/input/brats20-data/BraTS20/data/volume_98_slice_127.npz,83
/kaggle/input/brats20-data/BraTS20/data/volume_98_slice_128.npz,83
/kaggle/input/brats20-data/BraTS20/data/volume_137_slice_80.npz,38
/kaggle/input/brats20-data/BraTS20/data/volume_137_slice_81.npz,38
/kaggle/input/brats20-data/BraTS20/data/volume_137_slice_82.npz,38
/kaggle/input/brats20-data/BraTS20/data/volume_137_slice_83.npz,38
/kaggle/input/brats20-data/BraTS20/data/volume_137_slice_84.npz,38
/kaggle/input/brats20-data/BraTS20/data/volume_137_slice_85.npz,38
/kaggle/input/brats20-data/BraTS20/data/volume_137_slice_86.npz,38
/kaggle/input/brats20-data/BraTS20/data/volume_137_slice_87.npz,38
/kaggle/input/brats20-data/BraTS20/data/volume_137_slice_88.npz,38
/kaggle/input/brats20-data/BraTS20/data/volume_137_slice_89.npz,38
/kaggle/input/brats20-data/BraTS20/data/volume_137_slice_90.npz,41
/kaggle/input/brats20-data/BraTS20/data/volume_137_slice_91.npz,41
/kaggle/input/brats20-data/BraTS20/data/volume_137_slice_92.npz,41
/kaggle/input/brats20-data/BraTS20/data/volume_137_slice_93.npz,41
/kaggle/input/brats20-data/BraTS20/data/volume_137_slice_94.npz,41
/kaggle/input/brats20-data/BraTS20/data/volume_137_slice_95.npz,41
/kaggle/input/brats20-data/BraTS20/data/volume_137_slice_96.npz,41
/kaggle/input/brats20-data/BraTS20/data/volume_137_slice_97.npz,41
/kaggle/input/brats20-data/BraTS20/data/volume_137_slice_98.npz,41
/kaggle/input/brats20-data/BraTS20/data/volume_137_slice_99.npz,41
/kaggle/input/brats20-data/BraTS20/data/volume_137_slice_100.npz,41
/kaggle/input/brats20-data/BraTS20/data/volume_137_slice_101.npz,41
/kaggle/input/brats20-data/BraTS20/data/volume_137_slice_102.npz,4
/kaggle/input/brats20-data/BraTS20/data/volume_137_slice_103.npz,4
/kaggle/input/brats20-data/BraTS20/data/volume_137_slice_104.npz,4
/kaggle/input/brats20-data/BraTS20/data/volume_137_slice_105.npz,4
/kaggle/input/brats20-data/BraTS20/data/volume_137_slice_106.npz,4
/kaggle/input/brats20-data/BraTS20/data/volume_137_slice_107.npz,4
/kaggle/input/brats20-data/BraTS20/data/volume_137_slice_108.npz,4
/kaggle/input/brats20-data/BraTS20/data/volume_137_slice_109.npz,4
/kaggle/input/brats20-data/BraTS20/data/volume_137_slice_110.npz,4
/kaggle/input/brats20-data/BraTS20/data/volume_137_slice_111.npz,55
/kaggle/input/brats20-data/BraTS20/data/volume_137_slice_112.npz,55
/kaggle/input/brats20-data/BraTS20/data/volume_137_slice_113.npz,71
/kaggle/input/brats20-data/BraTS20/data/volume_137_slice_114.npz,36
/kaggle/input/brats20-data/BraTS20/data/volume_137_slice_115.npz,36
/kaggle/input/brats20-data/BraTS20/data/volume_137_slice_116.npz,36
/kaggle/input/brats20-data/BraTS20/data/volume_137_slice_117.npz,36
/kaggle/input/brats20-data/BraTS20/data/volume_137_slice_118.npz,64
/kaggle/input/brats20-data/BraTS20/data/volume_137_slice_119.npz,64
/kaggle/input/brats20-data/BraTS20/data/volume_137_slice_120.npz,64
/kaggle/input/brats20-data/BraTS20/data/volume_137_slice_121.npz,64
/kaggle/input/brats20-data/BraTS20/data/volume_137_slice_122.npz,64
/kaggle/input/brats20-data/BraTS20/data/volume_137_slice_123.npz,64
/kaggle/input/brats20-data/BraTS20/data/volume_137_slice_124.npz,64
/kaggle/input/brats20-data/BraTS20/data/volume_137_slice_125.npz,64
/kaggle/input/brats20-data/BraTS20/data/volume_137_slice_126.npz,64
/kaggle/input/brats20-data/BraTS20/data/volume_137_slice_127.npz,87
/kaggle/input/brats20-data/BraTS20/data/volume_137_slice_128.npz,87
/kaggle/input/brats20-data/BraTS20/data/volume_290_slice_80.npz,50
/kaggle/input/brats20-data/BraTS20/data/volume_290_slice_81.npz,50
/kaggle/input/brats20-data/BraTS20/data/volume_290_slice_82.npz,50
/kaggle/input/brats20-data/BraTS20/data/volume_290_slice_83.npz,50
/kaggle/input/brats20-data/BraTS20/data/volume_290_slice_84.npz,6
/kaggle/input/brats20-data/BraTS20/data/volume_290_slice_85.npz,6
/kaggle/input/brats20-data/BraTS20/data/volume_290_slice_86.npz,6
/kaggle/input/brats20-data/BraTS20/data/volume_290_slice_87.npz,6
/kaggle/input/brats20-data/BraTS20/data/volume_290_slice_88.npz,6
/kaggle/input/brats20-data/BraTS20/data/volume_290_slice_89.npz,28
/kaggle/input/brats20-data/BraTS20/data/volume_290_slice_90.npz,28
/kaggle/input/brats20-data/BraTS20/data/volume_290_slice_91.npz,28
/kaggle/input/brats20-data/BraTS20/data/volume_290_slice_92.npz,28
/kaggle/input/brats20-data/BraTS20/data/volume_290_slice_93.npz,28
/kaggle/input/brats20-data/BraTS20/data/volume_290_slice_94.npz,19
/kaggle/input/brats20-data/BraTS20/data/volume_290_slice_95.npz,19
/kaggle/input/brats20-data/BraTS20/data/volume_290_slice_96.npz,19
/kaggle/input/brats20-data/BraTS20/data/volume_290_slice_97.npz,19
/kaggle/input/brats20-data/BraTS20/data/volume_290_slice_98.npz,19
/kaggle/input/brats20-data/BraTS20/data/volume_290_slice_99.npz,2
/kaggle/input/brats20-data/BraTS20/data/volume_290_slice_100.npz,2
/kaggle/input/brats20-data/BraTS20/data/volume_290_slice_101.npz,2
/kaggle/input/brats20-data/BraTS20/data/volume_290_slice_102.npz,36
/kaggle/input/brats20-data/BraTS20/data/volume_290_slice_103.npz,36
/kaggle/input/brats20-data/BraTS20/data/volume_290_slice_104.npz,36
/kaggle/input/brats20-data/BraTS20/data/volume_290_slice_105.npz,36
/kaggle/input/brats20-data/BraTS20/data/volume_290_slice_106.npz,36
/kaggle/input/brats20-data/BraTS20/data/volume_290_slice_107.npz,36
/kaggle/input/brats20-data/BraTS20/data/volume_290_slice_108.npz,36
/kaggle/input/brats20-data/BraTS20/data/volume_290_slice_109.npz,51
/kaggle/input/brats20-data/BraTS20/data/volume_290_slice_110.npz,51
/kaggle/input/brats20-data/BraTS20/data/volume_290_slice_111.npz,51
/kaggle/input/brats20-data/BraTS20/data/volume_290_slice_112.npz,51
/kaggle/input/brats20-data/BraTS20/data/volume_290_slice_113.npz,51
/kaggle/input/brats20-data/BraTS20/data/volume_290_slice_114.npz,44
/kaggle/input/brats20-data/BraTS20/data/volume_290_slice_115.npz,44
/kaggle/input/brats20-data/BraTS20/data/volume_290_slice_116.npz,44
/kaggle/input/brats20-data/BraTS20/data/volume_290_slice_117.npz,44
/kaggle/input/brats20-data/BraTS20/data/volume_290_slice_118.npz,69
/kaggle/input/brats20-data/BraTS20/data/volume_290_slice_119.npz,69
/kaggle/input/brats20-data/BraTS20/data/volume_290_slice_120.npz,78
/kaggle/input/brats20-data/BraTS20/data/volume_290_slice_121.npz,78
/kaggle/input/brats20-data/BraTS20/data/volume_290_slice_122.npz,78
/kaggle/input/brats20-data/BraTS20/data/volume_290_slice_123.npz,65
/kaggle/input/brats20-data/BraTS20/data/volume_290_slice_124.npz,11
/kaggle/input/brats20-data/BraTS20/data/volume_290_slice_125.npz,11
/kaggle/input/brats20-data/BraTS20/data/volume_290_slice_126.npz,11
/kaggle/input/brats20-data/BraTS20/data/volume_290_slice_127.npz,11
/kaggle/input/brats20-data/BraTS20/data/volume_290_slice_128.npz,43
/kaggle/input/brats20-data/BraTS20/data/volume_16_slice_80.npz,34
/kaggle/input/brats20-data/BraTS20/data/volume_16_slice_81.npz,34
/kaggle/input/brats20-data/BraTS20/data/volume_16_slice_82.npz,34
/kaggle/input/brats20-data/BraTS20/data/volume_16_slice_83.npz,34
/kaggle/input/brats20-data/BraTS20/data/volume_16_slice_84.npz,34
/kaggle/input/brats20-data/BraTS20/data/volume_16_slice_85.npz,34
/kaggle/input/brats20-data/BraTS20/data/volume_16_slice_86.npz,34
/kaggle/input/brats20-data/BraTS20/data/volume_16_slice_87.npz,34
/kaggle/input/brats20-data/BraTS20/data/volume_16_slice_88.npz,34
/kaggle/input/brats20-data/BraTS20/data/volume_16_slice_89.npz,34
/kaggle/input/brats20-data/BraTS20/data/volume_16_slice_90.npz,34
/kaggle/input/brats20-data/BraTS20/data/volume_16_slice_91.npz,34
/kaggle/input/brats20-data/BraTS20/data/volume_16_slice_92.npz,34
/kaggle/input/brats20-data/BraTS20/data/volume_16_slice_93.npz,34
/kaggle/input/brats20-data/BraTS20/data/volume_16_slice_94.npz,34
/kaggle/input/brats20-data/BraTS20/data/volume_16_slice_95.npz,34
/kaggle/input/brats20-data/BraTS20/data/volume_16_slice_96.npz,25
/kaggle/input/brats20-data/BraTS20/data/volume_16_slice_97.npz,17
/kaggle/input/brats20-data/BraTS20/data/volume_16_slice_98.npz,17
/kaggle/input/brats20-data/BraTS20/data/volume_16_slice_99.npz,17
/kaggle/input/brats20-data/BraTS20/data/volume_16_slice_100.npz,17
/kaggle/input/brats20-data/BraTS20/data/volume_16_slice_101.npz,17
/kaggle/input/brats20-data/BraTS20/data/volume_16_slice_102.npz,17
/kaggle/input/brats20-data/BraTS20/data/volume_16_slice_103.npz,17
/kaggle/input/brats20-data/BraTS20/data/volume_16_slice_104.npz,17
/kaggle/input/brats20-data/BraTS20/data/volume_16_slice_105.npz,21
/kaggle/input/brats20-data/BraTS20/data/volume_16_slice_106.npz,21
/kaggle/input/brats20-data/BraTS20/data/volume_16_slice_107.npz,21
/kaggle/input/brats20-data/BraTS20/data/volume_16_slice_108.npz,21
/kaggle/input/brats20-data/BraTS20/data/volume_16_slice_109.npz,21
/kaggle/input/brats20-data/BraTS20/data/volume_16_slice_110.npz,39
/kaggle/input/brats20-data/BraTS20/data/volume_16_slice_111.npz,39
/kaggle/input/brats20-data/BraTS20/data/volume_16_slice_112.npz,39
/kaggle/input/brats20-data/BraTS20/data/volume_16_slice_113.npz,39
/kaggle/input/brats20-data/BraTS20/data/volume_16_slice_114.npz,39
/kaggle/input/brats20-data/BraTS20/data/volume_16_slice_115.npz,39
/kaggle/input/brats20-data/BraTS20/data/volume_16_slice_116.npz,39
/kaggle/input/brats20-data/BraTS20/data/volume_16_slice_117.npz,39
/kaggle/input/brats20-data/BraTS20/data/volume_16_slice_118.npz,39
/kaggle/input/brats20-data/BraTS20/data/volume_16_slice_119.npz,39
/kaggle/input/brats20-data/BraTS20/data/volume_16_slice_120.npz,39
/kaggle/input/brats20-data/BraTS20/data/volume_16_slice_121.npz,39
/kaggle/input/brats20-data/BraTS20/data/volume_16_slice_122.npz,62
/kaggle/input/brats20-data/BraTS20/data/volume_16_slice_123.npz,75
/kaggle/input/brats20-data/BraTS20/data/volume_16_slice_124.npz,75
/kaggle/input/brats20-data/BraTS20/data/volume_16_slice_125.npz,75
/kaggle/input/brats20-data/BraTS20/data/volume_16_slice_126.npz,75
/kaggle/input/brats20-data/BraTS20/data/volume_16_slice_127.npz,11
/kaggle/input/brats20-data/BraTS20/data/volume_16_slice_128.npz,11
/kaggle/input/brats20-data/BraTS20/data/volume_335_slice_80.npz,28
/kaggle/input/brats20-data/BraTS20/data/volume_335_slice_81.npz,28
/kaggle/input/brats20-data/BraTS20/data/volume_335_slice_82.npz,28
/kaggle/input/brats20-data/BraTS20/data/volume_335_slice_83.npz,28
/kaggle/input/brats20-data/BraTS20/data/volume_335_slice_84.npz,28
/kaggle/input/brats20-data/BraTS20/data/volume_335_slice_85.npz,28
/kaggle/input/brats20-data/BraTS20/data/volume_335_slice_86.npz,28
/kaggle/input/brats20-data/BraTS20/data/volume_335_slice_87.npz,28
/kaggle/input/brats20-data/BraTS20/data/volume_335_slice_88.npz,28
/kaggle/input/brats20-data/BraTS20/data/volume_335_slice_89.npz,28
/kaggle/input/brats20-data/BraTS20/data/volume_335_slice_90.npz,28
/kaggle/input/brats20-data/BraTS20/data/volume_335_slice_91.npz,28
/kaggle/input/brats20-data/BraTS20/data/volume_335_slice_92.npz,28
/kaggle/input/brats20-data/BraTS20/data/volume_335_slice_93.npz,28
/kaggle/input/brats20-data/BraTS20/data/volume_335_slice_94.npz,28
/kaggle/input/brats20-data/BraTS20/data/volume_335_slice_95.npz,28
/kaggle/input/brats20-data/BraTS20/data/volume_335_slice_96.npz,28
/kaggle/input/brats20-data/BraTS20/data/volume_335_slice_97.npz,28
/kaggle/input/brats20-data/BraTS20/data/volume_335_slice_98.npz,28
/kaggle/input/brats20-data/BraTS20/data/volume_335_slice_99.npz,25
/kaggle/input/brats20-data/BraTS20/data/volume_335_slice_100.npz,25
/kaggle/input/brats20-data/BraTS20/data/volume_335_slice_101.npz,56
/kaggle/input/brats20-data/BraTS20/data/volume_335_slice_102.npz,56
/kaggle/input/brats20-data/BraTS20/data/volume_335_slice_103.npz,25
/kaggle/input/brats20-data/BraTS20/data/volume_335_slice_104.npz,25
/kaggle/input/brats20-data/BraTS20/data/volume_335_slice_105.npz,71
/kaggle/input/brats20-data/BraTS20/data/volume_335_slice_106.npz,71
/kaggle/input/brats20-data/BraTS20/data/volume_335_slice_107.npz,71
/kaggle/input/brats20-data/BraTS20/data/volume_335_slice_108.npz,71
/kaggle/input/brats20-data/BraTS20/data/volume_335_slice_109.npz,29
/kaggle/input/brats20-data/BraTS20/data/volume_335_slice_110.npz,36
/kaggle/input/brats20-data/BraTS20/data/volume_335_slice_111.npz,36
/kaggle/input/brats20-data/BraTS20/data/volume_335_slice_112.npz,36
/kaggle/input/brats20-data/BraTS20/data/volume_335_slice_113.npz,86
/kaggle/input/brats20-data/BraTS20/data/volume_335_slice_114.npz,86
/kaggle/input/brats20-data/BraTS20/data/volume_335_slice_115.npz,90
/kaggle/input/brats20-data/BraTS20/data/volume_335_slice_116.npz,90
/kaggle/input/brats20-data/BraTS20/data/volume_335_slice_117.npz,90
/kaggle/input/brats20-data/BraTS20/data/volume_335_slice_118.npz,90
/kaggle/input/brats20-data/BraTS20/data/volume_335_slice_119.npz,69
/kaggle/input/brats20-data/BraTS20/data/volume_335_slice_120.npz,69
/kaggle/input/brats20-data/BraTS20/data/volume_335_slice_121.npz,69
/kaggle/input/brats20-data/BraTS20/data/volume_335_slice_122.npz,69
/kaggle/input/brats20-data/BraTS20/data/volume_335_slice_123.npz,69
/kaggle/input/brats20-data/BraTS20/data/volume_335_slice_124.npz,89
/kaggle/input/brats20-data/BraTS20/data/volume_335_slice_125.npz,89
/kaggle/input/brats20-data/BraTS20/data/volume_335_slice_126.npz,89
/kaggle/input/brats20-data/BraTS20/data/volume_335_slice_127.npz,11
/kaggle/input/brats20-data/BraTS20/data/volume_335_slice_128.npz,11
/kaggle/input/brats20-data/BraTS20/data/volume_144_slice_80.npz,0
/kaggle/input/brats20-data/BraTS20/data/volume_144_slice_81.npz,0
/kaggle/input/brats20-data/BraTS20/data/volume_144_slice_82.npz,0
/kaggle/input/brats20-data/BraTS20/data/volume_144_slice_83.npz,0
/kaggle/input/brats20-data/BraTS20/data/volume_144_slice_84.npz,0
/kaggle/input/brats20-data/BraTS20/data/volume_144_slice_85.npz,0
/kaggle/input/brats20-data/BraTS20/data/volume_144_slice_86.npz,0
/kaggle/input/brats20-data/BraTS20/data/volume_144_slice_87.npz,0
/kaggle/input/brats20-data/BraTS20/data/volume_144_slice_88.npz,6
/kaggle/input/brats20-data/BraTS20/data/volume_144_slice_89.npz,6
/kaggle/input/brats20-data/BraTS20/data/volume_144_slice_90.npz,6
/kaggle/input/brats20-data/BraTS20/data/volume_144_slice_91.npz,6
/kaggle/input/brats20-data/BraTS20/data/volume_144_slice_92.npz,6
/kaggle/input/brats20-data/BraTS20/data/volume_144_slice_93.npz,6
/kaggle/input/brats20-data/BraTS20/data/volume_144_slice_94.npz,6
/kaggle/input/brats20-data/BraTS20/data/volume_144_slice_95.npz,6
/kaggle/input/brats20-data/BraTS20/data/volume_144_slice_96.npz,6
/kaggle/input/brats20-data/BraTS20/data/volume_144_slice_97.npz,6
/kaggle/input/brats20-data/BraTS20/data/volume_144_slice_98.npz,6
/kaggle/input/brats20-data/BraTS20/data/volume_144_slice_99.npz,6
/kaggle/input/brats20-data/BraTS20/data/volume_144_slice_100.npz,6
/kaggle/input/brats20-data/BraTS20/data/volume_144_slice_101.npz,4
/kaggle/input/brats20-data/BraTS20/data/volume_144_slice_102.npz,4
/kaggle/input/brats20-data/BraTS20/data/volume_144_slice_103.npz,4
/kaggle/input/brats20-data/BraTS20/data/volume_144_slice_104.npz,4
/kaggle/input/brats20-data/BraTS20/data/volume_144_slice_105.npz,4
/kaggle/input/brats20-data/BraTS20/data/volume_144_slice_106.npz,4
/kaggle/input/brats20-data/BraTS20/data/volume_144_slice_107.npz,4
/kaggle/input/brats20-data/BraTS20/data/volume_144_slice_108.npz,4
/kaggle/input/brats20-data/BraTS20/data/volume_144_slice_109.npz,4
/kaggle/input/brats20-data/BraTS20/data/volume_144_slice_110.npz,4
/kaggle/input/brats20-data/BraTS20/data/volume_144_slice_111.npz,4
/kaggle/input/brats20-data/BraTS20/data/volume_144_slice_112.npz,36
/kaggle/input/brats20-data/BraTS20/data/volume_144_slice_113.npz,36
/kaggle/input/brats20-data/BraTS20/data/volume_144_slice_114.npz,36
/kaggle/input/brats20-data/BraTS20/data/volume_144_slice_115.npz,36
/kaggle/input/brats20-data/BraTS20/data/volume_144_slice_116.npz,36
/kaggle/input/brats20-data/BraTS20/data/volume_144_slice_117.npz,36
/kaggle/input/brats20-data/BraTS20/data/volume_144_slice_118.npz,36
/kaggle/input/brats20-data/BraTS20/data/volume_144_slice_119.npz,36
/kaggle/input/brats20-data/BraTS20/data/volume_144_slice_120.npz,64
/kaggle/input/brats20-data/BraTS20/data/volume_144_slice_121.npz,64
/kaggle/input/brats20-data/BraTS20/data/volume_144_slice_122.npz,64
/kaggle/input/brats20-data/BraTS20/data/volume_144_slice_123.npz,87
/kaggle/input/brats20-data/BraTS20/data/volume_144_slice_124.npz,87
/kaggle/input/brats20-data/BraTS20/data/volume_144_slice_125.npz,87
/kaggle/input/brats20-data/BraTS20/data/volume_144_slice_126.npz,87
/kaggle/input/brats20-data/BraTS20/data/volume_144_slice_127.npz,87
/kaggle/input/brats20-data/BraTS20/data/volume_144_slice_128.npz,87
/kaggle/input/brats20-data/BraTS20/data/volume_74_slice_80.npz,26
/kaggle/input/brats20-data/BraTS20/data/volume_74_slice_81.npz,1
/kaggle/input/brats20-data/BraTS20/data/volume_74_slice_82.npz,30
/kaggle/input/brats20-data/BraTS20/data/volume_74_slice_83.npz,30
/kaggle/input/brats20-data/BraTS20/data/volume_74_slice_84.npz,30
/kaggle/input/brats20-data/BraTS20/data/volume_74_slice_85.npz,30
/kaggle/input/brats20-data/BraTS20/data/volume_74_slice_86.npz,30
/kaggle/input/brats20-data/BraTS20/data/volume_74_slice_87.npz,30
/kaggle/input/brats20-data/BraTS20/data/volume_74_slice_88.npz,30
/kaggle/input/brats20-data/BraTS20/data/volume_74_slice_89.npz,45
/kaggle/input/brats20-data/BraTS20/data/volume_74_slice_90.npz,45
/kaggle/input/brats20-data/BraTS20/data/volume_74_slice_91.npz,45
/kaggle/input/brats20-data/BraTS20/data/volume_74_slice_92.npz,57
/kaggle/input/brats20-data/BraTS20/data/volume_74_slice_93.npz,57
/kaggle/input/brats20-data/BraTS20/data/volume_74_slice_94.npz,45
/kaggle/input/brats20-data/BraTS20/data/volume_74_slice_95.npz,45
/kaggle/input/brats20-data/BraTS20/data/volume_74_slice_96.npz,5
/kaggle/input/brats20-data/BraTS20/data/volume_74_slice_97.npz,5
/kaggle/input/brats20-data/BraTS20/data/volume_74_slice_98.npz,5
/kaggle/input/brats20-data/BraTS20/data/volume_74_slice_99.npz,5
/kaggle/input/brats20-data/BraTS20/data/volume_74_slice_100.npz,5
/kaggle/input/brats20-data/BraTS20/data/volume_74_slice_101.npz,2
/kaggle/input/brats20-data/BraTS20/data/volume_74_slice_102.npz,21
/kaggle/input/brats20-data/BraTS20/data/volume_74_slice_103.npz,21
/kaggle/input/brats20-data/BraTS20/data/volume_74_slice_104.npz,21
/kaggle/input/brats20-data/BraTS20/data/volume_74_slice_105.npz,21
/kaggle/input/brats20-data/BraTS20/data/volume_74_slice_106.npz,21
/kaggle/input/brats20-data/BraTS20/data/volume_74_slice_107.npz,21
/kaggle/input/brats20-data/BraTS20/data/volume_74_slice_108.npz,21
/kaggle/input/brats20-data/BraTS20/data/volume_74_slice_109.npz,21
/kaggle/input/brats20-data/BraTS20/data/volume_74_slice_110.npz,21
/kaggle/input/brats20-data/BraTS20/data/volume_74_slice_111.npz,21
/kaggle/input/brats20-data/BraTS20/data/volume_74_slice_112.npz,21
/kaggle/input/brats20-data/BraTS20/data/volume_74_slice_113.npz,21
/kaggle/input/brats20-data/BraTS20/data/volume_74_slice_114.npz,63
/kaggle/input/brats20-data/BraTS20/data/volume_74_slice_115.npz,39
/kaggle/input/brats20-data/BraTS20/data/volume_74_slice_116.npz,39
/kaggle/input/brats20-data/BraTS20/data/volume_74_slice_117.npz,39
/kaggle/input/brats20-data/BraTS20/data/volume_74_slice_118.npz,39
/kaggle/input/brats20-data/BraTS20/data/volume_74_slice_119.npz,39
/kaggle/input/brats20-data/BraTS20/data/volume_74_slice_120.npz,61
/kaggle/input/brats20-data/BraTS20/data/volume_74_slice_121.npz,61
/kaggle/input/brats20-data/BraTS20/data/volume_74_slice_122.npz,61
/kaggle/input/brats20-data/BraTS20/data/volume_74_slice_123.npz,61
/kaggle/input/brats20-data/BraTS20/data/volume_74_slice_124.npz,23
/kaggle/input/brats20-data/BraTS20/data/volume_74_slice_125.npz,11
/kaggle/input/brats20-data/BraTS20/data/volume_74_slice_126.npz,11
/kaggle/input/brats20-data/BraTS20/data/volume_74_slice_127.npz,11
/kaggle/input/brats20-data/BraTS20/data/volume_74_slice_128.npz,11
/kaggle/input/brats20-data/BraTS20/data/volume_205_slice_80.npz,80
/kaggle/input/brats20-data/BraTS20/data/volume_205_slice_81.npz,80
/kaggle/input/brats20-data/BraTS20/data/volume_205_slice_82.npz,30
/kaggle/input/brats20-data/BraTS20/data/volume_205_slice_83.npz,30
/kaggle/input/brats20-data/BraTS20/data/volume_205_slice_84.npz,30
/kaggle/input/brats20-data/BraTS20/data/volume_205_slice_85.npz,30
/kaggle/input/brats20-data/BraTS20/data/volume_205_slice_86.npz,30
/kaggle/input/brats20-data/BraTS20/data/volume_205_slice_87.npz,81
/kaggle/input/brats20-data/BraTS20/data/volume_205_slice_88.npz,81
/kaggle/input/brats20-data/BraTS20/data/volume_205_slice_89.npz,81
/kaggle/input/brats20-data/BraTS20/data/volume_205_slice_90.npz,30
/kaggle/input/brats20-data/BraTS20/data/volume_205_slice_91.npz,30
/kaggle/input/brats20-data/BraTS20/data/volume_205_slice_92.npz,35
/kaggle/input/brats20-data/BraTS20/data/volume_205_slice_93.npz,35
/kaggle/input/brats20-data/BraTS20/data/volume_205_slice_94.npz,35
/kaggle/input/brats20-data/BraTS20/data/volume_205_slice_95.npz,35
/kaggle/input/brats20-data/BraTS20/data/volume_205_slice_96.npz,31
/kaggle/input/brats20-data/BraTS20/data/volume_205_slice_97.npz,31
/kaggle/input/brats20-data/BraTS20/data/volume_205_slice_98.npz,31
/kaggle/input/brats20-data/BraTS20/data/volume_205_slice_99.npz,31
/kaggle/input/brats20-data/BraTS20/data/volume_205_slice_100.npz,55
/kaggle/input/brats20-data/BraTS20/data/volume_205_slice_101.npz,55
/kaggle/input/brats20-data/BraTS20/data/volume_205_slice_102.npz,55
/kaggle/input/brats20-data/BraTS20/data/volume_205_slice_103.npz,55
/kaggle/input/brats20-data/BraTS20/data/volume_205_slice_104.npz,70
/kaggle/input/brats20-data/BraTS20/data/volume_205_slice_105.npz,70
/kaggle/input/brats20-data/BraTS20/data/volume_205_slice_106.npz,70
/kaggle/input/brats20-data/BraTS20/data/volume_205_slice_107.npz,70
/kaggle/input/brats20-data/BraTS20/data/volume_205_slice_108.npz,70
/kaggle/input/brats20-data/BraTS20/data/volume_205_slice_109.npz,70
/kaggle/input/brats20-data/BraTS20/data/volume_205_slice_110.npz,36
/kaggle/input/brats20-data/BraTS20/data/volume_205_slice_111.npz,36
/kaggle/input/brats20-data/BraTS20/data/volume_205_slice_113.npz,36
/kaggle/input/brats20-data/BraTS20/data/volume_205_slice_114.npz,36
/kaggle/input/brats20-data/BraTS20/data/volume_205_slice_115.npz,52
/kaggle/input/brats20-data/BraTS20/data/volume_205_slice_116.npz,52
/kaggle/input/brats20-data/BraTS20/data/volume_205_slice_117.npz,54
/kaggle/input/brats20-data/BraTS20/data/volume_205_slice_118.npz,54
/kaggle/input/brats20-data/BraTS20/data/volume_205_slice_119.npz,93
/kaggle/input/brats20-data/BraTS20/data/volume_205_slice_120.npz,93
/kaggle/input/brats20-data/BraTS20/data/volume_205_slice_121.npz,93
/kaggle/input/brats20-data/BraTS20/data/volume_205_slice_122.npz,93
/kaggle/input/brats20-data/BraTS20/data/volume_205_slice_123.npz,61
/kaggle/input/brats20-data/BraTS20/data/volume_205_slice_124.npz,61
/kaggle/input/brats20-data/BraTS20/data/volume_205_slice_125.npz,78
/kaggle/input/brats20-data/BraTS20/data/volume_205_slice_126.npz,65
/kaggle/input/brats20-data/BraTS20/data/volume_205_slice_127.npz,83
/kaggle/input/brats20-data/BraTS20/data/volume_205_slice_128.npz,83
/kaggle/input/brats20-data/BraTS20/data/volume_79_slice_80.npz,46
/kaggle/input/brats20-data/BraTS20/data/volume_79_slice_81.npz,46
/kaggle/input/brats20-data/BraTS20/data/volume_79_slice_82.npz,46
/kaggle/input/brats20-data/BraTS20/data/volume_79_slice_83.npz,46
/kaggle/input/brats20-data/BraTS20/data/volume_79_slice_84.npz,1
/kaggle/input/brats20-data/BraTS20/data/volume_79_slice_85.npz,30
/kaggle/input/brats20-data/BraTS20/data/volume_79_slice_86.npz,30
/kaggle/input/brats20-data/BraTS20/data/volume_79_slice_87.npz,30
/kaggle/input/brats20-data/BraTS20/data/volume_79_slice_88.npz,30
/kaggle/input/brats20-data/BraTS20/data/volume_79_slice_89.npz,74
/kaggle/input/brats20-data/BraTS20/data/volume_79_slice_90.npz,74
/kaggle/input/brats20-data/BraTS20/data/volume_79_slice_91.npz,74
/kaggle/input/brats20-data/BraTS20/data/volume_79_slice_92.npz,74
/kaggle/input/brats20-data/BraTS20/data/volume_79_slice_93.npz,25
/kaggle/input/brats20-data/BraTS20/data/volume_79_slice_94.npz,56
/kaggle/input/brats20-data/BraTS20/data/volume_79_slice_95.npz,56
/kaggle/input/brats20-data/BraTS20/data/volume_79_slice_96.npz,56
/kaggle/input/brats20-data/BraTS20/data/volume_79_slice_97.npz,25
/kaggle/input/brats20-data/BraTS20/data/volume_79_slice_98.npz,25
/kaggle/input/brats20-data/BraTS20/data/volume_79_slice_99.npz,16
/kaggle/input/brats20-data/BraTS20/data/volume_79_slice_100.npz,16
/kaggle/input/brats20-data/BraTS20/data/volume_79_slice_101.npz,16
/kaggle/input/brats20-data/BraTS20/data/volume_79_slice_102.npz,16
/kaggle/input/brats20-data/BraTS20/data/volume_79_slice_103.npz,16
/kaggle/input/brats20-data/BraTS20/data/volume_79_slice_104.npz,16
/kaggle/input/brats20-data/BraTS20/data/volume_79_slice_105.npz,70
/kaggle/input/brats20-data/BraTS20/data/volume_79_slice_106.npz,36
/kaggle/input/brats20-data/BraTS20/data/volume_79_slice_107.npz,36
/kaggle/input/brats20-data/BraTS20/data/volume_79_slice_108.npz,36
/kaggle/input/brats20-data/BraTS20/data/volume_79_slice_109.npz,76
/kaggle/input/brats20-data/BraTS20/data/volume_79_slice_110.npz,76
/kaggle/input/brats20-data/BraTS20/data/volume_79_slice_111.npz,76
/kaggle/input/brats20-data/BraTS20/data/volume_79_slice_112.npz,44
/kaggle/input/brats20-data/BraTS20/data/volume_79_slice_113.npz,44
/kaggle/input/brats20-data/BraTS20/data/volume_79_slice_114.npz,44
/kaggle/input/brats20-data/BraTS20/data/volume_79_slice_115.npz,44
/kaggle/input/brats20-data/BraTS20/data/volume_79_slice_116.npz,39
/kaggle/input/brats20-data/BraTS20/data/volume_79_slice_117.npz,39
/kaggle/input/brats20-data/BraTS20/data/volume_79_slice_118.npz,39
/kaggle/input/brats20-data/BraTS20/data/volume_79_slice_119.npz,39
/kaggle/input/brats20-data/BraTS20/data/volume_79_slice_120.npz,78
/kaggle/input/brats20-data/BraTS20/data/volume_79_slice_121.npz,78
/kaggle/input/brats20-data/BraTS20/data/volume_79_slice_122.npz,78
/kaggle/input/brats20-data/BraTS20/data/volume_79_slice_123.npz,89
/kaggle/input/brats20-data/BraTS20/data/volume_79_slice_124.npz,89
/kaggle/input/brats20-data/BraTS20/data/volume_79_slice_125.npz,89
/kaggle/input/brats20-data/BraTS20/data/volume_79_slice_126.npz,89
/kaggle/input/brats20-data/BraTS20/data/volume_79_slice_127.npz,11
/kaggle/input/brats20-data/BraTS20/data/volume_79_slice_128.npz,83
/kaggle/input/brats20-data/BraTS20/data/volume_366_slice_80.npz,32
/kaggle/input/brats20-data/BraTS20/data/volume_366_slice_81.npz,32
/kaggle/input/brats20-data/BraTS20/data/volume_366_slice_82.npz,32
/kaggle/input/brats20-data/BraTS20/data/volume_366_slice_83.npz,32
/kaggle/input/brats20-data/BraTS20/data/volume_366_slice_84.npz,32
/kaggle/input/brats20-data/BraTS20/data/volume_366_slice_85.npz,32
/kaggle/input/brats20-data/BraTS20/data/volume_366_slice_86.npz,32
/kaggle/input/brats20-data/BraTS20/data/volume_366_slice_87.npz,45
/kaggle/input/brats20-data/BraTS20/data/volume_366_slice_88.npz,45
/kaggle/input/brats20-data/BraTS20/data/volume_366_slice_89.npz,46
/kaggle/input/brats20-data/BraTS20/data/volume_366_slice_90.npz,46
/kaggle/input/brats20-data/BraTS20/data/volume_366_slice_91.npz,46
/kaggle/input/brats20-data/BraTS20/data/volume_366_slice_92.npz,46
/kaggle/input/brats20-data/BraTS20/data/volume_366_slice_93.npz,46
/kaggle/input/brats20-data/BraTS20/data/volume_366_slice_94.npz,46
/kaggle/input/brats20-data/BraTS20/data/volume_366_slice_95.npz,46
/kaggle/input/brats20-data/BraTS20/data/volume_366_slice_96.npz,46
/kaggle/input/brats20-data/BraTS20/data/volume_366_slice_97.npz,45
/kaggle/input/brats20-data/BraTS20/data/volume_366_slice_98.npz,45
/kaggle/input/brats20-data/BraTS20/data/volume_366_slice_99.npz,30
/kaggle/input/brats20-data/BraTS20/data/volume_366_slice_100.npz,41
/kaggle/input/brats20-data/BraTS20/data/volume_366_slice_101.npz,50
/kaggle/input/brats20-data/BraTS20/data/volume_366_slice_102.npz,50
/kaggle/input/brats20-data/BraTS20/data/volume_366_slice_103.npz,12
/kaggle/input/brats20-data/BraTS20/data/volume_366_slice_104.npz,12
/kaggle/input/brats20-data/BraTS20/data/volume_366_slice_105.npz,12
/kaggle/input/brats20-data/BraTS20/data/volume_366_slice_106.npz,94
/kaggle/input/brats20-data/BraTS20/data/volume_366_slice_107.npz,55
/kaggle/input/brats20-data/BraTS20/data/volume_366_slice_108.npz,55
/kaggle/input/brats20-data/BraTS20/data/volume_366_slice_109.npz,55
/kaggle/input/brats20-data/BraTS20/data/volume_366_slice_110.npz,71
/kaggle/input/brats20-data/BraTS20/data/volume_366_slice_111.npz,71
/kaggle/input/brats20-data/BraTS20/data/volume_366_slice_112.npz,71
/kaggle/input/brats20-data/BraTS20/data/volume_366_slice_113.npz,71
/kaggle/input/brats20-data/BraTS20/data/volume_366_slice_114.npz,29
/kaggle/input/brats20-data/BraTS20/data/volume_366_slice_115.npz,29
/kaggle/input/brats20-data/BraTS20/data/volume_366_slice_116.npz,29
/kaggle/input/brats20-data/BraTS20/data/volume_366_slice_117.npz,76
/kaggle/input/brats20-data/BraTS20/data/volume_366_slice_118.npz,76
/kaggle/input/brats20-data/BraTS20/data/volume_366_slice_119.npz,76
/kaggle/input/brats20-data/BraTS20/data/volume_366_slice_120.npz,52
/kaggle/input/brats20-data/BraTS20/data/volume_366_slice_121.npz,52
/kaggle/input/brats20-data/BraTS20/data/volume_366_slice_122.npz,54
/kaggle/input/brats20-data/BraTS20/data/volume_366_slice_123.npz,93
/kaggle/input/brats20-data/BraTS20/data/volume_366_slice_124.npz,69
/kaggle/input/brats20-data/BraTS20/data/volume_366_slice_125.npz,69
/kaggle/input/brats20-data/BraTS20/data/volume_366_slice_126.npz,78
/kaggle/input/brats20-data/BraTS20/data/volume_366_slice_127.npz,78
/kaggle/input/brats20-data/BraTS20/data/volume_366_slice_128.npz,65
/kaggle/input/brats20-data/BraTS20/data/volume_250_slice_80.npz,0
/kaggle/input/brats20-data/BraTS20/data/volume_250_slice_81.npz,0
/kaggle/input/brats20-data/BraTS20/data/volume_250_slice_82.npz,0
/kaggle/input/brats20-data/BraTS20/data/volume_250_slice_83.npz,41
/kaggle/input/brats20-data/BraTS20/data/volume_250_slice_84.npz,41
/kaggle/input/brats20-data/BraTS20/data/volume_250_slice_86.npz,41
/kaggle/input/brats20-data/BraTS20/data/volume_250_slice_87.npz,50
/kaggle/input/brats20-data/BraTS20/data/volume_250_slice_88.npz,50
/kaggle/input/brats20-data/BraTS20/data/volume_250_slice_89.npz,50
/kaggle/input/brats20-data/BraTS20/data/volume_250_slice_90.npz,50
/kaggle/input/brats20-data/BraTS20/data/volume_250_slice_91.npz,50
/kaggle/input/brats20-data/BraTS20/data/volume_250_slice_92.npz,50
/kaggle/input/brats20-data/BraTS20/data/volume_250_slice_93.npz,50
/kaggle/input/brats20-data/BraTS20/data/volume_250_slice_94.npz,84
/kaggle/input/brats20-data/BraTS20/data/volume_250_slice_95.npz,94
/kaggle/input/brats20-data/BraTS20/data/volume_250_slice_96.npz,94
/kaggle/input/brats20-data/BraTS20/data/volume_250_slice_97.npz,55
/kaggle/input/brats20-data/BraTS20/data/volume_250_slice_98.npz,55
/kaggle/input/brats20-data/BraTS20/data/volume_250_slice_99.npz,55
/kaggle/input/brats20-data/BraTS20/data/volume_250_slice_100.npz,55
/kaggle/input/brats20-data/BraTS20/data/volume_250_slice_101.npz,71
/kaggle/input/brats20-data/BraTS20/data/volume_250_slice_102.npz,71
/kaggle/input/brats20-data/BraTS20/data/volume_250_slice_103.npz,71
/kaggle/input/brats20-data/BraTS20/data/volume_250_slice_104.npz,70
/kaggle/input/brats20-data/BraTS20/data/volume_250_slice_105.npz,70
/kaggle/input/brats20-data/BraTS20/data/volume_250_slice_106.npz,70
/kaggle/input/brats20-data/BraTS20/data/volume_250_slice_107.npz,70
/kaggle/input/brats20-data/BraTS20/data/volume_250_slice_108.npz,70
/kaggle/input/brats20-data/BraTS20/data/volume_250_slice_109.npz,36
/kaggle/input/brats20-data/BraTS20/data/volume_250_slice_110.npz,36
/kaggle/input/brats20-data/BraTS20/data/volume_250_slice_111.npz,36
/kaggle/input/brats20-data/BraTS20/data/volume_250_slice_112.npz,36
/kaggle/input/brats20-data/BraTS20/data/volume_250_slice_113.npz,36
/kaggle/input/brats20-data/BraTS20/data/volume_250_slice_114.npz,36
/kaggle/input/brats20-data/BraTS20/data/volume_250_slice_115.npz,52
/kaggle/input/brats20-data/BraTS20/data/volume_250_slice_116.npz,52
/kaggle/input/brats20-data/BraTS20/data/volume_250_slice_117.npz,93
/kaggle/input/brats20-data/BraTS20/data/volume_250_slice_118.npz,93
/kaggle/input/brats20-data/BraTS20/data/volume_250_slice_119.npz,93
/kaggle/input/brats20-data/BraTS20/data/volume_250_slice_120.npz,93
/kaggle/input/brats20-data/BraTS20/data/volume_250_slice_121.npz,93
/kaggle/input/brats20-data/BraTS20/data/volume_250_slice_122.npz,61
/kaggle/input/brats20-data/BraTS20/data/volume_250_slice_123.npz,78
/kaggle/input/brats20-data/BraTS20/data/volume_250_slice_124.npz,78
/kaggle/input/brats20-data/BraTS20/data/volume_250_slice_125.npz,78
/kaggle/input/brats20-data/BraTS20/data/volume_250_slice_126.npz,65
/kaggle/input/brats20-data/BraTS20/data/volume_250_slice_127.npz,83
/kaggle/input/brats20-data/BraTS20/data/volume_250_slice_128.npz,83
/kaggle/input/brats20-data/BraTS20/data/volume_241_slice_80.npz,38
/kaggle/input/brats20-data/BraTS20/data/volume_241_slice_81.npz,38
/kaggle/input/brats20-data/BraTS20/data/volume_241_slice_82.npz,38
/kaggle/input/brats20-data/BraTS20/data/volume_241_slice_83.npz,38
/kaggle/input/brats20-data/BraTS20/data/volume_241_slice_84.npz,35
/kaggle/input/brats20-data/BraTS20/data/volume_241_slice_85.npz,35
/kaggle/input/brats20-data/BraTS20/data/volume_241_slice_86.npz,35
/kaggle/input/brats20-data/BraTS20/data/volume_241_slice_87.npz,35
/kaggle/input/brats20-data/BraTS20/data/volume_241_slice_88.npz,35
/kaggle/input/brats20-data/BraTS20/data/volume_241_slice_89.npz,35
/kaggle/input/brats20-data/BraTS20/data/volume_241_slice_90.npz,35
/kaggle/input/brats20-data/BraTS20/data/volume_241_slice_91.npz,35
/kaggle/input/brats20-data/BraTS20/data/volume_241_slice_92.npz,31
/kaggle/input/brats20-data/BraTS20/data/volume_241_slice_93.npz,31
/kaggle/input/brats20-data/BraTS20/data/volume_241_slice_94.npz,31
/kaggle/input/brats20-data/BraTS20/data/volume_241_slice_95.npz,31
/kaggle/input/brats20-data/BraTS20/data/volume_241_slice_96.npz,31
/kaggle/input/brats20-data/BraTS20/data/volume_241_slice_97.npz,31
/kaggle/input/brats20-data/BraTS20/data/volume_241_slice_98.npz,31
/kaggle/input/brats20-data/BraTS20/data/volume_241_slice_99.npz,31
/kaggle/input/brats20-data/BraTS20/data/volume_241_slice_100.npz,31
/kaggle/input/brats20-data/BraTS20/data/volume_241_slice_101.npz,31
/kaggle/input/brats20-data/BraTS20/data/volume_241_slice_102.npz,31
/kaggle/input/brats20-data/BraTS20/data/volume_241_slice_103.npz,31
/kaggle/input/brats20-data/BraTS20/data/volume_241_slice_104.npz,31
/kaggle/input/brats20-data/BraTS20/data/volume_241_slice_105.npz,48
/kaggle/input/brats20-data/BraTS20/data/volume_241_slice_106.npz,36
/kaggle/input/brats20-data/BraTS20/data/volume_241_slice_107.npz,36
/kaggle/input/brats20-data/BraTS20/data/volume_241_slice_108.npz,36
/kaggle/input/brats20-data/BraTS20/data/volume_241_slice_109.npz,36
/kaggle/input/brats20-data/BraTS20/data/volume_241_slice_110.npz,36
/kaggle/input/brats20-data/BraTS20/data/volume_241_slice_111.npz,36
/kaggle/input/brats20-data/BraTS20/data/volume_241_slice_112.npz,36
/kaggle/input/brats20-data/BraTS20/data/volume_241_slice_113.npz,36
/kaggle/input/brats20-data/BraTS20/data/volume_241_slice_114.npz,36
/kaggle/input/brats20-data/BraTS20/data/volume_241_slice_115.npz,36
/kaggle/input/brats20-data/BraTS20/data/volume_241_slice_116.npz,36
/kaggle/input/brats20-data/BraTS20/data/volume_241_slice_117.npz,36
/kaggle/input/brats20-data/BraTS20/data/volume_241_slice_118.npz,36
/kaggle/input/brats20-data/BraTS20/data/volume_241_slice_119.npz,36
/kaggle/input/brats20-data/BraTS20/data/volume_241_slice_120.npz,39
/kaggle/input/brats20-data/BraTS20/data/volume_241_slice_121.npz,39
/kaggle/input/brats20-data/BraTS20/data/volume_241_slice_122.npz,85
/kaggle/input/brats20-data/BraTS20/data/volume_241_slice_123.npz,85
/kaggle/input/brats20-data/BraTS20/data/volume_241_slice_124.npz,85
/kaggle/input/brats20-data/BraTS20/data/volume_241_slice_125.npz,75
/kaggle/input/brats20-data/BraTS20/data/volume_241_slice_126.npz,75
/kaggle/input/brats20-data/BraTS20/data/volume_241_slice_127.npz,75
/kaggle/input/brats20-data/BraTS20/data/volume_241_slice_128.npz,75
